时间,区块高度,Hash,Hash尾6,尾数,单双,大小
2026-08-06 15:51:23,85110593,000000000512af4114d26be1e5989355b21ee233de1e2b9edc55a691855f8f26,5f8f26,6,双,大
2026-08-06 15:51:30,85110596,000000000512af447911823c6736fb9ca6283c32f6f68bde1c4b28cae6bb520b,bb520b,0,双,小
2026-08-06 15:51:37,85110598,000000000512af46b82618e5eebd4a87eeeff83180f81dc8cf732adbd004592b,04592b,2,双,小
2026-08-06 15:51:43,85110600,000000000512af48dbae540754adf238155f6dcde4e2b0912491483fe3bb8fd1,bb8fd1,1,单,小
2026-08-06 15:51:50,85110602,000000000512af4a8614bcbbf922efd318d658927cf2713b408718586031b0d7,31b0d7,7,单,大
2026-08-06 15:51:56,85110604,000000000512af4c1f15e13e76fbde30926f30cd233338739c82a6eaaf681609,681609,9,单,大
2026-08-06 15:52:03,85110607,000000000512af4fb88f643d14552efb2e4bf5eaff1f6786784e954520e1686c,e1686c,6,双,大
2026-08-06 15:52:10,85110609,000000000512af5152b409642a6542efe3280c8e4d10ecb1fd8215093f568fea,568fea,8,双,大
2026-08-06 15:52:17,85110611,000000000512af533d49f64942993751faf93248684656d8a6f70f210970a3b4,70a3b4,4,双,小
2026-08-06 15:52:24,85110614,000000000512af566b94ddd7b2d66bc3dcfc4c38a6dbd64d2a2a0895c12b297a,2b297a,7,单,大
2026-08-06 15:52:31,85110616,000000000512af580fa4bba0bc5ed8bfb655cc12fbd3b7c3a8c1aa701dda476c,da476c,6,双,大
2026-08-06 15:52:38,85110619,000000000512af5bd1c8aefdd8d88d8c80e71f1a0003f419a65b48c4bedd20f8,dd20f8,8,双,大
2026-08-06 15:52:45,85110622,000000000512af5eac8ca9870dfd70b36a0fd66cb8f06408e153c43074f26ed2,f26ed2,2,双,小
2026-08-06 15:52:52,85110624,000000000512af60ebd47a6c91f0307a96d21e14a35173366333d2b4e9107d68,107d68,8,双,大
2026-08-06 15:52:59,85110626,000000000512af62ba230478302a155d9acec1f64f257a05fc800971002d3a34,2d3a34,4,双,小
2026-08-06 15:53:07,85110629,000000000512af6546ddd566ecc22701c5a6487121f166d553d70b92eb44911e,44911e,1,单,小
2026-08-06 15:53:13,85110630,000000000512af6612b0a06e46a25694bf68704e1f3cba9667d99d0fc744c285,44c285,5,单,大
2026-08-06 15:53:20,85110632,000000000512af68d2debf575de4a3dec766651ea9721a2ad691f9e4bc2dd595,2dd595,5,单,大
2026-08-06 15:53:28,85110635,000000000512af6b3b1a9cc8e90ac281b0d281f5bcd0367f2ba6e48ff868854b,68854b,4,双,小
2026-08-06 15:53:35,85110638,000000000512af6e09f18b73c0c9aea950ae98a0f915d723e830115d94c6c721,c6c721,1,单,小
2026-08-06 15:53:42,85110640,000000000512af702808cccf44815122968ac552dd72b4732d4a14a8a98acafd,8acafd,8,双,大
2026-08-06 15:53:49,85110642,000000000512af72a7578e6a08fe42175cdedb1e05048db2470c2bdfce1fc64f,1fc64f,4,双,小
2026-08-06 15:53:55,85110645,000000000512af754247aa5f51133718ec9fe286975dbdd7e2c8a2ce99871f49,871f49,9,单,大
2026-08-06 15:54:02,85110646,000000000512af7637fa7bfaff239c47504f135b4f66dc86f6be7d6560f3171a,f3171a,1,单,小
2026-08-06 15:54:09,85110649,000000000512af7993bdeab12a4b8ec710e4636cef0520c8d80d03aa6aa487d7,a487d7,7,单,大
2026-08-06 15:54:16,85110652,000000000512af7c1fd0b64190e15d7bce4e6564db2c7d01245bb98b13e9aa44,e9aa44,4,双,小
2026-08-06 15:54:23,85110654,000000000512af7e1890843a10725e5b575aa4403e8e168482f5bb9709ce903b,ce903b,3,单,小
2026-08-06 15:54:29,85110656,000000000512af80b3c004c626a80389226989e593f6144b970d865c474e3c34,4e3c34,4,双,小
2026-08-06 15:54:36,85110659,000000000512af833766f660c32d939a4d26e1a5885fe1b2f32c847bf53e5dd2,3e5dd2,2,双,小
2026-08-06 15:54:43,85110660,000000000512af84825755b01258d85c819975a04657ce1da24fc707c3f2c6ca,f2c6ca,6,双,大
2026-08-06 15:54:50,85110663,000000000512af873787cdc6c9a030606321028f8c676575bf877a6e1fb0830a,b0830a,0,双,小
2026-08-06 15:54:57,85110665,000000000512af89b59368c9223d793c0c12d93ea440cc38348a50783f9b9614,9b9614,4,双,小
2026-08-06 15:55:04,85110667,000000000512af8bc9bf24efb1c019f3ed7aeb5a7641a8dfc4b8c86cd818058e,18058e,8,双,大
2026-08-06 15:55:11,85110669,000000000512af8dba322888428ce57776fbf7dfe2a7649ce0f90d77fa0ac715,0ac715,5,单,大
2026-08-06 15:55:18,85110672,000000000512af90ae5d011c715d38c89c53ee4c09f80dc17a89dfddac9797ef,9797ef,7,单,大
2026-08-06 15:55:25,85110675,000000000512af935b1780e9e3522aaabdff322dff66df477ba85c1e234ee6d5,4ee6d5,5,单,大
2026-08-06 15:55:31,85110676,000000000512af948609cefe21d77ac1e81349fd1cbbb478768aa2ff2b179c04,179c04,4,双,小
2026-08-06 15:55:38,85110679,000000000512af97f0cc5df86799ad213804515250bf36a540c8dc0675dd4efd,dd4efd,4,双,小
2026-08-06 15:55:45,85110681,000000000512af99bc34670f5280704fa046ce3dbeca106b816b662681aacc68,aacc68,8,双,大
2026-08-06 15:55:52,85110683,000000000512af9b61a9a03270c016beaa7675e20dc46dd5a5ff2516ee2f0b94,2f0b94,4,双,小
2026-08-06 15:55:59,85110686,000000000512af9e36e2cfe34f39422ee5e216765270a65190d1bcabc24c4eb8,4c4eb8,8,双,大
2026-08-06 15:56:05,85110688,000000000512afa04b9ebc427aa6a8840c083817344e13f57131d4d7da0e1f2c,0e1f2c,2,双,小
2026-08-06 15:56:12,85110690,000000000512afa2d0d5c1846ddd6fe1ce821944c5f03df6d5fb7ea3de9f14f1,9f14f1,1,单,小
2026-08-06 15:56:20,85110692,000000000512afa4cab79ad366464222df70749ebc3e81a48a9c69217ec7a6fe,c7a6fe,6,双,大
2026-08-06 15:56:27,85110695,000000000512afa74d196e3dc095729720510c211d87f4b46a8c977c2daf72c4,af72c4,4,双,小
2026-08-06 15:56:34,85110697,000000000512afa9195ade3e6fbc62ee66786f993ff6e8ecd330abb0e73d38a7,3d38a7,7,单,大
2026-08-06 15:56:41,85110700,000000000512afaceda88147a2752821eaf74b4e826eac933378dc6427fadb9c,fadb9c,9,单,大
2026-08-06 15:56:48,85110702,000000000512afae8add762eedcca0d084416c38f6f228292cc180fc6777410d,77410d,0,双,小
2026-08-06 15:56:55,85110705,000000000512afb16a04a16a00d6d35542ffcc147fbc0902973e071c79f17ebd,f17ebd,7,单,大
2026-08-06 15:57:02,85110707,000000000512afb3369b5053a86fa89018a6641a5663fd643010933ede0b8dfe,0b8dfe,8,双,大
2026-08-06 15:57:09,85110709,000000000512afb587fb6d9c2cd158ce85b2816b5ba3fc38118ba0677b639c47,639c47,7,单,大
2026-08-06 15:57:16,85110711,000000000512afb7c1dc2aa0fef5b969304ad8489c2680a24909491b22b33818,b33818,8,双,大
2026-08-06 15:57:22,85110713,000000000512afb9bd1a6f1cdd68a7de9f680f274de427594e36c328cec14507,c14507,7,单,大
2026-08-06 15:57:29,85110716,000000000512afbc1eab4f52dc000d2af3bd69df6293f1d8d57bac09969abdc2,9abdc2,2,双,小
2026-08-06 15:57:35,85110718,000000000512afbeca204b8b556be2f3fd23f87634e5780e7383bea19d9d4273,9d4273,3,单,小
2026-08-06 15:57:42,85110720,000000000512afc0b9abdf0c31af254bc8b3e1c1d1e68cb9b8e6748788d78b9d,d78b9d,9,单,大
2026-08-06 15:57:48,85110722,000000000512afc243ee46f19d10564487d78a52a6c74e7c4e627efe93ba8728,ba8728,8,双,大
2026-08-06 15:57:55,85110724,000000000512afc4566a9808c87844712232a3dfea9e3552a5302027b5099521,099521,1,单,小
2026-08-06 15:58:02,85110727,000000000512afc76329428288e6f3022648884467181ff1e0e3c3121a8a1b6d,8a1b6d,6,双,大
2026-08-06 15:58:09,85110728,000000000512afc8813c20ba665566f423c119ca386959bdeeddd1c998b3772e,b3772e,2,双,小
2026-08-06 15:58:15,85110731,000000000512afcb9b0ce7ebeee865810e61e4d3b640ae9beb3aadebdfd08e31,d08e31,1,单,小
2026-08-06 15:58:22,85110734,000000000512afcea8b6a086a8f16a06f706f2858e6f66b69c343fdeed89f147,89f147,7,单,大
2026-08-06 15:58:29,85110736,000000000512afd0dd4cd0f488d37b6eb142534d6384c72ef7cf171943e4cce6,e4cce6,6,双,大
2026-08-06 15:58:36,85110738,000000000512afd2eb3f4783c8dd070cad55d5496e29d29da2f421f99c510834,510834,4,双,小
2026-08-06 15:58:43,85110740,000000000512afd4055c7577689bf02169ab937390ffa834c82927687fd02610,d02610,0,双,小
2026-08-06 15:58:49,85110742,000000000512afd6d25d7edc7584dddc5df9de2e8facfeaca342471471e28163,e28163,3,单,小
2026-08-06 15:58:56,85110744,000000000512afd887ff6cf89df0aeade73a3cbee652297879610f78b9e7d502,e7d502,2,双,小
2026-08-06 15:59:02,85110747,000000000512afdb6baa596c8ea089f631962d4d3d89e8bcf3cc6f3fd828481b,28481b,1,单,小
2026-08-06 15:59:09,85110748,000000000512afdcb68b6adefe0b36a0a394be67110006d37a9d88952655e40d,55e40d,0,双,小
2026-08-06 15:59:15,85110752,000000000512afe0482e38d1a34c0a19e9be5c08173216c0bbd94e83889aa78d,9aa78d,8,双,大
2026-08-06 15:59:22,85110754,000000000512afe2aef49396388d3ff7e69b0d1b3907479a1b4f31d28c6bc6fa,6bc6fa,6,双,大
2026-08-06 15:59:29,85110756,000000000512afe437aa95e213b54d17f683c69e033171b3f4ecd8d75998c874,98c874,4,双,小
2026-08-06 15:59:36,85110758,000000000512afe64a9606e7e7d7a282980be99d0fbffe2561f1fca88dc0def5,c0def5,5,单,大
2026-08-06 15:59:42,85110760,000000000512afe8cb1b7782b5859e38d52b9c62264941187a73c99aee3136f7,3136f7,7,单,大
2026-08-06 15:59:49,85110762,000000000512afeafc3103469c8f5075f64e5f53258c8026c67d5ff4c2ac15cc,ac15cc,5,单,大
2026-08-06 15:59:56,85110765,000000000512afed737ac93a350c7fb230c850cf98f33c17ec1f52688683952f,83952f,2,双,小
2026-08-06 16:00:03,85110767,000000000512afef656f0f25a7808897293356cc42d522538eedcacbabe99e83,e99e83,3,单,小
2026-08-06 16:00:10,85110769,000000000512aff1c4ad1b3faf118f265b5e66693a2c05e4c0d419135353ddbe,53ddbe,3,单,小
2026-08-06 16:00:18,85110772,000000000512aff4f31dba22ddf7e7f6808d4626a7f796db2b2c320561510304,510304,4,双,小
2026-08-06 16:00:27,85110775,000000000512aff747b1cd9461b80f852e129b4d078c921698c0ffcf25c7d993,c7d993,3,单,小
2026-08-06 16:00:35,85110777,000000000512aff9fdd1a4113001f61c6755e697ce11a602cc19cec2e7088790,088790,0,双,小
2026-08-06 16:00:42,85110780,000000000512affcd0c72dd176824b76ef72271d574e4fac2e132fa76b60ccc4,60ccc4,4,双,小
2026-08-06 16:00:49,85110783,000000000512afffb8690d2edf1a60681c50e5a340a0e3cf20476ae5bba90bd1,a90bd1,1,单,小
2026-08-06 16:00:56,85110785,000000000512b0017302f5a7c4dc1dca678f9833cca8609782731615c00e1971,0e1971,1,单,小
2026-08-06 16:01:03,85110787,000000000512b0034baef631501818e9ce352e170ba269cd2c704bfa00bc4e03,bc4e03,3,单,小
2026-08-06 16:01:10,85110790,000000000512b00624c973f1c8e7ffc00b0137d3d7dba9ccbc54f68f59019df8,019df8,8,双,大
2026-08-06 16:01:16,85110791,000000000512b0077860384cfe3fe0b8e14ebfc6fe76743c063732fc422d9af0,2d9af0,0,双,小
2026-08-06 16:01:23,85110794,000000000512b00afe0970f37831a5c5bf849603262e09af0257b7098db5c5ba,b5c5ba,5,单,大
2026-08-06 16:01:30,85110797,000000000512b00d3a04bd056e0bd1883f514b4466da4eee4fde0e92c6476e19,476e19,9,单,大
2026-08-06 16:01:37,85110798,000000000512b00e12c926ffc63417ee734c06398ca9d7e1cfeee7f09b9a2835,9a2835,5,单,大
2026-08-06 16:01:43,85110801,000000000512b011da30fe85a7522e60ee8e6065044e71b465a1e6556bfaf49a,faf49a,9,单,大
2026-08-06 16:01:51,85110803,000000000512b013e4d2b7e040d5905a4381696e7e110efabfe3a5602f07d05e,07d05e,5,单,大
2026-08-06 16:01:57,85110805,000000000512b01532a91ffec01b5858eea912cf8706d776edc934ac59c280b4,c280b4,4,双,小
2026-08-06 16:02:04,85110807,000000000512b017430818a5b3441947475c4c5d532ab4f3fadfc6eef17dc1bd,7dc1bd,1,单,小
2026-08-06 16:02:11,85110809,000000000512b0194bbbf43799fc14045094c77a29c889d021078b3a57cf4498,cf4498,8,双,大
2026-08-06 16:02:18,85110812,000000000512b01c19425c1d55a700b9a1b7a2af85c67e82ab02b8ecefa3bbb7,a3bbb7,7,单,大
2026-08-06 16:02:25,85110814,000000000512b01e57fb1f2d3ce8968ccd602877a11f54437fedd59b1d132361,132361,1,单,小
2026-08-06 16:02:32,85110817,000000000512b0214ba54b15907aa517fb806f35319235b245a0cefccdd13758,d13758,8,双,大
2026-08-06 16:02:39,85110819,000000000512b023741f8295361f94331c4f063a41b88b7850e778d8c0873114,873114,4,双,小
2026-08-06 16:02:46,85110821,000000000512b0259520e15867040f9adf8222b8ac43cd106314755e35ee70c0,ee70c0,0,双,小
2026-08-06 16:02:53,85110823,000000000512b02714d75b3bd038f2ec8bbf66a36849a29443134acde60d6a40,0d6a40,0,双,小
2026-08-06 16:03:00,85110826,000000000512b02abc5d960036afe2e593f49972fb2e7e04d1f55ed469546179,546179,9,单,大
2026-08-06 16:03:07,85110829,000000000512b02daef993c718e05643ede183aa0286428c8e5b7ab6fb144404,144404,4,双,小
2026-08-06 16:03:14,85110830,000000000512b02e6fcb3fbcb463120e73d854ad68f774e6f439e25108708f61,708f61,1,单,小
2026-08-06 16:03:21,85110833,000000000512b031ccbc97ab3d89334fa77c28c726d5e529263c384870012c6e,012c6e,6,双,大
2026-08-06 16:03:28,85110831,000000000512b02fa1d912c17db815adf6c120487a3f0c7aad6054ef06f2f93b,f2f93b,3,单,小
2026-08-06 16:03:35,85110836,000000000512b034b49f134748fa17b96b77f30ee0a3e59f5ae37a6fba87ef07,87ef07,7,单,大
2026-08-06 16:03:42,85110840,000000000512b0383c6579a3defeed57a002f99aaa96ec490de3251901f20601,f20601,1,单,小
2026-08-06 16:03:49,85110842,000000000512b03a120ee9717209f3ac6959b809e058274d1eccc167926455a4,6455a4,4,双,小
2026-08-06 16:03:56,85110845,000000000512b03dbdbafbe5db1b7572282f31a88ba6d0678531a3227161ffd7,61ffd7,7,单,大
2026-08-06 16:04:03,85110847,000000000512b03ffadd429e6c362cd4391431e05bcafd161b58adad670af18c,0af18c,8,双,大
2026-08-06 16:04:10,85110849,000000000512b041cd4075674c9e0d8c02a1684d19653efcd95d3f91ecc09042,c09042,2,双,小
2026-08-06 16:04:17,85110852,000000000512b0448ee34baeef8e38f48e2e988941ec42f3fa0909fece626ef5,626ef5,5,单,大
2026-08-06 16:04:24,85110854,000000000512b046227a4d9f41b38a637162a89e4c5f9d8a427218d56a56df8f,56df8f,8,双,大
2026-08-06 16:04:31,85110857,000000000512b0499dfff8526329b447ba0b3f7c130b9d345a3b28b639bed8c6,bed8c6,6,双,大
2026-08-06 16:04:38,85110859,000000000512b04b99d1b4e0d059ccbba083dec407273a8700e2943b9eebb6ba,ebb6ba,6,双,大
2026-08-06 16:04:45,85110861,000000000512b04dadbc4f14f34a3e39a8323a9cf5a0ceea0b8d0581026a9400,6a9400,0,双,小
2026-08-06 16:04:51,85110863,000000000512b04f6d3037cdcaa5feae454baab3bb36dc8ae35fb9721542d217,42d217,7,单,大
2026-08-06 16:04:58,85110865,000000000512b0519dbd9a1e3f39bbf31562d11cba2982c1a6d1359fdfeb45d0,eb45d0,0,双,小
2026-08-06 16:05:05,85110867,000000000512b053d9ecd0554849b95f874a86ac5f144365ccb6ece396cc1899,cc1899,9,单,大
2026-08-06 16:05:12,85110869,000000000512b055d98bb171820d730091ff8b0d83bc9a49e8919c9dc65dc507,5dc507,7,单,大
2026-08-06 16:05:18,85110872,000000000512b05855be29ac9e97502d4abb89f0dac775ccd628a94a2d27d998,27d998,8,双,大
2026-08-06 16:05:25,85110875,000000000512b05bc1b2444ea5ab5e02130d19712d3a518731587444df079df2,079df2,2,双,小
2026-08-06 16:05:32,85110877,000000000512b05d152fedf52779749608701607fdf123087a74ac79e7846055,846055,5,单,大
2026-08-06 16:05:39,85110879,000000000512b05f2419c8e56be2578e7ff3065449d4729ddbfd21877101736d,01736d,6,双,大
2026-08-06 16:05:46,85110881,000000000512b0611f1e0f7a7b92daa40db4e7fdfabd9706e3c7875174f3a2ef,f3a2ef,2,双,小
2026-08-06 16:05:52,85110883,000000000512b063d649d44de53c47d2aae2f4e3d33ae6d8988ad7768fc8fd82,c8fd82,2,双,小
2026-08-06 16:05:59,85110886,000000000512b06636fe3185ad25b0dee8c398004085215d721c723061c328ad,c328ad,8,双,大
2026-08-06 16:06:06,85110888,000000000512b06886b426d4400d36e970c1149a6897ae3960e35c79cfd54498,d54498,8,双,大
2026-08-06 16:06:13,85110890,000000000512b06ae05d09ae05747dfef23d4a3b379669f807d92ce757c49579,c49579,9,单,大
2026-08-06 16:06:20,85110893,000000000512b06def2a75c53567a6e4b7ed08583e9e4012e7e31f01e5b6db8c,b6db8c,8,双,大
2026-08-06 16:06:27,85110895,000000000512b06f107879f699729c7bf4360c464055832c94e4f3e490bab10e,bab10e,0,双,小
2026-08-06 16:06:34,85110897,000000000512b071e62d1979dfa5296efbd129036bd812aee342c39f97ad7960,ad7960,0,双,小
2026-08-06 16:06:41,85110899,000000000512b07337e1c1fc4a8dd35320975ceb5dcfc1ce3ed6fce61b5fd9c7,5fd9c7,7,单,大
2026-08-06 16:06:48,85110902,000000000512b076745acdc49721f039795a0d783a0184929e4b0f8234f3cde4,f3cde4,4,双,小
2026-08-06 16:06:55,85110904,000000000512b07851ff59803caf59354642dff5f271beabb170047ad9db54bd,db54bd,4,双,小
2026-08-06 16:07:01,85110907,000000000512b07b10c8c623408a0ee6ab5795aea372181be1cf6e8954fc1e02,fc1e02,2,双,小
2026-08-06 16:07:08,85110908,000000000512b07c3e23c32fd53ddad644b17279afc366854fa339651225e148,25e148,8,双,大
2026-08-06 16:07:15,85110911,000000000512b07fb64d0cc61581c6aadfb420cb855484efc369b97b49f4309d,f4309d,9,单,大
2026-08-06 16:07:22,85110913,000000000512b081ec32787364b12776c61114315343ac27a421799a28be0290,be0290,0,双,小
2026-08-06 16:07:29,85110916,000000000512b08456fefc98501dbad93eb14be0695cde6ac456a9a9dad56c91,d56c91,1,单,小
2026-08-06 16:07:36,85110918,000000000512b086c976dd905c45e5080ed508b23d3a91c9d132b6da26df03ae,df03ae,3,单,小
2026-08-06 16:07:42,85110920,000000000512b08861444b3fdbbaf157e10d2ae399d966902eed6a4c95ae1e31,ae1e31,1,单,小
2026-08-06 16:07:49,85110923,000000000512b08b7a3ee7b74e598cfd9c16373d95821efb8cde5203cad2d09a,d2d09a,9,单,大
2026-08-06 16:07:56,85110925,000000000512b08d485b226181d99fec3fb98505e0ab927043bae1c1619b6ee2,9b6ee2,2,双,小
2026-08-06 16:08:03,85110927,000000000512b08fda38f5a4e90c813f553a63c289606bd99736ba373089f263,89f263,3,单,小
2026-08-06 16:08:10,85110929,000000000512b091580666a6f732c665bb898754a5f258db483207c2545f08e0,5f08e0,0,双,小
2026-08-06 16:08:17,85110932,000000000512b094f693129da563d7b4a35adef88b2b9b890687ab07f6d290aa,d290aa,0,双,小
2026-08-06 16:08:24,85110934,000000000512b0964169b572affd7afb709796a71b58670f57efd8d3f90d884f,0d884f,4,双,小
2026-08-06 16:08:31,85110936,000000000512b0980c73bec3565965635a3361eb2e615362b8a796803697d555,97d555,5,单,大
2026-08-06 16:08:38,85110939,000000000512b09b2a92d216adf656af549028bbb62c585907e35f2615d5b38a,d5b38a,8,双,大
2026-08-06 16:08:44,85110941,000000000512b09dd1a501ba797f88f0816ce2ff699499683c04c0c760501e5c,501e5c,5,单,大
2026-08-06 16:08:51,85110942,000000000512b09eae183bb091a27d25cac9fe08fdc519cc72b77321f7254e26,254e26,6,双,大
2026-08-06 16:08:58,85110945,000000000512b0a1286a404c2571da1118597fece91b84b5cd858f376a73e060,73e060,0,双,小
2026-08-06 16:09:05,85110948,000000000512b0a425887ed27aa36fa2a4e6474f9786302c32724437b65d1847,5d1847,7,单,大
2026-08-06 16:09:12,85110950,000000000512b0a6f6c8587e8d6c6b296a22509040fe5d536954e70129b480c7,b480c7,7,单,大
2026-08-06 16:09:19,85110952,000000000512b0a881e766d99d70f3a20427882cd3aee5f9f7d4ff606d42ea62,42ea62,2,双,小
2026-08-06 16:09:26,85110955,000000000512b0ab49ca03278b2f0611e06b914c044c33afe53f810168f888b4,f888b4,4,双,小
2026-08-06 16:09:33,85110957,000000000512b0ad6b805d3002d38ef05a239e8943effc0fcf907391e740d96f,40d96f,6,双,大
2026-08-06 16:09:40,85110959,000000000512b0af157a031412eb6965966cfb6b13e21991032f30c577eff694,eff694,4,双,小
2026-08-06 16:09:47,85110962,000000000512b0b2cccda6927f4912eb91cef32b8c84ac345b22d5d91e4d1608,4d1608,8,双,大
2026-08-06 16:09:54,85110964,000000000512b0b491ccbafa0817abdac9c8278ef53d93a5bdbe655f98efee9a,efee9a,9,单,大
2026-08-06 16:10:00,85110966,000000000512b0b62ff468724e700fc90dc4105f7b0ab46767641ff4d2d9f821,d9f821,1,单,小
2026-08-06 16:10:07,85110968,000000000512b0b88c952fc88ab9120e27dd7cf24424c4349a2eb6f28bbd7407,bd7407,7,单,大
2026-08-06 16:10:14,85110971,000000000512b0bbc8a1bc8fb27ef103fb5f5aac205352188b020ae59932402c,32402c,2,双,小
2026-08-06 16:10:21,85110973,000000000512b0bd45df71d87b8b1ce91d6f85be8ccdbc6057f5b9ccbd6894e7,6894e7,7,单,大
2026-08-06 16:10:28,85110975,000000000512b0bf0aa661f366f38943fd0f05f98d0c73db5d7facc34c416aea,416aea,6,双,大
2026-08-06 16:10:35,85110977,000000000512b0c1efc7f78bff27d2a2ca9ce7c530b7fd2e05ce19eabb4e4820,4e4820,0,双,小
2026-08-06 16:10:41,85110980,000000000512b0c494ac0aee86c3b29971061d6ec91d0e6ade0acc5710dc4580,dc4580,0,双,小
2026-08-06 16:10:48,85110982,000000000512b0c651534a2c30d628e2a4a62169fb2cfb8bb00f55e54fe35eb2,e35eb2,2,双,小
2026-08-06 16:10:56,85110984,000000000512b0c8f92b123cd4bda2533c6ecf4139d766697c18be5b9da986c9,a986c9,9,单,大
2026-08-06 16:11:02,85110986,000000000512b0ca31ffccf96b2222f6f9ff2c2fc78a93935fb8f53c9e13af3d,13af3d,3,单,小
2026-08-06 16:11:09,85110989,000000000512b0cdb6dd468bd0fc6f8fa98de94d604670cefef78176fefcae00,fcae00,0,双,小
2026-08-06 16:11:16,85110991,000000000512b0cf7c326452668d2f8e1d9e6fc245866a16973776f776640089,640089,9,单,大
2026-08-06 16:11:23,85110994,000000000512b0d22c3cfe8263540526dbc8aac672cf872458628335dc561967,561967,7,单,大
2026-08-06 16:11:30,85110995,000000000512b0d314d29b45dcae4f99fb9f3002e6aae0ac1cd2a64ab9dc490a,dc490a,0,双,小
2026-08-06 16:11:37,85110998,000000000512b0d63b547c1ff431b9dd081aeb3787b27581109d53aa54f72b2e,f72b2e,2,双,小
2026-08-06 16:11:44,85111000,000000000512b0d8579d8107d0aeb30e64b6ed3561da576dcb2b5f011be60575,e60575,5,单,大
2026-08-06 16:11:51,85111003,000000000512b0dbd1f0fece0d17693e1ff3b7056a0d8fc822443a39b1dd7919,dd7919,9,单,大
2026-08-06 16:11:58,85111005,000000000512b0ddf50ac2ee3db8394fa7f89bda155d8f8dadfeaf1958edfdac,edfdac,8,双,大
2026-08-06 16:12:05,85111008,000000000512b0e05df3e057c6692409625d0de1a911b26f3e6bf0ef983706e9,3706e9,9,单,大
2026-08-06 16:12:12,85111009,000000000512b0e1b5e5498fcdf8be6e4c377b147e499a6647b9fd504d94f5af,94f5af,5,单,大
2026-08-06 16:12:19,85111013,000000000512b0e51433be1260cf06e5d04bfed7cf3e2e11e4fc42d591a92fb3,a92fb3,3,单,小
2026-08-06 16:12:26,85111015,000000000512b0e73060654e5c0241a02cf824e31276b6a7741cfd2be15d1f5c,5d1f5c,5,单,大
2026-08-06 16:12:33,85111017,000000000512b0e971c8ee82adc99f6720194ec0d8781764de2917f4cc3a88a5,3a88a5,5,单,大
2026-08-06 16:12:40,85111019,000000000512b0ebff30689d54d67c587019d719297260f9b208faf886d176a7,d176a7,7,单,大
2026-08-06 16:12:46,85111022,000000000512b0eea8079c8a9e79e4927139364b1a7b46e0777cc9bcdd08913e,08913e,3,单,小
2026-08-06 16:12:53,85111023,000000000512b0ef5838154d363b03c484d9bf6d0a456fa42b304df0a8822380,822380,0,双,小
2026-08-06 16:13:00,85111026,000000000512b0f2348582cd2e43f20aad2475a134b90ad394f649ccb18dc018,8dc018,8,双,大
2026-08-06 16:48:50,85111742,000000000512b3be09fef4710e0cbcbe231fccc5a8dfa0e2d94d167223a07964,a07964,4,双,小
2026-08-06 16:48:57,85111745,000000000512b3c1955b9078b3a45b10723c0e96153d914fb9c36c2c7f75fdab,75fdab,5,单,大
2026-08-06 16:49:04,85111748,000000000512b3c43dbb4020ff600b712e54132b5287fddf7326084abee0b9ec,e0b9ec,9,单,大
2026-08-06 16:49:11,85111749,000000000512b3c5051dbca91614700739a8fe6c244fdfccc1c1d1059c9591a2,9591a2,2,双,小
2026-08-06 16:49:18,85111752,000000000512b3c8485551d005270d5c5f8a91e6528f76d7d621843f46fdadac,fdadac,6,双,大
2026-08-06 16:49:25,85111755,000000000512b3cbb429f45e141767a4aa0646ba3ede2105b17d853894673c2f,673c2f,2,双,小
2026-08-06 16:49:44,85111761,000000000512b3d196104f88285fa35d862dbab96eab622c97e9c24b97c72376,c72376,6,双,大
2026-08-06 16:49:50,85111763,000000000512b3d31d95a0c620701d8eddc646adcff98e25765f342cce51a1a1,51a1a1,1,单,小
2026-08-06 16:50:03,85111767,000000000512b3d715d2d53a8b10bfbd55509e6556fcf153e3a33edfb5c4ee93,c4ee93,3,单,小
2026-08-06 16:50:09,85111769,000000000512b3d929703988823828a463dd04f1825b12e2ac17ee0cc632f807,32f807,7,单,大
2026-08-06 16:50:15,85111771,000000000512b3dbab2aab7297508fcd9336da0e6b2f9fb73595f95d2a7e090f,7e090f,0,双,小
2026-08-06 16:50:22,85111773,000000000512b3dd2a67ca85e785d598fead7500789069ccfe5f6d653ec84adc,c84adc,4,双,小
2026-08-06 16:50:29,85111775,000000000512b3dfb4c96e615dfcfb2aa097b83a5c51cc839ba6f87175f999ca,f999ca,9,单,大
2026-08-06 16:50:35,85111778,000000000512b3e2491ced2ce7ad0cb71fc1ace07c6698ba3414d1a67b1f575a,1f575a,5,单,大
2026-08-06 16:50:42,85111780,000000000512b3e4862fd41bb79f33be210807b935be0ef288f10245946cafa8,6cafa8,8,双,大
2026-08-06 16:50:48,85111782,000000000512b3e6f05e7ccac16a823ea1a268ace0bab90ff8c45bd258f47bff,f47bff,7,单,大
2026-08-06 16:50:55,85111784,000000000512b3e8f28c2d78c94a928fc89899f619f543ec44639475f42d1291,2d1291,1,单,小
2026-08-06 17:01:51,85112000,000000000512b4c0f6795a51b7b392241c75811103ce350569a324021ee5835f,e5835f,5,单,大
2026-08-06 17:02:45,85112020,000000000512b4d47febfb80fe052591f2d33abcfdd9c0d717429c4822c4bbd5,c4bbd5,5,单,大
2026-08-06 17:03:43,85112040,000000000512b4e84295ac69c8fdb1dd6d8060d7f8ec7089492cd01e00ba570d,ba570d,0,双,小
2026-08-06 17:04:44,85112060,000000000512b4fc9a0d0f3482731a13223269885239731a72910c884e364ae2,364ae2,2,双,小
2026-08-06 17:05:46,85112080,000000000512b510d19af86537a72fbc9f271d400b2460f4cd522218535e3107,5e3107,7,单,大
2026-08-06 17:06:45,85112100,000000000512b52419b635396edc10fa7868fd4efd8c37e24f8f7f22e74669ec,4669ec,9,单,大
2026-08-06 17:07:54,85112120,000000000512b53885558b857fbc0dd7e0de56c27f9d1fea0d620231f6314ee2,314ee2,2,双,小
2026-08-06 17:08:40,85112120,000000000512b53885558b857fbc0dd7e0de56c27f9d1fea0d620231f6314ee2,314ee2,2,双,小
2026-08-06 17:09:06,85112140,000000000512b54ccf140694cf3e6aaded6d4e0ee1c6945a96da080b2113c198,13c198,8,双,大
2026-08-06 17:09:44,85112160,000000000512b5600a334600bf30d4f263b3978d2ded9d844f27bc9241428337,428337,7,单,大
2026-08-06 17:10:39,85112160,000000000512b5600a334600bf30d4f263b3978d2ded9d844f27bc9241428337,428337,7,单,大
2026-08-06 17:10:53,85112180,000000000512b574b3e18192af925110fe9e99add9e704454f1a4653616fe7b2,6fe7b2,2,双,小
2026-08-06 17:11:53,85112200,000000000512b5887f740a8fad9d262d28b88bff8b90586458fadd7908cf7582,cf7582,2,双,小
2026-08-06 17:12:52,85112220,000000000512b59c0c7f1f4fe2e6feeb516b1a708c290a832d5dd8302ee38b09,e38b09,9,单,大
2026-08-06 17:13:50,85112240,000000000512b5b048688527fdec39daaa00a305551b39d94db60ad02d349145,349145,5,单,大
2026-08-06 17:14:50,85112260,000000000512b5c4b57fb4a8aa74e482954e5f3fcad4c4bbc36a19c2b0dd9fec,dd9fec,9,单,大
2026-08-06 17:15:48,85112280,000000000512b5d81ebfb2d2d76d610541659e89ec58c905ad2c160866b797b6,b797b6,6,双,大
2026-08-06 17:18:48,85112340,000000000512b614112832c8d50dc426ac5d102c2fb2bda1e863b58df5e32f7c,e32f7c,7,单,大
2026-08-06 17:19:48,85112360,000000000512b628b4980f9c2cea71ea0dacd4ae4d45a92542cdbec183dedeaf,dedeaf,3,单,小
2026-08-06 17:20:53,85112380,000000000512b63cd5d8ab8eea654a33bc28c3476de21e4a6da31416fde7fffb,e7fffb,7,单,大
2026-08-06 17:21:58,85112400,000000000512b650ceb8fdb48fd3c4fb28c0b4bb3698026c4828c152d1749394,749394,4,双,小
2026-08-06 17:22:42,85112420,000000000512b6645b9d0766ad84096638bc43238566defa5131a9ad5ade77ac,de77ac,7,单,大
2026-08-06 17:23:46,85112440,000000000512b678e7d5095d9d004809d69bc3b4a0c4cc0b4ed0f5d3c6af2d28,af2d28,8,双,大
2026-08-06 17:25:11,85112460,000000000512b68c60fcf25e811eb0fd2c2f4a637d8d683a462127948e5c74c5,5c74c5,5,单,大
2026-08-06 17:25:46,85112480,000000000512b6a000d2495ef0b0849f67d9e428466784c957b7295cef34d8e9,34d8e9,9,单,大
2026-08-06 17:26:44,85112500,000000000512b6b4f8cf9797410772eb9246cf86e8a3b9d0dcfd415a7f684973,684973,3,单,小
2026-08-06 17:27:42,85112520,000000000512b6c84a5b69b338e7eaf9a92166bc5583c670e7971cf8e995f165,95f165,5,单,大
2026-08-06 17:28:54,85112540,000000000512b6dc0c128956d3f3538346d863762f8f529b6b291ac885ff5f54,ff5f54,4,双,小
2026-08-06 17:30:05,85112560,000000000512b6f07d30f646349df0e7b0170f0d0bd243a4c4c75e86c3d86710,d86710,0,双,小
2026-08-06 17:31:07,85112580,000000000512b7049ab9d184fe2eb1a451353ca0bc5fd3ac75184cf6f0a85095,a85095,5,单,大
2026-08-06 17:44:29,85112840,000000000512b808a5a6963e4bb92f373b4078ea50648214603410fd698edbcf,8edbcf,8,双,大
2026-08-06 17:44:44,85112860,000000000512b81cbed5c6f2d17a6a492d079d0394961374bb71b0093c051489,051489,9,单,大
2026-08-06 17:45:54,85112880,000000000512b8301c88749c01fe9c8e9752dcfa8647e486955e6c8c97c577a2,c577a2,2,双,小
2026-08-06 17:46:52,85112900,000000000512b844f052de882d04a189751397b7051396ba397d01abb63d23fc,3d23fc,3,单,小
2026-08-06 17:47:50,85112920,000000000512b858c40a430eef1339b01a554845b8c477a0511006023704dc3b,04dc3b,3,单,小
2026-08-06 17:48:47,85112940,000000000512b86c5ca3ee0d0839a4f4411fd9c5134870e78b5e475b687cf45c,7cf45c,5,单,大
2026-08-06 17:49:46,85112960,000000000512b880c350b401d8158bba5d4d4a4117201f0daa58e27f4a2602f9,2602f9,9,单,大
2026-08-06 17:50:55,85112980,000000000512b894491ee47110c91f0ef723b68b5ca4986fe030d95bdbf44bac,f44bac,4,双,小
2026-08-06 17:52:30,85113000,000000000512b8a8edca71fb1de95687192ff09ef415aeff90191c2d8f92d8b8,92d8b8,8,双,大
2026-08-06 17:53:04,85113020,000000000512b8bc5202ad34b5b0769798978cc5414d736bad9991ee698ab021,8ab021,1,单,小
2026-08-06 17:53:50,85113040,000000000512b8d0e76d922188e1fff49f6e07581aefb71351ce70dc49e3537b,e3537b,7,单,大
2026-08-06 17:55:06,85113060,000000000512b8e43136c1b17d2a2f5abe32525b70ac81941f9e5931211e5ce8,1e5ce8,8,双,大
2026-08-06 17:56:21,85113080,000000000512b8f8c422ffc01bb84b3ef3a027c2c2486b5a0182c688ee5e3cbe,5e3cbe,3,单,小
2026-08-06 17:56:52,85113100,000000000512b90c653069b612281965eea60098a66951bc61c629f60778f67e,78f67e,7,单,大
2026-08-06 17:57:57,85113120,000000000512b9205ffb451a512586350323fa678a206cd6556430abdc8e45fd,8e45fd,5,单,大
2026-08-06 17:59:09,85113140,000000000512b9346700b86ce4af7271ddb43107bbecb523b7611d6f70245a29,245a29,9,单,大
2026-08-06 18:00:16,85113160,000000000512b948e9c5b7b8c5d43518acf95372cffcd67dbd0fca9d2c51ab87,51ab87,7,单,大
2026-08-06 18:01:02,85113180,000000000512b95cf69267835d3033c75e00f888425bf9195a852cd87590b8dc,90b8dc,8,双,大
2026-08-06 18:02:25,85113200,000000000512b970c13576ececfc7520994de626d2f6278d1eac5f30397f5a6e,7f5a6e,6,双,大
2026-08-06 18:03:02,85113220,000000000512b984558f3368fa90a72d7d2c1beeed18028a841e0d38f22a010b,2a010b,0,双,小
2026-08-06 18:04:07,85113240,000000000512b99816d72d961df5ba4ad35765cc337605f74fc4219148bf985b,bf985b,5,单,大
2026-08-06 18:04:51,85113260,000000000512b9ac4fc2f14c6f356e5df2a36528643e217007338ee23ddc79b2,dc79b2,2,双,小
2026-08-06 18:06:02,85113280,000000000512b9c02fae385b434d929197c7755f7fe0165a0bd442eabb3ba51c,3ba51c,1,单,小
2026-08-06 18:07:18,85113300,000000000512b9d468fb9cdfdfa37c5249837eb7afb2b129ab5aa1f8efd631e8,d631e8,8,双,大
2026-08-06 18:08:10,85113320,000000000512b9e89ddda4b973c768707f9f0de03369044a414ad63d4e5e7999,5e7999,9,单,大
2026-08-06 18:09:02,85113340,000000000512b9fc53c7c54cd571f91408cfcbe122b54fe8e2a433c2ba46743c,46743c,3,单,小
2026-08-06 18:10:12,85113360,000000000512ba108a42feb519ec4ce2d1822d6e717b949635c9bf1cf6550b8f,550b8f,8,双,大
2026-08-06 18:10:56,85113380,000000000512ba24c65f971ad685dc93becdeea5d2c8948b4521499fd4f75f84,f75f84,4,双,小
2026-08-06 18:12:00,85113400,000000000512ba3878a1ade93f97acbee97fcd7557def6707e5f92bed32ad95c,2ad95c,5,单,大
2026-08-06 18:12:54,85113420,000000000512ba4c60308d004e596a9ca4b7ac892fa62f00833b182beca36c7b,a36c7b,7,单,大
2026-08-06 18:13:53,85113440,000000000512ba60f61bf51ba47e70e4672b9e80ffc62ae5e6a32952dd865be6,865be6,6,双,大
2026-08-06 18:14:51,85113460,000000000512ba74864ae4b4fdf9f2d4e0e21d91ca9daa557430e46d1973e8f1,73e8f1,1,单,小
2026-08-06 18:15:50,85113480,000000000512ba88331f1882b88287083b0c7ace9078d88d758851eadb13cdf1,13cdf1,1,单,小
2026-08-06 18:16:50,85113500,000000000512ba9c9287376f872352fe85f1e67697c837df8e42c456e52bb532,2bb532,2,双,小
2026-08-06 18:17:49,85113520,000000000512bab07801ad941a5f3d5b08b76225d6d2b43ac7c8fc83222ce962,2ce962,2,双,小
2026-08-06 18:18:47,85113540,000000000512bac4a2ab3401f6bd4273238e2c7bada1da2f2b3c7fb2daee8bd9,ee8bd9,9,单,大
2026-08-06 18:19:51,85113560,000000000512bad85e6708653da25e75c044e3b449573f5cdb4eba992cc538f0,c538f0,0,双,小
2026-08-06 18:20:49,85113580,000000000512baecc732eeca881e030f93940c9e67e327a26f5247e1e0d493c9,d493c9,9,单,大
2026-08-08 21:50:44,85175343,000000000513ac2f1c804ea156e240c472083844566be4d76102db11a3c05d72,c05d72,2,双,小
2026-08-08 21:50:55,85175346,000000000513ac323acdceb245c3778d5a48c6557cdb4ca8981f63c3711be829,1be829,9,单,大
2026-08-08 21:51:05,85175350,000000000513ac36267ff0d844fa94ab0710a99375ad79d05cce2ae39c115f42,115f42,2,双,小
2026-08-08 21:51:16,85175353,000000000513ac39ae92308cc8843fadfbb0fd3010a244d684bbab2711adbe66,adbe66,6,双,大
2026-08-08 21:51:29,85175357,000000000513ac3de1d5a9ef7e74740032e063c51aa7951f09410c452f25e6a3,25e6a3,3,单,小
2026-08-08 21:51:41,85175361,000000000513ac411014967ca015f9518a6139bd69a5085e38025ecd0220d82d,20d82d,2,双,小
2026-08-08 21:51:54,85175365,000000000513ac459d82fa4a2ba5f13d34dca447305ccd4170fcf8c8e95c8eea,5c8eea,8,双,大
2026-08-08 21:52:07,85175370,000000000513ac4a68802f6b281dad7b4c4386d8a88b5307f9050dc36d3e29ff,3e29ff,9,单,大
2026-08-08 22:00:54,85175550,000000000513acfea9f5e73e81c98d63833f1caa74a64e7631d73153f1c595b0,c595b0,0,双,小
2026-08-08 22:01:14,85175570,000000000513ad122b28a3651f35ce5fc72822ee7594cfcf6fd1c12ea814a8ba,14a8ba,8,双,大
2026-08-08 22:02:52,85175590,000000000513ad26e379a201cd207a550b6d8178a75ee58b9e58ea791a2bab97,2bab97,7,单,大
2026-08-08 22:03:20,85175610,000000000513ad3a65b0c135978878e334b291fbaa12dfaa294c4ba3cea27139,a27139,9,单,大
2026-08-08 22:08:42,85175711,000000000513ad9fb47b5519a2c8f833f5580d07c5a4592274cd05d971547464,547464,4,双,小
2026-08-08 22:10:09,85175731,000000000513adb3eef1b36f51e71c5fd0bcfd161b3f60e13b77ebb9ee3f0da0,3f0da0,0,双,小
2026-08-08 22:13:33,85175811,000000000513ae039c46666d1d19634b74f9f885e8761ed44ade8dfdb265d8c3,65d8c3,3,单,小
2026-08-08 22:14:53,85175831,000000000513ae17c02c7a03a27acd66707a55f57d718775a8c2f011e1d23ab8,d23ab8,8,双,大
2026-08-08 22:17:08,85175890,000000000513ae52770c52f7eba9fa9c652fc337a8f2aec5a130dd2c6eea549f,ea549f,9,单,大
2026-08-08 22:23:23,85175990,000000000513aeb6cb5c13452eeacc76b7fda1e9d684cd895664a4a303b7870d,b7870d,0,双,小
2026-08-08 22:23:34,85175995,000000000513aebb0ad9456946ce29664a162d78afed9932a0068e9dd39a02a0,9a02a0,0,双,小
2026-08-08 22:23:46,85175998,000000000513aebe2ecb4fc35cb02e26140d400003cf3814c135ad831b6db306,6db306,6,双,大
2026-08-08 22:23:58,85176002,000000000513aec22c6a119d24a8e0e28aff49f3395ad63d1fd563f54bf39f09,f39f09,9,单,大
2026-08-08 22:24:09,85176005,000000000513aec59e88f7a6166d1e7b064b813c199e3fa647c534d4551c2916,1c2916,6,双,大
2026-08-08 22:24:21,85176009,000000000513aec96ca6d19eda06f1ca691aae6977077b4e660305e5e21e7da3,1e7da3,3,单,小
2026-08-08 22:27:21,85176070,000000000513af06824214a9d189b6dd70c3e2ac5f789594941c31aa29ec3327,ec3327,7,单,大
2026-08-08 22:27:33,85176073,000000000513af093368f29696b3484d04b2f9a5f3220d0440aa2532669aeded,9aeded,9,单,大
2026-08-08 22:27:54,85176081,000000000513af11cbcdab40413f112a009bf8175b30d5903c4583157c714392,714392,2,双,小
2026-08-08 22:28:15,85176088,000000000513af18d6a0ff4d5a6c259b9f2979eee8f0a627d0dfa6bf6f755cbc,755cbc,5,单,大
2026-08-08 22:28:30,85176091,000000000513af1bbd89173e110b4af42e47b34d162fed0fc30315d073bfb987,bfb987,7,单,大
2026-08-08 22:28:43,85176097,000000000513af21b32c9e3299b8f29a45d7ab6fa58020668526926199fb4168,fb4168,8,双,大
2026-08-08 22:28:55,85176101,000000000513af252ee1b9533570eeb0d397a3fa7648d54e8956a5ab02bfab3c,bfab3c,3,单,小
2026-08-08 22:29:08,85176105,000000000513af29a58988d869a4030280b1c299c5c932218195bac80d1d224e,1d224e,4,双,小
2026-08-08 22:29:19,85176109,000000000513af2dfcd496fdb52c88453833f7527e707ccd78d445458451ddce,51ddce,1,单,小
2026-08-08 22:29:31,85176113,000000000513af31deba6873709579a0e49f558d110bc8b4043ae88b099a8792,9a8792,2,双,小
2026-08-08 22:29:46,85176118,000000000513af368f9a035c765e89dfe8ff502ae19e5c9ad89662dd24690dd0,690dd0,0,双,小
2026-08-08 22:29:58,85176122,000000000513af3ace1dd5ba234b094e738cdaf358ace8383c62b6250e7a9559,7a9559,9,单,大
2026-08-08 22:30:11,85176126,000000000513af3e664f9768bd256121f67cbc7afb31f604c4fe34dffe21dc15,21dc15,5,单,大
2026-08-08 22:30:24,85176131,000000000513af43d13265d08d25d11530bfbcc47a618a8e3de67a527f4c7236,4c7236,6,双,大
2026-08-08 22:30:39,85176136,000000000513af48a005ba0df48f98a9c71442e0dc49682a0ab5e7bc2ba8dcda,a8dcda,8,双,大
2026-08-08 22:31:01,85176143,000000000513af4f82a79b9dd6f933a3b0b056a142a36029988034d4a49b42f0,9b42f0,0,双,小
2026-08-08 22:31:13,85176147,000000000513af53e6dd086bc8078c0a583ddf485cf2fea2e43c19d05765cf0a,65cf0a,0,双,小
2026-08-08 22:31:26,85176151,000000000513af5700280ec8b23881369f0087f933894f754edf73343748d702,48d702,2,双,小
2026-08-08 22:31:39,85176155,000000000513af5b6ee470f6ee19c25ee53f9bc5dbe6d997fc15beec3b313f62,313f62,2,双,小
2026-08-08 22:31:54,85176161,000000000513af6137e4d1623aca6c141804373327f94252e13de949c5fb974b,fb974b,4,双,小
2026-08-08 22:32:06,85176165,000000000513af65a82b5ebcd41bbb97ec220ee9a711b1b86642beb92c6b129d,6b129d,9,单,大
2026-08-08 22:32:19,85176169,000000000513af6923c94dfd3e1ba577945a5f26cfd44ca34b2fe9bc3c2b68f5,2b68f5,5,单,大
2026-08-08 22:32:31,85176173,000000000513af6ded8168125e6c22ebd87a69c5251ef357782dd752c27ee192,7ee192,2,双,小
2026-08-08 22:32:43,85176177,000000000513af717f41da436f0c59871d8304627bf540083ea7c9ab4a545479,545479,9,单,大
2026-08-08 22:32:56,85176181,000000000513af7505dfc3d0afe138d83a771fd9eda60c551a40d16d0a8a0cd0,8a0cd0,0,双,小
2026-08-08 22:33:08,85176186,000000000513af7af7935e8fd65cdc7851a64eb9a3382679bdb4badc4e4401d8,4401d8,8,双,大
2026-08-08 22:33:22,85176190,000000000513af7e96a95b26587947068b560a7827f8969af6cc1236ff418fa7,418fa7,7,单,大
2026-08-08 22:33:33,85176193,000000000513af810c73d56853c6ac21bed45a41540d8a03749226027336f3bd,36f3bd,3,单,小
2026-08-08 22:33:46,85176198,000000000513af865cc1b82fcc120d162da0438a8723069a1ad67f864df598e8,f598e8,8,双,大
2026-08-08 22:33:58,85176201,000000000513af89d03884ca1e1f2998250a1dd30c4c5f838084f1e4fa246208,246208,8,双,大
2026-08-08 22:34:11,85176206,000000000513af8e4ba280226d3646571f12bdf5c0b4be574c29f063683287e4,3287e4,4,双,小
2026-08-08 22:34:25,85176211,000000000513af93f509b3b1e84c2cbd9039f70832a83470c141881dc378d7e9,78d7e9,9,单,大
2026-08-08 22:34:38,85176216,000000000513af98802794134705de9d0a92ba4e4fb2d71c3ecceb851ac3514a,c3514a,4,双,小
2026-08-08 22:34:53,85176220,000000000513af9cb63d6850424f532fb7db7fd6b0f284ccb692b67dc7ab900c,ab900c,0,双,小
2026-08-08 22:35:07,85176225,000000000513afa1730d45540987e8ba4c65d44affe284978300896796f21aec,f21aec,1,单,小
2026-08-08 22:35:22,85176229,000000000513afa53b3e535c5a49edc20e869752451b1f427ff4c0b8109630b2,9630b2,2,双,小
2026-08-08 22:35:35,85176234,000000000513afaaa058756e921e9dfa42bcda715c40351880c3bddd73082a1e,082a1e,1,单,小
2026-08-08 22:35:48,85176239,000000000513afaffee2ddff6ecf2b072657f870c836a4e5561a0766ee02deb7,02deb7,7,单,大
2026-08-08 22:36:01,85176243,000000000513afb3bc2c49c2c244afd1d7e6244b61393b30c24c8adf13ccfc19,ccfc19,9,单,大
2026-08-08 22:36:13,85176246,000000000513afb6370fbeca66a26fb181178efb58e5ce9c3fe08e8273465568,465568,8,双,大
2026-08-08 22:36:25,85176251,000000000513afbb41bd55899c00af61e7e4ef9ece941ed5f16274147f3571af,3571af,1,单,小
2026-08-08 22:36:38,85176255,000000000513afbfdb18b13878c3946f1c342f64fd5adbae7c93e81cc11937c7,1937c7,7,单,大
2026-08-08 22:36:56,85176261,000000000513afc5e2865a9f34173ec95a13343ca95c87d0c63b2228c5e32ed8,e32ed8,8,双,大
2026-08-08 22:37:07,85176265,000000000513afc95cd19e60ef3e5d9a0d1c0ed46b640fa375a7b8a54036d917,36d917,7,单,大
2026-08-08 22:37:19,85176269,000000000513afcdd1619ba5289bd72b35c7e80b8af0e13d3809121f3167d79c,67d79c,9,单,大
2026-08-08 22:37:31,85176273,000000000513afd1a4c7f8192880bd3af3ae371527a6cc2696efeaa8fbb6b6b7,b6b6b7,7,单,大
2026-08-08 22:37:43,85176277,000000000513afd5a339260178a5b2ce3f79cba86dab5b0aa05e79ce3562bfce,62bfce,2,双,小
2026-08-08 22:37:55,85176281,000000000513afd96df71a3bd59374742fca09c6f78e4bb3059bfca9f89c61fb,9c61fb,1,单,小
2026-08-08 22:38:08,85176286,000000000513afde3e5b5360f765a75e698d6d90a4d17e76dd0c26dedf3738cb,3738cb,8,双,大
2026-08-08 22:38:20,85176290,000000000513afe24519871889405ca4df0649ee060ba442d5909b4a38953ef6,953ef6,6,双,大
2026-08-08 22:38:32,85176294,000000000513afe639e62e3db491af21779143da8039c621190e3a81c5907112,907112,2,双,小
2026-08-08 22:38:46,85176298,000000000513afeadfa3ac636bf40d86eeeb3132c2ee2d8787b07ab1000ef5b3,0ef5b3,3,单,小
2026-08-08 22:38:59,85176303,000000000513afef775b801451d47fac5a075fe4684f3d65f11feab47e3eeb4b,3eeb4b,4,双,小
2026-08-08 22:39:13,85176307,000000000513aff34173f4164899ce06e8413e66ab2c278597d11df1bd28fc39,28fc39,9,单,大
2026-08-08 22:39:27,85176312,000000000513aff8cbdfb2c57e630a159e163eebcc6f104fbb2c7d0928664559,664559,9,单,大
2026-08-08 22:39:39,85176316,000000000513affca8b6634a4ccb3ba4a4e561973dd319124af49db9c0b9695c,b9695c,5,单,大
2026-08-08 22:39:55,85176320,000000000513b00063d89ad843bf219172f6e2a4af4fff8c296d26b73b9b4091,9b4091,1,单,小
2026-08-08 22:40:07,85176325,000000000513b00553d9da5a412a0e75001143d0eccfa8b161476aa997a3581a,a3581a,1,单,小
2026-08-08 22:40:20,85176329,000000000513b009e2ed779e3ff56586aee38108399a48af66897829792eb28e,2eb28e,8,双,大
2026-08-08 22:40:33,85176333,000000000513b00d255f4c754ed9afd9b50bb220cfc514f86ed21e626b1a2f4c,1a2f4c,4,双,小
2026-08-08 22:40:47,85176338,000000000513b01258fe64c4ff7a6d061af94f32ac9c50fa5faf377750d8bf84,d8bf84,4,双,小
2026-08-08 22:41:01,85176343,000000000513b017a8cfa8c7fa7cac5c2cac54d398810e0f2cd17ffc1f0b2df4,0b2df4,4,双,小
2026-08-08 22:41:14,85176348,000000000513b01ce79c7e7d76e8ef72ba3e67dd0e32b5ecb3d86629f7782761,782761,1,单,小
2026-08-08 22:41:31,85176352,000000000513b020784768b2dc16fc4371c3c7bde7522c0f0db34f4675248e2d,248e2d,2,双,小
2026-08-08 22:41:46,85176358,000000000513b026bc0289acfe2ec4fdfbe8dd22bd1518b656397bf334f2291d,f2291d,1,单,小
2026-08-08 22:42:00,85176363,000000000513b02b79184397f93b813c40fe55136fc8d8414ba0b0797b852822,852822,2,双,小
2026-08-08 22:42:14,85176367,000000000513b02f065f6e57352728401a17f4f1ad2caf7033257423755e07ce,5e07ce,7,单,大
2026-08-08 22:42:28,85176370,000000000513b032942f2119e43ccd8d0acc36ce3b0a32cafd72ae2fc3093d9b,093d9b,9,单,大
2026-08-08 22:42:41,85176376,000000000513b0386f397886709f5de40233655ba4e6aa9596bf33e1469918ca,9918ca,8,双,大
2026-08-08 22:42:55,85176381,000000000513b03db48c35d60fea3e1deb16fed8e69f7611e81d6fbc54e8531d,e8531d,1,单,小
2026-08-08 22:43:07,85176385,000000000513b0415a5202467da393115530fbce9af499d67fdde5b958e13a55,e13a55,5,单,大
2026-08-08 22:43:21,85176389,000000000513b0453a3a632e5e36ca6d6d6b1661728c88c549b9ec9cf242e0ea,42e0ea,0,双,小
2026-08-08 22:43:33,85176393,000000000513b049b1e8ac29f7cf6e6c2008b1afb419db004e8ca5e0cc9246e7,9246e7,7,单,大
2026-08-08 22:43:46,85176398,000000000513b04e9e9284391673bcaf1c200c32e73d232004205ed10e7920be,7920be,0,双,小
2026-08-08 22:43:59,85176403,000000000513b0536e09bc5212a9a46966e34ef887e11d15ba32c7689be1e599,e1e599,9,单,大
2026-08-08 22:44:13,85176407,000000000513b057c8c714c8a04a47cf5de33fe03cf1e1be7b9646ebb89ef1eb,9ef1eb,1,单,小
2026-08-08 22:44:25,85176412,000000000513b05c44a3d871ecb4572db0e94fb89a14db8393cbd04c2d81242f,81242f,2,双,小
2026-08-08 22:44:38,85176415,000000000513b05ff12d496f81127bf781b2596b2cfacd94266befee38be63f7,be63f7,7,单,大
2026-08-08 22:44:52,85176420,000000000513b06413636ae57c463f568d9dfe145db5eb422e0794ad55c9ecc6,c9ecc6,6,双,大
2026-08-08 22:45:04,85176424,000000000513b0680d103da5a125c17d474840a713e0bfe4bff09d7d3d544a04,544a04,4,双,小
2026-08-08 22:45:17,85176428,000000000513b06c12561df8053a99db5765261e08e929a462ea5678c02ae9d9,2ae9d9,9,单,大
2026-08-08 22:45:31,85176433,000000000513b07100e27288b2f885c0f90ef7c0fab157dbe5ebe9062c549c91,549c91,1,单,小
2026-08-08 22:45:43,85176437,000000000513b0759f4c77eec5ceb7ca828eb222257696542a3aa163e38aeaa4,8aeaa4,4,双,小
2026-08-08 22:45:55,85176441,000000000513b079465263e8d6fadf856e4ba3aa3935878a6e5a9959092af74a,2af74a,4,双,小
2026-08-08 22:46:09,85176446,000000000513b07e19f4d231926bf39807d77ffbcdafd9a9e3c67bc143621815,621815,5,单,大
2026-08-08 22:46:23,85176450,000000000513b082a434729da716c764c68a87e3de058b1d38976194872b81e3,2b81e3,3,单,小
2026-08-08 22:46:35,85176454,000000000513b086044147325dfa6f248a25a9dcf86a72478a1d17beef77fca8,77fca8,8,双,大
2026-08-08 22:46:48,85176459,000000000513b08bd989e20d1022e9c5772aa5689f26bdaaedb5038be566a043,66a043,3,单,小
2026-08-08 22:47:02,85176463,000000000513b08f101b78c4caf9d11097eb18fc02c6facb076fb0ff640c59c6,0c59c6,6,双,大
2026-08-08 22:47:15,85176467,000000000513b093400caa7f0e72061636207cd14428bfd1b60abf44dd2a8925,2a8925,5,单,大
2026-08-08 22:47:28,85176472,000000000513b0983d468288b328b9addc8d0f4f40664c117a45dd5bef58a116,58a116,6,双,大
2026-08-08 22:47:41,85176476,000000000513b09c26a7d6715ff92ac0fa268881961e7155c47757bcb1bafb35,bafb35,5,单,大
2026-08-08 22:47:55,85176481,000000000513b0a1fd1bda02247ad3da23027900e399e02ee6dee800a09fa3d5,9fa3d5,5,单,大
2026-08-08 22:48:07,85176485,000000000513b0a570ff54ccfc05258dbd6bc5779965b9624e656c8465df8893,df8893,3,单,小
2026-08-08 22:48:19,85176489,000000000513b0a99aeb7454e1c3742a9e708c4135d07db24906758113eeedd5,eeedd5,5,单,大
2026-08-08 22:48:33,85176493,000000000513b0adce4d8da274aa515f2295cb729ab8daf8ba8247c615aac2cd,aac2cd,2,双,小
2026-08-08 22:48:46,85176498,000000000513b0b2fe654cfc1428cc417b49f030165375d780604288beafc092,afc092,2,双,小
2026-08-08 22:48:58,85176502,000000000513b0b659f0807c842c26ce3c48594a637478ac7d969ef50c1520d8,1520d8,8,双,大
2026-08-08 22:49:10,85176506,000000000513b0ba116a7d3e2b6d439099c8e132e0a1c44563f984a63dd99202,d99202,2,双,小
2026-08-08 22:49:22,85176510,000000000513b0be5668f9dedcb6df6157d2c19a2f03cdd0552f8d41490cbd30,0cbd30,0,双,小
2026-08-08 22:49:34,85176514,000000000513b0c2d9ef0dd37d56bdf7c41a797a5523292ad30eaffc3ba1d7dd,a1d7dd,7,单,大
2026-08-08 22:49:47,85176518,000000000513b0c63b464d20807022b8de173f60051c85cda777316cf3fff414,fff414,4,双,小
2026-08-08 22:50:01,85176523,000000000513b0cb3ffe8484150b9a8401351c0fd3fdfbacb1d97222c4b090a5,b090a5,5,单,大
2026-08-08 22:50:14,85176528,000000000513b0d084038f7bc98e6fd08fcf8c7a566c4277b6544f776b54ce61,54ce61,1,单,小
2026-08-08 22:50:28,85176532,000000000513b0d479e6c00a85d7df9708d4ad355b61a41202deed7582c86342,c86342,2,双,小
2026-08-08 22:50:39,85176536,000000000513b0d8a08802847c089843bbb015987302b77c80ae0198911a7ea3,1a7ea3,3,单,小
2026-08-08 22:50:52,85176540,000000000513b0dc34c0b2c4e868eaaed417725821e674248e7850a9c851648d,51648d,8,双,大
2026-08-08 22:51:05,85176544,000000000513b0e0f0c1cec4cdabfd80678fce3e54100fd3580e4a9597ebb577,ebb577,7,单,大
2026-08-08 22:51:21,85176549,000000000513b0e5484021bc77b6d8e2ccec21f2e3f4417711425a4a89831234,831234,4,双,小
2026-08-08 22:51:34,85176554,000000000513b0eafd852dc4e4789054c22be97e16d49e50c8e6900ca4690396,690396,6,双,大
2026-08-08 22:51:49,85176559,000000000513b0ef428a2202be6ce0e8a3aa834502ae2ec10dbdfa66d13a7e3d,3a7e3d,3,单,小
2026-08-08 22:52:05,85176564,000000000513b0f4616f172f0088e8997217513884bfd63d922fd87f66ddd313,ddd313,3,单,小
2026-08-08 22:52:18,85176569,000000000513b0f9a0e00f9059ab421ddb3cef2802c6c1c54a75dca980888de5,888de5,5,单,大
2026-08-08 22:52:32,85176574,000000000513b0fe64a06e59f21a9ffccdf6802cb8181da47694fcb9db55e4bb,55e4bb,4,双,小
2026-08-08 22:52:44,85176578,000000000513b102fa1fb3e643315cb7c44137cd021924c4e04384c3342c8bc3,2c8bc3,3,单,小
2026-08-08 22:52:58,85176582,000000000513b106129af09bb079b59f7eca2ae2bd311282e005988a52e93753,e93753,3,单,小
2026-08-08 22:53:12,85176587,000000000513b10b655f75f270b1e443b2ffae814afce4fd6e2d4afe141e9cef,1e9cef,9,单,大
2026-08-08 22:53:23,85176591,000000000513b10ff52303468d0af22d4f86f6a0f6d5ee45e97138e738d0aa99,d0aa99,9,单,大
2026-08-08 22:53:37,85176595,000000000513b11352ad690780b4c5fdbd983a547d19ea3d7b3709f902623e29,623e29,9,单,大
2026-08-08 22:53:51,85176599,000000000513b11757dce7b7bee1525716e5251d6189d535cd0ed95859f47ad0,f47ad0,0,双,小
2026-08-08 22:54:04,85176604,000000000513b11c8bd2c70409d2f8c7e656a84c3d9b72ac15134f352bcf0df3,cf0df3,3,单,小
2026-08-08 22:54:16,85176608,000000000513b120544dfd22c08b813919a9236f1c5d430ecd3d82718def06f7,ef06f7,7,单,大
2026-08-08 22:54:30,85176612,000000000513b124f70996cb26b4a163c905cfa3bd9db36098ec460a33e5f5c7,e5f5c7,7,单,大
2026-08-08 22:54:42,85176617,000000000513b129d92dfe06d4f7519e8a751015035e0b076275530cfda65251,a65251,1,单,小
2026-08-08 22:54:57,85176621,000000000513b12db7a31b56d60b5b66d4dd15171b318caef74844f01ab568d0,b568d0,0,双,小
2026-08-08 22:55:10,85176626,000000000513b132f1286d6f81b0369cbae656ddafadd7ce0f5119f937a4f6a3,a4f6a3,3,单,小
2026-08-08 22:55:23,85176631,000000000513b1376030fa568ba713e5c19f88453331b46ac0cfe6e96688159b,88159b,9,单,大
2026-08-08 22:55:34,85176634,000000000513b13a4b84db4e0b70ca9e30c3f437d4e4aaacd874621a735fa249,5fa249,9,单,大
2026-08-08 22:55:46,85176638,000000000513b13e194de9fc10278114da083b372720cd923a8f0395910289d3,0289d3,3,单,小
2026-08-08 22:55:58,85176642,000000000513b1420ce72884a465381b7c70821be4954b5179d1e8a69af9b2ef,f9b2ef,2,双,小
2026-08-08 22:56:11,85176646,000000000513b146210a46043e485c7e7f553da8785c7cf6efc0e77f38c6c0e8,c6c0e8,8,双,大
2026-08-08 22:56:25,85176651,000000000513b14b5247375385ceaf7ba160d4c210b5f8ffdbd004a24d703046,703046,6,双,大
2026-08-08 22:56:39,85176656,000000000513b1505fe2e0ef42ac32c7ea71e23184b7397cef87df4412eeed11,eeed11,1,单,小
2026-08-08 22:56:54,85176660,000000000513b154fed721df05ada47ce0faba0030a21b49a3e3fa62ac85bed7,85bed7,7,单,大
2026-08-08 22:57:10,85176665,000000000513b1593e895442179728b1f34b80db97d2cedb80792ecc6c416e66,416e66,6,双,大
2026-08-08 22:57:25,85176672,000000000513b16012c03ecf73d68fb6e6ab995a38320903ea537b57a72705e1,2705e1,1,单,小
2026-08-08 22:57:38,85176676,000000000513b1645976dfbc763e09d55a0f1f6d6022c97d6fd750eeaf422720,422720,0,双,小
2026-08-08 22:57:51,85176680,000000000513b1680221510c820994dd8c1dcec95a59d0dba8d8d78f4479f482,79f482,2,双,小
2026-08-08 22:58:04,85176685,000000000513b16d22d0ad6f1e615919dd968c2858e8f17a3d768cfc1264eeb0,64eeb0,0,双,小
2026-08-08 22:58:16,85176688,000000000513b170b813a81a6b4535db79fb8f2cad3e051dca7df9610e36b3d7,36b3d7,7,单,大
2026-08-08 22:58:29,85176693,000000000513b175d61cfb1a9c8dcfcdbcda1e79557e2e6ac9bc534b5e3a9b0c,3a9b0c,0,双,小
2026-08-08 22:58:42,85176697,000000000513b179c603572e9605ccc6ca527bb9546d4ef6a8be3b8aaf429b2d,429b2d,2,双,小
2026-08-08 22:58:55,85176701,000000000513b17d9ca02cac95d03d4b35368ccd40a817487476c393fdfd8f7e,fd8f7e,7,单,大
2026-08-08 22:59:09,85176706,000000000513b182e3e8fd4a6e044d5656fd2716947cc06e4a1072cfddc99a0f,c99a0f,0,双,小
2026-08-08 22:59:22,85176710,000000000513b1867f7d45bdb9c1f49cd9aa4931290f8bbbc9bfc09f2b33f133,33f133,3,单,小
2026-08-08 22:59:34,85176715,000000000513b18b6a83c56eddf3c5a731b8ae1e7926a5f2a4ddb7a299f0580c,f0580c,0,双,小
2026-08-08 22:59:47,85176718,000000000513b18e01b6378088e66fd03f7e4990d199847a1a3ce4bf711554cf,1554cf,4,双,小
2026-08-08 23:00:00,85176723,000000000513b193dd2993a36af83c9c1e14e8333fc1b94039b120b4065f41fc,5f41fc,1,单,小
2026-08-08 23:00:15,85176728,000000000513b198ed0f03d8ef1867766d66d03926f5e2bc73988598a57af02a,7af02a,2,双,小
2026-08-08 23:00:27,85176732,000000000513b19c3b7c474a6bdba7bb8ffd0439b2df10fa04371749b3c715cd,c715cd,5,单,大
2026-08-08 23:00:42,85176737,000000000513b1a1a62fe0ceb22fde70561241aee5b5a6b8e09b31a3d7825b73,825b73,3,单,小
2026-08-08 23:00:55,85176741,000000000513b1a5214536864591dc5893836cebeb0fc537029c31ddcdaca74f,aca74f,4,双,小
2026-08-08 23:01:09,85176745,000000000513b1a9d531fe59028aff2f4275dc0bbd765207134050e56668bae8,68bae8,8,双,大
2026-08-08 23:01:25,85176751,000000000513b1af1ff6ec35f9ae385965096d03cddb84478863dc85b4c1e7cc,c1e7cc,7,单,大
2026-08-08 23:01:39,85176756,000000000513b1b4d98ae900c9c137d9b980e1dd34c9e14da07ee4d6a6816285,816285,5,单,大
2026-08-08 23:01:53,85176761,000000000513b1b9276c18b4a2b4e370daca5aa1e976d3e9468b91eee94a652f,4a652f,2,双,小
2026-08-08 23:02:06,85176764,000000000513b1bc2f4a62bcc2f8f635b10d053d72aab9863c359759db6fcc2d,6fcc2d,2,双,小
2026-08-08 23:02:19,85176769,000000000513b1c11d9cfafed3764578067117241d87365231a39206b4e4cee9,e4cee9,9,单,大
2026-08-08 23:02:33,85176774,000000000513b1c6843e33e64fe41d4e5962d54c712e3c2595f89d609b676d7f,676d7f,7,单,大
2026-08-08 23:02:45,85176778,000000000513b1ca4bf96354592f68860ddcef87c1b7549df2dbffad8ffd1763,fd1763,3,单,小
2026-08-08 23:02:56,85176782,000000000513b1ce64ee0edf8c84ca3a4d52f4f7cd9167fbc9d7d8ab414b279f,4b279f,9,单,大
2026-08-08 23:03:09,85176786,000000000513b1d282f3dcd7bb24ab91ab4c71f5ad624701b5d78a6e9659ef29,59ef29,9,单,大
2026-08-08 23:03:22,85176790,000000000513b1d61fa0d1ffd879c1f8f71ab48883b118f60843431311ed8280,ed8280,0,双,小
2026-08-08 23:03:35,85176795,000000000513b1dbaf9ae2fd4e047a5232bd390f2bfb9a4f5269c28f58dba091,dba091,1,单,小
2026-08-08 23:03:46,85176798,000000000513b1de6d556de7b0761a24282e6dff9ca17f295c5d9d84de49b044,49b044,4,双,小
2026-08-08 23:03:59,85176802,000000000513b1e2c2e4b61c9726ed16e146d80ddd081272f159e7b906e62a7c,e62a7c,7,单,大
2026-08-08 23:04:10,85176806,000000000513b1e6c9e1ef74d6044f5e703449a6321ed4526d52ddbd78542cd0,542cd0,0,双,小
2026-08-08 23:04:23,85176810,000000000513b1ea3837447d341c31629b19fd9efc83723433fac4122271c9e3,71c9e3,3,单,小
2026-08-08 23:04:36,85176815,000000000513b1efa8cab372276e65fb8903fc7a806740cc558272468d8f6caf,8f6caf,6,双,大
2026-08-08 23:04:48,85176819,000000000513b1f3be87b7a7d9b96109ba4a3b7157ff6f5c923bd486ec0f4a15,0f4a15,5,单,大
2026-08-08 23:05:01,85176823,000000000513b1f72132b80576d57f63ae43b6da9e39d7c269e82be8fd1fdc9f,1fdc9f,9,单,大
2026-08-08 23:05:16,85176828,000000000513b1fcf654076899e32f050d8e534401d6dfe19f03d0aad350c45f,50c45f,5,单,大
2026-08-08 23:05:28,85176832,000000000513b20063e043bf9ecc1074518ba8609ee762c070741802a5d2f944,d2f944,4,双,小
2026-08-08 23:05:40,85176837,000000000513b205c0a1f2d9332cf643da72683f693956bb2488bea91d9d5c0c,9d5c0c,0,双,小
2026-08-08 23:05:51,85176839,000000000513b207917043e138502d2d43e710eb2e1092d3e6d3a89563dd92fe,dd92fe,2,双,小
2026-08-08 23:06:03,85176844,000000000513b20ca074eed0fb73d3ce5247f14a48cf416aefe574b1eee9ce2e,e9ce2e,2,双,小
2026-08-08 23:06:15,85176848,000000000513b2104409b535ded1276ee61f08db40b71a9cfb62f50d6f0e4c08,0e4c08,8,双,大
2026-08-08 23:06:27,85176852,000000000513b2142332c2406e03630fc8ec6fae162bb2c740145447f2151f0b,151f0b,0,双,小
2026-08-08 23:06:39,85176856,000000000513b21828152d0d12913ebb37f2e04f71934ceb48430fbea35f9056,5f9056,6,双,大
2026-08-08 23:06:52,85176859,000000000513b21b098f034d4b3836600ae74281e09846171abd361525dd63e1,dd63e1,1,单,小
2026-08-08 23:07:05,85176864,000000000513b2209766f8582ad198e97c510dd0b90e6de407e8db68a9289445,289445,5,单,大
2026-08-08 23:07:17,85176868,000000000513b22482c40bab11d87a37b58d3ecc22710f08ffc93d54ac97d418,97d418,8,双,大
2026-08-08 23:07:30,85176873,000000000513b2293c6303a64e0b2caa9d073cbb5ad14aaf25ae8eef59c9b78e,c9b78e,8,双,大
2026-08-08 23:07:41,85176876,000000000513b22cf27bfa7868759776a04cdff861889dab265973a58473a9ad,73a9ad,9,单,大
2026-08-08 23:07:56,85176881,000000000513b231bd7071b1b7ed85c2ac8dc3bec6a6bb5d82e82e66ffbf80d3,bf80d3,3,单,小
2026-08-08 23:08:09,85176886,000000000513b2361f95e516702b88ebcf72b0c1a052a0d262c4058c0daf9ec9,af9ec9,9,单,大
2026-08-08 23:08:28,85176891,000000000513b23b14b7632a425ec8f26e05b6e657be932d79324cec3d12df19,12df19,9,单,大
2026-08-08 23:08:42,85176897,000000000513b2411bc2b228a08bc68696c2d5a7925a24b7d11bcafd8792a50d,92a50d,0,双,小
2026-08-08 23:08:57,85176901,000000000513b245a885398d2070787bfa96a254314d4ce0ae5fc38fd4a1e965,a1e965,5,单,大
2026-08-08 23:09:12,85176906,000000000513b24af2f53051515ed54a16c2859130b65975e7bfe9153819f524,19f524,4,双,小
2026-08-08 23:09:29,85176912,000000000513b250652ec3a0ff3fa07a83a2d1d3876c8d158f5ca1c931663ff8,663ff8,8,双,大
2026-08-08 23:09:43,85176917,000000000513b255a4395ff437b49035c63b1ab204e18c6bde7902f23f41f4e3,41f4e3,3,单,小
2026-08-08 23:10:04,85176923,000000000513b25bcce825d23cf716ef3b6f963c61619545522506f9c5f76aad,f76aad,6,双,大
2026-08-08 23:10:19,85176929,000000000513b26136faae119e1305a0d9bf57a8bf90f5122262f0a36bc044d8,c044d8,8,双,大
2026-08-08 23:10:36,85176935,000000000513b267541657ed99dc57eba235542a751b652653b4b8b08ef3d993,f3d993,3,单,小
2026-08-08 23:10:49,85176939,000000000513b26bbe8366732cf14a7b7141ccaf9a72cf2f112671059a9a5602,9a5602,2,双,小
2026-08-08 23:11:03,85176944,000000000513b2706ca32dd56db5684c841c6e4a3524af86e8363e956d3fc62b,3fc62b,2,双,小
2026-08-08 23:11:19,85176949,000000000513b2756b5ec19ae748b7a0c88b6afa34b49a1577b09f695a1ea946,1ea946,6,双,大
2026-08-08 23:11:33,85176953,000000000513b279d23e42d5ac4aeac00c673defc8b5544977ea15fb0cf29459,f29459,9,单,大
2026-08-08 23:11:47,85176958,000000000513b27e6b0f691eb297a8106782a728ddf91b16ed24b7a9414eaa3e,4eaa3e,3,单,小
2026-08-08 23:12:01,85176963,000000000513b28300bf11d3f1ee59cd83ba802b84dd11563a3dd6e6bba4322d,a4322d,2,双,小
2026-08-08 23:12:13,85176967,000000000513b287081dc42cfbeba8ae022a78f785c4a4e5192593e1114b95a5,4b95a5,5,单,大
2026-08-08 23:12:27,85176972,000000000513b28cee6f66424b8d4ff23aa5fc1853f4e115af900ba7e6c89f97,c89f97,7,单,大
2026-08-08 23:12:41,85176976,000000000513b290c62b9372a6f5a138c4920cfca9a7ae61d3dcdd03c688a742,88a742,2,双,小
2026-08-08 23:12:57,85176981,000000000513b2959030a5eb20ac2d6480ff19ec985bb80ff0ca2cf719540eaa,540eaa,0,双,小
2026-08-08 23:13:10,85176986,000000000513b29a7ee37be8a3d5868529dbe02d3b1deee2fb50ff6841beb24d,beb24d,4,双,小
2026-08-08 23:13:23,85176990,000000000513b29eb4e3a5d2f1748cf28bdb1cc61c78e05022224bdc18b52cb5,b52cb5,5,单,大
2026-08-08 23:13:36,85176995,000000000513b2a3909906e9d215f2da77af460c8f6afc49847346ee59a1d512,a1d512,2,双,小
2026-08-08 23:13:49,85176999,000000000513b2a73d4b97a43209c13def9e0eb935b62994773fddadd2b0261b,b0261b,1,单,小
2026-08-08 23:14:03,85177003,000000000513b2abf727cf88e3e7c53498d1ed620b946dea3c9fb78e0a909377,909377,7,单,大
2026-08-08 23:14:17,85177008,000000000513b2b0491041d3935af64695751bee428d25109ba6a1b9a9808f43,808f43,3,单,小
2026-08-08 23:14:31,85177013,000000000513b2b5201036cb9f3c62e793feaac56e5bb31d95696d03ec519b1c,519b1c,1,单,小
2026-08-08 23:14:43,85177018,000000000513b2bad7167ba7ce8633ed990c80f480049925639de989b6062ae5,062ae5,5,单,大
2026-08-08 23:14:56,85177021,000000000513b2bddd8ea5583fa36075baf5aa4fa127b820ad208e66f8057e4f,057e4f,4,双,小
2026-08-08 23:15:09,85177026,000000000513b2c2fd3a8a63a2cd683ba442cb11cfd4835f89a44e49d9d2de7f,d2de7f,7,单,大
2026-08-08 23:15:22,85177029,000000000513b2c516fa4af78871b539bd83f63d5c757670f864c248fca0da34,a0da34,4,双,小
2026-08-08 23:15:34,85177034,000000000513b2ca823f7d59ba72a391541907fa1669cc42c520ec609593706b,93706b,6,双,大
2026-08-08 23:15:45,85177038,000000000513b2ce2fd946a5b19ed9ce336dba9979567ac77dead9cb11138096,138096,6,双,大
2026-08-08 23:15:59,85177043,000000000513b2d3be01b5c9a548af263eda448e9599b7d4b56f099f41700c97,700c97,7,单,大
2026-08-08 23:16:12,85177047,000000000513b2d7eb5b001c4449bbb561da206aea3612a80d76512a1ae3549d,e3549d,9,单,大
2026-08-08 23:16:24,85177051,000000000513b2db5e5e27f6a2369fd3ff492512ee4f5d64e21692a5b38a6113,8a6113,3,单,小
2026-08-08 23:16:36,85177054,000000000513b2de5fbddf224632c5874f84f5ef5e48eecb8c1107a630cf1492,cf1492,2,双,小
2026-08-08 23:16:49,85177059,000000000513b2e34973319f186882407af8ab448a2ff376edb3e2d6d4b317f7,b317f7,7,单,大
2026-08-08 23:17:01,85177063,000000000513b2e7cb1bc7f958f49aae17e34ae4886607c654996f8709ffdc77,ffdc77,7,单,大
2026-08-08 23:17:12,85177067,000000000513b2eb9ac8a67248fc0c6f09c83a08c47953529044232c4de69f46,e69f46,6,双,大
2026-08-08 23:17:24,85177070,000000000513b2ee85c1713d68114f1a83e0059bfa9c90f6b5db05c587178288,178288,8,双,大
2026-08-08 23:17:36,85177075,000000000513b2f3475e0ad5a67a357ec6c3c92f3289eccf1f0cab8bb799cc5f,99cc5f,5,单,大
2026-08-08 23:17:48,85177079,000000000513b2f79e8141fb3dc0e6bb6b70f2104e0149eb27839847eb470e73,470e73,3,单,小
2026-08-08 23:18:00,85177083,000000000513b2fbda0e93890075c3ffd77dc1c5455bfc8f821d9d4355123413,123413,3,单,小
2026-08-08 23:18:11,85177086,000000000513b2fe202de48952a7ff7dfe9adefaa80ac761cac99b9533047e83,047e83,3,单,小
2026-08-08 23:18:22,85177090,000000000513b302a10b2dc90defcad86fe44034be094571b5439141a4caef56,caef56,6,双,大
2026-08-08 23:18:33,85177094,000000000513b306f2f59aa1a1136b8c308fb001c7c84548bf99ca088f7e4695,7e4695,5,单,大
2026-08-08 23:18:44,85177098,000000000513b30aefdaecba22fbe6c7152347016c83e03879b653f52b1103ed,1103ed,3,单,小
2026-08-08 23:18:56,85177101,000000000513b30d78791cab70d622cfd0bb2cde98a79dfb426eed18fb53361d,53361d,1,单,小
2026-08-08 23:19:06,85177105,000000000513b311877220d1d6ba772948d02dbdf8f382c851ddeac9f4496072,496072,2,双,小
2026-08-08 23:19:17,85177108,000000000513b314182aa8b7df884e21cf52366912e868d475b23d22a35fd929,5fd929,9,单,大
2026-08-08 23:19:28,85177112,000000000513b3188ad793a91444f61fda490a2d01266f82b6082055178b8ef8,8b8ef8,8,双,大
2026-08-08 23:19:39,85177116,000000000513b31c24a9d92a8f2087e8e857e785ba025d5fb20a0ce8f2a5b1db,a5b1db,1,单,小
2026-08-08 23:19:49,85177119,000000000513b31f596a13f3521ce09075ccc8873dab099e428271c739b7940a,b7940a,0,双,小
2026-08-08 23:20:01,85177123,000000000513b3239285eacb0ca5400ee38a3400162ee1e45a18cfe8a64e6f12,4e6f12,2,双,小
2026-08-08 23:20:13,85177127,000000000513b3276833dd620f1f9b50a5d13cb84e5e668424e095c5f4fdfcae,fdfcae,4,双,小
2026-08-08 23:20:24,85177131,000000000513b32be9f5ff46549922f5f5d11ed94b7f5974c2e06baa1ce43c96,e43c96,6,双,大
2026-08-08 23:20:36,85177135,000000000513b32fce86e47fbb47863f486211c63fac8804c3b5dfc5f0f8339c,f8339c,9,单,大
2026-08-08 23:20:46,85177138,000000000513b332cf799d3556de18a58cac2265a30570eb62bce1e9bb98c36d,98c36d,6,双,大
2026-08-08 23:20:58,85177142,000000000513b3364db46d9d61b969126404ea3636c485fc5df0d5b9bfc49a80,c49a80,0,双,小
2026-08-08 23:21:10,85177146,000000000513b33a5bd3f096c7c82e18093bcf6d9d3d83320ea004bcb3d26d9c,d26d9c,9,单,大
2026-08-08 23:21:21,85177150,000000000513b33ee9b084fac4a9154a6f049528a7bc38c957b2188414cdff3c,cdff3c,3,单,小
2026-08-08 23:21:33,85177154,000000000513b342fee55df24b1399ec3c554d2146b0429beeb90b5b73936ceb,936ceb,6,双,大
2026-08-08 23:21:44,85177158,000000000513b346fd0dabdd58df07d6240e80a951beaf979c2a5cdebd562813,562813,3,单,小
2026-08-08 23:21:55,85177161,000000000513b3498e96238b901fc5100fed202ea224bc884486572e8e2a75b5,2a75b5,5,单,大
2026-08-08 23:22:07,85177165,000000000513b34d2c8cedd7e8c9ef5f72c93fd1c13d8ebbd951e27dd13ac518,3ac518,8,双,大
2026-08-08 23:22:19,85177169,000000000513b351bc215ba75c40adb13131d85ac0dfc517ffd3cac2d24316fc,4316fc,6,双,大
2026-08-08 23:22:31,85177173,000000000513b3555db7d7ee64e5872b80cbd9b36ef1998c99843e7b70cd518b,cd518b,8,双,大
2026-08-08 23:22:42,85177177,000000000513b359ada949767fea0c439e7b11364ac5e1e3e109de417c0e3b13,0e3b13,3,单,小
2026-08-08 23:22:54,85177180,000000000513b35c5464ed0b255df6e95539df2b7e240b31615690f1301c16ee,1c16ee,6,双,大
2026-08-08 23:23:06,85177185,000000000513b361ffc7120a159fd693ac96f825287d14ae85bca0096d942216,942216,6,双,大
2026-08-08 23:23:19,85177189,000000000513b36521c65e003da09cc1a41e137a991c4ee0f5d66cd719d6311a,d6311a,1,单,小
2026-08-08 23:23:31,85177193,000000000513b3691152b5d99b1494ac9c4e894c99cdc7a8d7c8fcef4326132b,26132b,2,双,小
2026-08-08 23:23:42,85177197,000000000513b36d5da3a75486ad832d6f68f769257dd7a844cc6871fa19a5f2,19a5f2,2,双,小
2026-08-08 23:23:54,85177201,000000000513b3710cfb358bcfe188c86402b5e50b926aa5d698c60bbf518977,518977,7,单,大
2026-08-08 23:24:06,85177205,000000000513b375d18ec82092485b38f5a5da04148de49f16f5fedcb3978aef,978aef,8,双,大
2026-08-08 23:24:19,85177210,000000000513b37a77f31c576a3ef607e1c24e6a2490b23dab0bdae0df43138d,43138d,8,双,大
2026-08-08 23:24:30,85177213,000000000513b37d7acee0f6937858f471373e636f1be2ec5dd50674ee9ef131,9ef131,1,单,小
2026-08-08 23:24:42,85177217,000000000513b38127afd2d445249d230bcb84d468c7c70c6f523d8dcf25624c,25624c,4,双,小
2026-08-08 23:24:53,85177221,000000000513b385b047360f53204ac478276922b4237460f38b249be30f5cfd,0f5cfd,5,单,大
2026-08-08 23:25:05,85177224,000000000513b3888d1858b04ea02caba76adf188d5de49fab069059bd4feeb1,4feeb1,1,单,小
2026-08-08 23:25:16,85177228,000000000513b38c2c7db6f82c036c313de5b533351a9518f2ce2090efc7e280,c7e280,0,双,小
2026-08-08 23:25:27,85177232,000000000513b390598629d60760abfcb241d606cb7802dcbfbe09359f3a7b92,3a7b92,2,双,小
2026-08-08 23:25:39,85177236,000000000513b394ec430193e9aa8b8536ec6cf0bbda0348a2801cec632b9068,2b9068,8,双,大
2026-08-08 23:25:50,85177240,000000000513b3980a57dc60f12de7617f16e87312705ed569539bd7bc9e9814,9e9814,4,双,小
2026-08-08 23:26:00,85177243,000000000513b39b285e80680990be6beabf62f4825cf9ff7f76798942e387f0,e387f0,0,双,小
2026-08-08 23:26:12,85177247,000000000513b39f8b9329c343ea19744ba0ad84119086855322f1c91620dd3c,20dd3c,3,单,小
2026-08-08 23:26:23,85177250,000000000513b3a28d651b2e55d656cbe89cc07f38520e26eca45d98ab826ce3,826ce3,3,单,小
2026-08-08 23:26:35,85177254,000000000513b3a6151245f13fa107eadf2eecc29454cd878434f45e042e31ed,2e31ed,1,单,小
2026-08-08 23:26:47,85177258,000000000513b3aaa7a469d525dbc10abb33160e732a65016416330e0ebf727f,bf727f,7,单,大
2026-08-08 23:26:59,85177262,000000000513b3ae1eb00199f59b4761c2aa99a46e32c75b842de92460c8588a,c8588a,8,双,大
2026-08-08 23:27:11,85177267,000000000513b3b38537783680996d5a24bcb5b743dec49280be6f17e5e53dd5,e53dd5,5,单,大
2026-08-08 23:27:23,85177270,000000000513b3b66bcc2ab9f8cbb0c2f2ed56922ff9b5a6518f4a835dd49502,d49502,2,双,小
2026-08-08 23:27:34,85177274,000000000513b3ba5d48d4812a399066b9c44ac527dc6e8e8c176a24cf35b7bf,35b7bf,7,单,大
2026-08-08 23:27:46,85177278,000000000513b3be1791205fa40c497704f2190acaaff38ca49db7dc5be7c3c9,e7c3c9,9,单,大
2026-08-08 23:27:59,85177282,000000000513b3c2f998337510fa8a9f594da8e0e40459c91aedfd3da32ecaf9,2ecaf9,9,单,大
2026-08-08 23:28:14,85177287,000000000513b3c780f6ac70939ed9f73e43f5ddfb924aad7f295e6ed15ad45f,5ad45f,5,单,大
2026-08-08 23:28:27,85177292,000000000513b3cc0ae1e1a58c80bcd5154fa23c2001394267e8bd71a0cb1e21,cb1e21,1,单,小
2026-08-08 23:28:38,85177296,000000000513b3d0c801288f191c5bddc8cbf32f7a8866b9e4f7825fdb2a2620,2a2620,0,双,小
2026-08-08 23:28:51,85177301,000000000513b3d57d82ef3a448c80c26b3a224771971f62405d4d8078eac750,eac750,0,双,小
2026-08-08 23:29:03,85177303,000000000513b3d7af9cd9ff52317e059e30322d2f1d1f1a9b29c9a1cde390f0,e390f0,0,双,小
2026-08-08 23:29:14,85177308,000000000513b3dcc4114af98b1410dcc98be4202cb7735ed0183336c702a19c,02a19c,9,单,大
2026-08-08 23:29:25,85177311,000000000513b3dfd5f804f080552f4567b1019fb8b77ece2ce30988aec46b04,c46b04,4,双,小
2026-08-08 23:29:36,85177315,000000000513b3e36051f1238aa7a5803b6ba6617775ef5d1753d8d51499f0ca,99f0ca,0,双,小
2026-08-08 23:29:46,85177318,000000000513b3e6df238b799ee05410becc00a8a5507d0fb2674b0263fec598,fec598,8,双,大
2026-08-08 23:29:57,85177322,000000000513b3ea239e87c99bcf253e512d0b19f0c2867a102b776d464b6495,4b6495,5,单,大
2026-08-08 23:30:09,85177326,000000000513b3eea5a1524e08a9cf005c104a8519ae4b0d5b12ada63c9d8dbe,9d8dbe,8,双,大
2026-08-08 23:30:20,85177329,000000000513b3f168b639c8781c6453bb18c7eb60b6abdf3b6b1bc45d363600,363600,0,双,小
2026-08-08 23:30:31,85177333,000000000513b3f5514b96f987c7bc2aac514a83c793ab0d967d52404ad0bf3f,d0bf3f,3,单,小
2026-08-08 23:30:42,85177337,000000000513b3f9fcfd768610cb52427a725548a0fcd867a2bb68d328c2d23d,c2d23d,3,单,小
2026-08-08 23:30:53,85177340,000000000513b3fcf81b9647f612e61137f9800403f47fefb538f7719754afb6,54afb6,6,双,大
2026-08-08 23:31:04,85177344,000000000513b4002fc59eef44ac42413573599c46192b84202ee5e09448ba9f,48ba9f,9,单,大
2026-08-08 23:31:17,85177348,000000000513b4044ba3e9fa34fc1251155f0b8f12ee79cf21979bf26d20d20b,20d20b,0,双,小
2026-08-08 23:31:30,85177352,000000000513b408f2bb1b6990571b24939493336eb14421f1f5d38546addf68,addf68,8,双,大
2026-08-08 23:31:41,85177357,000000000513b40da40f8dc069cd67899d2bcb490688c924248ebaf254d323ab,d323ab,3,单,小
2026-08-08 23:31:54,85177360,000000000513b410e51195279d77ba46bf111d55c45f10d58bd878e2f4dc20a9,dc20a9,9,单,大
2026-08-08 23:32:05,85177364,000000000513b41403991b2e9eaa62422f00f4bc60c718b4ac57648858a55bd9,a55bd9,9,单,大
2026-08-08 23:32:21,85177370,000000000513b41a5cf4775f483d8fb753b15bca459403beba74d3e895fcf0e9,fcf0e9,9,单,大
2026-08-08 23:32:34,85177375,000000000513b41f2bfcae4d4e4261420d1472b93cce90b2a365b0e5a82e8b8e,2e8b8e,8,双,大
2026-08-08 23:32:47,85177378,000000000513b422d0504c758e70645566120d1845ff0bc1469b4511ce93be8d,93be8d,8,双,大
2026-08-08 23:32:58,85177382,000000000513b4264857596254587959e8c07d927640859257c3ba3f0d3522e7,3522e7,7,单,大
2026-08-08 23:33:09,85177386,000000000513b42a2db9273ad6b5d7ba4a51f13875a74c4a3ee76bad43701458,701458,8,双,大
2026-08-08 23:33:21,85177389,000000000513b42d3b3ce97a9bf5bf6da5c894f16fa07aad0b6baf78aa528c88,528c88,8,双,大
2026-08-08 23:33:32,85177393,000000000513b4311fb5cf4289a198569857b447afb969174987a28418a7a651,a7a651,1,单,小
2026-08-08 23:33:44,85177397,000000000513b43561957fe26c8333e685e7bdbb789887f570d391de4b3337c7,3337c7,7,单,大
2026-08-08 23:33:55,85177402,000000000513b43a171623e892a4db1abe20a83849e893dcaf893b89a2395d90,395d90,0,双,小
2026-08-08 23:34:07,85177405,000000000513b43d134a540cbe322639d74314d45d48822f84574859147613b1,7613b1,1,单,小
2026-08-08 23:34:18,85177409,000000000513b44112c1b2394b989a80a7d3d2c977a5e59333d1360426864a48,864a48,8,双,大
2026-08-08 23:34:30,85177413,000000000513b445b2dc9e25f30ccad13ce564f294c6cf6a15cfd4d6a5764925,764925,5,单,大
2026-08-08 23:34:42,85177417,000000000513b4499fa58610fc0c9e077f20f6c3d6d7366f6800076c343accf9,3accf9,9,单,大
2026-08-08 23:34:55,85177421,000000000513b44dfc31546159f3e6d7bd3b5cca82dd00d5fbcc67723951d843,51d843,3,单,小
2026-08-08 23:35:07,85177425,000000000513b45188442ec1aac250a8b89f12cf6de6216e655603aa30958bba,958bba,8,双,大
2026-08-08 23:35:19,85177429,000000000513b455795041a07e3deb9d0975aad778d1b8cfab94071cd0d14d38,d14d38,8,双,大
2026-08-08 23:35:31,85177433,000000000513b4591465bc7884be10c9b2ac8427671a24b5f66a84e311b866a0,b866a0,0,双,小
2026-08-08 23:35:43,85177437,000000000513b45dbd98ccf625b236532e9c60801a672c89fce90ad565234666,234666,6,双,大
2026-08-08 23:35:55,85177441,000000000513b4619861006708bdefcac2a63f5a48ff98ada6c9cf0919ef3b14,ef3b14,4,双,小
2026-08-08 23:36:06,85177445,000000000513b465106be2958b1a47d92eb827a356b456a527abd673a185597c,85597c,7,单,大
2026-08-08 23:36:17,85177448,000000000513b46882bd2ce9f897cfc77ef450793194abfe2f60370c26775525,775525,5,单,大
2026-08-08 23:36:28,85177452,000000000513b46c33286b411e086241e4ec96592f42e65167e68980c4424594,424594,4,双,小
2026-08-08 23:36:39,85177456,000000000513b470a2f108a65462441cce7bc120b9895f6c02c8c90663ca1b05,ca1b05,5,单,大
2026-08-08 23:36:51,85177459,000000000513b473d901bdf3e14af4a98ed76b3c680bf67c659e5e5c34ddc31c,ddc31c,1,单,小
2026-08-08 23:37:03,85177464,000000000513b4781f1dc540f231987161f1683d9dae6e5ab7e0d069af001d81,001d81,1,单,小
2026-08-08 23:37:14,85177468,000000000513b47ce808dc8afe5fe3b8807b25bcc6d0a6eed5c2d51aceb17cca,b17cca,7,单,大
2026-08-08 23:37:25,85177471,000000000513b47fe866c719a4ddff0e0ca007eb52783a70e59ee68def5fc0b2,5fc0b2,2,双,小
2026-08-08 23:37:38,85177476,000000000513b4848d4899068eb4fe61a0f855dd82170e4f6488077324e44a53,e44a53,3,单,小
2026-08-08 23:37:48,85177479,000000000513b4877ae28d181d4e62239e05a52aa961fd45bd661f12ff7a4c27,7a4c27,7,单,大
2026-08-08 23:37:59,85177483,000000000513b48b11e33f0d1e2e67433aee9761086f94ab600a02c846524b0d,524b0d,0,双,小
2026-08-08 23:38:14,85177487,000000000513b48f27ef7b337a775c3b0f4255779f2624e4b053c85eb76b7876,6b7876,6,双,大
2026-08-08 23:38:25,85177491,000000000513b4930819589d824531bf60cb5a38e24f93cfa2078bdd0cba9b30,ba9b30,0,双,小
2026-08-08 23:38:36,85177495,000000000513b4977f5293413bc494e50641d25417b93cc881eab1cc0780dc23,80dc23,3,单,小
2026-08-08 23:38:48,85177499,000000000513b49ba44ead641d53c14dca8d0aa916bc30672ef6946d26493a1f,493a1f,1,单,小
2026-08-08 23:38:59,85177502,000000000513b49e60726307e6ee1f104d4c662cb526b853f6772abb94e5dbdf,e5dbdf,5,单,大
2026-08-08 23:39:11,85177506,000000000513b4a2605f93d9c1d9344549a175d46bbf4ecc20359b48c1d8de38,d8de38,8,双,大
2026-08-08 23:39:22,85177511,000000000513b4a74ded5f34f4c82fede480bf76e7692aa035fd24594e14df1e,14df1e,1,单,小
2026-08-08 23:39:34,85177514,000000000513b4aa5ba326c3e36f8550d94c37a2405cf9ea763bc1df8ba8badd,a8badd,8,双,大
2026-08-08 23:39:46,85177518,000000000513b4ae5877539484d486f3d23c22f57a9ef9ef4de63a29e571da7c,71da7c,7,单,大
2026-08-08 23:39:58,85177522,000000000513b4b2f7230b3a3982ab209f59342aa7e3fb72c9b3df304188d338,88d338,8,双,大
2026-08-08 23:40:09,85177526,000000000513b4b657961dc88393541537e0922d24b5befcc3fda4a41938806e,38806e,6,双,大
2026-08-08 23:40:20,85177530,000000000513b4ba6aa5855788350172c03cac3d4fc07e39c12385fbbe14652b,14652b,2,双,小
2026-08-08 23:40:31,85177534,000000000513b4bea8588ea041841ac02fd59f6658a3b77e948959371332ab31,32ab31,1,单,小
2026-08-08 23:40:43,85177537,000000000513b4c176d590b5993bbfd441d60f1ba5f12b653df9e9d035febb8e,febb8e,8,双,大
2026-08-08 23:40:55,85177541,000000000513b4c52e24342df031ebb289065011f470dbec64e621e7041deba0,1deba0,0,双,小
2026-08-08 23:41:05,85177545,000000000513b4c9a6b53ce7a910cf0f08cb2a8006024df017009f43acf0d48d,f0d48d,8,双,大
2026-08-08 23:41:17,85177548,000000000513b4cc2c6411650a7b0271ee9c46d8a5735e53988d7e245426db15,26db15,5,单,大
2026-08-08 23:41:29,85177553,000000000513b4d1f599ef03580c38315c2c3b0e8ce94216b5e4713dc86d2907,6d2907,7,单,大
2026-08-08 23:41:42,85177557,000000000513b4d58feff5a86f9bd24e66e3d2e642c46395b4e75a94b35943ad,5943ad,3,单,小
2026-08-08 23:41:54,85177561,000000000513b4d90c75bbac57ce9f2257a3f287189b637ab1050c9b005ad81f,5ad81f,1,单,小
2026-08-08 23:42:06,85177564,000000000513b4dc48d6d81027b199098c9ec4157b72591fa9d4af2c93d3a98f,d3a98f,8,双,大
2026-08-08 23:42:18,85177569,000000000513b4e1c5d112de2f4c11ce42d3a21a503d149bd5319e62ec5ee4ab,5ee4ab,4,双,小
2026-08-08 23:42:30,85177573,000000000513b4e531dd7dc364dc12e22e38f42bf0e010594c29dc91c94e434f,4e434f,4,双,小
2026-08-08 23:42:41,85177576,000000000513b4e8a66191de4274f7a342377f5125a327d78201fd9bd82bac84,2bac84,4,双,小
2026-08-08 23:42:53,85177580,000000000513b4ec3e9127d7979e357c63a3fa79dad5bb4e4e9c1bce0d3cd2c1,3cd2c1,1,单,小
2026-08-08 23:43:07,85177585,000000000513b4f1155afe7381e48a2ead3d4cebff95b83c5f0589c8e37c3bfc,7c3bfc,3,单,小
2026-08-08 23:43:19,85177589,000000000513b4f503e15e4ede9907299f993da5abd11ed5352c280f4b9f3e6e,9f3e6e,6,双,大
2026-08-08 23:43:34,85177594,000000000513b4faa97c973ccb408f763e65d0c63a3a2fc4f3b1c53be124f2ab,24f2ab,2,双,小
2026-08-08 23:43:46,85177598,000000000513b4fe565068602c89435b5f46e655fb0aa9ade16f4b194e3e4016,3e4016,6,双,大
2026-08-08 23:43:59,85177602,000000000513b502f02b115dd159346c9075cb8d2a0b9b6b726ca82d077adc49,7adc49,9,单,大
2026-08-08 23:44:11,85177606,000000000513b5065a818055ebe419befef015b7442cc815a1c99709d09047cd,9047cd,7,单,大
2026-08-08 23:44:23,85177610,000000000513b50a0eadd90a0555558b2c3ac763d90d5c0d6093a6dc7d0d0b41,0d0b41,1,单,小
2026-08-08 23:44:37,85177616,000000000513b5104f4c4e03ded168a20c24ea543f430ae7ed0d123206e92ea7,e92ea7,7,单,大
2026-08-08 23:44:50,85177620,000000000513b51461340ea0e02d380fe20ee93cabd0b45d14eaa48ba157a364,57a364,4,双,小
2026-08-08 23:45:03,85177623,000000000513b51790d9283ca594f593501f4694e80402fd990de1a8ea43a81e,43a81e,1,单,小
2026-08-08 23:45:15,85177627,000000000513b51b4bde45bce460a2a3ea67cb94521f18f08774852d2ef8aa13,f8aa13,3,单,小
2026-08-08 23:45:27,85177632,000000000513b5204f9ebcb3c4102d3a64cad6c774786e7cc0e1b2ca21fbd6a5,fbd6a5,5,单,大
2026-08-08 23:45:39,85177636,000000000513b524d7e7fcc3828f810f3d56a3a9d36332c061d5f2639eea0497,ea0497,7,单,大
2026-08-08 23:45:54,85177640,000000000513b5284d7b4200e2cc34434cd53f35018983c80e8adabbbd2f9125,2f9125,5,单,大
2026-08-08 23:46:05,85177645,000000000513b52d3a0c866013c03cf9d1aac567049f1352d3ac69896ee45df0,e45df0,0,双,小
2026-08-08 23:46:17,85177648,000000000513b530c7f15d2719551e4f85085b5a3ca149bbf46708db89588627,588627,7,单,大
2026-08-08 23:46:29,85177653,000000000513b535499931b12599fd439bcdd3e6147df6026713e570b5bae4ce,bae4ce,4,双,小
2026-08-08 23:46:41,85177656,000000000513b53839933b252befed912b483de3a4f628cddd5187fc0de64fbe,e64fbe,4,双,小
2026-08-08 23:46:52,85177660,000000000513b53c3cdcc1f70c0b163bbc0b1a964954d72f78c1c47eb1e8c791,e8c791,1,单,小
2026-08-08 23:47:03,85177664,000000000513b54030b233ef8f88e9aaa3448f48ea4d930dcab6ace558e92822,e92822,2,双,小
2026-08-08 23:47:15,85177668,000000000513b5449bb4e5bebd3c6664a9e3da9cd38e202385042abe8f8c11b1,8c11b1,1,单,小
2026-08-08 23:47:27,85177672,000000000513b54826c1afa1b90dd414812d54cfe3df19082e6f10d0b22a0fa0,2a0fa0,0,双,小
2026-08-08 23:47:39,85177676,000000000513b54c233bf37ddabfb9e65919f4b09157042f0b6d0e27d0513939,513939,9,单,大
2026-08-08 23:47:51,85177680,000000000513b5508ae7bd4b4d25f64c99c703e858b55f30fefa412a22be0a02,be0a02,2,双,小
2026-08-08 23:48:02,85177683,000000000513b55307cec11bd866009ef05abafca4558b2e52d320b4cf108723,108723,3,单,小
2026-08-08 23:48:13,85177687,000000000513b557ce6107c909239724e51c974b3e5bd1f54f4e8f8ec7983adc,983adc,3,单,小
2026-08-08 23:48:23,85177690,000000000513b55aaa348acbcda47142e79e3bf86aa90fdabbb4c4b7fe5efbac,5efbac,5,单,大
2026-08-08 23:48:35,85177694,000000000513b55e72498642e8b583613f33a5bc4a752094216d452e640f15d7,0f15d7,7,单,大
2026-08-08 23:48:46,85177698,000000000513b562cd0c20d211863583c0943fe6176964a2b0cb1732ceb88f4e,b88f4e,4,双,小
2026-08-08 23:48:56,85177702,000000000513b56618067d0957bfe6fc74ae39e8b97303de6e680b540163d3bc,63d3bc,3,单,小
2026-08-08 23:49:09,85177706,000000000513b56a3e51dda54b46993df888368acf33667be0d9763af74af086,4af086,6,双,大
2026-08-08 23:49:21,85177710,000000000513b56e84fee6340ad3ba2c3674c5a01f24280d8de8040be0295a8e,295a8e,8,双,大
2026-08-08 23:49:32,85177714,000000000513b57219d1206b0d2378e4d54310d49788234d819c7be4fbaef4b6,aef4b6,6,双,大
2026-08-08 23:49:43,85177717,000000000513b5750514292599132d5347bd08ee67840dcd70617efa190eb8d4,0eb8d4,4,双,小
2026-08-08 23:49:53,85177721,000000000513b5797a1a6582d54b0d733d2f55a05432bc4987d08a5b699aa716,9aa716,6,双,大
2026-08-08 23:50:05,85177724,000000000513b57c5a781db7b57b435ce66e7f2a021975e2eb43404334b5fcde,b5fcde,5,单,大
2026-08-08 23:50:16,85177728,000000000513b5806cb1d29542e7b6bc3a935662f55b2f024cda153d780a2f51,0a2f51,1,单,小
2026-08-08 23:50:28,85177732,000000000513b58430a63789311c14d15377db6ffdf2cd8d168a3a4114b051fb,b051fb,1,单,小
2026-08-08 23:50:38,85177735,000000000513b58727aa9bbfe508af70e12c2f5728f73a8e20125e26bb70aac8,70aac8,8,双,大
2026-08-08 23:50:50,85177740,000000000513b58c87c678469bf623b2f606056ef80638e5feed21c3cc5f77c6,5f77c6,6,双,大
2026-08-08 23:51:00,85177742,000000000513b58e4b506af99b75ffd16b867caa7db96e62fefb90f9044afa58,4afa58,8,双,大
2026-08-08 23:51:11,85177746,000000000513b59258b831c36d9611a7db9e136c3d1a753ff6185c5253bfc5ef,bfc5ef,5,单,大
2026-08-08 23:51:23,85177751,000000000513b597a60ad25feb9654d5ec987fb4f5481d60bb39831b331d521f,1d521f,1,单,小
2026-08-08 23:51:34,85177755,000000000513b59b776001b04abb3130732170d907ca647f2cd683d535d5f35b,d5f35b,5,单,大
2026-08-08 23:51:45,85177757,000000000513b59dbc68aa909c3a60d8c0801d299644a5fdf077385dbf5b8014,5b8014,4,双,小
2026-08-08 23:51:56,85177761,000000000513b5a14b4679442d7cfd67169af46537cf501ce1830fc843825a6b,825a6b,6,双,大
2026-08-08 23:52:07,85177765,000000000513b5a531edca698e8830e3d5c283d8f98fb6f0ad9b7a61886c7634,6c7634,4,双,小
2026-08-08 23:52:17,85177769,000000000513b5a91bf2848697ba890c0c92d7ce962797f8cb944fb51dc72113,c72113,3,单,小
2026-08-08 23:52:28,85177772,000000000513b5ac7486b10dc64e9fcc56c1bf1ed6cbe48da8e33819707b8824,7b8824,4,双,小
2026-08-08 23:52:39,85177775,000000000513b5af50b7d858804181ff8c82cb3b84a2156650ec43e8f2b92555,b92555,5,单,大
2026-08-08 23:52:50,85177779,000000000513b5b33695a8a92da5fbac0464b6617f3309b0665f4f8aad040099,040099,9,单,大
2026-08-08 23:53:02,85177784,000000000513b5b892818928373b4e7acece9e792ea5bece74e6775c1c00535b,00535b,5,单,大
2026-08-08 23:53:14,85177787,000000000513b5bbcc8e0a504a60670947cdc11c2da13f242a4ba8800be22b27,e22b27,7,单,大
2026-08-08 23:53:27,85177792,000000000513b5c08b216f81b66025471079c7848a60ed2452908d1f58230d80,230d80,0,双,小
2026-08-08 23:53:37,85177795,000000000513b5c31fc7f3f7f655ae03ee0f504a6527ea14469df59c658c80e5,8c80e5,5,单,大
2026-08-08 23:53:48,85177799,000000000513b5c7d448cf6d4a0717ffcfafccb34d8f5ecb8cfe33e3bd12fb02,12fb02,2,双,小
2026-08-08 23:53:58,85177802,000000000513b5ca8e48a7127e9e24f89aecf1d6d117d1d81b8749d91cbdccde,bdccde,1,单,小
2026-08-08 23:54:09,85177805,000000000513b5cd0a2c01a09abc6e76ff6dac600c4903459abe7f240db1f8d0,b1f8d0,0,双,小
2026-08-08 23:54:20,85177810,000000000513b5d298ffaeec4fbdf56df5d835166b745a38762a3b4a98677b72,677b72,2,双,小
2026-08-08 23:54:31,85177813,000000000513b5d55c947cad692ece4991f43fd1a526a67d442b76a9bb16558c,16558c,8,双,大
2026-08-08 23:54:41,85177817,000000000513b5d9439dc053aeff19ae83f34c98029e0be33fc3756ea362d1d2,62d1d2,2,双,小
2026-08-08 23:54:52,85177820,000000000513b5dc5d03aacb879792a708108cc57c8954944f8a3af9cb572c3d,572c3d,3,单,小
2026-08-08 23:55:03,85177824,000000000513b5e015cfa642ba657894d021789b3fdc5e2e1ce409edda1efc0f,1efc0f,0,双,小
2026-08-08 23:55:15,85177828,000000000513b5e43431abce71b3d32a70a2e53636f32bf62d20966efce36a17,e36a17,7,单,大
2026-08-08 23:55:26,85177832,000000000513b5e8f291798b40380f8d2b7d19126247d6df8636fbfed1d7a3de,d7a3de,3,单,小
2026-08-08 23:55:37,85177835,000000000513b5ebe391015622cc5962e91997e5b5673af3567bd9e912aeb134,aeb134,4,双,小
2026-08-08 23:55:48,85177839,000000000513b5efb89f68721d8f65e4952f7b8e5eca24be536a25b94adc2f81,dc2f81,1,单,小
2026-08-08 23:55:58,85177842,000000000513b5f20b0ec314c05f89f6d3acdf054644e0feba9b4255174fca8f,4fca8f,8,双,大
2026-08-08 23:56:09,85177846,000000000513b5f6e497926807b340a60ed102f0fbd286eb9a00b6cdc52e3092,2e3092,2,双,小
2026-08-08 23:56:19,85177850,000000000513b5fa0f79cbe969175218530fe5075a336d47342c9d8c20a9a8da,a9a8da,8,双,大
2026-08-08 23:56:30,85177853,000000000513b5fdf2bb1a48d2559ef857bed45756906e2403f4fcd6ecb53f8b,b53f8b,8,双,大
2026-08-08 23:56:41,85177856,000000000513b60003c5dc9a3e7d39058004b9102318f95923f2de02e526fe87,26fe87,7,单,大
2026-08-08 23:56:52,85177860,000000000513b60482a15872e37fa8c6edfedec9866eab0f739078c3a4552df1,552df1,1,单,小
2026-08-08 23:57:03,85177864,000000000513b6083057fb0328184001b442fa0ce1541e7998cf5d53f219986f,19986f,6,双,大
2026-08-08 23:57:13,85177867,000000000513b60bfe8611eb3f24d7561d173a21c67fe29c1756a480c0f3e3ab,f3e3ab,3,单,小
2026-08-08 23:57:24,85177871,000000000513b60f41c6b7f9e3047f673d39b01e89e17b2dbfcec2c222512896,512896,6,双,大
2026-08-08 23:57:35,85177874,000000000513b6120d8b8c13d58bef4152080bc57e4385b469856cda6ea3fb5f,a3fb5f,5,单,大
2026-08-08 23:57:46,85177879,000000000513b6177f8bbf5a43ed255e1619db7662d1405172c71d0240fb2cbb,fb2cbb,2,双,小
2026-08-08 23:57:57,85177882,000000000513b61a04e27b92aaa9251699e55d867a22fe432200c519474e199e,4e199e,9,单,大
2026-08-08 23:58:08,85177885,000000000513b61d6b30c79cbc30675b37e0276436bfa6b89fece7b65e1dda13,1dda13,3,单,小
2026-08-08 23:58:18,85177889,000000000513b621e4349b59b9f5ad4ba3b6f6f56f19cc1db3182efe936a0e78,6a0e78,8,双,大
2026-08-08 23:58:29,85177893,000000000513b62510e1bc518a0c87970f0dc936cfcb069d6e8df8dd80e62943,e62943,3,单,小
2026-08-08 23:58:39,85177896,000000000513b6288636bbce68ea8de877440a9ecd85ef46bdddf51ee10f3b57,0f3b57,7,单,大
2026-08-08 23:58:50,85177899,000000000513b62bbd86e94bd3e8af067aaf78544ea47028e9f8a15bd0b55882,b55882,2,双,小
2026-08-08 23:59:01,85177903,000000000513b62f58fd510377add208c691b602fc70415b299e22f30a71db4b,71db4b,4,双,小
2026-08-08 23:59:11,85177907,000000000513b633e5ae82af79f43d09ae8226e11afab36171dc360887b8ab5f,b8ab5f,5,单,大
2026-08-08 23:59:22,85177910,000000000513b636917201f35925af0e31fa694bd93c994e5217213916a673af,a673af,3,单,小
2026-08-08 23:59:32,85177914,000000000513b63a48e997670b129868c6a47c7a29c248d6023e85f828a3e5ae,a3e5ae,5,单,大
2026-08-08 23:59:43,85177917,000000000513b63d6117e145e67cc74aad3635f20403f6db028c32403e0ff5c9,0ff5c9,9,单,大
2026-08-08 23:59:53,85177920,000000000513b6402b80e3047c24ee646a8566070e8565bb46ef666d4c17ef5f,17ef5f,5,单,大
2026-08-09 00:00:03,85177924,000000000513b6447f790ac8d5c46335c4a1dfe86f8c427edd62996934266c47,266c47,7,单,大
2026-08-09 00:00:14,85177928,000000000513b6488d78df9a724e58b9f4979e663a3fad2363e5c3591328314c,28314c,4,双,小
2026-08-09 00:00:25,85177931,000000000513b64bbf56f5fa641c01f2ac98eea5c9f4ad5498f5f8c91db541bb,b541bb,1,单,小
2026-08-09 00:00:36,85177935,000000000513b64fd51d353abc30ea2ab327781992c2a8dcb257265cb089d38c,89d38c,8,双,大
2026-08-09 00:00:46,85177938,000000000513b652b6ff5ab60a4a65c524fad460c8d57cb391a74aeca98adb34,8adb34,4,双,小
2026-08-09 00:00:57,85177941,000000000513b65501a6249fd63d8488cd450d29abac686ef54b5ac410932dda,932dda,2,双,小
2026-08-09 00:01:08,85177946,000000000513b65ac4480e7a15f48b2778965da3c16bec2e9315d63dab302cda,302cda,2,双,小
2026-08-09 00:01:19,85177949,000000000513b65d827a3fab6e8b4be019c33e62d6ded50066fd57091cf2a413,f2a413,3,单,小
2026-08-09 00:01:29,85177952,000000000513b6600ec7587432ffcb74236d779a6ba8e7ad924fbbab9b1b249f,1b249f,9,单,大
2026-08-09 00:01:40,85177956,000000000513b6647cea75d5d3fb478377ee32c2eca0fac643d99d75823db94b,3db94b,4,双,小
2026-08-09 00:01:51,85177960,000000000513b668bc61030929c73bba9aac00fe7806248b32878a919ab3249c,b3249c,9,单,大
2026-08-09 00:02:02,85177964,000000000513b66cbece1c467b09e89a357555d75094a6392ad24dcd0daa4f86,aa4f86,6,双,大
2026-08-09 00:02:13,85177967,000000000513b66f3a781a164622aeaeaf6570d38a6ae86043e96081c5d7179f,d7179f,9,单,大
2026-08-09 00:02:24,85177971,000000000513b6739ba22fd4462ac00c53978f77da20abc1d8e60ce8b9055771,055771,1,单,小
2026-08-09 00:02:34,85177974,000000000513b676e3f359503e85f7cea38bb58ab0c47699b0988bad4c6fe2ed,6fe2ed,2,双,小
2026-08-09 00:02:45,85177978,000000000513b67a0fc2fc6edd80e087d83ef5856d59043d9f521e079e87258e,87258e,8,双,大
2026-08-09 00:02:55,85177981,000000000513b67da27510805d75a76df5dfc6cd1320b13771a2078a1b99470c,99470c,0,双,小
2026-08-09 00:03:06,85177985,000000000513b6811413481f0102be108778173f017a473cb044e64bd262b73b,62b73b,3,单,小
2026-08-09 00:03:17,85177989,000000000513b685c893eed4010324f758fd9d3822461e911c0bb20f7d49705d,49705d,5,单,大
2026-08-09 00:03:29,85177992,000000000513b688f3737ee080414df91132eac7280a7011d27a4b87b32193af,2193af,3,单,小
2026-08-09 00:03:41,85177996,000000000513b68c72cd51f1eece544cd900f2d34ac06a33f0352c37c6c69dc7,c69dc7,7,单,大
2026-08-09 00:03:52,85178000,000000000513b690a9a5c1b1078748dec0b1a9290f852feee4a0eb28882c4e3d,2c4e3d,3,单,小
2026-08-09 00:04:04,85178004,000000000513b6949f464ed3a1f237bf7393ca48d121f65a661393745fc8920b,c8920b,0,双,小
2026-08-09 00:04:15,85178008,000000000513b698ea1eeea8469f7fa7fc648d96fd1bc89bcb110505192ae9b7,2ae9b7,7,单,大
2026-08-09 00:04:26,85178011,000000000513b69b14fcfe593c32d57cc2ec4160f29e561cfd04d3726eda92f6,da92f6,6,双,大
2026-08-09 00:04:37,85178016,000000000513b6a06ef934616b164a5a29785c0fdaf95d308825cd1b07b4e08f,b4e08f,8,双,大
2026-08-09 00:04:48,85178019,000000000513b6a3bbbaba32a9193f5efa77ed39e0c7116381fa23fb3a24414c,24414c,4,双,小
2026-08-09 00:04:59,85178022,000000000513b6a64ee99fccebbea2a01c46fd782db576710c169d2dde2f2ccc,2f2ccc,2,双,小
2026-08-09 00:05:10,85178026,000000000513b6aa8f18db82b15305403b5405cd95750eeb2705f62a853002ee,3002ee,2,双,小
2026-08-09 00:05:21,85178030,000000000513b6ae9a49e9b7061014554d113f2430b12cc3e27ad5e6db67d673,67d673,3,单,小
2026-08-09 00:05:32,85178033,000000000513b6b197a90d1f6648c6fc970bcdb754dd09895a7225a40efcda97,fcda97,7,单,大
2026-08-09 00:05:44,85178038,000000000513b6b6a5ba4a01cf6a68dcd6ff0e6769da54e855434468fea90141,a90141,1,单,小
2026-08-09 00:05:57,85178042,000000000513b6ba6e26531db0311c4df61747d79cba7e0b2b7605e918f38b7c,f38b7c,7,单,大
2026-08-09 00:06:08,85178046,000000000513b6be0078112766e0fe02d2af0aea6c81a3fef031ea3159f87471,f87471,1,单,小
2026-08-09 00:06:20,85178050,000000000513b6c2bb624568693bb86e9d748f20a81153b60ef6f76d266ab97e,6ab97e,7,单,大
2026-08-09 00:06:32,85178053,000000000513b6c5037a8be4c548d2f2c879c086542da361fd0cbcc584f138f7,f138f7,7,单,大
2026-08-09 00:06:44,85178058,000000000513b6cab117918ff6b931e6d2aa04214d2816dbde193c558a0e5a0e,0e5a0e,0,双,小
2026-08-09 00:06:56,85178062,000000000513b6ce5901c0840aea48b272d0a93a35de542b0ef5eecc52ecd84b,ecd84b,4,双,小
2026-08-09 00:07:07,85178066,000000000513b6d216ed164e194959eee4717b479055aaa4af4697713c3397d2,3397d2,2,双,小
2026-08-09 00:07:19,85178069,000000000513b6d529565ff4212c8f595e0157c60f00a0e4e76054007b84d475,84d475,5,单,大
2026-08-09 00:07:30,85178073,000000000513b6d99101fe15359eeb106b61bc9a447b6e8ebc4ce070c9a3c226,a3c226,6,双,大
2026-08-09 00:07:40,85178076,000000000513b6dceea158f755fb102d4b33a05652ad72060161a9505faecd1b,aecd1b,1,单,小
2026-08-09 00:07:51,85178080,000000000513b6e05acd3197818f8141f9646c999e1bdbf00d73ba3706b954a1,b954a1,1,单,小
2026-08-09 00:08:01,85178084,000000000513b6e49bbb632f678841e494e29a1accd2786e6453b89a0c7114bf,7114bf,4,双,小
2026-08-09 00:08:12,85178087,000000000513b6e795755a1bfe8ae9e2daef8def8f8c8635668776a8a5aa4009,aa4009,9,单,大
2026-08-09 00:08:23,85178091,000000000513b6eb573027da31dc7461df3b6b996cd75e49c384a4c04d43355b,43355b,5,单,大
2026-08-09 00:08:34,85178095,000000000513b6efe6345476d2e799c3d16acd655d94ba836eed09280d76b32f,76b32f,2,双,小
2026-08-09 00:08:44,85178097,000000000513b6f1fa783588320e0e1bbbbaff464421ec9f7639c0c424d6c616,d6c616,6,双,大
2026-08-09 00:08:55,85178100,000000000513b6f47a0b99690dfaad7c1f9d49031848c4a380f03b3a0802d85b,02d85b,5,单,大
2026-08-09 00:09:05,85178105,000000000513b6f997955e2f9fde6eb15b8b5600023ce5a30c94bc6d954ca4c0,4ca4c0,0,双,小
2026-08-09 00:09:16,85178108,000000000513b6fc6b1aaf23a4f0053f699c2a6530013b91aff7683896bec999,bec999,9,单,大
2026-08-09 00:09:27,85178111,000000000513b6ff0c9d09ec26d5d4a8ec8aa372ac3549c6542eb52e7b2523cf,2523cf,3,单,小
2026-08-09 00:09:38,85178115,000000000513b703dfb67e6eb24cf2d142e1c86e3863890d30d80ce5e3de8302,de8302,2,双,小
2026-08-09 00:09:48,85178119,000000000513b707f81499e5d2cce09f77d0bedc7028913006132149d41b331c,1b331c,1,单,小
2026-08-09 00:09:59,85178123,000000000513b70bbf757973ebf8b8191eeec15d69e4f3b1f5a4ab025fa9ab2f,a9ab2f,2,双,小
2026-08-09 00:10:11,85178126,000000000513b70e8f6052464070481917404eaa46031c197082c13346a8b019,a8b019,9,单,大
2026-08-09 00:10:23,85178130,000000000513b712ef4a32eb71347783298a0eedeea7184b87203cf7ff542756,542756,6,双,大
2026-08-09 00:10:35,85178134,000000000513b716e941212a8200cdc69f05198c0b7daf838f4a401d64e4c861,e4c861,1,单,小
2026-08-09 00:10:47,85178138,000000000513b71a3faadf88b92c1e54455bbd20d9e6e12f7bcd916c61aeabfc,aeabfc,1,单,小
2026-08-09 00:10:58,85178142,000000000513b71ee13f628de8d4b7db98af11351f4ea6ac0167795517e7aa4c,e7aa4c,4,双,小
2026-08-09 00:11:10,85178146,000000000513b722e53aa079009bd0ec607364f2f590637f8bcf7e2b6e4488a9,4488a9,9,单,大
2026-08-09 00:11:21,85178149,000000000513b72584f691cbf2b9ca1e651ba3252ee00a63d37d04333700e6a3,00e6a3,3,单,小
2026-08-09 00:11:33,85178154,000000000513b72a4347655ccf1d8baefcd473aaa6d7a9933566786c49ad2b98,ad2b98,8,双,大
2026-08-09 00:11:44,85178157,000000000513b72d22f8135caabf95136446bcf54fe1855c448a1e1bb37f1ca5,7f1ca5,5,单,大
2026-08-09 00:11:55,85178161,000000000513b7311f683d253918035afd6367e89b656b51e49ddff1dc7ca40d,7ca40d,0,双,小
2026-08-09 00:12:07,85178165,000000000513b735cfe0a74b75314bc3db740a54efea088e9181b18fa890bd86,90bd86,6,双,大
2026-08-09 00:12:19,85178169,000000000513b7394bdc506720eb1fffc25e221910248408b7968e14ddc55c15,c55c15,5,单,大
2026-08-09 00:12:30,85178173,000000000513b73dd1a450d682d935291258a06a9fceeda90b7ea5cbabf193d2,f193d2,2,双,小
2026-08-09 00:12:42,85178177,000000000513b7413bf4c57ecad1301bbf84a56e6a47a725e2d927818d893262,893262,2,双,小
2026-08-09 00:12:53,85178180,000000000513b744ebe839813697c93f65a0d6ba8d9fb956289f5b167f7f3f2c,7f3f2c,2,双,小
2026-08-09 00:13:05,85178185,000000000513b7491e5a3d648fde439b85dac13e3bf47387bbd0637ae01be0c6,1be0c6,6,双,大
2026-08-09 00:13:16,85178189,000000000513b74de3f215c7bcbc5e43f05467a779187b98bd5a3c6fbb955a3a,955a3a,3,单,小
2026-08-09 00:13:27,85178192,000000000513b750a7ad285bdc5f9a42d4706061e96095b1b50d7eb33da775d7,a775d7,7,单,大
2026-08-09 00:13:38,85178196,000000000513b75437fa3ce388216ff86371fb335e8e2d7840f6c226fe0e690f,0e690f,0,双,小
2026-08-09 00:13:49,85178199,000000000513b757e688a0f8a69ff0a84f07e425ea3999d80a0a121e3889fd60,89fd60,0,双,小
2026-08-09 00:13:59,85178203,000000000513b75b078746f0a2dba6fa69de9c8b29ae3c34a4269446eef6cc9c,f6cc9c,9,单,大
2026-08-09 00:14:09,85178206,000000000513b75eaaf73db706bb41805814a3956a68a390154717c99343ca37,43ca37,7,单,大
2026-08-09 00:14:19,85178210,000000000513b762b61a0563255016118ea7bb728f2c7f6125744c1fdbffa116,ffa116,6,双,大
2026-08-09 00:14:30,85178213,000000000513b76544fca0be3d31e04e5fc5a43ef17c4d1aa3a6362af38b54e3,8b54e3,3,单,小
2026-08-09 00:14:40,85178217,000000000513b769827db6ed99c5b7ef62097faeb097601e1b944105375f5112,5f5112,2,双,小
2026-08-09 00:14:51,85178220,000000000513b76cd27664073b3f312b74421922149b56ce2f9b36df33c268bf,c268bf,8,双,大
2026-08-09 00:15:02,85178223,000000000513b76fc9f7cbcc20ef889534b3943a8075a1a7503acfeecdb08266,b08266,6,双,大
2026-08-09 00:15:12,85178227,000000000513b7736e8c9d5ae65ce190dc8e7c1303259d14bffe5075ce6c2b82,6c2b82,2,双,小
2026-08-09 00:15:23,85178230,000000000513b776cf2830e02ae17a54aaa609198ab739def707c9f34cdc0bcb,dc0bcb,0,双,小
2026-08-09 00:15:34,85178234,000000000513b77aca6f97cfbb3bd8cca6195ebd70a4169a16299899597ac1d6,7ac1d6,6,双,大
2026-08-09 00:15:44,85178238,000000000513b77e6cf1bfd1ac6803b18eba2ce892ee111821013b1aa5abfee4,abfee4,4,双,小
2026-08-09 00:15:56,85178241,000000000513b781168f57daa7c8fa23e312e657f98b7e11b10d6a5907ce9ee3,ce9ee3,3,单,小
2026-08-09 00:16:07,85178245,000000000513b7850ac68a91d4120edf352c5503be8b829b83dc0ce4c355f51b,55f51b,1,单,小
2026-08-09 00:16:18,85178249,000000000513b7899c8e242ca4879bc6df44ada25b20048b1114316de3c69fd6,c69fd6,6,双,大
2026-08-09 00:16:30,85178253,000000000513b78dac77998241f7389747c5c48db2ee90ff555839ae86766449,766449,9,单,大
2026-08-09 00:16:41,85178256,000000000513b790f21a9c1c1ed68d0d595000aff29a587f66b83696fa331b59,331b59,9,单,大
2026-08-09 00:16:52,85178260,000000000513b794bf50c13c1849792771b20f146d14bb5b7e13a697309202e7,9202e7,7,单,大
2026-08-09 00:17:02,85178263,000000000513b797c9835b57a1f920240d86aea75cbfcb2ebcceb0de510fa41d,0fa41d,1,单,小
2026-08-09 00:17:14,85178267,000000000513b79b8139824221334514848b3274397f957bf03a7f199f2e9ec4,2e9ec4,4,双,小
2026-08-09 00:17:25,85178271,000000000513b79f8af2724b3b95fad083841a060665703c6bf1b1a57fecb2a6,ecb2a6,6,双,大
2026-08-09 00:17:36,85178275,000000000513b7a371c7dac9d92b387bc025226155d2f8123d907b5df648d59c,48d59c,9,单,大
2026-08-09 00:17:47,85178278,000000000513b7a663bcf9da968566c75ae281aaa7d0acac4a442692c9ad4a5d,ad4a5d,5,单,大
2026-08-09 00:17:58,85178282,000000000513b7aa3312b9ae1ed1468a187d8485409937a516fda83ebaf5f63f,f5f63f,3,单,小
2026-08-09 00:18:09,85178286,000000000513b7ae9815d1b095ad5ab792053efc4b85dd489341c5a3c39ce6fb,9ce6fb,6,双,大
2026-08-09 00:18:21,85178290,000000000513b7b297b2f7f2c062b39446527bf12c571fbd3d522e9e5c1d10ae,1d10ae,0,双,小
2026-08-09 00:18:33,85178294,000000000513b7b6a5f6c455697f0c94819d63b567eb9eae8c3a02c36bc7429e,c7429e,9,单,大
2026-08-09 00:18:46,85178298,000000000513b7ba14cdbdb40ea2d032cf99ecd9400e317fa5c7ec210dfda075,fda075,5,单,大
2026-08-09 00:18:57,85178302,000000000513b7bed2d786d053f09a7722b7f4f985958bbfb849310e41424d0b,424d0b,0,双,小
2026-08-09 00:19:08,85178305,000000000513b7c1f2e81b2e960318f65bdc28a4a728f8c0d99d146c1d6bb661,6bb661,1,单,小
2026-08-09 00:19:19,85178309,000000000513b7c5576b6a3212e09c0fbd4bf0047d0b4689eb2ce62b7b4ca5d2,4ca5d2,2,双,小
2026-08-09 00:19:29,85178313,000000000513b7c94be2223ee1f87d351ffa46958e9bdfd42a59abe12b0ff2a3,0ff2a3,3,单,小
2026-08-09 00:19:40,85178317,000000000513b7cd592c0ca806c759e69a53f7cade9f1b17134449e566780800,780800,0,双,小
2026-08-09 00:19:51,85178320,000000000513b7d06a2305959b3a7e151ca0437810dd377c5c640b60d45534fc,5534fc,4,双,小
2026-08-09 00:20:01,85178323,000000000513b7d341b87debb6bfee597b257b2211822e97e5f60cb94c0f77ad,0f77ad,7,单,大
2026-08-09 00:20:11,85178326,000000000513b7d6ef100d4cc1b233b1aefb72d381e991a78676d407bafa8750,fa8750,0,双,小
2026-08-09 00:20:22,85178330,000000000513b7da0b894e6c74346bdc7d70184833a753121a3f8f56ac3643c4,3643c4,4,双,小
2026-08-09 00:20:33,85178333,000000000513b7dd22ddae68eda317655feb029fe702db29db28dcdf7362b3f5,62b3f5,5,单,大
2026-08-09 00:20:44,85178338,000000000513b7e25fa518cfcdcb9513bd62e9905560c5144bb9bdd706e373a4,e373a4,4,双,小
2026-08-09 00:20:56,85178341,000000000513b7e535166ac68fb0a6e66f165df5ca1c5e647e55a27178ee8b92,ee8b92,2,双,小
2026-08-09 00:21:07,85178345,000000000513b7e944112acefab2811632974e47f2e512c253d5f648e0640869,640869,9,单,大
2026-08-09 00:21:18,85178349,000000000513b7edc7deb247e881d19613fc5ad89d51c8442a0d99d64e77e61b,77e61b,1,单,小
2026-08-09 00:21:29,85178353,000000000513b7f149171e49fd2455ec99805ec6e0a8aed436e66464ec87bb9d,87bb9d,9,单,大
2026-08-09 00:21:40,85178357,000000000513b7f5914c26dcc17ce6ce26b3dd48a5e0468b2653c338a3869348,869348,8,双,大
2026-08-09 00:21:50,85178359,000000000513b7f72e7c9fb5628476ad6fa9d29aa0ccf5c537e23f2bb92a5de4,2a5de4,4,双,小
2026-08-09 00:22:00,85178363,000000000513b7fbb31ecdbc3b73407dc32fb09bb13f2c9bcfefc8d0d88d2056,8d2056,6,双,大
2026-08-09 00:22:11,85178367,000000000513b7ff0b12645444cfc172daab9ee7a1076d27c645494556aaf40b,aaf40b,0,双,小
2026-08-09 00:22:22,85178370,000000000513b802cf1606a4c1c36b42d01e746662c8aa311af8f93965e64f13,e64f13,3,单,小
2026-08-09 00:22:32,85178374,000000000513b806f7c32c36fa9d79a15a4681cfe3836f4b88fd2a8ed526e1b5,26e1b5,5,单,大
2026-08-09 00:22:42,85178377,000000000513b8092047f809b77cb8b8c0473d151804e9e57352cf082258b136,58b136,6,双,大
2026-08-09 00:22:53,85178381,000000000513b80d69e37e8b1aa616a3ed4bfb7cbaa67e833d11852fd4648f94,648f94,4,双,小
2026-08-09 00:23:04,85178384,000000000513b81045db17c87ab5deec2cae093ecc9c292e379c42adf8a629f1,a629f1,1,单,小
2026-08-09 00:23:14,85178388,000000000513b814ce57d7e965901be0215d611590213354f153def50da62245,a62245,5,单,大
2026-08-09 00:23:25,85178391,000000000513b8176b57e6eff60c589597f12398ecfe6a5bc4686522dc26f37c,26f37c,7,单,大
2026-08-09 00:23:36,85178395,000000000513b81bf8922ecb0d3342949950ad49fe888c993200b29c26ba577b,ba577b,7,单,大
2026-08-09 00:23:49,85178399,000000000513b81f51035435494c9ace0259d2bf3440a99672e27857cd3acb5a,3acb5a,5,单,大
2026-08-09 00:23:59,85178402,000000000513b822248dfeb505ac5dc6a4d07cddb489dc3094202011c5c6be30,c6be30,0,双,小
2026-08-09 00:24:09,85178406,000000000513b82666795b79df3d11eecde9671d317bfcc0608b9ebf075a5509,5a5509,9,单,大
2026-08-09 00:24:19,85178409,000000000513b829578f3b768500af4a5545a33d4b0222d05dbfcbeffbd8bc9b,d8bc9b,9,单,大
2026-08-09 00:24:29,85178413,000000000513b82d669ab33b49f47540439c21cb4ce1e8f9e4106efb355be84e,5be84e,4,双,小
2026-08-09 00:24:40,85178416,000000000513b830f85d717dfd52fb201641cbea75934e412929345f3de998e2,e998e2,2,双,小
2026-08-09 00:24:50,85178420,000000000513b83418b9ac42d70488be7242d3abf80973a7a61ce2fc51540b66,540b66,6,双,大
2026-08-09 00:25:00,85178423,000000000513b837d9148c3e13cb1dcf23778a7e2a36eb6336778e102ca4d872,a4d872,2,双,小
2026-08-09 00:25:11,85178426,000000000513b83ae827cba630e119eea0a9fec2ddbc2ec16728f375f977a709,77a709,9,单,大
2026-08-09 00:25:21,85178430,000000000513b83ef97db6ba465f2fdbb4ef786bf2fa2ad391183ea309870512,870512,2,双,小
2026-08-09 00:25:31,85178433,000000000513b84110f9c201194dcb6b2cdd74cc5519a4e55a0c3aad56ae0416,ae0416,6,双,大
2026-08-09 00:25:41,85178436,000000000513b84416259e5fbc2942523aabab95b6da08600d24c7ee010dc3e6,0dc3e6,6,双,大
2026-08-09 00:25:51,85178440,000000000513b848dc94d55eac51f47a216feedf909fee87ef457204392e94d1,2e94d1,1,单,小
2026-08-09 00:26:01,85178444,000000000513b84cee724b730e891f175357057242fcbd8f961973368b4f5fd5,4f5fd5,5,单,大
2026-08-09 00:26:13,85178447,000000000513b84ff34c3ad0b6dd1e776f799158186221306b089542be7ec706,7ec706,6,双,大
2026-08-09 00:26:25,85178451,000000000513b8534b7364c6cc7fd6c4a3ef2f132b9975e07eb040bd7497e54a,97e54a,4,双,小
2026-08-09 00:26:36,85178455,000000000513b8573a48542e7f2c412d1fb9a47c6fee3dbe586d94718f42ace2,42ace2,2,双,小
2026-08-09 00:26:46,85178458,000000000513b85ac25c21792db02c119e1519c0d32f3abc4382d7b5ec0c9207,0c9207,7,单,大
2026-08-09 00:26:56,85178461,000000000513b85dcad0777e41a14eb6fc364b4ded9457c22699a22fc0003443,003443,3,单,小
2026-08-09 00:27:07,85178466,000000000513b8625fcb1c389501294251f537195768d185c40c92806968efee,68efee,8,双,大
2026-08-09 00:27:18,85178469,000000000513b8652b912f938832533e85149926b3c272f8c999841b5857c08b,57c08b,8,双,大
2026-08-09 00:27:28,85178472,000000000513b868d1f1f5d5542d64d9210e7ec475af621ce4a8238ed8e1e002,e1e002,2,双,小
2026-08-09 00:27:38,85178476,000000000513b86c279bc4e2d7b1d79ad68e84a18cd8f3bf33cc7fb679a63981,a63981,1,单,小
2026-08-09 00:27:48,85178478,000000000513b86e8e1b576cd3d8a95ea1dc64b3ef93a4e5b3c4b585a3c7982d,c7982d,2,双,小
2026-08-09 00:27:59,85178483,000000000513b873e86222ef0b917e8c3793b0d4f3aaf18124201b89f1cf3bf6,cf3bf6,6,双,大
2026-08-09 00:28:09,85178486,000000000513b8765e25d0614702c90e2777a2a81f6e239f996255c9a6fb9f27,fb9f27,7,单,大
2026-08-09 00:28:19,85178490,000000000513b87aebfeff5adb4b3fb2e10dea0444620772e4265b77424ebbb9,4ebbb9,9,单,大
2026-08-09 00:28:30,85178493,000000000513b87debd102685d30d85f83257cb2dbfd486bfee60bcee791cfb5,91cfb5,5,单,大
2026-08-09 00:28:40,85178496,000000000513b88006a222cc90abfd5d1593fd27bc92d24b7b84057ae08d8c51,8d8c51,1,单,小
2026-08-09 00:28:50,85178500,000000000513b884976107be21fc7834857f7f0203823d24c847f4c9cf0817af,0817af,7,单,大
2026-08-09 00:29:01,85178503,000000000513b8875d74c3e53d2c5b3bc56eb861424fdfed4773a45b21d49317,d49317,7,单,大
2026-08-09 00:29:11,85178506,000000000513b88a7d5511b7dfe4336adae83e8188441bb9820962c00e9da2f1,9da2f1,1,单,小
2026-08-09 00:29:21,85178510,000000000513b88e274346020576747baa7e6b220c30e4d0ad8ec1051e7a76e3,7a76e3,3,单,小
2026-08-09 00:29:33,85178514,000000000513b8926f55147f85afbac0eb6a9d5f9949923c3b6bdb1817497d04,497d04,4,双,小
2026-08-09 00:29:43,85178517,000000000513b895a17de1865f28aff88dadff6e3c73146216cd9cab2bd71d57,d71d57,7,单,大
2026-08-09 00:29:53,85178520,000000000513b898243ef5e82cd79b95fa37ba9eda5541ed48d1d326f5a76aa6,a76aa6,6,双,大
2026-08-09 00:30:03,85178524,000000000513b89c844dfd915ed6f6a5306fe1b060517fa0de2768496bee2448,ee2448,8,双,大
2026-08-09 00:30:14,85178527,000000000513b89f68272b50c49382965cbd41ca5662d9288d238dce3d5645d0,5645d0,0,双,小
2026-08-09 00:30:25,85178531,000000000513b8a376b676f8f7c26c1697d0cac404d2a5da9109a5d49fae3181,ae3181,1,单,小
2026-08-09 00:30:36,85178535,000000000513b8a77a49c6b835f4f8356738315fb69df4a8d8ea16c9055b50bb,5b50bb,0,双,小
2026-08-09 00:30:46,85178539,000000000513b8abeba4a11f8a5ebdb69f81904070506f185314beedd81c83dd,1c83dd,3,单,小
2026-08-09 00:30:56,85178542,000000000513b8ae5abb1c76c636822bf77152b2e7687105c880772e94a65c03,a65c03,3,单,小
2026-08-09 00:31:06,85178545,000000000513b8b10051d32e468871e61c4e97e6aa49c9cc4c82111adf6ddacf,6ddacf,6,双,大
2026-08-09 00:31:17,85178548,000000000513b8b4a240a62a50d268cc3355152aac169047c5d8d8cf2b9f6e24,9f6e24,4,双,小
2026-08-09 00:31:28,85178552,000000000513b8b82bee469c25c4149eecf24586a4415209d81ab6497d3b619a,3b619a,9,单,大
2026-08-09 00:31:38,85178556,000000000513b8bcdca87ea0de11165a167fbc3776c7d6c05ea68310a3428b4c,428b4c,4,双,小
2026-08-09 00:31:48,85178559,000000000513b8bfda218987cc875df6b8f88be8f1b19d49c565185ccf0c850c,0c850c,0,双,小
2026-08-09 00:31:59,85178562,000000000513b8c2b638026ebf0b0f566ce6f12476bb8de26ba99e1c9c3b9445,3b9445,5,单,大
2026-08-09 00:32:10,85178567,000000000513b8c75b85de6f83ac9854cbea55c383f17ff83a35d98767fdfcc2,fdfcc2,2,双,小
2026-08-09 00:32:21,85178570,000000000513b8ca8345e467d927928f2f7dbff165d4b0aa6df6c9223ef218d6,f218d6,6,双,大
2026-08-09 00:32:32,85178574,000000000513b8ce712c6b09dc37546afd82a05ed8b6412c53d6eb9b1f7e66a1,7e66a1,1,单,小
2026-08-09 00:32:43,85178577,000000000513b8d1a9beff386192a2b3eb90c58ab5ce24f5529ded7bcc5ff2a8,5ff2a8,8,双,大
2026-08-09 00:32:53,85178580,000000000513b8d40e50b12becd0b5dfdcc185afed103c059f281db5cd23b04b,23b04b,4,双,小
2026-08-09 00:33:04,85178584,000000000513b8d8ed17da1ff52d35372c1522b667704ab72be032636d9cab3e,9cab3e,3,单,小
2026-08-09 00:33:15,85178587,000000000513b8dbd62cef4f3f0abb0645aa94d7f66c107118831d087ecbdd84,cbdd84,4,双,小
2026-08-09 00:33:25,85178591,000000000513b8dfcaf0e7b13981e7fb63e3a7306faf973327a438073053c70c,53c70c,0,双,小
2026-08-09 00:33:36,85178595,000000000513b8e3aea16fff4c6e43b24082d3cf0681cdd861ff1b4dd8a502c3,a502c3,3,单,小
2026-08-09 00:33:46,85178599,000000000513b8e7125a57dc9be82e80e80ad3095454e07691ef573fdcdc29b9,dc29b9,9,单,大
2026-08-09 00:33:57,85178602,000000000513b8eabd78e4301e1e50c72d6c002d00634ef3cbb3e8db90987ef5,987ef5,5,单,大
2026-08-09 00:34:08,85178605,000000000513b8ed00008a00cb4c8513fbcb7c4dc6471c6ec808d43520ae8a8c,ae8a8c,8,双,大
2026-08-09 00:34:19,85178609,000000000513b8f11a6ae818cef7cd41bcd8fc92cd85acd9f9a0884ad473f376,73f376,6,双,大
2026-08-09 00:34:30,85178613,000000000513b8f502c67d39caee7bf50558ac538c70b454d2287d9ee206ff1f,06ff1f,1,单,小
2026-08-09 00:34:40,85178616,000000000513b8f8c5e6126106e77e9771dabfe8e3994b1ce49144892e26be3a,26be3a,3,单,小
2026-08-09 00:34:51,85178620,000000000513b8fcce03f4e83336d3465cbd7fd7b63fe89cfee95e31f77cc83b,7cc83b,3,单,小
2026-08-09 00:35:01,85178623,000000000513b8ff7c35dc7438ce55dfb585cc4bed72ba8f867a4d41d79c8d1e,9c8d1e,1,单,小
2026-08-09 00:35:12,85178626,000000000513b902c8b0519bd179445c6d46a389407058e7deed810632e4cefe,e4cefe,4,双,小
2026-08-09 00:35:22,85178630,000000000513b906a37fb204a78aff669a89a05a4486a4074a0594d4c229b90c,29b90c,0,双,小
2026-08-09 00:35:32,85178634,000000000513b90a2c3b8cdd1aa2bba850c3af6a9220c787f96a93341f45c77d,45c77d,7,单,大
2026-08-09 00:35:43,85178637,000000000513b90d264c705f5eb3abc9927dc74ad6fc9860e635ad181d71e4ce,71e4ce,4,双,小
2026-08-09 00:35:53,85178641,000000000513b911425198906007960f1afe0041f769a255fda6ec3d05f145bc,f145bc,5,单,大
2026-08-09 00:36:04,85178644,000000000513b914a49734c71a2e143fe3902dc1220965bbc8dc7e9460050908,050908,8,双,大
2026-08-09 00:36:15,85178648,000000000513b9181e521aad2c029cf755aafbfd438bcfc0ab724b0c6a344fe3,344fe3,3,单,小
2026-08-09 00:36:25,85178652,000000000513b91c1af8a50f2baa46a40e68a3a0ae99736ceb61a9a1a6e4c89a,e4c89a,9,单,大
2026-08-09 00:36:36,85178655,000000000513b91fe608bc1abd0db4a453cc9874894043a13c5ff24d619cfa7b,9cfa7b,7,单,大
2026-08-09 00:36:47,85178658,000000000513b922be6677ebabfad79b60f091025cded8c97a948d53d8011839,011839,9,单,大
2026-08-09 00:36:58,85178662,000000000513b926f0f55131969e89f0681bd7c55bc7218d075ac64cc00a6be6,0a6be6,6,双,大
2026-08-09 00:37:09,85178666,000000000513b92a0dd327a6ff7ebf64b87a21947df9c11fe85f11e8557154b7,7154b7,7,单,大
2026-08-09 00:37:19,85178669,000000000513b92d9901b62305a7ced26f212660854ee0bbbe1d10d8a8953956,953956,6,双,大
2026-08-09 00:37:30,85178673,000000000513b931f1b9995ef9ec6cdcdcddd4a94784d25b78dab069af63f4c4,63f4c4,4,双,小
2026-08-09 00:37:40,85178676,000000000513b93495ef2d5e9295dd10aade48157b4ff85bacc315eea1a0c794,a0c794,4,双,小
2026-08-09 00:37:50,85178680,000000000513b9381737cce0dd365e0245bfa3ee9a79f4fd91edd87e7402886e,02886e,6,双,大
2026-08-09 00:38:00,85178683,000000000513b93b8977a73f47770f37817f789f56c9fbef8f6230ac39119482,119482,2,双,小
2026-08-09 00:38:10,85178687,000000000513b93fd5be825611cf9c801d94b350c88674f9bcc0f13fa6bff7d9,bff7d9,9,单,大
2026-08-09 00:38:21,85178690,000000000513b942129896e4f18410041a1dec8b0f58ef47f1331175ff282a14,282a14,4,双,小
2026-08-09 00:38:31,85178693,000000000513b945436d3c2cae3e94833d698b2d10338b74d504e407fd614d21,614d21,1,单,小
2026-08-09 00:38:41,85178696,000000000513b948f732112f1537c06c726a61864dac5d293f9321df1731d7f7,31d7f7,7,单,大
2026-08-09 00:38:51,85178700,000000000513b94c914e4d19b8a6828dc449b739c66a393cdf14282f52601e3f,601e3f,3,单,小
2026-08-09 00:39:02,85178703,000000000513b94f5f6c500ccc810fa0df682c0ff6344a9fde9dd5cc3ba7f849,a7f849,9,单,大
2026-08-09 00:39:12,85178707,000000000513b953445b582c40b0bef93d4bfaf5c46ffc2bea4ebeb547a6b3c2,a6b3c2,2,双,小
2026-08-09 00:39:24,85178706,000000000513b952ad4f5095323e224acef1712e563d7968049cfe1f4b9b076a,9b076a,6,双,大
2026-08-09 00:39:34,85178714,000000000513b95a32544099c266e77937b2636e688de91dd3c7b4e1a1ab1189,ab1189,9,单,大
2026-08-09 00:39:44,85178717,000000000513b95d0871013cfee1614346e3f47320a6f1c497cd5ddc90b93430,b93430,0,双,小
2026-08-09 00:39:54,85178721,000000000513b9613b62940563ccf02d429bffd398ec837e2980243e6dc3f56b,c3f56b,6,双,大
2026-08-09 00:40:04,85178724,000000000513b964005eac475056b0112454947c6131223dfed3f5cc8aa5389f,a5389f,9,单,大
2026-08-09 00:40:14,85178728,000000000513b9682539a84efab2683fc51aa3aa570e8d4b852544459ae7cb95,e7cb95,5,单,大
2026-08-09 00:40:24,85178731,000000000513b96b010ce25c37eb5dbf33620355ec04bdf2690f9e8508d42bbb,d42bbb,2,双,小
2026-08-09 00:40:34,85178735,000000000513b96f675ca0ea47f6047286a5c68d80941fa096939850042c0e01,2c0e01,1,单,小
2026-08-09 00:40:45,85178738,000000000513b97261087104504f08fe64cd541940a887d63351c093018b083a,8b083a,3,单,小
2026-08-09 00:40:55,85178741,000000000513b975652fbe1af015a14799ed7db1910fd89d58e6b18e2d514fe7,514fe7,7,单,大
2026-08-09 00:41:06,85178745,000000000513b979e36883b70554bd9daea5e0ebb59bc130e8e47e09bfdce74c,dce74c,4,双,小
2026-08-09 00:41:17,85178749,000000000513b97d25db18626812e3714e6210a291464c80610ffe4259833d40,833d40,0,双,小
2026-08-09 00:41:27,85178752,000000000513b980d597803bbd1f25489657b075f9439dcc27800c9b4fe41b71,e41b71,1,单,小
2026-08-09 00:41:38,85178756,000000000513b9847e935637e0bd6102e31326173d6b99bedb2a5e1bcea53945,a53945,5,单,大
2026-08-09 00:41:48,85178759,000000000513b9879ab945679d8de116c4d14482e768adf7cd0a972d59cccf02,cccf02,2,双,小
2026-08-09 00:41:58,85178763,000000000513b98b01197e08521a67386d1644d5b1b323355201cd4472223ce4,223ce4,4,双,小
2026-08-09 00:42:10,85178766,000000000513b98ea9b04b393b566c11376e3213614ad792d5ff1cae1b89ebf6,89ebf6,6,双,大
2026-08-09 00:42:21,85178770,000000000513b9922b4211ff571ed50dfd4f7d9c8c6da263a2c9663e13f259ef,f259ef,9,单,大
2026-08-09 00:42:33,85178774,000000000513b996be4625a3d71ab8c78a5a67b926eac04d25d93b269e30d718,30d718,8,双,大
2026-08-09 00:42:45,85178778,000000000513b99aafde41510bf8235b674fd375045c261fb8ea6c3dd6da2e9c,da2e9c,9,单,大
2026-08-09 00:42:56,85178782,000000000513b99e58c07e9734d8a59639c60477edcb285a10a188d1e0cac803,cac803,3,单,小
2026-08-09 00:43:07,85178786,000000000513b9a23001a49f1a6f15d45a94f7fb690a729606b85edd9fde0a08,de0a08,8,双,大
2026-08-09 00:43:19,85178789,000000000513b9a5dc1e2344e298e00bed061d45e0a402ee583d0739f556f073,56f073,3,单,小
2026-08-09 00:43:30,85178793,000000000513b9a9e518f56a95b962455fafb946a23246c0eac8d213c316f0e4,16f0e4,4,双,小
2026-08-09 00:43:41,85178796,000000000513b9ac4c8bd665d4717547224ff4fbefdd134d572939e52a683426,683426,6,双,大
2026-08-09 00:43:52,85178800,000000000513b9b0c6761f14bdd6c1e0bb495e88225e712004a6c1e905db3b7e,db3b7e,7,单,大
2026-08-09 00:44:04,85178804,000000000513b9b4971b52dc21f1396da2dfcd011b12067d17a6737490f1d99b,f1d99b,9,单,大
2026-08-09 00:44:15,85178808,000000000513b9b81f3cd086b6510fade766e7dd272f14562c4eaf8bc986e93c,86e93c,3,单,小
2026-08-09 00:44:26,85178811,000000000513b9bb96793a8181b06b7f5563f8add99a6dbe66cf9d1b84d113a8,d113a8,8,双,大
2026-08-09 00:44:37,85178815,000000000513b9bfae36c6f1aabdb80acb888cd2582da75c2accdd9c44e42ad5,e42ad5,5,单,大
2026-08-09 00:44:47,85178818,000000000513b9c2af4b0c4b451e1b8f2441b9c6774792a5e034451e2f4cdee5,4cdee5,5,单,大
2026-08-09 00:44:57,85178822,000000000513b9c6241034e68b14638dcdc5aa868c010c59c86617799783e021,83e021,1,单,小
2026-08-09 00:45:07,85178825,000000000513b9c92a8cb0b8a39ad32de7093dc8730e1f792cf8de818b37b960,37b960,0,双,小
2026-08-09 00:45:18,85178829,000000000513b9cd75078d0cd2aa771a9c43826884181c2e732b141eaf7d5c71,7d5c71,1,单,小
2026-08-09 00:45:28,85178832,000000000513b9d0f348dfa7e188720ecdeaedf89652f8c88cc3544d0c484ee1,484ee1,1,单,小
2026-08-09 00:45:38,85178836,000000000513b9d4483e9b6c3308860d96763ed6032651c230953089a2a4b512,a4b512,2,双,小
2026-08-09 00:45:48,85178839,000000000513b9d7ac77a1cb15b3bf114b11621b5528f4fb6753a0005fa90a82,a90a82,2,双,小
2026-08-09 00:45:59,85178842,000000000513b9da1cd94dbcf1fc3f2405b52a1c1d720828725c5db00a0bdad5,0bdad5,5,单,大
2026-08-09 00:46:10,85178846,000000000513b9de322b481e47bd45c97cf0343524aacec8b772989447d3100d,d3100d,0,双,小
2026-08-09 00:46:21,85178850,000000000513b9e2f61c844054d83cae87abd3e9b5364e832fe1cfd6b38844aa,8844aa,4,双,小
2026-08-09 00:46:31,85178853,000000000513b9e54af6e7c715338b1d8e67ff8f19d3eb9837da88ed42aa45dd,aa45dd,5,单,大
2026-08-09 00:46:40,85178856,000000000513b9e86312bc6d27a4f03f30157b2236809ec5f2fec8009ff7fcb4,f7fcb4,4,双,小
2026-08-09 00:46:50,85178860,000000000513b9ec5c0040c4bfe1c4cbe6b46da611a956143fcd86f58ab900d8,b900d8,8,双,大
2026-08-09 00:47:00,85178863,000000000513b9ef81a5433d55e69df96860b352839d38ef5ed05bd60981d9d9,81d9d9,9,单,大
2026-08-09 00:47:10,85178866,000000000513b9f232b426f32fe1085ed6bd62cf3a628c86c66ecaaf69b186c9,b186c9,9,单,大
2026-08-09 00:47:20,85178870,000000000513b9f6cde15dfec4b641fc14014a291173b39d335dafeba2e86110,e86110,0,双,小
2026-08-09 00:47:30,85178873,000000000513b9f9f61dd0b4d788ddfa85ba2474c1d6f9265fc7c70cf6c42dd1,c42dd1,1,单,小
2026-08-09 00:47:40,85178876,000000000513b9fcd634446c3bfee44a22facdac5b7e72b18d635308b2d90cc9,d90cc9,9,单,大
2026-08-09 00:47:50,85178879,000000000513b9ff09d05e56bdbd88b3e46e00fcec66ead3ab26b61576333897,333897,7,单,大
2026-08-09 00:48:00,85178883,000000000513ba03bf75cfa40d996d7cbc9607a8b4420331dd58ad011a5851a2,5851a2,2,双,小
2026-08-09 00:48:10,85178886,000000000513ba06d8a0c5b860f6da6ae70df3d6345bf2b86b9bfe4bac1630fb,1630fb,0,双,小
2026-08-09 00:48:20,85178890,000000000513ba0a7a737aac17e5f3c2c0fbb802b081f1eb8dcfbc8081e4f48f,e4f48f,8,双,大
2026-08-09 00:48:30,85178893,000000000513ba0d9df0a012c7dc52e6d42819649fe320d4a3a81faebc4e77dc,4e77dc,7,单,大
2026-08-09 00:48:40,85178897,000000000513ba111140943a4c2bc214eb4cec5abe56933957c4ef7e433d7e7a,3d7e7a,7,单,大
2026-08-09 00:48:51,85178900,000000000513ba14e16a081d9e2cba486df29e18321aa0f9b94b0ca6eb12a25c,12a25c,5,单,大
2026-08-09 00:49:02,85178904,000000000513ba1843dd9b153b45c971fcf3121050ca8b7e5b25745efbce9921,ce9921,1,单,小
2026-08-09 00:49:12,85178907,000000000513ba1baa0a3a7e58c05d817e2623f72d30b4182118f94892698717,698717,7,单,大
2026-08-09 00:49:22,85178910,000000000513ba1e3650f2693e27fe2190eff8ff97b1bc9551d8dabecd4db572,4db572,2,双,小
2026-08-09 00:49:32,85178913,000000000513ba21e7e1a0896416af8678a74477ad185ab9fd892903b6330f69,330f69,9,单,大
2026-08-09 00:49:43,85178917,000000000513ba25228d78636d356fb35e57974fe37e901e04ad21bd7da97f89,a97f89,9,单,大
2026-08-09 00:49:53,85178921,000000000513ba29929b77fda569ac0e3712d4fa8fac20549d9e22fca343bff4,43bff4,4,双,小
2026-08-09 00:50:03,85178924,000000000513ba2c56616ecfc8055b4a32efb876a3ae6eaaf5f047689844ee5e,44ee5e,5,单,大
2026-08-09 00:50:14,85178928,000000000513ba3073371f990ed07c0e31f910c5c97b601e4ce1d64c2cd55a11,d55a11,1,单,小
2026-08-09 00:50:24,85178931,000000000513ba332c3aff7da15296e5ca35cd5863444c2edbd17a1e5c586e8a,586e8a,8,双,大
2026-08-09 00:50:34,85178934,000000000513ba36dbf75fbc980e35c0e6749f23bdc8a8ba66c0e7169bd7464c,d7464c,4,双,小
2026-08-09 00:50:44,85178937,000000000513ba396015480f0e89addd95ebfc04873b7b5404a28777c1aae2b8,aae2b8,8,双,大
2026-08-09 00:50:54,85178941,000000000513ba3d5816111a6bd77d668db625e94b6c80f0728a042990e86da1,e86da1,1,单,小
2026-08-09 00:51:05,85178945,000000000513ba41c0b3ed41d86563abd8013a0b78194f9a36a8580819e6cca3,e6cca3,3,单,小
2026-08-09 00:51:15,85178947,000000000513ba43cba53afd4b45fd89c39134f2fe1260e433451fca2ecc50cf,cc50cf,0,双,小
2026-08-09 00:51:25,85178952,000000000513ba48133d8a5025088740cd6080aafe21f8047fe192820fa2dccf,a2dccf,2,双,小
2026-08-09 00:51:36,85178955,000000000513ba4badb2c55fb366db82d94a2812eceeba955e0b4cda1af5d34d,f5d34d,4,双,小
2026-08-09 00:51:46,85178958,000000000513ba4ea8dedbee55a1cdc668aeffa834cebc580f339dafcdd83280,d83280,0,双,小
2026-08-09 00:51:56,85178962,000000000513ba52e8de1cb32b6676a146988a6cc629c7315ec62dcc1dafecba,afecba,1,单,小
2026-08-09 00:52:06,85178965,000000000513ba55fb3de8670183baa4244d9bdab15a0a165291696b4da5a9ec,a5a9ec,9,单,大
2026-08-09 00:52:16,85178968,000000000513ba58631f90419d62cdb2319b9fe92ded091f7064ba4b46b0a9a6,b0a9a6,6,双,大
2026-08-09 00:52:27,85178972,000000000513ba5c16ea3f815f8d7fae91c86da51a2e54e79f680dc3aabc947c,bc947c,7,单,大
2026-08-09 00:52:37,85178975,000000000513ba5fa781511e7dd8297878613863e6cad7896ffb2fdd13f1c3bc,f1c3bc,3,单,小
2026-08-09 00:52:47,85178979,000000000513ba63ebf7025288a97ec7dd6256e197f7722560ff7af69a043e29,043e29,9,单,大
2026-08-09 00:52:58,85178982,000000000513ba6645a7ac30f17ada5961f52775d6b73a13480576b163aa3832,aa3832,2,双,小
2026-08-09 00:53:09,85178985,000000000513ba69e4be85f8b0578b74b6e3adaaed00c68a102502e6de8b1a8e,8b1a8e,8,双,大
2026-08-09 00:53:20,85178990,000000000513ba6e472c3d451245645a7d255b2b41afcb2dd11aa0d248053fc8,053fc8,8,双,大
2026-08-09 00:53:31,85178993,000000000513ba716b38ba9af2f43c4c55ff7dbf81244e614642b3db1c47f702,47f702,2,双,小
2026-08-09 00:53:41,85178997,000000000513ba75adfb06fcaa01f4158ca4d9418dff2b27c5afb98b28778039,778039,9,单,大
2026-08-09 00:53:51,85179000,000000000513ba78f48ca3786a665356c7735c34acb9b1fd3c618cee5ae51b4d,e51b4d,4,双,小
2026-08-09 00:54:01,85179003,000000000513ba7beb716ac56aaf14c5bcf00c3085e24f5c0f26d3b8169550cc,9550cc,0,双,小
2026-08-09 00:54:11,85179006,000000000513ba7e8f602709c3b7d7381248d2ab7a23051561afb6b50ccae3c7,cae3c7,7,单,大
2026-08-09 00:54:21,85179011,000000000513ba830d2b1a52ed2b0a91e80d93caa10010c93adce8fd57074f23,074f23,3,单,小
2026-08-09 00:54:31,85179014,000000000513ba867647b45fae5e3b851ec4413602e2dc3db791106d0664a902,64a902,2,双,小
2026-08-09 00:54:41,85179016,000000000513ba88bf9640d5cc0b35f0286dda69199d109ac3062c3c13a4e455,a4e455,5,单,大
2026-08-09 00:54:51,85179020,000000000513ba8c306602287eff830c0e124f2ca88d0fd0c7eb2f82b0b93c82,b93c82,2,双,小
2026-08-09 00:55:02,85179023,000000000513ba8fc4e01ceae6b960819413975ffc358f96f104ce7a8ef3db84,f3db84,4,双,小
2026-08-09 00:55:12,85179027,000000000513ba933068e7b5bf52541b1865db115f347c4d3392f965e14eb403,4eb403,3,单,小
2026-08-09 00:55:23,85179031,000000000513ba978ea2c6e1e7b082031dd76b9598a1c59e6603c4c1fc3121b2,3121b2,2,双,小
2026-08-09 00:55:33,85179034,000000000513ba9a4a5dca4929d745d9e9e021c7b5f3a832bee861868359c903,59c903,3,单,小
2026-08-09 00:55:43,85179038,000000000513ba9e284ad637fe81b928c4a643e7e5d9d4963b78a3cd2d9262d9,9262d9,9,单,大
2026-08-09 00:55:53,85179041,000000000513baa1e91087a0ec863d7e4bd1c9bc3cc6be2cd21c0f2be4760d73,760d73,3,单,小
2026-08-09 00:56:03,85179044,000000000513baa41b29198d5c3a76390d9671add2a43bde38387776704c5915,4c5915,5,单,大
2026-08-09 00:56:13,85179047,000000000513baa7cbbc7475e215c674b7ac3e8280c9490de044bebe5ced73e6,ed73e6,6,双,大
2026-08-09 00:56:24,85179051,000000000513baab30c9fcb44ca99e74c65170d36329fb2ba04ee72bc13b17f3,3b17f3,3,单,小
2026-08-09 00:56:34,85179055,000000000513baaf432f17b2d2b96f89e5b37f0e7ca4cd4f0cb6bade0f6fa3cf,6fa3cf,3,单,小
2026-08-09 00:56:45,85179058,000000000513bab2dfd1d102436ec3589ed023e9e8da0f48bfbce9e8d297e9d0,97e9d0,0,双,小
2026-08-09 00:56:55,85179062,000000000513bab6474dd61f26fb365b2f45cfc734fb200bccff025b13c6ac15,c6ac15,5,单,大
2026-08-09 00:57:05,85179064,000000000513bab8f89dbf4f07368cbccee92fb3ac86b057e822a987ad4a9f93,4a9f93,3,单,小
2026-08-09 00:57:15,85179068,000000000513babcff80ff6be4e355ecbc0bd470410277b3e1e959459d7b049f,7b049f,9,单,大
2026-08-09 00:57:25,85179071,000000000513babff66c9431a7c195444fdeeeec08cf7e13009d19915479c0d5,79c0d5,5,单,大
2026-08-09 00:57:34,85179075,000000000513bac3dc4f9f251a63404fe6a8d6e918e05eb2907b0e344d04ee11,04ee11,1,单,小
2026-08-09 00:57:44,85179078,000000000513bac66d9f82a8c813e99bb28709f105c8af8fc5c4698526517a9a,517a9a,9,单,大
2026-08-09 00:57:54,85179081,000000000513bac90736f75a4035ce50c414d5f58d4261f9114262b7777f7742,7f7742,2,双,小
2026-08-09 00:58:04,85179085,000000000513bacdf59ddb72560633be942cbea711f5ef1671124c011b251e87,251e87,7,单,大
2026-08-09 00:58:14,85179088,000000000513bad087647db54cd46d5e4f4b99226fc31d61136dd431ae2d012a,2d012a,2,双,小
2026-08-09 00:58:24,85179091,000000000513bad3ce562c3b371e527a5daf1a3a3bfd70a240adf06e1c897005,897005,5,单,大
2026-08-09 00:58:34,85179094,000000000513bad678ac9c329c63b48b4a7a127093b0343f939e964dfaca870c,ca870c,0,双,小
2026-08-09 00:58:44,85179098,000000000513bada5b55c971c976bb0ed093fa51f02908368bb33e2bf1ba357d,ba357d,7,单,大
2026-08-09 00:58:54,85179101,000000000513badd18bcac378d90e095051334442699ab814303ed98666bdade,6bdade,6,双,大
2026-08-09 00:59:05,85179105,000000000513bae1bbfd3a18c0debac03b93551db2700f61f1cd06735c225cd4,225cd4,4,双,小
2026-08-09 00:59:16,85179108,000000000513bae4cfdd5a35aaa9f165f627c610f50f243e53648e5f49790a31,790a31,1,单,小
2026-08-09 00:59:26,85179112,000000000513bae83695a7ea5feceeddc809d8bf43d4b5e7cd47a5b14011a153,11a153,3,单,小
2026-08-09 00:59:36,85179115,000000000513baeb90617d0b8521f66fa889dda36a6ede6facf98a29bf3be212,3be212,2,双,小
2026-08-09 00:59:46,85179118,000000000513baee94a15c6b46ca286ab49adfb3bdf46a59ddd071f44ea759e3,a759e3,3,单,小
2026-08-09 00:59:56,85179121,000000000513baf1ea6f36ca2e581f1e2c30d8ab862ab6165abee4ec243190d7,3190d7,7,单,大
2026-08-09 01:00:06,85179125,000000000513baf5741a0ac88cc370cb564ecd5fc55d2d5ae4176bee306a1d5a,6a1d5a,5,单,大
2026-08-09 01:00:16,85179128,000000000513baf84a2d1fde14b8cad743ee9b45ec70523b81e8a5626c91581e,91581e,1,单,小
2026-08-09 01:00:27,85179131,000000000513bafbea21543d98e4c64f27e00d87765d1026f9453b34fcc55c76,c55c76,6,双,大
2026-08-09 01:00:38,85179136,000000000513bb009a19787e237930377bf20ec764aa2f1efb0aa61acd8da604,8da604,4,双,小
2026-08-09 01:00:48,85179139,000000000513bb0346ed75a876d66e43e292b0eac431a8b6024682d8f602b2e8,02b2e8,8,双,大
2026-08-09 01:00:58,85179142,000000000513bb0680c7144c55e51e62ceff07c80409a1153712c2546affbf58,ffbf58,8,双,大
2026-08-09 01:01:08,85179146,000000000513bb0a1156de64b0f6493584fee4c473919600ce3d4ceec945af30,45af30,0,双,小
2026-08-09 01:01:18,85179149,000000000513bb0db76a1d7ca8c822607418e4139c5d27f4e6501c0109e36750,e36750,0,双,小
2026-08-09 01:01:29,85179152,000000000513bb100413366f580aa60d080ac7a29a6737ea97418272c3a44c96,a44c96,6,双,大
2026-08-09 01:01:38,85179155,000000000513bb13eccb34e790c119d9cf4d052b56e9f51c21537a9bb5feb182,feb182,2,双,小
2026-08-09 01:01:49,85179159,000000000513bb17ea3ce174cccf266784c31cf31c879a4644a87cbf0214c5f9,14c5f9,9,单,大
2026-08-09 01:02:00,85179163,000000000513bb1bac814feaea50c4d4c954b44eae377f329dd4e8986243de42,43de42,2,双,小
2026-08-09 01:02:10,85179166,000000000513bb1e2de1d53585d467418c61c965b2d63b704accea7dfd2194c9,2194c9,9,单,大
2026-08-09 01:02:21,85179170,000000000513bb2288c13ead6678be24a6894ee9a4c1b67af64a1ce7400ef4eb,0ef4eb,4,双,小
2026-08-09 01:02:31,85179173,000000000513bb25e4a881c4046df190bed1939b5a087b752d10374e66fcb62d,fcb62d,2,双,小
2026-08-09 01:02:41,85179177,000000000513bb298d5540c7c8b5583d8745fff5ec528bdb36445f17a966d586,66d586,6,双,大
2026-08-09 01:02:51,85179179,000000000513bb2b3dc1eaeccaa86ab10b854be88fcd3c0e5865bb1385455b5c,455b5c,5,单,大
2026-08-09 01:03:02,85179184,000000000513bb309c0da98592b57862ed2e401eebbe6dee65f8e8523766f015,66f015,5,单,大
2026-08-09 01:03:12,85179187,000000000513bb33ff5cb554d10d6c5705d65aabd19dc60e0c65be9235360066,360066,6,双,大
2026-08-09 01:03:23,85179190,000000000513bb3650e9550c7494ee3498a1c05dc4a331143d5cb1c88e5be6e7,5be6e7,7,单,大
2026-08-09 01:03:34,85179194,000000000513bb3a6594cc875d96db5efde5391a39ba8a2342d68c15b4c1cdcb,c1cdcb,1,单,小
2026-08-09 01:03:44,85179197,000000000513bb3de8afd622e54d984431528ae6065b049122c34b18efbc5711,bc5711,1,单,小
2026-08-09 01:03:54,85179201,000000000513bb418e61a518cd9e4b5dd7019eb6fb0908157efc129733fb8b7f,fb8b7f,7,单,大
2026-08-09 01:04:05,85179204,000000000513bb4429472420a40bb36572ac0110d2af6381c0c76624070c70b8,0c70b8,8,双,大
2026-08-09 01:04:15,85179208,000000000513bb4840606954c257a1298311fcd7a9a28338abfcffe08d0108a0,0108a0,0,双,小
2026-08-09 01:04:25,85179211,000000000513bb4b2e031d5c3f1f0250fa17d888c11108b4ead59213d5b13383,b13383,3,单,小
2026-08-09 01:04:35,85179214,000000000513bb4e5ce5d60fd76f286509aa67f62c6e9894cca08e6ecbacfe20,acfe20,0,双,小
2026-08-09 01:04:45,85179218,000000000513bb52f232502ab392d125b0f7e26c70369f8e7dcd13bb815be49c,5be49c,9,单,大
2026-08-09 01:04:55,85179221,000000000513bb55310fb4d23489a021521bd970858140ba39440a6299692f87,692f87,7,单,大
2026-08-09 01:05:06,85179224,000000000513bb5865d0c2f7d4b77f06a113910a4768074aeae0c62c46fa2ec8,fa2ec8,8,双,大
2026-08-09 01:05:16,85179229,000000000513bb5dfe0814815f81bde831af8ac5c4f9b8c8be336dece7e7249c,e7249c,9,单,大
2026-08-09 01:05:26,85179231,000000000513bb5f628d35879887b734bccd8a010d11909749f4c15cf24aa1f1,4aa1f1,1,单,小
2026-08-09 01:05:36,85179235,000000000513bb63fddc53af9f12a05c28e55489285d575d3503f1e3b9754246,754246,6,双,大
2026-08-09 01:05:46,85179238,000000000513bb66e4e3b97168747e9b098b91ba69c24b2268958c1668016a52,016a52,2,双,小
2026-08-09 01:05:56,85179241,000000000513bb69900ecb46753859ae140c01732e62e9c2bf4a029ee58c8ca0,8c8ca0,0,双,小
2026-08-09 01:06:06,85179245,000000000513bb6dba87795396184a78659b3f88ff75f6744328367412f45eea,f45eea,5,单,大
2026-08-09 01:06:16,85179248,000000000513bb7060e29d0eb1c22546443586af09691e072f5cc38d0a9189fd,9189fd,9,单,大
2026-08-09 01:06:27,85179252,000000000513bb743e87c6ddcf48774da919e7a657a7a74110b612fc1635f794,35f794,4,双,小
2026-08-09 01:06:37,85179256,000000000513bb78ea861e24c2be6cac59f678fea0d5dd0a50e6e3f33017a69b,17a69b,9,单,大
2026-08-09 01:06:47,85179259,000000000513bb7b91903f78cd4b17a6af9dbbeaa289fe19e2ef3279c7f51e5e,f51e5e,5,单,大
2026-08-09 01:06:58,85179262,000000000513bb7e00b2cbbfcf6299657f9a6f015f7733ae6e53a1ebfae4308f,e4308f,8,双,大
2026-08-09 01:07:08,85179266,000000000513bb8279fe470933f8c7ccdcde8440b54fba1e87a6c43208a8f610,a8f610,0,双,小
2026-08-09 01:07:18,85179269,000000000513bb8587dd0d7d01d681d1b42d175b9a063ecd25ebd157cc3afacb,3afacb,3,单,小
2026-08-09 01:07:28,85179272,000000000513bb884033857b5ab886a99b1ced8bb548129a4ace299c763254d0,3254d0,0,双,小
2026-08-09 01:07:39,85179276,000000000513bb8c32cef63c1cf17388bebcc2bed3569b6abdb587d15c7f03b6,7f03b6,6,双,大
2026-08-09 01:07:49,85179279,000000000513bb8fc628205289040f3d68680beb02227ffb7f9ed3e66ce88381,e88381,1,单,小
2026-08-09 01:07:59,85179282,000000000513bb92a3d8928b971fb7ba51f5527c9e9ab66cc17d87fd00d8ba66,d8ba66,6,双,大
2026-08-09 01:08:09,85179286,000000000513bb96461a85ced62d69463ba4f8ffea6782a148ad973cc1a48242,a48242,2,双,小
2026-08-09 01:08:19,85179290,000000000513bb9a4dbfe09a9616fd9dc03670795c658a789adf83d10c796fc3,796fc3,3,单,小
2026-08-09 01:08:29,85179292,000000000513bb9c40f66bca816972c01a49679fdda421772a9bc8298549e15b,49e15b,5,单,大
2026-08-09 01:08:39,85179296,000000000513bba05b7dbcf3a337224312c6ad14745ebba947dce6ea7bf0c3e2,f0c3e2,2,双,小
2026-08-09 01:08:49,85179300,000000000513bba4716c5377d765b292bc0e6d5ab33930c5ba6c50a4401b8d88,1b8d88,8,双,大
2026-08-09 01:08:59,85179303,000000000513bba7b82ac830d7446beacf294bd82c51920f0c84935ead465669,465669,9,单,大
2026-08-09 01:09:09,85179306,000000000513bbaaf1b4e133fa4e76f6fe8a87baec1ad5099214c422ff95c99a,95c99a,9,单,大
2026-08-09 01:09:19,85179309,000000000513bbad60ab602620a7958fd5c4b603ac857dc64b0da7535ae64048,e64048,8,双,大
2026-08-09 01:09:29,85179313,000000000513bbb121ef1107deb7e670b188db203b9a602ac130f98ef21474e9,1474e9,9,单,大
2026-08-09 01:09:39,85179316,000000000513bbb4f251aec97987b7833d29f07f44e5e0c3ac215ca0f9a16497,a16497,7,单,大
2026-08-09 01:09:49,85179319,000000000513bbb7bd67ea2a50d3fe2cff837eb3ffd54ed841076b914cfbf9bb,fbf9bb,9,单,大
2026-08-09 01:09:59,85179323,000000000513bbbb3cc9ff54b710f2944be3f5aa2cdd716a67866d161ac1b48b,c1b48b,8,双,大
2026-08-09 01:10:09,85179326,000000000513bbbebf10e4a72a6456847558f5a251d64dedde01219528211e64,211e64,4,双,小
2026-08-09 01:10:19,85179329,000000000513bbc1cb7d58035421312ef46b89b919510bad18d97d5485b9e918,b9e918,8,双,大
2026-08-09 01:10:29,85179333,000000000513bbc5d7baf9c0fcff3735807a3aafb499227b485dbe77ed6869fb,6869fb,9,单,大
2026-08-09 01:10:39,85179336,000000000513bbc870ec3bee040a8a78167a444af9493382b12755ea9e728b2a,728b2a,2,双,小
2026-08-09 01:10:49,85179339,000000000513bbcb6a4e42d9b534e4c14dcdfbc6d925a429543e9eed4a71761e,71761e,1,单,小
2026-08-09 01:10:59,85179342,000000000513bbce13db823cea3415b5e47a3eb6e5c77bc36db1eb80552835e2,2835e2,2,双,小
2026-08-09 01:11:09,85179346,000000000513bbd2954824b8694c07195aaf83d1b0591809a96bb75da0611362,611362,2,双,小
2026-08-09 01:11:19,85179349,000000000513bbd5da528b58a09b718c9b374e88ecef5e1a63df94e5f4dd900e,dd900e,0,双,小
2026-08-09 01:11:29,85179352,000000000513bbd88b17d84c8f70fd6a387270b4e76bfe5139c32803074679aa,4679aa,9,单,大
2026-08-09 01:11:39,85179356,000000000513bbdcc5b72b41ca42901b59bf1f8d05f6b570ed94e15249a424ad,a424ad,4,双,小
2026-08-09 01:11:49,85179359,000000000513bbdf344b8052e72a0cf315a7d6e428bfe79a6cd8a19e6e0f2e75,0f2e75,5,单,大
2026-08-09 01:11:59,85179362,000000000513bbe270d6b4bf7e07fa228d4ee9215f05e4e783cb3d167a215919,215919,9,单,大
2026-08-09 01:12:09,85179366,000000000513bbe6fba27b12e101b526a8ecbe2875b68731ca46a2a3c2c5a431,c5a431,1,单,小
2026-08-09 01:12:19,85179369,000000000513bbe9d8e34e694bb33e7c4010f2a3994675a4c1be326c96ab5279,ab5279,9,单,大
2026-08-09 01:12:29,85179372,000000000513bbec4efd27dd19777a92293a94eae3c83738e400151d06367301,367301,1,单,小
2026-08-09 01:12:38,85179376,000000000513bbf0ff6a7d26b4059431cef90648d3bb2de62478ef6612affa25,affa25,5,单,大
2026-08-09 01:12:48,85179379,000000000513bbf30fe628504f6b0ade7e0023133d19564520a69f1af8e75b79,e75b79,9,单,大
2026-08-09 01:12:58,85179383,000000000513bbf7ac57c0047a23969db6428f106cca6e7b1293834cd811028f,11028f,8,双,大
2026-08-09 01:13:08,85179386,000000000513bbface9b0cab14d9fdc48899243b6fd546064a64204bcff85d9c,f85d9c,9,单,大
2026-08-09 01:13:18,85179390,000000000513bbfe08979696467d6b9b892ecf43b2656546fba1422114d13229,d13229,9,单,大
2026-08-09 01:13:28,85179393,000000000513bc019d2d8ba52aaec1e260515214431a7956322d420089e78575,e78575,5,单,大
2026-08-09 01:13:38,85179396,000000000513bc042ec558d2d21860a573ee184a6b0fb2f4552240225878e61d,78e61d,1,单,小
2026-08-09 01:13:49,85179399,000000000513bc0787e6256fb47338c51cbddac81ad133da0066330610478763,478763,3,单,小
2026-08-09 01:14:03,85179404,000000000513bc0cc9219d23b740f1f90ca1a44703f3bd3cbee23a8252592556,592556,6,双,大
2026-08-09 01:14:16,85179408,000000000513bc1037355c02692a67b90d59b1db0d47715f1cc9a66ba0134e94,134e94,4,双,小
2026-08-09 01:14:31,85179413,000000000513bc15f853efd8a7acb8bca75f09f176abc7d267c4501616bf13c9,bf13c9,9,单,大
2026-08-09 01:14:45,85179418,000000000513bc1a59c2bb56fe60d1368b22df5ba2bfba01990de3ce489e9113,9e9113,3,单,小
2026-08-09 01:14:55,85179421,000000000513bc1da4bc39ab6a07f98ea12bd551802d851fbac23ac7b1210d56,210d56,6,双,大
2026-08-09 01:15:05,85179424,000000000513bc2028d5b3a214139bf97dae82073ac2b4cb4c76fec05c48210d,48210d,0,双,小
2026-08-09 01:15:16,85179428,000000000513bc243d8378021f816e8b9aa396e69f7bbbe5c88c4213a8a56a3e,a56a3e,3,单,小
2026-08-09 01:15:27,85179432,000000000513bc28ae7afaf5d905010e44b251d6732079688e10929fb5652928,652928,8,双,大
2026-08-09 01:15:37,85179436,000000000513bc2cda11364192c92237a687f5801e44fe6c324eb4a95ce8f130,e8f130,0,双,小
2026-08-09 01:15:48,85179439,000000000513bc2f73fc28e31279334742ab59c16d28495ccc86f6753769bba9,69bba9,9,单,大
2026-08-09 01:15:59,85179442,000000000513bc32d82cf4e425e2c5bf62fcc28cc37b48d408a812e6ae7fa7f3,7fa7f3,3,单,小
2026-08-09 01:16:09,85179446,000000000513bc36e9c4c31dcbaa68c6981d889791d5c3e2b05b2641d70c60e0,0c60e0,0,双,小
2026-08-09 01:16:19,85179449,000000000513bc39c4a5ffc0634e3c0a610a35e406d2516e1357bb474686e3e2,86e3e2,2,双,小
2026-08-09 01:16:30,85179453,000000000513bc3d40d0e613c533a5674d91061e0530e474ab47a331de8ce8c5,8ce8c5,5,单,大
2026-08-09 01:16:40,85179457,000000000513bc41d1b02115994429bc3cf2322f0404cf707c7e07695a2276bf,2276bf,6,双,大
2026-08-09 01:16:50,85179460,000000000513bc44b1bdacc39a3008289110d54492f4c0c5aec7d77f4d9741eb,9741eb,1,单,小
2026-08-09 01:17:00,85179463,000000000513bc47cdc2a52c762bcb3b057edf55e26af708b788e600b86e8dac,6e8dac,8,双,大
2026-08-09 01:17:10,85179466,000000000513bc4a5ebb315351832b4b1a959bb8217c54ea59d69772585a514f,5a514f,4,双,小
2026-08-09 01:17:19,85179469,000000000513bc4d0b90c34b213ebf37fa27cba2307d3a4ab4d329ec7f76303a,76303a,3,单,小
2026-08-09 01:17:30,85179472,000000000513bc50f2f23f4bce91fc23e416daa2f1ad5a7aa1064bf48c07461b,07461b,1,单,小
2026-08-09 01:17:40,85179476,000000000513bc5470237bd56cb611f493d0b06be129b0146104ce8b7d3cdba3,3cdba3,3,单,小
2026-08-09 01:17:49,85179479,000000000513bc57bf0265874eb98614dfff830643832191abfc58c1ab1900eb,1900eb,0,双,小
2026-08-09 01:17:59,85179482,000000000513bc5ad73cb8c57ed18a333b9cc79d2d2c378861f0d8cd604d7246,4d7246,6,双,大
2026-08-09 01:18:09,85179486,000000000513bc5e52b130d014f5d0de51640e890bbb148b1b8f5b8280147358,147358,8,双,大
2026-08-09 01:18:20,85179490,000000000513bc6223ce077737708da8746946097bac16eb48c82c78bf0c1595,0c1595,5,单,大
2026-08-09 01:18:31,85179493,000000000513bc65f4600b50a0526512f34ca87f6cea5e32a25a29ebd5d57e0a,d57e0a,0,双,小
2026-08-09 01:18:42,85179496,000000000513bc68a2e2382e709644a3ac3f96fb267f80d2f5fec3d27a3ef5ed,3ef5ed,5,单,大
2026-08-09 01:18:53,85179500,000000000513bc6c02ab47fa03418203c751d203e778f910462bf2c769dcddc7,dcddc7,7,单,大
2026-08-09 01:19:03,85179505,000000000513bc718c5a39e9c9a9e64d6e67be5e12d31ff4398b71d69b95d9b2,95d9b2,2,双,小
2026-08-09 01:19:14,85179508,000000000513bc7447750dfca6f0a972d8559aa399f0184beee7c33e5f836214,836214,4,双,小
2026-08-09 01:19:25,85179511,000000000513bc7759ac02215ac2d24a8708657c35d3f47a6f0f4eec9de8293d,e8293d,3,单,小
2026-08-09 01:19:36,85179515,000000000513bc7b200ad2c2265f93c5b7563cd998e157664abc4df0d3846019,846019,9,单,大
2026-08-09 01:19:46,85179518,000000000513bc7eae70a5ec9ddf1514a3f17f05b767aee42d3571dbade4d9bd,e4d9bd,9,单,大
2026-08-09 01:19:56,85179522,000000000513bc82ccd7bf811e38e2aa9a86090d61b6a4e0c3ee8baaa2c76114,c76114,4,双,小
2026-08-09 01:20:06,85179525,000000000513bc858a02121e3dc6278f6dfb591ec59861fed143a6e6c2e41ebe,e41ebe,1,单,小
2026-08-09 01:20:17,85179528,000000000513bc88b4a6ecb7cbd53ea3771a85f0f413f10bcb1c0d144277d6b3,77d6b3,3,单,小
2026-08-09 01:20:27,85179532,000000000513bc8cce283d50657e507ee23b6b96a898ec6ae1920935125674d0,5674d0,0,双,小
2026-08-09 01:20:38,85179536,000000000513bc90b5a71a7f37630b7298d85a7ed051c54a368fc0e61dc6586e,c6586e,6,双,大
2026-08-09 01:20:48,85179538,000000000513bc928bba7efbec93a84b6df7e767c0644fa64cdd8ad7f736b398,36b398,8,双,大
2026-08-09 01:20:57,85179542,000000000513bc96aab25729bc213e1fa11ce498c448393ca4d98f8af73e8f35,3e8f35,5,单,大
2026-08-09 01:21:07,85179546,000000000513bc9abae0bf94efc572cd33aa1421f739362e79c6d62e34da9a07,da9a07,7,单,大
2026-08-09 01:21:17,85179549,000000000513bc9d38e04c986a60c1a1fc330f187978baef31f2338ab338c6a5,38c6a5,5,单,大
2026-08-09 01:21:27,85179552,000000000513bca00e7785526d8c129fed4dc991037896dd384225035ba844fa,a844fa,4,双,小
2026-08-09 01:21:37,85179556,000000000513bca4d30bf51306076ac3861cd32149b3c760cd077d6b2449574e,49574e,4,双,小
2026-08-09 01:21:47,85179559,000000000513bca7aa863e8095defe0c8c141159b303306f2c6e1552bcc18a62,c18a62,2,双,小
2026-08-09 01:21:57,85179562,000000000513bcaac13d2a02327cdbb1ab2bddab46338ee52b6d0a347114d921,14d921,1,单,小
2026-08-09 01:22:07,85179565,000000000513bcad94bf02793d4b539df96827ad16bca3ed37dfb40be6285f6d,285f6d,6,双,大
2026-08-09 01:22:17,85179569,000000000513bcb1f850882535a9c0db571263dadceb708cde2a8819c4d3e49f,d3e49f,9,单,大
2026-08-09 01:22:26,85179572,000000000513bcb4cfa99bf68e2dc24b3f47737a54072545a1d7d780077afdb3,7afdb3,3,单,小
2026-08-09 01:22:36,85179575,000000000513bcb7ad5a8a62bf72ec655c0d4103f269fb7ed4ed4d3abe5a497b,5a497b,7,单,大
2026-08-09 01:22:46,85179578,000000000513bcbac11e8ff3aa7f20f95bfcc63880621f82c91cd0d76543f992,43f992,2,双,小
2026-08-09 01:22:56,85179581,000000000513bcbd18e945e63bde8c5057b41627c3096631dc97f8d218d5e376,d5e376,6,双,大
2026-08-09 01:23:06,85179585,000000000513bcc117af6b47f92d8e134b57da859df384a1f9ae8c9019769ca2,769ca2,2,双,小
2026-08-09 01:23:16,85179588,000000000513bcc4c1c35b7d7c3df4fac3b825921e6e9537563856629afc7ff6,fc7ff6,6,双,大
2026-08-09 01:23:26,85179591,000000000513bcc773cd7a835a6d2dc5942e52c23818a84acdcdc2c77fc0257d,c0257d,7,单,大
2026-08-09 01:23:36,85179595,000000000513bccbd1e6b9c5a799fe31c3ceaba12900a599326df0ace3fed743,fed743,3,单,小
2026-08-09 01:23:46,85179598,000000000513bcce4e4c80e37054391a751366affe24ad83cbc36aa5ecb5b684,b5b684,4,双,小
2026-08-09 01:23:56,85179601,000000000513bcd1168c18e0140e17bbe83beaa13f378da2e9db8f0675c326cf,c326cf,6,双,大
2026-08-09 01:24:06,85179604,000000000513bcd49108a9241a851a90e82990c461193ae3e06aa5b5925c7e62,5c7e62,2,双,小
2026-08-09 01:24:16,85179608,000000000513bcd8c66af40f3abba916189a3229be3c6eb196fa81337e4c68c3,4c68c3,3,单,小
2026-08-09 01:24:26,85179612,000000000513bcdc5ada333a60eaa2f22d4b50857e28a6e4e9225840e0f4c2c3,f4c2c3,3,单,小
2026-08-09 01:24:36,85179614,000000000513bcde2679a1c2f610cd72933c0191208ee88b999ea18d6a0d2a12,0d2a12,2,双,小
2026-08-09 01:24:45,85179618,000000000513bce21a85cbb33651a3b943c798d319928c2d930407bca8e6598d,e6598d,8,双,大
2026-08-09 01:24:55,85179621,000000000513bce5e5cbcc19a71b6116b2c404b94869143984c761a94313c6df,13c6df,6,双,大
2026-08-09 01:25:05,85179625,000000000513bce9e99fa4f93403f84aa2517c56ff477f2ebfb9dd10d4d7460e,d7460e,0,双,小
2026-08-09 01:25:15,85179628,000000000513bcec86cf80d6b243688d9ae4403200cf7569c318f944fda26804,a26804,4,双,小
2026-08-09 01:25:25,85179631,000000000513bcef81d93b11af4b98fede15c8a204923366062e5631f2477767,477767,7,单,大
2026-08-09 01:25:34,85179634,000000000513bcf22a9ca7623cb01a1391be7e50aea736722df49c5d5d4636cc,4636cc,6,双,大
2026-08-09 01:25:44,85179637,000000000513bcf5c152e437e4a3b0951e92c05929254c25e584005abc79f1cb,79f1cb,1,单,小
2026-08-09 01:25:54,85179641,000000000513bcf97ff5c3c9d0e8686fc2be4f8c91dcce8352ef5b6bd25172be,5172be,2,双,小
2026-08-09 01:26:04,85179645,000000000513bcfda50757370b855a3e0d86b5822edaf0f0be3dd3e53e8dbcc3,8dbcc3,3,单,小
2026-08-09 01:26:15,85179648,000000000513bd001bc6aad40daeab387a7ae89620800ce1ef1fc6f46444d3b5,44d3b5,5,单,大
2026-08-09 01:26:26,85179652,000000000513bd04e3720ad7c12adf985b21c166fe7d9e5ea1eb756e06771efc,771efc,1,单,小
2026-08-09 01:26:37,85179656,000000000513bd0856546826cbf8f60022eb232ffec81be480471d4b01dba5da,dba5da,5,单,大
2026-08-09 01:26:48,85179659,000000000513bd0b14783880d4672dddd7c5270b73de22a546a899caafe643ca,e643ca,3,单,小
2026-08-09 01:27:00,85179663,000000000513bd0f85402596b665be7026a954cbe810aa68b99832124844759e,44759e,9,单,大
2026-08-09 01:27:11,85179667,000000000513bd13a4c04743c6bab9e36fe32e4f480a9534821a9046d564b73c,64b73c,3,单,小
2026-08-09 01:27:21,85179670,000000000513bd16d420274a6d0eaed2eade403c65555b6c4828e530b565f2fd,65f2fd,2,双,小
2026-08-09 01:27:31,85179674,000000000513bd1aec067adcad18bed0f383e7dc9b1f1a233c7e2162adbe490a,be490a,0,双,小
2026-08-09 01:27:42,85179676,000000000513bd1c27166ee4a916bb6ac10db905f1bd1d20a7c46e57d170b074,70b074,4,双,小
2026-08-09 01:27:53,85179681,000000000513bd211fe39310facdcbf35ccab271f2518266b7c20aa967be7c1c,be7c1c,1,单,小
2026-08-09 01:28:03,85179685,000000000513bd254dcfa119ca8f6facc8ada62c102ef88ae942d7af30a998f2,a998f2,2,双,小
2026-08-09 01:28:14,85179687,000000000513bd27a05cd640b6f549817a35b791910dfbd4f9ed413fb98b1df7,8b1df7,7,单,大
2026-08-09 01:28:25,85179691,000000000513bd2b5d46e9f73680cd5da01fd8f50bee82af4755be40a5dea934,dea934,4,双,小
2026-08-09 01:28:37,85179695,000000000513bd2f6ea7697d1ee07b51de436b9651cc42bfccb332f2c88f38fd,8f38fd,8,双,大
2026-08-09 01:28:48,85179699,000000000513bd3328b1caa19f46de170671b3194e0e767eaf1fd843d82b44b3,2b44b3,3,单,小
2026-08-09 01:28:59,85179702,000000000513bd36aa97c13a56fdff4e596f98451f309b31080b10c58190dc6f,90dc6f,6,双,大
2026-08-09 01:29:09,85179707,000000000513bd3b98d5ee45c20867e74643e096fb5e1fcb3700b22c037b5c68,7b5c68,8,双,大
2026-08-09 01:29:20,85179710,000000000513bd3e61b28abf735719750b4796f737cd3828727a2e14d7bec5f1,bec5f1,1,单,小
2026-08-09 01:29:31,85179713,000000000513bd4162d0280ee449b9c836aea46631bfd1b0b46bcfdc36f772f6,f772f6,6,双,大
2026-08-09 01:29:42,85179717,000000000513bd459470dcc59abfeb4386f378045192f511ab7c6dec1d3f9cea,3f9cea,9,单,大
2026-08-09 01:29:53,85179721,000000000513bd4970a98d9b7a5253ee6c3f6064581e108d1eb873d02b3897ef,3897ef,7,单,大
2026-08-09 01:30:04,85179724,000000000513bd4ccf13267377c6aed3a2687f26619316e6760e4ae9f5242698,242698,8,双,大
2026-08-09 01:30:15,85179728,000000000513bd50ae84ffbccf4b8b2e0a05206ad12d133c23740c487d1253f3,1253f3,3,单,小
2026-08-09 01:30:25,85179731,000000000513bd530c8f86b6b8567f489b8ac782fa66df6f0b8292bcbeace37d,ace37d,7,单,大
2026-08-09 01:30:35,85179734,000000000513bd563d453ce5709b3783539a5806664283a543e48f8cda9a2e44,9a2e44,4,双,小
2026-08-09 01:30:45,85179738,000000000513bd5a91f823ee8e250390e8d59299904ab0a965297d3883dfb2a0,dfb2a0,0,双,小
2026-08-09 01:30:56,85179742,000000000513bd5ee4ed2616b7d0ee33ccba35b84a2e7c537c091f31418608f2,8608f2,2,双,小
2026-08-09 01:31:07,85179746,000000000513bd620dfbde4f8014a210e9a545c75a31705fddfb8ac613cb1d76,cb1d76,6,双,大
2026-08-09 01:31:18,85179749,000000000513bd65301616a3046dd48d2775c30218d5ee03f6819a8c102ac665,2ac665,5,单,大
2026-08-09 01:31:29,85179753,000000000513bd69ea21b39a08726ef3d85bb11c0154010b54c9c9909bd8bd33,d8bd33,3,单,小
2026-08-09 01:31:40,85179756,000000000513bd6cb83b68d1fde035dbafc525cdb7e0a0c46ec3cfe0bf8e9787,8e9787,7,单,大
2026-08-09 01:31:51,85179760,000000000513bd70c6634be3a1116b34910557135f82313abaa542241f3e19f8,3e19f8,8,双,大
2026-08-09 01:32:01,85179764,000000000513bd74bb1207430b1fbe6f51258e3ace1e69e53c9de76bd4ef79e5,ef79e5,5,单,大
2026-08-09 01:32:12,85179767,000000000513bd77a7de225ad6613dafc43d505d6f5bca061b11dd93d5cb09e8,cb09e8,8,双,大
2026-08-09 01:32:23,85179770,000000000513bd7a26239c8dc071d1d13ee7ca531cbb70711460f4697297b85f,97b85f,5,单,大
2026-08-09 01:32:35,85179774,000000000513bd7e7cb9386cf86a3056c922eb681048cdcca5869c601e5c790b,5c790b,0,双,小
2026-08-09 01:32:45,85179778,000000000513bd8231994764dcabda56a9b3ba78096aa5dcc5083c247cd11cb6,d11cb6,6,双,大
2026-08-09 01:32:56,85179781,000000000513bd851d39dddd3515b0a5c6e57592cbc00ce771085b248e0119a8,0119a8,8,双,大
2026-08-09 01:33:07,85179786,000000000513bd8aec511056f6dc783eb4d51da8ed1af231ebfd8f59cc68f219,68f219,9,单,大
2026-08-09 01:33:18,85179789,000000000513bd8d59e68b99096c107aa9870889a73c0885836af843ea49ab0e,49ab0e,0,双,小
2026-08-09 01:33:29,85179792,000000000513bd90e1e92542201abc4e8e19c50947c3a830fb8558d7c8eadce1,eadce1,1,单,小
2026-08-09 01:33:39,85179796,000000000513bd9423b98cfd8422720f6be443018217d91f01d106ef09fbabbc,fbabbc,9,单,大
2026-08-09 01:33:49,85179799,000000000513bd970546f9f2acaa04705aae12d610f163534d47ba4acacf628e,cf628e,8,双,大
2026-08-09 01:33:59,85179803,000000000513bd9ba37de38ca7f8a2cdae6754b385c03b45aef4a2aaa80af075,0af075,5,单,大
2026-08-09 01:34:09,85179806,000000000513bd9eb8ffcc2ce62d5aff8f9f4f75f847ad629f8c6b9c7645917c,45917c,7,单,大
2026-08-09 01:34:19,85179809,000000000513bda1d3c3cc058019e296181dc567ed3d7de7cb820fda3e761a15,761a15,5,单,大
2026-08-09 01:34:30,85179813,000000000513bda596dd530842978a769b09bcf6cdde15462b70bd0adac45ed3,c45ed3,3,单,小
2026-08-09 01:34:41,85179816,000000000513bda80a49487476155a6159d2ae5f779a9763ff2bf9a20463bc92,63bc92,2,双,小
2026-08-09 01:34:52,85179820,000000000513bdac7bb5d86aa11637dfa9e01d986cc81bb668a4d19030393172,393172,2,双,小
2026-08-09 01:35:02,85179824,000000000513bdb0ab9043ed56d626c23f4d66a7714fb531d0ea90bfe4c4ae1c,c4ae1c,1,单,小
2026-08-09 01:35:13,85179827,000000000513bdb3a659b921e5db970272f00473c2915b31dc418c83506fcc26,6fcc26,6,双,大
2026-08-09 01:35:24,85179831,000000000513bdb7d86f4f2be8f51cf524c2cbe406078d240a8f88e00530e516,30e516,6,双,大
2026-08-09 01:35:35,85179834,000000000513bdba6f506a8c11ca815bed72bd9508be6f367f8571273530197e,30197e,7,单,大
2026-08-09 01:35:45,85179838,000000000513bdbe793e8f17d58642632f4d1c0b650efa49c6a8942e539d19bd,9d19bd,9,单,大
2026-08-09 01:35:56,85179841,000000000513bdc1f827a195f43f954f5d5d1e14d9d58548f508e607b2c174ee,c174ee,4,双,小
2026-08-09 01:36:07,85179845,000000000513bdc555bb48051a59f3ad762cc759cc583a15eb5cad03583eb68f,3eb68f,8,双,大
2026-08-09 01:36:18,85179849,000000000513bdc94bbd1c9946c140561047f43362d9ea170f9bd48454f4a8be,f4a8be,8,双,大
2026-08-09 01:36:29,85179853,000000000513bdcdadff8f6e6d913c718d3c9d79051c16f4b675fbefc3e5e6e8,e5e6e8,8,双,大
2026-08-09 01:36:40,85179856,000000000513bdd085e15e4b134d1efb15e5e52d2aab0e9df9005c6e532e282f,2e282f,2,双,小
2026-08-09 01:36:51,85179860,000000000513bdd4c7d72830617856e572af74025299f61646e47ebb8e642663,642663,3,单,小
2026-08-09 01:37:02,85179863,000000000513bdd7b4f12d04d58b8e39a6e91148e31c4017000f2676713653c4,3653c4,4,双,小
2026-08-09 01:37:12,85179867,000000000513bddb0b997009699d55d4f5aaef3262c1eecc6a0c45f6e3889e00,889e00,0,双,小
2026-08-09 01:37:23,85179871,000000000513bddfbcf8b9e7216e283ac923acbd60989c1fa0dcc96d0980d804,80d804,4,双,小
2026-08-09 01:37:34,85179874,000000000513bde249619a6879402e12b8d1d94b35528626e062c4d1ede1b3c9,e1b3c9,9,单,大
2026-08-09 01:37:45,85179878,000000000513bde693e847301073bfe35a5a94a3027c283df29d015e15561d30,561d30,0,双,小
2026-08-09 01:37:56,85179882,000000000513bdeaf0a593ba4271ec336898c6fe5e06a6d31d0c63166066e51e,66e51e,1,单,小
2026-08-09 01:38:07,85179885,000000000513bdedf7437c5a80343e9aef82fba7e338f79c4881a15674b99fee,b99fee,9,单,大
2026-08-09 01:38:17,85179889,000000000513bdf150213d9f283ad30064c205a97c05d41d68d9a691175f0a6b,5f0a6b,6,双,大
2026-08-09 01:38:28,85179893,000000000513bdf5b1e488b521857646e6b95ee9da229f3a7c5f743f1c33b626,33b626,6,双,大
2026-08-09 01:38:39,85179895,000000000513bdf770fc99eeecea8d5075eb8589f51ac1f53e618e37bf1a9c94,1a9c94,4,双,小
2026-08-09 01:38:50,85179899,000000000513bdfb4fac09b6245febcfe3e8116d707b64461aa0a7166a7a99c7,7a99c7,7,单,大
2026-08-09 01:39:01,85179903,000000000513bdff3e5d5793346034e6f1446124841de9cac92fb13ecf8f1379,8f1379,9,单,大
2026-08-09 01:39:12,85179907,000000000513be0346574b7991a4d3e9777ca09249272554b6907d64fce1dc4f,e1dc4f,4,双,小
2026-08-09 01:39:23,85179910,000000000513be067b0f65b12413d189097aeb51d9047255e1bf4420fda492ff,a492ff,2,双,小
2026-08-09 01:39:34,85179914,000000000513be0a7c209f2ab9d2f1e2fea5a8da339cc942f8384051dc6f27ec,6f27ec,7,单,大
2026-08-09 01:39:46,85179918,000000000513be0e779d5da5b69db553f41d0368f5d8c8e4573a1a42a88982c2,8982c2,2,双,小
2026-08-09 01:39:57,85179922,000000000513be12c38a9c17f04f9bf8dd119aa4864d056f1de9f7cef9a93fdd,a93fdd,3,单,小
2026-08-09 01:40:09,85179926,000000000513be16a6811f07d0911ae0599275b1cd3c4b63fdd5911f9af3f988,f3f988,8,双,大
2026-08-09 01:40:20,85179929,000000000513be19082fbe4a514e8e9bd25216e44212b233324d34a56b399591,399591,1,单,小
2026-08-09 01:40:31,85179933,000000000513be1d5df3c5186ba35a16e0c8be797031b1bb0a53f23300e1e8b2,e1e8b2,2,双,小
2026-08-09 01:40:43,85179937,000000000513be214d457ef13c00d0ef00f2dba9d0633245265635502ed6cc5a,d6cc5a,5,单,大
2026-08-09 01:40:54,85179940,000000000513be244cfc26537806af7f9c5b577eef12a14bf1f6e1e393bb03da,bb03da,3,单,小
2026-08-09 01:41:06,85179945,000000000513be2947e0ff429c46079047f5b1fb10f32cf2c41cda3994c43efb,c43efb,3,单,小
2026-08-09 01:41:18,85179949,000000000513be2d709c83de97d9ccd3ef22e8900c33200e0fd788e8534bfde5,4bfde5,5,单,大
2026-08-09 01:41:29,85179952,000000000513be304d26522017cca7d6ec14b09744bf81b61e6c538bb1346a44,346a44,4,双,小
2026-08-09 01:41:42,85179957,000000000513be357551a416925c5bae908412ff155adbc2bf455f4a17a6979f,a6979f,9,单,大
2026-08-09 01:41:53,85179960,000000000513be38dfbf4e46570c58f8ad337b7ce7f94d96c0f784bf1bca8e44,ca8e44,4,双,小
2026-08-09 01:42:05,85179964,000000000513be3c8b71be374e7d52f73931df963f036a9c940ed795dcacd44e,acd44e,4,双,小
2026-08-09 01:42:16,85179969,000000000513be4151ac8313f813ba3a0be09d5ba792c6ceb7e1b8a7890f49a8,0f49a8,8,双,大
2026-08-09 01:42:28,85179973,000000000513be45eea1e21c6258e4ff15bdee37154d356f736d4add69c90344,c90344,4,双,小
2026-08-09 01:42:39,85179976,000000000513be4835d6769fd7174c1f825bcea5a419ab42f9b8e80a0704ba5f,04ba5f,5,单,大
2026-08-09 01:42:50,85179979,000000000513be4b6fed9070708401286111eeac3513c61bfd3a9bc9661ce2a5,1ce2a5,5,单,大
2026-08-09 01:43:02,85179983,000000000513be4fc4d34f37794649c3c0a4149e645cfe32a4f08a2aba70c459,70c459,9,单,大
2026-08-09 01:43:14,85179987,000000000513be53b9d83ae5115bf2b9aaf1d655f7b736a1731857002980891b,80891b,1,单,小
2026-08-09 01:43:26,85179992,000000000513be5865ea479bcf97adc384dfb6e9574bbc6c316482d26f2ee88d,2ee88d,8,双,大
2026-08-09 01:43:37,85179995,000000000513be5b1d41927d34715c655ec8585fc81566e85b962b4345d0eb52,d0eb52,2,双,小
2026-08-09 01:43:48,85179999,000000000513be5f65dfba43ecafa72ffde19979251cd35c1c70a02cd206f5e2,06f5e2,2,双,小
2026-08-09 01:43:56,85180020,000000000513be74c0918e094fecdda636e95fcb6e9d9c739838b9d16bd20dfc,d20dfc,0,双,小
2026-08-09 01:44:42,85180040,000000000513be887ebfda413d7508f3e94955a58f87b80608d5d602ce61c49c,61c49c,9,单,大
2026-08-09 01:46:04,85180060,000000000513be9c707874aeb5b982637bd0c730ddec1cd0c3dea7746d5c2c92,5c2c92,2,双,小
2026-08-09 01:46:43,85180080,000000000513beb0888922fe34964d6932108dffc4d0eabc8a6e050c5f64b464,64b464,4,双,小
2026-08-09 01:47:42,85180100,000000000513bec416cb2d4f1bf11cf9feb1e9f54f8ba864d246695b22237f10,237f10,0,双,小
2026-08-09 01:58:33,85180300,000000000513bf8c7943420f39a0ffc00f5a6675118203c46ca9a0ddd161f433,61f433,3,单,小
2026-08-09 01:58:47,85180320,000000000513bfa05e556eb1d304d87ddfe26cddab7ce21750419649aac829c3,c829c3,3,单,小
2026-08-09 01:59:38,85180340,000000000513bfb4bd238de80d4d4e48a171e9abf543389557e40fef01ca4508,ca4508,8,双,大
2026-08-09 02:00:53,85180360,000000000513bfc80cdd0de328ca2298a43788806cb2d2e01cc54c0ff3a1fca5,a1fca5,5,单,大
2026-08-09 02:01:46,85180380,000000000513bfdc09636388d96845445cb794a30a1fd67e3198dab9cbc76b9c,c76b9c,9,单,大
2026-08-09 02:02:49,85180400,000000000513bff08219c150c7c44476cdf0f881a970ae87989bff78e74242f4,4242f4,4,双,小
2026-08-09 02:03:43,85180420,000000000513c0047a33d064b549d55dfda40e470d984578a57891361dc3aea1,c3aea1,1,单,小
2026-08-09 02:05:22,85180440,000000000513c01810181b261907f77da9a0cdd9814f3cf1aeb49accf120231a,20231a,1,单,小
2026-08-09 02:05:44,85180460,000000000513c02c69042913042720d067d29b469614e24ba5167d46c17b7b6e,7b7b6e,6,双,大
2026-08-09 02:06:49,85180480,000000000513c0402b60602bf14b5872d155015e0fa3bdaf3cb5c7956656421c,56421c,1,单,小
2026-08-09 02:07:42,85180500,000000000513c0546235ca50f9ee88450b0db035d0fadecad26154d4a3aa8a5b,aa8a5b,5,单,大
2026-08-09 02:08:47,85180520,000000000513c068c283ec69673986770b279cde4745438d66984e47cc75b2e0,75b2e0,0,双,小
2026-08-09 02:09:51,85180540,000000000513c07c7e9dfbb50f67f89cb0df507c3ae3f291d9194e644238da0e,38da0e,0,双,小
2026-08-09 02:10:45,85180560,000000000513c09013fdd0911ca8407f30b72020ae1d036aa764f9633633a1b7,33a1b7,7,单,大
2026-08-09 02:11:49,85180580,000000000513c0a431739a5d943a8ceb95d87ab53fdfc993db992ba45ab5782f,b5782f,2,双,小
2026-08-09 02:12:41,85180600,000000000513c0b832263f91f282dcfdd1c0b44ef7e5cadfee92e0c683f9668f,f9668f,8,双,大
2026-08-09 02:13:42,85180620,000000000513c0ccebc932d8cd38e55afc21f99bb82f8640c84db6b99d2cb038,2cb038,8,双,大
2026-08-09 02:14:47,85180640,000000000513c0e02551f4fef593c122228c3c94de0c81435add2ee85e7e1fb7,7e1fb7,7,单,大
2026-08-09 02:17:26,85180680,000000000513c108dcfcf0337618aec50defcd3c382119c8a4791529a2464f52,464f52,2,双,小
2026-08-09 02:17:47,85180700,000000000513c11c603035f7a359eb02c1c1b74366225c359ea570e25ad6a179,d6a179,9,单,大
2026-08-09 02:18:47,85180720,000000000513c130a51c408f0adce9e3259d03b757ae48e468b21e7764cbd6df,cbd6df,6,双,大
2026-08-09 02:19:41,85180740,000000000513c1449f00d45661c517b37e8b997313e553235ce1a002af56b2ac,56b2ac,2,双,小
2026-08-09 02:20:45,85180760,000000000513c158f080ff6afa7ecf305d095c2e3bab8fdca7c096d1a919f0c6,19f0c6,6,双,大
2026-08-09 02:21:49,85180780,000000000513c16cb57ed763985a2f520f770cba15756ef4910afc355a3bb4af,3bb4af,4,双,小
2026-08-09 02:22:42,85180800,000000000513c180d96e557a4dfe58f098142cae59e9d9f01660d5eb3fc600f0,c600f0,0,双,小
2026-08-09 02:23:43,85180820,000000000513c194ff8e51ef9442669ef5a7fc86f9208de7a53cba79a8913506,913506,6,双,大
2026-08-09 02:24:48,85180840,000000000513c1a8a17d18b4fab4dd25e7495571819a936e6baace98573af917,3af917,7,单,大
2026-08-09 02:43:03,85181200,000000000513c310e129c1d791c731ad2fb36e610ae93796d94db250c721a175,21a175,5,单,大
2026-08-09 02:43:43,85181220,000000000513c324dc3c5b33d39658bcc1eaeb9f47ecf41970e7eb4033b4b20d,b4b20d,0,双,小
2026-08-09 02:44:42,85181240,000000000513c338e99de97f2b3ad4a7156eaafe3e4e37508b1617571ffa0338,fa0338,8,双,大
2026-08-09 02:45:42,85181260,000000000513c34cdd41cfbee7d7cae58c26fa31e1d70ed1d36059691cc46bfc,c46bfc,6,双,大
2026-08-09 02:46:45,85181280,000000000513c36006c0b72c686a90a529e81c20ce6acee46bff827e83e77c51,e77c51,1,单,小
2026-08-09 02:47:47,85181300,000000000513c374bd39faf7443b481d2db401c7ab4cc6f266fef32f54f6daf1,f6daf1,1,单,小
2026-08-09 02:48:47,85181320,000000000513c388c7605b7aa05da9576c318acb543fa761c49019c64367aeb2,67aeb2,2,双,小
2026-08-09 02:49:46,85181340,000000000513c39c22c07d4d86db7be660d8707cc02b7d43b809612e84f47e51,f47e51,1,单,小
2026-08-09 02:50:47,85181360,000000000513c3b05b3b85a45dff3d08ccfb4eb573adbd32eac0d1f76204a9d3,04a9d3,3,单,小
2026-08-09 02:51:46,85181380,000000000513c3c4a8e01106effa8c692e6d99fe396833380b5743310c543a1d,543a1d,1,单,小
2026-08-09 02:52:45,85181400,000000000513c3d8e3d7243eb495774ddf3459405f16417b76bd1c40d0923549,923549,9,单,大
2026-08-09 02:53:44,85181420,000000000513c3ec4e5b91200f75144c66843d0cf3a2edfc6727df534b2b9c1f,2b9c1f,1,单,小
2026-08-09 02:54:43,85181440,000000000513c40000dbe447d2756a7c3cdbcafcc5f6640f29c2b272c4463a6d,463a6d,6,双,大
2026-08-09 02:55:45,85181460,000000000513c414330fe60d38c04d27ea9560d90e3234876c7fff0c75afdcf3,afdcf3,3,单,小
2026-08-09 02:56:44,85181480,000000000513c428a799c66b2aaf7f19512fb5f394265b7c145bbaee52325b13,325b13,3,单,小
2026-08-09 02:57:43,85181500,000000000513c43c4114242b30da5285004ab9f41fe94717f9a363df06f2a294,f2a294,4,双,小
2026-08-09 02:58:42,85181520,000000000513c450324eed8dd586b342c3120d6b5076ccc7185e4b009df532f8,f532f8,8,双,大
2026-08-09 02:59:40,85181540,000000000513c46447697b1dd44b0e5e930276aa93961c213a1932b21861710a,61710a,0,双,小
2026-08-09 03:00:41,85181560,000000000513c4781fe18d3e9aabea3a00c32542af61e7b2d87ef12da9bd3390,bd3390,0,双,小
2026-08-09 03:01:44,85181580,000000000513c48cd8efcc4c91cc676e4d7122531aa3ebc58eba5f7b7c370171,370171,1,单,小
2026-08-09 03:02:48,85181600,000000000513c4a0641777d839b7e3481cbe5700b913ac43a74211db8931e69a,31e69a,9,单,大
2026-08-09 03:03:40,85181620,000000000513c4b451ccf05244d5d08e3b359fdef1b3a606c4ee2a6f9af6bf8e,f6bf8e,8,双,大
2026-08-09 03:04:40,85181640,000000000513c4c88061fdc6a6d48f38f3beb4e70a82eb7e9e8d016081ecca78,ecca78,8,双,大
2026-08-09 03:05:49,85181660,000000000513c4dc2f1a27f7230300952d2caad461392ebde03b0c82f3650db4,650db4,4,双,小
2026-08-09 03:06:39,85181680,000000000513c4f064d09f284f362c4835b235db4b6eeb13745bbf2eca940d6d,940d6d,6,双,大
2026-08-09 03:07:49,85181700,000000000513c50425ed6b197ab3e339b34227014383ff561893d3d503bf74f5,bf74f5,5,单,大
2026-08-09 03:08:48,85181720,000000000513c518caf999dbc9f4de8032c36fe202aed1fe41092fdb5285636e,85636e,6,双,大
2026-08-09 03:09:47,85181740,000000000513c52cab52e01bba7de2ae2132529ce84368fab9f8e56d892ea61e,2ea61e,1,单,小
2026-08-09 03:10:48,85181760,000000000513c5409376f2e84f2d8798877897b4030e6671920a239a8ac498fa,c498fa,8,双,大
2026-08-09 03:11:52,85181780,000000000513c5545c1ef2c097acc1c31bbaa4bf60475737e88079d92ba0f91d,a0f91d,1,单,小
2026-08-09 03:12:44,85181800,000000000513c56878c42061f462ad6404e4876c9ae58555e4484432848f2961,8f2961,1,单,小
2026-08-09 03:13:46,85181820,000000000513c57cab38ed0914ecc47873e58277e7caeeec7595182d9b7f4d39,7f4d39,9,单,大
2026-08-09 03:14:45,85181840,000000000513c5903e4b7396bc9eeb23be15c15005e6c5f9dafbda0bf68fefc3,8fefc3,3,单,小
2026-08-09 03:15:47,85181860,000000000513c5a496d70df4bf4ba5c40ad40206c2af6971aa2d27d7b8155eae,155eae,5,单,大
2026-08-09 03:16:49,85181880,000000000513c5b8c69f27650043684c613df7bdf135adcd997c228cdd110edf,110edf,0,双,小
2026-08-09 03:17:41,85181900,000000000513c5cc3ff1be1484e570825736dac6fb73e4134cd249d42f336634,336634,4,双,小
2026-08-09 03:18:40,85181920,000000000513c5e091818e2d70f10348bde785873541b20fbcb553bdf3e7841b,e7841b,1,单,小
2026-08-09 03:19:49,85181940,000000000513c5f4f453f7d1ffef2e90bc2609ec6b3637616fb02be804cbf073,cbf073,3,单,小
2026-08-09 03:20:41,85181960,000000000513c6084d5e39b316746a4d08a4f328a312654e94dfe8807420a43d,20a43d,3,单,小
2026-08-09 03:21:44,85181980,000000000513c61c927c8a6b4f767cb552ab1684faa759bac7de4a9aa663e2e8,63e2e8,8,双,大
2026-08-09 03:22:45,85182000,000000000513c63016e82617236c706ed36bcf6ef328b3d42f36cba9f93b2d74,3b2d74,4,双,小
2026-08-09 03:23:44,85182020,000000000513c64418858112e5307c6f5ac9580db5937387eadda31ed7941cb3,941cb3,3,单,小
2026-08-09 03:24:42,85182040,000000000513c658f668554b097eddc50a651bb7c392139c8dc823bfbbfeb007,feb007,7,单,大
2026-08-09 03:25:41,85182060,000000000513c66c8e71d833de41bb5dcdf54f4986457a2694831e4a81b94baf,b94baf,4,双,小
2026-08-09 03:26:45,85182080,000000000513c680cb1a8dae8935b296c0e5a60bdbf2db4ad9497aa620afe6b8,afe6b8,8,双,大
2026-08-09 03:27:49,85182100,000000000513c6943cd6bffb2d49860476838bb2f2b07b13176c9fea0daf6a23,af6a23,3,单,小
2026-08-09 03:28:42,85182120,000000000513c6a8cc95aa73a144a25a29548e1a5059435ef8a1cedc2008db61,08db61,1,单,小
2026-08-09 03:29:46,85182140,000000000513c6bc06e08512138a386d275af44afb3d8772206e2274c8dac136,dac136,6,双,大
2026-08-09 03:30:49,85182160,000000000513c6d02ae219907efde3d9c2265a418e60cee6e802fb4f6ee325f5,e325f5,5,单,大
2026-08-09 03:31:42,85182180,000000000513c6e4ca144dadbdc6e77dc2677c67adef8b1070462770c2cbaebe,cbaebe,2,双,小
2026-08-09 03:32:44,85182200,000000000513c6f88879f4a4dbab7c6ebd09ca82e5965e56184398465308d563,08d563,3,单,小
2026-08-09 03:33:47,85182220,000000000513c70c9f76a1e6b778e3220725dbfc36f52c6d690ec7690cef2e4f,ef2e4f,4,双,小
2026-08-09 03:34:50,85182240,000000000513c72036993dc866d5f49efe215bb13423473b5809f1b38b5ab811,5ab811,1,单,小
2026-08-09 03:35:43,85182260,000000000513c73494ad1285531f9a854959fe811169bbfb8fc3fb9d3316a865,16a865,5,单,大
2026-08-09 03:36:46,85182280,000000000513c748db09f5e5d274342a9a54da1c56d9aa29b21eee69d4d14ced,d14ced,4,双,小
2026-08-09 03:37:49,85182300,000000000513c75ca1faf554cc8453fbd6a72b59d0dea958e42b11d838487a0f,487a0f,0,双,小
2026-08-09 03:38:43,85182320,000000000513c7705c2fb1fe2c0c59dafc2e5080aa53707c3539c1255ea11feb,a11feb,1,单,小
2026-08-09 03:39:46,85182340,000000000513c784cfd2a0e55adc5cb720a8422b0d2a34369256d97b0410819b,10819b,9,单,大
2026-08-09 03:40:49,85182360,000000000513c7985c850ac75772819afb8d9c8f483f446922088a33db9ba66f,9ba66f,6,双,大
2026-08-09 03:41:42,85182380,000000000513c7ac4e312561ac7a9a614e776e5b282b2b6b1f6a09271205afc1,05afc1,1,单,小
2026-08-09 03:42:45,85182400,000000000513c7c05fa5ec5d7db0b2733468dcc443450e5a89f5a8db25620c53,620c53,3,单,小
2026-08-09 03:43:49,85182420,000000000513c7d44a8d796cb894aa5d84125679abb4060f144a63ed9cbdad19,bdad19,9,单,大
2026-08-09 03:44:42,85182440,000000000513c7e8cda8129a10e1b2812ffde6394b6721cca8ceeb56e6bccbdf,bccbdf,6,双,大
2026-08-09 03:45:44,85182460,000000000513c7fca788e152f72383398790e2f12ca2293af3a9fbfd7bc2afd5,c2afd5,5,单,大
2026-08-09 03:46:43,85182480,000000000513c810e0a7ab64bb25e70b0af76f310791c58af8e5779824a714fc,a714fc,4,双,小
2026-08-09 03:47:52,85182500,000000000513c824a8935b89afc5ae7f2f9b4e3bc871ba91ccce412e416ba403,6ba403,3,单,小
2026-08-09 03:48:42,85182520,000000000513c838d75c391b3338c924eb081825a49e7063ea5405e6ef9d5ee4,9d5ee4,4,双,小
2026-08-09 03:49:50,85182540,000000000513c84c25cd85487147593e4cf7362993282fbf562988529deb7810,eb7810,0,双,小
2026-08-09 03:50:50,85182560,000000000513c8605a7e676dd4f7233e3cb395b2aa870449cd1fa9dce0143c0c,143c0c,0,双,小
2026-08-09 03:51:42,85182580,000000000513c874a3fc88cc587e16c091d225205dbcccb3c32e4022acc0e1b4,c0e1b4,4,双,小
2026-08-09 03:52:44,85182600,000000000513c888e84de1d6737d001b94a8053dd97947096873f3c07e29ed64,29ed64,4,双,小
2026-08-09 03:53:44,85182620,000000000513c89c45e4a0cba5da914685ef5654edce7a7e856ac060edc34847,c34847,7,单,大
2026-08-09 03:54:43,85182640,000000000513c8b0377c8f812f78f203981e2b7e0d73089bbf2e068b90fa1a38,fa1a38,8,双,大
2026-08-09 03:55:41,85182660,000000000513c8c412a809a4ed8e2401a926c6eb1173f0ad902f393f7f3d345d,3d345d,5,单,大
2026-08-09 03:56:40,85182680,000000000513c8d89a41ad1937e7e58c53d6e6a0c317f175740e21b1445020aa,5020aa,0,双,小
2026-08-09 03:57:48,85182700,000000000513c8ec5c45469c764dbe607f9620571a4d58dcee0eae01701cb1e8,1cb1e8,8,双,大
2026-08-09 03:58:44,85182720,000000000513c90031de612dafa25d05dcb955f2c461034af8c93558761805fa,1805fa,5,单,大
2026-08-09 03:59:43,85182740,000000000513c914f413cbebeda6b985b8ee1504041c229641b6c1c2b3c4029a,c4029a,9,单,大
2026-08-09 04:00:42,85182760,000000000513c928f9d906f2d8ae4501489a9d60dd4745deacb821a01fc79ae2,c79ae2,2,双,小
2026-08-09 04:01:41,85182780,000000000513c93cb1c585d7c24942ebe80c209aa8713944223a78f323a5abad,a5abad,5,单,大
2026-08-09 04:02:39,85182800,000000000513c9503e1d8fad61de53322eb0e70e3e45003b6ae3a56465948534,948534,4,双,小
2026-08-09 04:11:56,85182980,000000000513ca0467f10479eb5c26fc7f5ac7ce91b5118c76caa1516ea62287,a62287,7,单,大
2026-08-09 04:12:45,85183000,000000000513ca18534532e262db754e89adf2c7a0eab8bd50da7c392e81eefd,81eefd,1,单,小
2026-08-09 04:13:46,85183020,000000000513ca2c556453b5eb4ff523128088d95968a0e0d62a7b677fe31643,e31643,3,单,小
2026-08-09 04:14:49,85183040,000000000513ca4055b84690265da83cbec98e6ac05cc6f17292070d27be91b2,be91b2,2,双,小
2026-08-09 04:15:41,85183060,000000000513ca548958ce9f8af88b9ec5860e455f9df06e56ff0993b03c6394,3c6394,4,双,小
2026-08-09 04:16:49,85183080,000000000513ca682e710cb6803d75a06709aea9e31008964d5f961e2bff34dd,ff34dd,4,双,小
2026-08-09 04:17:40,85183100,000000000513ca7c6636e8120c2a07c47892a4db7fb0bdbe241c79bea9e0b004,e0b004,4,双,小
2026-08-09 04:18:48,85183120,000000000513ca909b361fa3453e1eb77909203b47a0ec37454c1bbe407ff49c,7ff49c,9,单,大
2026-08-09 04:19:48,85183140,000000000513caa4e5e7ea02b43d7af07953fbc511a99d920f8a2e0fe27b16de,7b16de,6,双,大
2026-08-09 04:20:50,85183160,000000000513cab85e75ba7e5c5972269cb2ba1a27159f08ec8e5e4f1b254f40,254f40,0,双,小
2026-08-09 04:21:48,85183180,000000000513cacc41be83050750c80d7a32f9e8a78a993e3f247badbfaa2cab,aa2cab,2,双,小
2026-08-09 04:22:47,85183200,000000000513cae0f87173da350f7e5da4de1e3ee748e5a33e2825e8e4abed53,abed53,3,单,小
2026-08-11 10:32:52,85248180,000000000514c8b48fe1c50a0bb0bf751c3bbbc4bfea34d1c1c3c2944978b9fe,78b9fe,9,单,大
2026-08-11 10:33:41,85248200,000000000514c8c8078b60e3ab21354ecd5dc5dc3e710cb26cc5e50b9a8c558e,8c558e,8,双,大
2026-08-11 10:34:39,85248220,000000000514c8dc29e1268229144a3c907866255fc0134f978ba777243688cb,3688cb,8,双,大
2026-08-11 10:35:38,85248240,000000000514c8f0e8b35e9ce64fd8975dc38d9ac5692dd08f7793bd1069b682,69b682,2,双,小
2026-08-11 10:36:47,85248260,000000000514c9046e236e40c750f68c5da17259aaf1410ed3f89a8acecafe6c,cafe6c,6,双,大
2026-08-11 10:37:46,85248280,000000000514c9187d02cce8aa3bc12b6664add0b189ab5f1fb6cfbfd3097284,097284,4,双,小
2026-08-11 10:38:45,85248300,000000000514c92c68925d7484de8940a1fbbad73ff0bf78d97fff03834b554b,4b554b,4,双,小
2026-08-11 10:39:44,85248320,000000000514c940c9e2b4fba3f6cd9da2352d5246c0eca02e20173d6bbfeb44,bfeb44,4,双,小
2026-08-11 10:40:43,85248340,000000000514c954813cd84330153240791330a7ddee204a992dc5341a3004ec,3004ec,4,双,小
2026-08-11 10:41:43,85248360,000000000514c968f67cfaea4b05f5f582cd5cbcf5efa49b6102c2cd98350126,350126,6,双,大
2026-08-11 10:42:42,85248380,000000000514c97c626f7f17dda7ce74ab76ba118153c4f2d7a9c9d8a5a7bb80,a7bb80,0,双,小
2026-08-11 10:43:41,85248400,000000000514c9909bed134373573e1c83dde23d603edc8be6fd6b1901175679,175679,9,单,大
2026-08-11 10:44:41,85248420,000000000514c9a444d034e98d784cf683ad08a8cafdde8f981fab163d258274,258274,4,双,小
2026-08-11 10:45:40,85248440,000000000514c9b87392a0854ae18dadf6ea5593d66dfb0070ac09b8c232b281,32b281,1,单,小
2026-08-11 10:46:39,85248460,000000000514c9ccd2683c417ce75f339c42a4ad327db5dd2ee767dbc7c14b1b,c14b1b,1,单,小
2026-08-11 10:47:38,85248480,000000000514c9e054da2472493ec65a322e1dd0cd6767035c39d67a35cf0559,cf0559,9,单,大
2026-08-11 10:48:46,85248500,000000000514c9f45e38daf52a6491ccfc0ba7f47c50929b61743a4964bc18dc,bc18dc,8,双,大
2026-08-11 10:49:45,85248520,000000000514ca0874f812f0866083483a303325b5042bac6d8386a23936e426,36e426,6,双,大
2026-08-11 10:50:44,85248540,000000000514ca1c685376d747e07ec75dc401708e3558035cf2ff6584ddb29f,ddb29f,9,单,大
2026-08-11 10:51:42,85248560,000000000514ca305aaf9cf60aa5cab046cbc65500eaa709b696f7eb09079395,079395,5,单,大
2026-08-11 10:52:41,85248580,000000000514ca441cfc9cb7f459bc17c84f044144e6d301deaba52fc567c322,67c322,2,双,小
2026-08-11 10:53:40,85248600,000000000514ca587713caf040b9a46bc497f212481a8c8e2e52d62aadceed42,ceed42,2,双,小
2026-08-11 10:54:38,85248620,000000000514ca6c5b6da6f786cbae1e453c67980f4c67c120f37bbdf91bfe39,1bfe39,9,单,大
2026-08-11 10:55:37,85248640,000000000514ca801a5c2606ea124a30aa46c20527a9bca957146bbd0fbbf664,bbf664,4,双,小
2026-08-11 10:56:45,85248660,000000000514ca945dba47658df7bad30cd5bbf78492bcbcdf388a73ecea8ea9,ea8ea9,9,单,大
2026-08-11 10:57:44,85248680,000000000514caa8840edddc780b7562705f0039f70b2346eac58630f2883f8b,883f8b,8,双,大
2026-08-11 10:58:42,85248700,000000000514cabcb33c7695ad77b2e0e5dbace7517d766d47780418c220cf92,20cf92,2,双,小
2026-08-11 10:59:41,85248720,000000000514cad080bf7292aaf06baeba7ac0bbd66fb9883ae8f91f7316ebbc,16ebbc,6,双,大
2026-08-11 11:00:39,85248740,000000000514cae4dcab0f1bbbff4417985ebf0a7b14995254d5a4cf8b20b98c,20b98c,8,双,大
2026-08-11 11:01:38,85248760,000000000514caf828cd11b2e5364756bb861bc1a916bf35c6492b90e2c3b713,c3b713,3,单,小
2026-08-11 11:02:37,85248780,000000000514cb0cf3fd5fcc30a6ac61dbccbf7eddff10e74b3e6b2c7ca17ba2,a17ba2,2,双,小
2026-08-11 11:03:37,85248800,000000000514cb20aff38219bd00cae02318db42a566625a061f7ea4cdd2dd8d,d2dd8d,8,双,大
2026-08-11 11:04:36,85248820,000000000514cb3468de7ee22cd487ddb3571a350899a5b09ba892b029a32249,a32249,9,单,大
2026-08-11 11:05:45,85248840,000000000514cb4845b7eebc1519fd8f65c8dd5bac2836e7152954fe4c98e25a,98e25a,5,单,大
2026-08-11 11:06:44,85248860,000000000514cb5c816fe127526c513383b6424d354d046198e7cce2e0e6ce69,e6ce69,9,单,大
2026-08-11 11:07:43,85248880,000000000514cb70094304cb5afa27557e8878d1045f0244a55495e5f391f814,91f814,4,双,小
2026-08-11 11:08:42,85248900,000000000514cb8450b171de31d2e373a3b8635f782a5c40fe7c2f959422315c,22315c,5,单,大
2026-08-11 11:09:39,85248920,000000000514cb980ce86cd581a69e1efb5164a298e91bc52c7e541ebfb79c1a,b79c1a,1,单,小
2026-08-11 11:10:38,85248940,000000000514cbaccf08475cc0ace47eb056ee1150e7c3e9b1289078cce8dbdf,e8dbdf,8,双,大
2026-08-11 11:11:37,85248960,000000000514cbc015e5dbbe9e5f88a3de288f54a9bd40e78fd760cc271a5caf,1a5caf,5,单,大
2026-08-11 11:12:36,85248980,000000000514cbd4b933121e2194471d399359eb7f76453a3ee8cfe13385329a,85329a,9,单,大
2026-08-11 11:13:35,85249000,000000000514cbe8e03efceb37e618b6e59cfeaf46d537b96d7be94e51919469,919469,9,单,大
2026-08-11 11:14:34,85249020,000000000514cbfc7c9c16dc93d7d005cb5a33d186bf6373c2e53958453bac37,3bac37,7,单,大
2026-08-11 11:15:42,85249040,000000000514cc1071fc74863a5bc96a56cc990dbe69e75284f8fa1a76ed4109,ed4109,9,单,大
2026-08-11 11:16:41,85249060,000000000514cc241eb1aaf504a80b35bf9d4f247aafdf34517acdeacbbd2f63,bd2f63,3,单,小
2026-08-11 11:17:40,85249080,000000000514cc38469e7b98eab8df3d9b281d6feb9879a3cb933e0f4639daab,39daab,9,单,大
2026-08-11 11:18:39,85249100,000000000514cc4c534f41a9bca52d6800193ea72163e3ef26e3ff67f35c4cd7,5c4cd7,7,单,大
2026-08-11 11:19:37,85249120,000000000514cc606db3855652a2f36d4a54891bce0189dad943de42d2ac8cd2,ac8cd2,2,双,小
2026-08-11 11:20:36,85249140,000000000514cc741c42e1126a15373e6613e9896935ca582ecd26f48ff62442,f62442,2,双,小
2026-08-11 11:21:35,85249160,000000000514cc8823705b2bac892a3ccdde2441c1b4e3b339c3e697c40934f7,0934f7,7,单,大
2026-08-11 11:22:44,85249180,000000000514cc9c411b82816044b5ff405755386a92873ac1a830faf9ac41fd,ac41fd,1,单,小
2026-08-11 11:23:44,85249200,000000000514ccb0f0e660f2034dcc4628a460fb2fdd33b5c6dd9b3f9157d306,57d306,6,双,大
2026-08-11 11:24:42,85249220,000000000514ccc41fbf0d0b71d64b6bb3e6b39639428c1f88fcdba32277823e,77823e,3,单,小
2026-08-11 11:25:40,85249240,000000000514ccd8fac6cf194b62c7d76c5ba193005597e40900e60526695c78,695c78,8,双,大
2026-08-11 11:26:39,85249260,000000000514ccecf9bce5a5e65865e04c09ae11b3e6896544f92e124a2689ad,2689ad,9,单,大
2026-08-11 11:27:37,85249280,000000000514cd0065c21f3aaf5310d94bb1f8b9f8171d9462d7b29e4430c317,30c317,7,单,大
2026-08-11 11:28:36,85249300,000000000514cd14be60830234593d82088523879a5b6af5520dcf5e8f735bc8,735bc8,8,双,大
2026-08-11 11:29:35,85249320,000000000514cd28c3b86c328b98e3dd765377c84c2dc120e220067db1f3e60a,f3e60a,0,双,小
2026-08-11 11:30:34,85249340,000000000514cd3ceae3531fe4d110127a16003e93c91492561a34198224b4f2,24b4f2,2,双,小
2026-08-11 11:31:43,85249360,000000000514cd506cf80669b37390bbbf242ddecdcc4f1a48f0f687517b7fb8,7b7fb8,8,双,大
2026-08-11 11:32:41,85249380,000000000514cd6471ec457f973369e32a5bef649740eeacdcddf019e487e10f,87e10f,0,双,小
2026-08-11 11:33:40,85249400,000000000514cd78959935400f0219f16bdd99f84b1c16aa05da6c063fe0050b,e0050b,0,双,小
2026-08-11 11:34:38,85249420,000000000514cd8cfde11d6fe58a68068110b8a8ae8a4b8e33d32a358690dcb2,90dcb2,2,双,小
2026-08-11 11:35:37,85249440,000000000514cda026a85d9be6371fe6cf5551ac1c07a1b1e0f950d9d07f0754,7f0754,4,双,小
2026-08-11 11:36:39,85249460,000000000514cdb4a584a50ae6eb13539daffdd19c24d61089d227e00d3d2df3,3d2df3,3,单,小
2026-08-11 11:37:37,85249480,000000000514cdc8dd1ee75cc1007a66656def46719f4710722994aade2b2271,2b2271,1,单,小
2026-08-11 11:38:37,85249500,000000000514cddcda513f0a03e238497743b89083664357efc1ba2ccfd78357,d78357,7,单,大
2026-08-11 11:39:36,85249520,000000000514cdf0bc8576af81868b4591eed5d07a1445b2ac7b3488aa4588c2,4588c2,2,双,小
2026-08-11 11:40:44,85249540,000000000514ce04c0479dd616e4fac44449b8f8d4a47fcd050f7a38e476aab7,76aab7,7,单,大
2026-08-11 11:41:43,85249560,000000000514ce18ee1e6d46fdd8b0bcc406cfdf0cd302a77661b7a02ce3ca3a,e3ca3a,3,单,小
2026-08-11 11:42:41,85249580,000000000514ce2c78c50790e8cb0965c82f0c2e248df0da610f71b22cf3a15c,f3a15c,5,单,大
2026-08-11 11:43:40,85249600,000000000514ce402ccba22578b265108e98ed95d17248c6557a47abff305d3a,305d3a,3,单,小
2026-08-11 11:44:38,85249620,000000000514ce545ddcc19a74cb258a6f3c11cfea69cf45afaf4da5e537be26,37be26,6,双,大
2026-08-11 11:45:37,85249640,000000000514ce68731025690949d529342c10ff5767c3116a96878e4c530bec,530bec,0,双,小
2026-08-11 11:46:35,85249660,000000000514ce7ca927f67ca5b63af3a23f9b3e0043ffc0a1b65122ebde72ea,de72ea,2,双,小
2026-08-11 11:47:44,85249680,000000000514ce90324f10ca81d41c737509283077cedafe95e782a1321ebdf3,1ebdf3,3,单,小
2026-08-11 11:48:43,85249700,000000000514cea4c2808abdab76d957ee67626d3dbe80e78f6a0a1afe3b1d8b,3b1d8b,8,双,大
2026-08-11 11:49:41,85249720,000000000514ceb8709efe5488008e576d3db22380db4cfe98d512f9a2682256,682256,6,双,大
2026-08-11 11:50:39,85249740,000000000514cecc8f59929853f684ee30679919083fca5976ffed0ed36ab7b8,6ab7b8,8,双,大
2026-08-11 11:51:39,85249760,000000000514cee0ba112bf6e31b11f6f67f2ea6df42395e2c6881d3523f3666,3f3666,6,双,大
2026-08-11 11:52:37,85249780,000000000514cef44b1f3db8b7e41166f15552fb407b846fcfa854f6386adb3f,6adb3f,3,单,小
2026-08-11 11:53:36,85249800,000000000514cf08fc2c6eb5985e15a3d7687096c6c367690f69b017a2ccafb8,ccafb8,8,双,大
2026-08-11 11:54:34,85249820,000000000514cf1c363e3f27dce0ce9ca4f60afab387537fc44a65d370a5920c,a5920c,0,双,小
2026-08-11 11:55:43,85249840,000000000514cf30e1257bf73b09aac508b2900a083c94b7d536fecd9f5220ce,5220ce,0,双,小
2026-08-11 11:56:41,85249860,000000000514cf442442b7edc74926e8dcaf79ef436c22a9090bf84bb43c1a98,3c1a98,8,双,大
2026-08-11 11:57:41,85249880,000000000514cf5892f611e3c72f5e88fe21cc9fa512f5a0d1172f6b5f4befc5,4befc5,5,单,大
2026-08-11 11:58:40,85249900,000000000514cf6c7e9d46a90fa531fc077d6b6d67f410f915d07fddc646cef1,46cef1,1,单,小
2026-08-11 11:59:38,85249920,000000000514cf80ccaed22291d6e6b9b37e99a6e8b98c29f94a4c957bd3e4df,d3e4df,4,双,小
2026-08-11 12:00:36,85249940,000000000514cf943cfa32d54593155a71a326e87bb3603ca540916c62c65805,c65805,5,单,大
2026-08-11 12:01:36,85249960,000000000514cfa8cf19c48963649ab58646fb847da2814477acebdc2c8c877e,8c877e,7,单,大
2026-08-11 12:02:44,85249980,000000000514cfbc71be689a7dc22d39890a9e7031c57d34bd6d3bcd459cd47d,9cd47d,7,单,大
2026-08-11 12:03:44,85250000,000000000514cfd03e2066b2080ccd66cefe8a3a833c96e1c05112ab67021175,021175,5,单,大
2026-08-11 12:04:42,85250020,000000000514cfe487e53e87e476c0d8c6608ad8219fba478e2ebc16db26f2fb,26f2fb,2,双,小
2026-08-11 12:05:41,85250040,000000000514cff8dd3d44a2025d9eb7e5b482fbf42c0b7c2803134f148c0df9,8c0df9,9,单,大
2026-08-11 12:06:41,85250060,000000000514d00c0cc7a3746acd6de54c36d9d3f8ccd33f35c72a71447daa96,7daa96,6,双,大
2026-08-11 12:07:40,85250080,000000000514d020f0e35d04f19162ef6dbf61fe907b2057f22afd177f0a265a,0a265a,5,单,大
2026-08-11 12:08:39,85250100,000000000514d034a8f02abc1389ad9cdcf6523d5006378cdc8105fe13cff1eb,cff1eb,1,单,小
2026-08-11 12:09:38,85250120,000000000514d0486b7888259355f9267644ed3b19c31fe761784c009cc95c8b,c95c8b,8,双,大
2026-08-11 12:10:36,85250140,000000000514d05c40880ffa82f065a22f694b28a582928781faf938ef08cc92,08cc92,2,双,小
2026-08-11 12:11:35,85250160,000000000514d070032ac81c29c316aa428cdeb25e9b6277da6c15d791e321d7,e321d7,7,单,大
2026-08-11 12:12:44,85250180,000000000514d084ef3ccafb196caa40fea050d7019e7a0f0d64adb41664b185,64b185,5,单,大
2026-08-11 12:13:43,85250200,000000000514d098cde7fcd723d9b09a5cd91d62b22d8c011db46d34ed18f3f7,18f3f7,7,单,大
2026-08-11 12:14:43,85250220,000000000514d0ac2fa90db6b26bde5ccb631bc061965c8efc9a38ac5281856d,81856d,6,双,大
2026-08-11 12:15:42,85250240,000000000514d0c0049c948220fb479328905b85e509f6f5636a7afdcc377b0e,377b0e,0,双,小
2026-08-11 12:16:41,85250260,000000000514d0d4d52a4696fdc6d90455720a76b0f89d246a0f15c2d16b7585,6b7585,5,单,大
2026-08-11 12:17:41,85250280,000000000514d0e8343a6529a86baff0e9178bf28469027b8941dbd7b8372ca4,372ca4,4,双,小
2026-08-11 12:18:40,85250300,000000000514d0fcd30229930f51feccc6288df5da73effdae71525ac0e30db8,e30db8,8,双,大
2026-08-11 12:19:40,85250320,000000000514d11078988100a76c46981ef2394c8a589c8bc332683c7e7dcbd4,7dcbd4,4,双,小
2026-08-11 12:20:39,85250340,000000000514d124f9dd6b89a98ac33d081308f21d5079c94ae84e4555055d89,055d89,9,单,大
2026-08-11 12:21:38,85250360,000000000514d138ba2943a2ae02a329f73af27066d7ce553ff5409f43d00741,d00741,1,单,小
2026-08-11 12:22:37,85250380,000000000514d14c35a3e04cb889c90020373e0ad5e7af8c6ae40a53102b0dcf,2b0dcf,0,双,小
2026-08-11 12:23:36,85250400,000000000514d160ce2a354e59bf77ff8e446bc8790249856f6914f11f2f4add,2f4add,4,双,小
2026-08-11 12:24:44,85250420,000000000514d174269963da933338d45387fbbc6b88b883b98e98bbd2586105,586105,5,单,大
2026-08-11 12:25:43,85250440,000000000514d1881b255a50c45cf04cc29ff9b27937e6587ee2d872942242cf,2242cf,2,双,小
2026-08-11 12:26:42,85250460,000000000514d19c46c6c690aa0acc9e611b655a107924796bed152ab95eb4fc,5eb4fc,4,双,小
2026-08-11 12:27:41,85250480,000000000514d1b069846c37a17ca370e506071d653d546e216f663eb9ed6034,ed6034,4,双,小
2026-08-11 12:28:40,85250500,000000000514d1c4662958400eca6968331ea84623dd568e4e90e527824fd754,4fd754,4,双,小
2026-08-11 12:29:40,85250520,000000000514d1d849da32ff7f30b9ceae9f6cdce709172916d12d3bdc8a4206,8a4206,6,双,大
2026-08-11 12:30:40,85250540,000000000514d1ecce9fe304310bb2d8e1a331a08cfc54b9491f82e1d5f1e4c7,f1e4c7,7,单,大
2026-08-11 12:31:39,85250560,000000000514d20090f2467b2c2ed833462ff685640d2823e750c872666063e8,6063e8,8,双,大
2026-08-11 12:32:39,85250580,000000000514d214a91b0ae65321473556803ee58585d81e5ace07a8ec5b74b7,5b74b7,7,单,大
2026-08-11 12:33:39,85250600,000000000514d228ab4cdb254938185a9e57a3a97fe82bcdb928e16ff331f5e1,31f5e1,1,单,小
2026-08-11 12:34:38,85250620,000000000514d23c52a143897de9a130f4f5d7b39b278f31219c6a5b6ceab5f6,eab5f6,6,双,大
2026-08-11 12:35:37,85250640,000000000514d250c03565c885bb6efc02885cbd82d7bac85b8cbffa2475a789,75a789,9,单,大
2026-08-11 12:36:37,85250660,000000000514d264c8e06222ab748293157ea2dcd63bf024c6725be4e74a0820,4a0820,0,双,小
2026-08-11 12:37:36,85250680,000000000514d2783bd72ce0a576bba66252e69e607c086081c020cf374e1a11,4e1a11,1,单,小
2026-08-11 12:38:36,85250700,000000000514d28c1d58c6354506d179bf6d3609c1346dc26e02acbfec0f1a33,0f1a33,3,单,小
2026-08-11 12:39:36,85250720,000000000514d2a001264f0069d241996c59e96ff5207db60ff1e5893da5e8da,a5e8da,8,双,大
2026-08-11 12:40:35,85250740,000000000514d2b4ce983550b57594ae481fbbc48d085552018c235409ab2140,ab2140,0,双,小
2026-08-11 12:41:45,85250760,000000000514d2c8fdd9b0a8b8db8ab31a48ead222205156cb9322744a5eb538,5eb538,8,双,大
2026-08-11 12:42:44,85250780,000000000514d2dc2ddc9267915b1763c2d74a92f602b07da798ed11265fd16d,5fd16d,6,双,大
2026-08-11 12:43:45,85250800,000000000514d2f0e7ad2e0a051a0b1adeff37edad9855a1e9f04c61ed93a41f,93a41f,1,单,小
2026-08-11 12:44:34,85250820,000000000514d304f42b9e1106ad6fc582da61101c12dd2e1c8caadeb23af6eb,3af6eb,6,双,大
2026-08-11 12:45:45,85250840,000000000514d318b33052e797af9403e5ac00986ea4b10d909737145e137642,137642,2,双,小
2026-08-11 12:46:35,85250860,000000000514d32cee86d181e72a69f10f836ca52359a9a4a11105afd776b003,76b003,3,单,小
2026-08-11 12:47:36,85250880,000000000514d340a46a323683f7bf9631a6e376bb8e449b641b02a01aef7092,ef7092,2,双,小
2026-08-11 12:48:35,85250900,000000000514d354322c34ad35c374cf50cbd9c5df00041073ea8384068c74e5,8c74e5,5,单,大
2026-08-11 12:49:35,85250920,000000000514d368b6367e51e84cf167e68cd823532554980886c4a16183601a,83601a,1,单,小
2026-08-11 12:50:35,85250940,000000000514d37cea69f947850812ebbe2bfb21624375a8838a0419675ff5a0,5ff5a0,0,双,小
2026-08-11 12:51:45,85250960,000000000514d39089f0df6f5147ab1889c8d83a19af3ce506f32742f8ede201,ede201,1,单,小
2026-08-11 12:52:45,85250980,000000000514d3a42d76e927624dfb542ba95c825a3af2fe84131dc22cc6cf1f,c6cf1f,1,单,小
2026-08-11 12:53:45,85251000,000000000514d3b80a6f68040f9613ece9def19b4781fe113a14be61abdc5363,dc5363,3,单,小
2026-08-11 12:54:35,85251020,000000000514d3cc436614985cb8aacd113908e6dc5248370bacf7c5402c6fbd,2c6fbd,6,双,大
2026-08-11 12:55:35,85251040,000000000514d3e0c0e926a81fcb36a2fdc6407fc93ee1c74a2cd086c8db9f85,db9f85,5,单,大
2026-08-11 12:56:45,85251060,000000000514d3f41f2bd8bf905ac1b983578b3162f7b105ba7ce4504a4a2a2b,4a2a2b,2,双,小
2026-08-11 12:57:35,85251080,000000000514d408c3e44b4be30023d2b1c1f2bbe15189b29f5e9fb1d4128f9b,128f9b,9,单,大
2026-08-11 12:58:45,85251100,000000000514d41cb2c8f33f623ca47e035e3b72ba744fd57bb42eda776cffb0,6cffb0,0,双,小
2026-08-11 12:59:34,85251120,000000000514d430470cd70217e1f767f00fcd8ad9d0dc49c26e0218652e9084,2e9084,4,双,小
2026-08-11 13:00:34,85251140,000000000514d444c58c9df148e0c9674026e422df162f2de2275d80d7ac756c,ac756c,6,双,大
2026-08-11 13:01:43,85251160,000000000514d4587d0ef092b06b58ad25fb515410f8e7e19d12949adfcd89f5,cd89f5,5,单,大
2026-08-11 13:02:44,85251180,000000000514d46ca46b703ad3fcd93e0a03830a9e66bca0ebbd5bf2606a1cdb,6a1cdb,1,单,小
2026-08-11 13:03:45,85251200,000000000514d48047240e6c2d56f3b3143c810f279de9e0658e55860d3cd8d5,3cd8d5,5,单,大
2026-08-11 13:04:45,85251220,000000000514d494cdde789fb16145d64b0f21290479ed5966b9599db5dc1a32,dc1a32,2,双,小
2026-08-11 13:05:35,85251240,000000000514d4a847f7e243847e0b0e2af625e303e0112829fe2511ff464394,464394,4,双,小
2026-08-11 13:06:35,85251260,000000000514d4bc664289c869fdc03c097a51fd7d87b5a3de6699d1305e550a,5e550a,0,双,小
2026-08-11 13:07:35,85251280,000000000514d4d06a99ee780e68247be3ef79735e641576663166f01f8c5ca9,8c5ca9,9,单,大
2026-08-11 13:08:35,85251300,000000000514d4e4ebea59bb0d0d6c164151418f377538e3085dc5de6d6586cd,6586cd,6,双,大
2026-08-11 13:09:44,85251320,000000000514d4f8b6af07473f9d2098e85fdb6b3dae51d64c5d354bfac4e430,c4e430,0,双,小
2026-08-11 13:10:43,85251340,000000000514d50cf064a63022f662eebd6ad44e648698bdf41df81edfe051aa,e051aa,1,单,小
2026-08-11 13:11:43,85251360,000000000514d52007e1823fad3a00a395b8e37bec2f76fe0fb237bb09e07b5d,e07b5d,5,单,大
2026-08-11 13:12:43,85251380,000000000514d534b921826e9d66c9f3a82df859cc7846138d8c3220b65674e3,5674e3,3,单,小
2026-08-11 13:13:43,85251400,000000000514d548fde17bca96645110ac77c17de9d95a94799de5cb282333db,2333db,3,单,小
2026-08-11 13:14:42,85251420,000000000514d55c31a143d5ee9784cca8b0620a3e476a97f1c5041aa801d5a4,01d5a4,4,双,小
2026-08-11 13:15:42,85251440,000000000514d570febb7cd09c7c498ceee23e2eaa9e5df46e66d9bd4348037d,48037d,7,单,大
2026-08-11 13:16:42,85251460,000000000514d5844cf2c1a981917afc418dcd1674cf04b94a212a5d685f5fb0,5f5fb0,0,双,小
2026-08-11 13:17:42,85251480,000000000514d598574f814a28d873244439e23c6e4cc498d38a14f8e4406bec,406bec,6,双,大
2026-08-11 13:18:41,85251500,000000000514d5ac2e8bd21de59d9a21816756bff070c5596bbcd08325da4548,da4548,8,双,大
2026-08-11 13:19:41,85251520,000000000514d5c025d9c0c443fab506d0410377a70f59d2a8779844c141f746,41f746,6,双,大
2026-08-11 13:20:41,85251540,000000000514d5d4531c025542e641c49b86c862fc3a41ede69ddff78b98d28c,98d28c,8,双,大
2026-08-11 13:21:40,85251560,000000000514d5e88ade3e2debcccade51a2bfd29b91b479571c328d2996323f,96323f,3,单,小
2026-08-11 13:22:39,85251580,000000000514d5fc27b2b649eb5d2854628e614f37017a65cdbf9194561f299b,1f299b,9,单,大
2026-08-11 13:23:40,85251600,000000000514d61094a519cf748bc185e0aaec2d6d2aea91d38ce70fefabaeeb,abaeeb,0,双,小
2026-08-11 13:24:42,85251620,000000000514d6249b381184399a115eff9d6998c0429139463762bc405e468d,5e468d,8,双,大
2026-08-11 13:25:42,85251640,000000000514d63872049e325813968af253cc1938f3ce607c7812034f73cccc,73cccc,3,单,小
2026-08-11 13:26:40,85251660,000000000514d64c88a28f8d01b425a2f1f90d3ed8cea898f7aacfb1185a57e2,5a57e2,2,双,小
2026-08-11 13:27:43,85251680,000000000514d66028a681cf57bc76b0b49ca240027b916c3debf3184c87aefc,87aefc,7,单,大
2026-08-11 13:28:43,85251700,000000000514d67478db307444083a93fa989f68a889a9c879f03d5b8bdc9305,dc9305,5,单,大
2026-08-11 13:29:38,85251720,000000000514d688c52d46e9a781aea0e68393d9a2b815bb3702090bd41d1685,1d1685,5,单,大
2026-08-11 13:30:45,85251740,000000000514d69cb96c130948fd597d29dca358ce6a16acfe6493a842846786,846786,6,双,大
2026-08-11 13:31:44,85251760,000000000514d6b01dad7b9a645b86173d6fac78ad5f55848012bbedb6efa300,efa300,0,双,小
2026-08-11 13:32:44,85251780,000000000514d6c4a939d3705bf27f5ef1cf92da3d8061aeecd65d9458db6220,db6220,0,双,小
2026-08-11 13:33:45,85251800,000000000514d6d8f2b29c7170fca0572d62be92756f38178660f6e874d1eb2a,d1eb2a,2,双,小
2026-08-11 13:34:41,85251820,000000000514d6ec16f9fb807ec3c2a1dc9640385ea2b6d0f15b0465b224ff6a,24ff6a,6,双,大
2026-08-11 13:35:42,85251840,000000000514d700f28a4a5f62060c281573552c9cfb00c13ed0aca78f90ab5f,90ab5f,5,单,大
2026-08-11 13:36:43,85251860,000000000514d71491a102c7526357b84312bcbd19a2b7d4599530a6666b0b1c,6b0b1c,1,单,小
2026-08-11 13:37:45,85251880,000000000514d7288560cb05f197bd08fa8436e285b494e09dbb3fa5f8e73b5e,e73b5e,5,单,大
2026-08-11 13:38:38,85251900,000000000514d73c78d25344448f38eb1c6e86b3eecc16dee8d9e17aeed892dd,d892dd,2,双,小
2026-08-11 13:39:40,85251920,000000000514d7506dddd716783d614dc36d925862f8568bd7945a0f93353623,353623,3,单,小
2026-08-11 13:40:41,85251940,000000000514d764bc0539badb999b3f85003a8eac3253acf2f27ee7bcf7cc95,f7cc95,5,单,大
2026-08-11 13:41:41,85251960,000000000514d778e0a6d3d64add1bb289f0c577bc5b4b12d176edb6b265e9cd,65e9cd,9,单,大
2026-08-11 13:42:41,85251980,000000000514d78c05ce9c6a64e0ea8411ad02e9d934bb456156815c2f9923b4,9923b4,4,双,小
2026-08-11 13:43:42,85252000,000000000514d7a0114ac32418ecedc22ee58c09b9c5483ec662a44c372d17ba,2d17ba,7,单,大
2026-08-11 13:44:39,85252020,000000000514d7b4fefe9d3011ed8c87ad719d65b1131c12c7a217c89beb1623,eb1623,3,单,小
2026-08-11 13:45:39,85252040,000000000514d7c889b553462f96190b3e39df670a0dab281a9b560783f8f2df,f8f2df,2,双,小
2026-08-11 13:46:38,85252060,000000000514d7dced7c532d2b863c1c21210e822fbbea09c5fe844f1333d33f,33d33f,3,单,小
2026-08-11 13:47:38,85252080,000000000514d7f03c106b7f7ed62d40d0c76593d55e1775592b336147290944,290944,4,双,小
2026-08-11 13:48:39,85252100,000000000514d804cf161f9e60fc8038b7aaaf83b0a4a4573c93253af9d77804,d77804,4,双,小
2026-08-11 13:49:39,85252120,000000000514d8188596db5f4cceba0c1eb3e8ba6b59361cffdb8c6f6a7b8992,7b8992,2,双,小
2026-08-11 13:50:39,85252140,000000000514d82cdf302b02017c6d995947f034a51c777048af6a1c6870119b,70119b,9,单,大
2026-08-11 13:51:39,85252160,000000000514d840e07ef916621860cfa684671044cfd668866702c42f3ea78e,3ea78e,8,双,大
2026-08-11 13:52:39,85252180,000000000514d854dbbf1f322b279f589d51037c4d30412b7562193a862072d0,2072d0,0,双,小
2026-08-11 13:53:39,85252200,000000000514d8685ab1bcf5d012577f6589b8a5bee00444d8624f4c44a77e3a,a77e3a,3,单,小
2026-08-11 13:54:39,85252220,000000000514d87c1df36a6bd5be2b337215335540c6e9a8a0671077a82d3482,2d3482,2,双,小
2026-08-11 13:55:39,85252240,000000000514d8901e88e8fe1ee933934a59858456b698827cb0ae85101f3e78,1f3e78,8,双,大
2026-08-11 13:56:40,85252260,000000000514d8a4247af63b6b9c6bc0154bf544740a3f385d364703b9e21bd6,e21bd6,6,双,大
2026-08-11 13:57:41,85252280,000000000514d8b8918c66eeceaf0aee9e1299541604aca43757822a41651a67,651a67,7,单,大
2026-08-11 13:58:41,85252300,000000000514d8cc102750085082431197459f3053aa247d0c81ebfcf783c674,83c674,4,双,小
2026-08-11 13:59:41,85252320,000000000514d8e0fda03ceaadb2e85fa85cf88c5213293e2fe5a2062df7f83d,f7f83d,3,单,小
2026-08-11 14:00:51,85252340,000000000514d8f49cb2af5c022e394e87e46c13f30f43d0de3d2071f565b616,65b616,6,双,大
2026-08-11 14:01:47,85252360,000000000514d908671f2294075b5ed3bd246ac3c410f133d1c67af2d4ae6c33,ae6c33,3,单,小
2026-08-11 14:02:49,85252380,000000000514d91c444fdcf587f27689798812bbb51cbe5c16e04674335144dd,5144dd,4,双,小
2026-08-11 14:03:41,85252400,000000000514d9306c5c8db2afe577c381e5796eeb44e2ea1a7e5c0d18ed6006,ed6006,6,双,大
2026-08-11 14:04:43,85252420,000000000514d944b6f5d3de930c17d7aaf13101ca39b092df95709fc2bd5e52,bd5e52,2,双,小
2026-08-11 14:05:43,85252440,000000000514d958b64cc58601d96f4556d7beb52a3af2904a08c721f53c334c,3c334c,4,双,小
2026-08-11 14:06:45,85252460,000000000514d96c64f1f6ede39ba176b4020b7dfc9b7773aab3d2ebf1559886,559886,6,双,大
2026-08-11 14:07:47,85252480,000000000514d980a288330f1099bdd5b6eaa08577d30c11b30042bc32d38fe8,d38fe8,8,双,大
2026-08-11 14:08:49,85252500,000000000514d994aa8a4f4cb3c28c117ffd0253b1c7f4e92492286e9f6aa94f,6aa94f,4,双,小
2026-08-11 14:09:50,85252520,000000000514d9a81d0946ed0a063b21a083e8a84c6ba1b9683d03f96e086258,086258,8,双,大
2026-08-11 14:10:51,85252540,000000000514d9bc3531822c79254af94379c28e2811d2b526b613c5528bba7c,8bba7c,7,单,大
2026-08-11 14:11:42,85252560,000000000514d9d03f77b7a0f719d046fc4260c66b4059ac6ca9da6518e00021,e00021,1,单,小
2026-08-11 14:12:43,85252580,000000000514d9e43c0fffce0f14ff4faf2e53019e8497f4beb1cfa20ee63b6f,e63b6f,6,双,大
2026-08-11 14:13:45,85252600,000000000514d9f879e9333fd33f4c93c4bd150075f1fe35b4e9c090f18e8a24,8e8a24,4,双,小
2026-08-11 14:14:45,85252620,000000000514da0cd88d131531bc995a24da73c97d971b0aadb7cf6c24a35774,a35774,4,双,小
2026-08-11 14:15:45,85252640,000000000514da20038dd20589fc32def8b2f402fc4c326acbc71e96c2d804e6,d804e6,6,双,大
2026-08-11 14:16:47,85252660,000000000514da34ea81447f72997780ebc65f2f8e13cf5c7eacfec29e1de559,1de559,9,单,大
2026-08-11 14:17:48,85252680,000000000514da486a762935ee1d25f1730c970bc9c347264b530b7fd2cb8a61,cb8a61,1,单,小
2026-08-11 14:18:48,85252700,000000000514da5cdfe53d5e9f64b49a7e38b3017cea8e7645b7392a60c5cda8,c5cda8,8,双,大
2026-08-11 14:19:48,85252720,000000000514da7005047d354135ff50e9076b06b427349b23e752a96802ada4,02ada4,4,双,小
2026-08-11 14:20:50,85252740,000000000514da84dc424db10435adc0dece5cd9a11db9d11f9828bf40ee0f02,ee0f02,2,双,小
2026-08-11 14:21:51,85252760,000000000514da980214f6eebd834b46d0b88cf39508ad4de2eef8dd6364fbc8,64fbc8,8,双,大
2026-08-11 14:22:41,85252780,000000000514daac4181fdfa3d0cadc6eb58946a16a89ccd859c77a35de15927,e15927,7,单,大
2026-08-11 14:23:43,85252800,000000000514dac0feb288809bef539de26460de3924b6d2cd45b33dc0ee1e00,ee1e00,0,双,小
2026-08-11 14:24:43,85252820,000000000514dad4003853f4227720087970b211012ad563346139e45aa7a2fa,a7a2fa,2,双,小
2026-08-11 14:25:44,85252840,000000000514dae8de78f51600114114531eaa40c3a6a8040e7bc551bc5f6311,5f6311,1,单,小
2026-08-11 14:26:46,85252860,000000000514dafcdfeb023216497e5938e1036536b2f5c1d70e39afe703fc12,03fc12,2,双,小
2026-08-11 14:27:46,85252880,000000000514db1089215d3e274726261398345138d2853d45d660d88a59469d,59469d,9,单,大
2026-08-11 14:28:46,85252900,000000000514db24e8d1460ce5058b92aa0cd0819d30c42ed58f58ffac3fbacb,3fbacb,3,单,小
2026-08-11 14:29:47,85252920,000000000514db3886d667e9750cecf71ed4da12e0e961b3a5c5da7a04702602,702602,2,双,小
2026-08-11 14:30:51,85252940,000000000514db4c19f10b80f81fa3a5ac0b8385766306364f8b84f762d61ed6,d61ed6,6,双,大
2026-08-11 14:31:43,85252960,000000000514db60e8d0b6a2b112b7ff73d677848db082b57312aebf1d59efc0,59efc0,0,双,小
2026-08-11 14:32:45,85252980,000000000514db74bf8fdc12d8d4b8786bbde42d80e87297a02f35aad815edf6,15edf6,6,双,大
2026-08-11 14:33:48,85253000,000000000514db88b9e0dd80948567f454bb43a1f0da601a6773100b74badbab,badbab,4,双,小
2026-08-11 14:34:51,85253020,000000000514db9cb6954659096128c1742322832480c669fe2eea58895f4107,5f4107,7,单,大
2026-08-11 14:35:52,85253040,000000000514dbb0fdec01156ca916efcb13ba03331e7e8c4544bbd2936bbf72,6bbf72,2,双,小
2026-08-11 14:36:45,85253060,000000000514dbc4e260fa21444de73b1406db1cb797ec22e12b209916cc7d8d,cc7d8d,8,双,大
2026-08-11 14:37:48,85253080,000000000514dbd86a3bad52005383439ab2c95cf2de5ecc5212b42637476944,476944,4,双,小
2026-08-11 14:38:50,85253100,000000000514dbec38c7c74ba6413966d65bdccb8938e57f31a94435e5ae0a96,ae0a96,6,双,大
2026-08-11 14:39:43,85253120,000000000514dc0064d4ef5a87913c5a5288d6c475b9e3fc5a23a0825e986993,986993,3,单,小
2026-08-11 14:40:45,85253140,000000000514dc14fbcc783575886c5f61f6eb2acc8cb13fcb33c8882aeb09ad,eb09ad,9,单,大
2026-08-11 14:41:45,85253160,000000000514dc28c30e8ae162f13beb5e405c78dc086d69033c41800be64221,e64221,1,单,小
2026-08-11 14:42:46,85253180,000000000514dc3c0b8e57a548d3516d8c902f5d920c88314b98cf433e071c08,071c08,8,双,大
2026-08-11 14:43:48,85253200,000000000514dc50131509a45060e782603e326ac4ef43044370cd1d70a41f76,a41f76,6,双,大
2026-08-11 14:44:48,85253220,000000000514dc64ca1637bef96c2ef31ef0d788356ce253e925fe291cb25d18,b25d18,8,双,大
2026-08-11 14:45:49,85253240,000000000514dc785bba959024c284b84245d0748ec0a3dec2d069cae8999dba,999dba,9,单,大
2026-08-11 14:46:41,85253260,000000000514dc8c8813558a1319c31abc2effc6b7132c8061cf3b1fb2b2e0ce,b2e0ce,0,双,小
2026-08-11 14:47:43,85253280,000000000514dca0cca890b7787e32c3956e05f51ab799e12560003415cdb87f,cdb87f,7,单,大
2026-08-11 14:48:44,85253300,000000000514dcb45535522198ced34009e915f350593922da585f76a88f6715,8f6715,5,单,大
2026-08-11 14:49:45,85253320,000000000514dcc800470cce81151d7967f9dc163d192781acd6d128ffc6a49a,c6a49a,9,单,大
2026-08-11 14:50:45,85253340,000000000514dcdc31f3c27ddb8ce41ce0d0edc6c320a132c78ecadb8766b296,66b296,6,双,大
2026-08-11 14:51:45,85253360,000000000514dcf0c8c6f5a7c94e275eac4599b73eab2ae25c88a89147b50c9c,b50c9c,9,单,大
2026-08-11 14:52:46,85253380,000000000514dd04ad139239aae6dda4eb9102df661b1515560033ff1fe1eb39,e1eb39,9,单,大
2026-08-11 14:53:50,85253400,000000000514dd18320c49a0a342f997723a0ca163e8e590c2fd9e69e7844f94,844f94,4,双,小
2026-08-11 14:54:41,85253420,000000000514dd2cf11e077242f6fb046bc261eb45a1dfe3b3f16a126ac0eb40,c0eb40,0,双,小
2026-08-11 14:55:42,85253440,000000000514dd404fd345a87732ba43679afc6a65bc7c69fd9b0ac42caef931,aef931,1,单,小
2026-08-11 14:56:44,85253460,000000000514dd541a8c536248cb706e880e0d846856330cb64c1bf6bda4b046,a4b046,6,双,大
2026-08-11 14:57:44,85253480,000000000514dd6859f62e68fd96e6838108edc39df6e18092b3869d893e95f2,3e95f2,2,双,小
2026-08-11 14:58:44,85253500,000000000514dd7c12318429ba006820745c1f6b9a9a640add2cccb142ddb3de,ddb3de,3,单,小
2026-08-11 14:59:44,85253520,000000000514dd90596bd0aa9c1ab4fa672c1add94be151ab2585bcc068d2b10,8d2b10,0,双,小
2026-08-11 15:00:45,85253540,000000000514dda40b90940cbab7fa6ab939d3f8b6065bf4323447d610937f0d,937f0d,0,双,小
2026-08-11 15:01:47,85253560,000000000514ddb84dcd4a0b7e3546a0f53375bd6dd521a9945f8ee6300627b5,0627b5,5,单,大
2026-08-11 15:02:48,85253580,000000000514ddcca29f51624000877cd1bb21d7a5aab833b79b7ff961872b4d,872b4d,4,双,小
2026-08-11 15:03:51,85253600,000000000514dde0a34f440b9733a798044db55cb62684feba1a4ca63d427319,427319,9,单,大
2026-08-11 15:04:43,85253620,000000000514ddf4e6fedd519c7792bfe24330c9372bff4262aab87524229e58,229e58,8,双,大
2026-08-11 15:05:46,85253640,000000000514de080bf0a8bde6e69e10aceffb906de258dd41bfd70bf8d945ea,d945ea,5,单,大
2026-08-11 15:06:50,85253660,000000000514de1c73a117b368dd2e9dc6620f7c4e434454cfd744262af08561,f08561,1,单,小
2026-08-11 15:07:43,85253680,000000000514de309a41ad984e351e4fbb46c663f87ab8a5583a164da7f4b987,f4b987,7,单,大
2026-08-11 15:08:47,85253700,000000000514de4431288b02949447a2a089ef0314e35a6e87fb7608aa02af86,02af86,6,双,大
2026-08-11 15:09:53,85253720,000000000514de58680e979f0a153606fd0d944e93849945cec4749ef9921cf7,921cf7,7,单,大
2026-08-11 15:10:47,85253740,000000000514de6c8b27ff5701ab1f06e971916bbde992cac3a7afc240eecf96,eecf96,6,双,大
2026-08-11 15:11:48,85253760,000000000514de80209d26948282dd41f88da81ed30b4dce33d112a40b56f7bb,56f7bb,7,单,大
2026-08-11 15:12:50,85253780,000000000514de94c493aec3444c3902edfc7501c001356d83ba5a946f067006,067006,6,双,大
2026-08-11 15:13:43,85253800,000000000514dea892121afef2bf61fcb03d463df26b18070b886d93a205837c,05837c,7,单,大
2026-08-11 15:14:44,85253820,000000000514debc0412da811cefff1686460343206c65f73f9e3e094f8e75cd,8e75cd,5,单,大
2026-08-11 15:15:46,85253840,000000000514ded06bb533b67d45f840b26fee90efb02e11767cd9f3551a436e,1a436e,6,双,大
2026-08-11 15:16:49,85253860,000000000514dee44355fc0ddb99406036941ce5ed052627bf9dc15021e9a9e3,e9a9e3,3,单,小
2026-08-11 15:17:42,85253880,000000000514def849019a90ecd799eab5e1008bf77613573ce437ed72b2bc3d,b2bc3d,3,单,小
2026-08-11 15:18:44,85253900,000000000514df0cd25b6e1d1a5ac570a4b292b06eb6c09419369ddda4bc03bd,bc03bd,3,单,小
2026-08-11 15:19:45,85253920,000000000514df20c2d04cb7ab09bad59262183c673e554985f3cbe5b03f03b4,3f03b4,4,双,小
2026-08-11 15:20:48,85253940,000000000514df34518705a146cad5bec3675093aec447d30d4a37450b2d5c2e,2d5c2e,2,双,小
2026-08-11 15:21:41,85253960,000000000514df48be82e1dbcb8634283e03bd856c5691d36b0534939680e610,80e610,0,双,小
2026-08-11 15:22:43,85253980,000000000514df5c106f80b0471e1238a7b07e04bcc8f478a104b59c487b17a5,7b17a5,5,单,大
2026-08-11 15:23:46,85254000,000000000514df706bf8052863c8bb985d922eeefc781ae7d7dbd821b090d5d4,90d5d4,4,双,小
2026-08-11 15:24:48,85254020,000000000514df84d5793af58730f68747b2aa614a8cb0c1a6a8f73cf759d757,59d757,7,单,大
2026-08-11 15:25:51,85254040,000000000514df98fea3caac58dc1ac493d3e271e13d87ad859e4b1b46fad3e3,fad3e3,3,单,小
2026-08-11 15:26:46,85254060,000000000514dfac5d00080ec664f23e58e0812f0c5ed1020cb301a3794f2a1f,4f2a1f,1,单,小
2026-08-11 15:27:48,85254080,000000000514dfc089431853a3dcc7a8c04647d567f2f4f0d04f9c7b6e9e825c,9e825c,5,单,大
2026-08-11 15:28:39,85254100,000000000514dfd40685590793885f36c956fd302608673ce97d919ff3a24690,a24690,0,双,小
2026-08-11 15:29:42,85254120,000000000514dfe86d88e57e89034189b755bcbe6a393b33a036f9de61aa9822,aa9822,2,双,小
2026-08-11 15:30:43,85254140,000000000514dffc55b5805640edd956dbc8df441343794045273d87577e0a71,7e0a71,1,单,小
2026-08-11 15:31:46,85254160,000000000514e01067d3bb4e7ccc79cf14b38f66eb68a5f7965e3077e1f809b9,f809b9,9,单,大
2026-08-11 15:32:49,85254180,000000000514e0247823eaeb4bac295b5e344bfd17a371dfb43d5c6636e21ec2,e21ec2,2,双,小
2026-08-11 15:33:44,85254200,000000000514e0384d62ab04ca239524a91cda17781b50446946b39828e964a1,e964a1,1,单,小
2026-08-11 15:34:49,85254220,000000000514e04c34a91a1171844e0644a0c9c997098aa0ec0533c94709fe93,09fe93,3,单,小
2026-08-11 15:35:42,85254240,000000000514e060e5b3576a0596ebee69ede161c2103f0ca72c297141e00407,e00407,7,单,大
2026-08-11 15:36:47,85254260,000000000514e074c9412bb6b0b0ac1106021f359fa15b5e66fb526c5c9b5d68,9b5d68,8,双,大
2026-08-11 15:37:42,85254280,000000000514e088a75800887b8be9a370b3bf510faee4e47f7da286008dc5f3,8dc5f3,3,单,小
2026-08-11 15:38:46,85254300,000000000514e09cdc7d8a466bdc880cf4ea072573cd9698bcff6253291677ac,1677ac,7,单,大
2026-08-11 15:39:41,85254320,000000000514e0b0736c12c3a82c72d81535fcb523e167d6427d2456f7e70059,e70059,9,单,大
2026-08-11 15:40:50,85254340,000000000514e0c4bc203dbafbe504f13ddb3085599c87393e5c5077cd2b454a,2b454a,4,双,小
2026-08-11 15:41:48,85254360,000000000514e0d87561abf54115f9cb70cb6e43909505163bf331676e69ce8d,69ce8d,8,双,大
2026-08-11 15:42:48,85254380,000000000514e0ec813185c7da7420a87563ffbcf9ed901d92a46a81fe391c17,391c17,7,单,大
2026-08-11 15:43:48,85254400,000000000514e100c7e66939b2bf0e64da41e90a39b229edf95fab09e2a84fe7,a84fe7,7,单,大
2026-08-11 15:44:49,85254420,000000000514e114e33d720e9977cd750da8a4b44bbb91ee4aa71a3466672500,672500,0,双,小
2026-08-11 15:45:40,85254440,000000000514e128df63f603331aebc183789d595586a7d025f3e9d7bccc1a89,cc1a89,9,单,大
2026-08-11 15:46:44,85254460,000000000514e13cb0c3f68adb1c66901718431fc62b1b5fcf2752862b5342c3,5342c3,3,单,小
2026-08-11 15:47:46,85254480,000000000514e150b894099731b1bfb6989351ea0c2f891c3bf80f1764ce5dcc,ce5dcc,5,单,大
2026-08-11 15:48:48,85254500,000000000514e16489ada3e2250b5470b46e6997a7da006b4ea144b275c40ba5,c40ba5,5,单,大
2026-08-11 15:49:51,85254520,000000000514e178d8c705c0434e71ee5568c8b11be808d3adce12878b625ce9,625ce9,9,单,大
2026-08-11 15:50:44,85254540,000000000514e18ccae932f2cc4baba6c033f4cf980c0b35544385a0ac8f0ea0,8f0ea0,0,双,小
2026-08-11 15:51:47,85254560,000000000514e1a0984d834ea74434ebaa9707fe0c7e0b309cc82ed29eb66e4a,b66e4a,4,双,小
2026-08-11 15:52:40,85254580,000000000514e1b4b3552c2aaf0c405484d752746ba95136d787494d1f443da5,443da5,5,单,大
2026-08-11 15:53:43,85254600,000000000514e1c8639df560edcb72f367c0e53dc32c7d98a5b48513c7988f0e,988f0e,0,双,小
2026-08-11 15:54:44,85254620,000000000514e1dc27c7032213a8f6dd6690b71d15abe76dacb8530b0b8d6304,8d6304,4,双,小
2026-08-11 15:55:47,85254640,000000000514e1f07cb7144b66e097e9074bbd2c45b0ab01eb5d149f36c9a948,c9a948,8,双,大
2026-08-11 15:56:51,85254660,000000000514e2048d34cb64b762818dd88d0ddbfef18d0d4515db7916c60aea,c60aea,0,双,小
2026-08-11 15:57:43,85254680,000000000514e2182a8f7ea8d896a82443af5807d87ca10636b2241cd6344a13,344a13,3,单,小
2026-08-11 15:58:46,85254700,000000000514e22cdaf1fca7096be14d79acfbb3d8bd06f301aea7c89f347f07,347f07,7,单,大
2026-08-11 15:59:50,85254720,000000000514e24078cec9a147beabed6d06b399ad413d4a29dcdf58949d2c86,9d2c86,6,双,大
2026-08-11 16:00:43,85254740,000000000514e254127b0c41be9df87e4c2e7b27630b1350cd8c6ba0a417ddf4,17ddf4,4,双,小
2026-08-11 16:01:45,85254760,000000000514e26801a6de0264ae01e0adf4388b8782ed029320bebb848746c8,8746c8,8,双,大
2026-08-11 16:02:47,85254780,000000000514e27c265592358d666d13c4da4e20f1874c75919ab43563dac68f,dac68f,8,双,大
2026-08-11 16:03:42,85254800,000000000514e290d745376e9efc1c2073c61373f9f3610bada71b33f4d213d6,d213d6,6,双,大
2026-08-11 16:04:46,85254820,000000000514e2a418157406589c0e26ed99e3a6df18ac15c0997744cb17990d,17990d,0,双,小
2026-08-11 16:05:47,85254840,000000000514e2b83d843a65d01378a49a71dd08ae38c6eaa36e5fdfca4ddf59,4ddf59,9,单,大
2026-08-11 16:06:41,85254860,000000000514e2cc460711ab4a8b7ae9ed9b3f6bd860c4e0151f0eb6d0820618,820618,8,双,大
2026-08-11 16:07:41,85254880,000000000514e2e07581f8faa2ffb315725bc7263d51b2b2ea81aa5f4d6383fa,6383fa,3,单,小
2026-08-11 16:08:45,85254900,000000000514e2f4fce2b253f51ec066a0f01f68481f03f43c3df71c4e1308cb,1308cb,8,双,大
2026-08-11 16:09:47,85254920,000000000514e30843f300502c12a1d33afdd565be978cdee644b43a57106b82,106b82,2,双,小
2026-08-11 16:10:51,85254940,000000000514e31c8154a3fa73a10b6ac7749ee27189ac61950e15c4c37f5d4a,7f5d4a,4,双,小
2026-08-11 16:11:43,85254960,000000000514e3303ce8729dd3e024171f5478e6723fac5b3d1a0fad59d8927a,d8927a,7,单,大
2026-08-11 16:12:47,85254980,000000000514e34446b3e52c02b30904af8f4469c641bcbe463017ade3fc98a8,fc98a8,8,双,大
2026-08-11 16:13:44,85255000,000000000514e358ebb7fcc0a3ca689062321806ed0acd9636aad36545ce28f4,ce28f4,4,双,小
2026-08-11 16:14:44,85255020,000000000514e36c0a7a6d821ddde19f69116fe7452e19d0ab9d7f1ece3f9aa3,3f9aa3,3,单,小
2026-08-11 16:15:50,85255040,000000000514e38015f3b33cf72affa579f2abe8788a41203620f75eb759e021,59e021,1,单,小
2026-08-11 16:16:46,85255060,000000000514e394858749fefe15edc40e61be0074d5e9eca4dfd81763b55b00,b55b00,0,双,小
2026-08-11 16:17:41,85255080,000000000514e3a8a3ec7026bb4a16eb62c3b0eb98d52abb6efbbb518bd19e4c,d19e4c,4,双,小
2026-08-11 16:18:46,85255100,000000000514e3bcbe054d0a8206d340cb95eb6fb4028943ff42e2df79df21cc,df21cc,1,单,小
2026-08-11 16:19:50,85255120,000000000514e3d0a2a40c99e3263e500bd4b5acbd8898b32330758f977a8695,7a8695,5,单,大
2026-08-11 16:20:43,85255140,000000000514e3e48b6f0ae7d6c4b0f19cb76dd0df51acc0f1c63a3ae20a0653,0a0653,3,单,小
2026-08-11 16:21:42,85255160,000000000514e3f814f77369c69ed200fb5e5e7109abdaa532b32c3e8e7831c1,7831c1,1,单,小
2026-08-11 16:22:47,85255180,000000000514e40c2e6c4367ac7139c30ba536d761dffa11fea0fec461671c38,671c38,8,双,大
2026-08-11 16:23:43,85255200,000000000514e4203d570a399d45c96290b4e7dae481a86eed4267775e2ec82c,2ec82c,2,双,小
2026-08-11 16:24:46,85255220,000000000514e434fee30ae98da6923eb62a32fccb281aced5534682e7570b06,570b06,6,双,大
2026-08-11 16:25:48,85255240,000000000514e448e9ba6a4bd9d986dee2502e54851cd94a4c6107a82ead1618,ad1618,8,双,大
2026-08-11 16:35:19,85255420,000000000514e4fc8a3b1c7853f7c180e8e89d61c45e77ab5e45c943bbfe20ae,fe20ae,0,双,小
2026-08-11 16:35:51,85255440,000000000514e510189ff559085a74e852ebee230319295f5b371f288f40d451,40d451,1,单,小
2026-08-11 16:36:43,85255460,000000000514e5249907594ef971820ad45590eb0f438fbb8f130e002ba1d107,a1d107,7,单,大
2026-08-11 16:37:50,85255480,000000000514e538a3a3abae81902ad1d4430df22465b041d2043e49c791ec1e,91ec1e,1,单,小
2026-08-11 16:38:46,85255500,000000000514e54ced1deb18ff279ba245ff7545a66d2d6e7e9e5ebd2bd94c1d,d94c1d,1,单,小
2026-08-11 16:39:51,85255520,000000000514e560594ba0ba6716ed007d7ceb69b9d79a9b888a6dba979161fa,9161fa,1,单,小
2026-08-11 16:40:45,85255540,000000000514e57402f74b3d4ae040daf9af00029308a7ed834918566dc4b5a2,c4b5a2,2,双,小
2026-08-11 16:41:49,85255560,000000000514e588d698a76940980125df16f1f50ab57322cfdd4be1e98e5426,8e5426,6,双,大
2026-08-11 16:42:45,85255580,000000000514e59c8333d37f63474bd1943c8826ea2cd83ab85982c52cd2c55a,d2c55a,5,单,大
2026-08-11 16:43:51,85255600,000000000514e5b0cee83d78022e3f538d53460526cc33b4e2d81891042992bc,2992bc,2,双,小
2026-08-11 16:45:49,85255640,000000000514e5d8ae564b2f3a2ff1b5e37d2c0266129f9fb94064bc12fcc47e,fcc47e,7,单,大
2026-08-11 16:46:43,85255660,000000000514e5ecedef3430edd440237535883bef01e33c361f1ee732bc4018,bc4018,8,双,大
2026-08-11 16:47:48,85255680,000000000514e600ca6d739a640bb43de6aa2b6986d4f7eacde1d2a07ee05adc,e05adc,5,单,大
2026-08-11 16:48:42,85255700,000000000514e614b29d650500ff74ef99285ef5cea70bc96ceb4eba0412f38d,12f38d,8,双,大
2026-08-11 16:49:48,85255720,000000000514e62815930183793aec46acabd4c1cd8b0cb7e85170e1ba96a263,96a263,3,单,小
2026-08-11 16:50:41,85255740,000000000514e63cef16c2cd3fb6e1e1630618312797642c0aae543a6bb974f7,b974f7,7,单,大
2026-08-11 16:51:44,85255760,000000000514e650c2cddc57b33888d7d3427a5b55667857ca45845f12ef64b0,ef64b0,0,双,小
2026-08-11 16:52:49,85255780,000000000514e6648ba959e3eb3fd8548349f6d531c6f7e9b99e5a495fbc1826,bc1826,6,双,大
2026-08-11 16:53:44,85255800,000000000514e678e2ed241a80bee28ea4f21e984f53c23d1094649159af6b4b,af6b4b,4,双,小
2026-08-11 16:54:44,85255820,000000000514e68cb23ee5c44fb243e7494125c87885ee1bb0f54b9d70579023,579023,3,单,小
2026-08-11 16:55:48,85255840,000000000514e6a00abc8d4e0320abafdc8368ee93af95e5a28065afd641f36d,41f36d,6,双,大
2026-08-11 16:57:42,85255880,000000000514e6c84efb0755182148500763ec2edd2526a9926c467054d4710a,d4710a,0,双,小
2026-08-11 16:58:43,85255900,000000000514e6dc29406354fc0aee6d321d08ac78c16feb47c0b81a78a508af,a508af,8,双,大
2026-08-11 16:59:44,85255920,000000000514e6f02a59cb58dbbf92fc6e3371e6559488ae35a096d9408b9848,8b9848,8,双,大
2026-08-11 17:00:43,85255940,000000000514e704522ffa8be14e49e387a0d25f0c1bbf3d475ceab142d7a970,d7a970,0,双,小
2026-08-11 17:01:44,85255960,000000000514e718593651763b6a94a346615ab165732f0677890e987ddadd25,dadd25,5,单,大
2026-08-11 17:02:45,85255980,000000000514e72c8b9a672ce63b189a950efe770234c3324e11138060a8282a,a8282a,2,双,小
2026-08-11 17:03:43,85256000,000000000514e7407252f246f1645bba81c5dd781c74a330e2f129c00bf8eb3e,f8eb3e,3,单,小
2026-08-11 17:04:44,85256020,000000000514e75407d69e851055a40dbd937b1ee7475ff212a4eff5f2b96888,b96888,8,双,大
2026-08-11 17:05:46,85256040,000000000514e7685bf7e98d966556b7a869d5cadae8e2b789ee0c4fed75f034,75f034,4,双,小
2026-08-11 17:06:44,85256060,000000000514e77cab6fc101427b78b5e55a2346588fba5802916c944be00f6d,e00f6d,6,双,大
2026-08-11 17:07:44,85256080,000000000514e79029c611b26ee2ee2752767d42cf9eb277605fe43882006985,006985,5,单,大
2026-08-11 17:08:45,85256100,000000000514e7a427839f73ef0f78cd3ecabbb7ada90c8118fbe06f04bf05c7,bf05c7,7,单,大
2026-08-11 17:09:43,85256120,000000000514e7b86c8d7cefb4ab47fa5bfc0482b7ba34627d8862540630be8c,30be8c,8,双,大
2026-08-11 17:10:53,85256140,000000000514e7ccc72f5a85b35043686e32b36ad518c784b891e94889282d4f,282d4f,4,双,小
2026-08-11 17:11:45,85256160,000000000514e7e093b5ed9bcc9c243c90bdebcabc1b819a37241920c61a9321,1a9321,1,单,小
2026-08-11 17:12:43,85256180,000000000514e7f42cd58852be7c4457720e51688280f8f7d944cd3806fe7565,fe7565,5,单,大
2026-08-11 17:13:45,85256200,000000000514e8081edf991333cb10fec593ec95c47ba3ff840cf9613f0aa55d,0aa55d,5,单,大
2026-08-11 17:14:45,85256220,000000000514e81ca4309b54b539ace60396d16c360a26a574b926a239fa4abc,fa4abc,4,双,小
2026-08-11 17:15:46,85256240,000000000514e8309ed4e8c41c1f13fd063f352243cf46fc27cc645cc5c75175,c75175,5,单,大
2026-08-11 17:16:44,85256260,000000000514e844436fdb7b19ba1e80e1be758364b632ec809e4084707dc6aa,7dc6aa,6,双,大
2026-08-11 17:17:44,85256280,000000000514e85816e126510734edfe38658a63de715a8b4d042228fc75647f,75647f,7,单,大
2026-08-11 17:18:45,85256300,000000000514e86cd899e9354c1861d96ab1fa6c4a3eb9a71c858e5f28952d1f,952d1f,1,单,小
2026-08-11 17:19:46,85256320,000000000514e880b5cb04c1a9a61c5a4b14b17391b14ad8040670bc9a247ad9,247ad9,9,单,大
2026-08-11 17:20:44,85256340,000000000514e894e2b0963fbc65ab6abc946cc3d46e59c2edf85faaeae025ce,e025ce,5,单,大
2026-08-11 17:21:44,85256360,000000000514e8a80cb2e663c4a6873b5dc5db2f5b6362fa119bcfaa2964590b,64590b,0,双,小
2026-08-11 17:22:44,85256380,000000000514e8bcce98f7e9bf96ec4726105f8b1ce2d54fb80ae7983362fce2,62fce2,2,双,小
2026-08-11 17:23:53,85256400,000000000514e8d07c5b6eaebccf13ce5e18501bc20c89b7263d204ab0aab5b2,aab5b2,2,双,小
2026-08-11 17:25:01,85256420,000000000514e8e4461f8f09fbff1696daf415182a84bdd5e576e6d4efc8cf35,c8cf35,5,单,大
2026-08-11 17:25:46,85256440,000000000514e8f83e184af5761f81b644ee0705f8ec061ef3611b31bd41cc5d,41cc5d,5,单,大
2026-08-11 17:26:47,85256460,000000000514e90c76d46468c438978ad02135d71176d5aeea93c11bdae39330,e39330,0,双,小
2026-08-11 17:27:43,85256480,000000000514e920b499ec1b009bb7205e6c670252cbf0592ac8a9306172b2a6,72b2a6,6,双,大
2026-08-11 17:28:45,85256500,000000000514e934d43d299094b82a077517e3710fffe92e96a781e6758733ec,8733ec,3,单,小
2026-08-11 17:29:52,85256520,000000000514e9486c96dfc1209ca7c0dbd03d4a69df1ba34f9a9fadbd0caa3d,0caa3d,3,单,小
2026-08-11 17:30:44,85256540,000000000514e95c1b2fa1a3f90c49f2e0ef930747bdfa1095cb03837b622ecb,622ecb,2,双,小
2026-08-11 17:31:47,85256560,000000000514e970b9cc69a8f16d6d09fece1c7c86b8ae1ad5a059f236e08fad,e08fad,8,双,大
2026-08-11 17:32:47,85256580,000000000514e9842273ae35618d0d86f68218797bf3992da671ed2031a35acf,a35acf,5,单,大
2026-08-11 17:33:46,85256600,000000000514e998ff64c7687f126b98dbe353e1b9f05d7a39c02f2f7f8a643d,8a643d,3,单,小
2026-08-11 17:34:45,85256620,000000000514e9acb412748c41b3b07c4fa5271f0eb54704355401891afb07de,fb07de,7,单,大
2026-08-11 17:35:46,85256640,000000000514e9c02db279f5caf656bd176d12ef1e7380395471323242449a82,449a82,2,双,小
2026-08-11 17:36:46,85256660,000000000514e9d4aff3dc8f9f362a2743234bb35bc1f3429efc70a4081da908,1da908,8,双,大
2026-08-11 17:37:45,85256680,000000000514e9e83db6ce8baa7810a321695551f36e9cea28ff854b6ac5b3d7,c5b3d7,7,单,大
2026-08-11 17:38:44,85256700,000000000514e9fc9e01bea5df3dac0435bb88a4cc480ff397056ee456ba78b4,ba78b4,4,双,小
2026-08-11 17:39:44,85256720,000000000514ea10cf791b625e35cef371dbd834ff813dcf065496edb991a0c2,91a0c2,2,双,小
2026-08-11 17:40:45,85256740,000000000514ea24c61ffec5d92774d90226c943e7a1bebb81ae1e8f319d455a,9d455a,5,单,大
2026-08-11 17:41:44,85256760,000000000514ea38f4c119377f991d2a35e28fdaef8949841fd6f4656022dbf5,22dbf5,5,单,大
2026-08-11 17:42:46,85256780,000000000514ea4cfdc41b192a2b73e3d98319465fd91bf8555404b442a1b430,a1b430,0,双,小
2026-08-11 17:43:46,85256800,000000000514ea60770a1095b8f55f01dedf26357c2e9a094df012e198383cfb,383cfb,3,单,小
2026-08-11 17:44:44,85256820,000000000514ea742717f6a7a74ff9ca7f231e39b361b0f02d6dd1003719262d,19262d,2,双,小
2026-08-11 17:45:43,85256840,000000000514ea88c92f087cdbe609b63b1e043bdc6b057678aa26cfcdc59c48,c59c48,8,双,大
2026-08-11 17:46:47,85256860,000000000514ea9cbaf65ab1d6ddc4c9f57101bb90ab15d738ce99d9d1aece8f,aece8f,8,双,大
2026-08-11 17:47:44,85256880,000000000514eab02a9001bb53d699e181936481a99f89f6ab1a98f83e8a77af,8a77af,7,单,大
2026-08-11 17:48:46,85256900,000000000514eac48aa1ff7a6ea85f0d6f5826bea1f506d5ec0493c65f9e9505,9e9505,5,单,大
2026-08-11 17:49:44,85256920,000000000514ead89122f6f8bf9a47cf09386d8e2eba38258b509608bf6fa5d5,6fa5d5,5,单,大
2026-08-11 17:50:44,85256940,000000000514eaec1f6c055848c10600d652845fc0b849cc8788a56aa18cc537,8cc537,7,单,大
2026-08-11 17:51:45,85256960,000000000514eb00108e57027cd0acc15b18757a3c684404914866e8e79f4c48,9f4c48,8,双,大
2026-08-11 17:52:44,85256980,000000000514eb1436e44ffc0cbffe2b64ffa0fe24b0f0d4ce93396fc27708ff,7708ff,8,双,大
2026-08-11 17:53:47,85257000,000000000514eb286c68ce5510af4b945cca69bf13347bce48b349a78449bf03,49bf03,3,单,小
2026-08-11 17:54:45,85257020,000000000514eb3c711a9aac893b99d7cacc29cc1c307c61e4e915782c67482c,67482c,2,双,小
2026-08-11 17:55:47,85257040,000000000514eb5055d6e0a4ffef70ea753be2854f86ca9bbfa9dddef2914a89,914a89,9,单,大
2026-08-11 17:56:46,85257060,000000000514eb64953bf8e6f0a06d1cb133aec94c6289c8ec61887234e2c06f,e2c06f,6,双,大
2026-08-11 17:57:44,85257080,000000000514eb78101387cbd283babcfabc7be3d7ae656eb938f742548e9934,8e9934,4,双,小
2026-08-11 17:58:44,85257100,000000000514eb8c1645789dbe0ed906df133c1c657d6d609a972258cac31653,c31653,3,单,小
2026-08-11 17:59:44,85257120,000000000514eba07ca488806ee60f5d7ca717a50ccdec847dccadecab8c2af8,8c2af8,8,双,大
2026-08-11 18:00:44,85257140,000000000514ebb43569131298184c87f672dfb1b30beb3696f12003f3e7c987,e7c987,7,单,大
2026-08-11 18:01:44,85257160,000000000514ebc8f2806912f8e6df54d31de1f37a2f73d380326f3fcfac4517,ac4517,7,单,大
2026-08-11 18:02:45,85257180,000000000514ebdc108433b479313df307de1082be47e7dada1f0fbb8ff8c5a6,f8c5a6,6,双,大
2026-08-11 18:03:44,85257200,000000000514ebf07d19f285ed14fae15f191ac2b8711c866c77eff0501ea6c6,1ea6c6,6,双,大
2026-08-11 18:04:45,85257220,000000000514ec041972a957ecf772374e178fd6374cfc9e49b0c9e1e2fd1a32,fd1a32,2,双,小
2026-08-11 18:05:44,85257240,000000000514ec18998009dee02e32c29aaaccc5b29775e486b49ec72b813395,813395,5,单,大
2026-08-11 18:06:43,85257260,000000000514ec2c6000958cad769d76bad448b2fdcf71e67907c2fcfaf0f3cc,f0f3cc,3,单,小
2026-08-11 18:07:46,85257280,000000000514ec404fc199ca4b7275c630b0e14274d38f5cdf43feb984e319c4,e319c4,4,双,小
2026-08-11 18:08:45,85257300,000000000514ec54e230c378a69c1369172d2e6bf9d0a732a8c142e78b8b665f,8b665f,5,单,大
2026-08-11 18:09:46,85257320,000000000514ec6845d1f330ceca7d4cc4b363fc00ee1a165b3d858f805dff05,5dff05,5,单,大
2026-08-11 18:10:46,85257340,000000000514ec7c12c280a20191ded15c8b382cd57cc60678b5006ffb372c45,372c45,5,单,大
2026-08-11 18:11:46,85257360,000000000514ec901a47fa96f0acdba5516db05258395bd1f550ffa4052fb4fd,2fb4fd,4,双,小
2026-08-11 18:12:43,85257380,000000000514eca434ac62491b02833e16920e8025ea236ff7385402c7dad672,dad672,2,双,小
2026-08-11 18:13:43,85257400,000000000514ecb841092e34b67f7550e69e6951896b9949c85d92c022aa0fa8,aa0fa8,8,双,大
2026-08-11 18:14:47,85257420,000000000514ecccf93be736449d2966dce4f5aa996cb49ca3b15e253e2ec0eb,2ec0eb,0,双,小
2026-08-11 18:15:46,85257440,000000000514ece0a41ce76bdd5597c326d8c8a315e1b83e0fc9fdcce48175b2,8175b2,2,双,小
2026-08-11 18:16:44,85257460,000000000514ecf4a663ff321be3483e38ffd05c4950d04e2f3191a6d9b206da,b206da,6,双,大
2026-08-11 18:17:44,85257480,000000000514ed0837e7af4d59d4dd80315e8684ca4f54408b0810300ddeebd1,deebd1,1,单,小
2026-08-11 18:18:44,85257500,000000000514ed1cbdc43f02a10f17919dc47469a8efb7150b6dd776b95c878c,5c878c,8,双,大
2026-08-11 18:19:44,85257520,000000000514ed30b4a6c594c16981bd09d8194d5177e60915b9a55ff285acd6,85acd6,6,双,大
2026-08-11 18:20:46,85257540,000000000514ed448b3f8f26ef2d471ca72fb47a5e1a9d0e8e9828044ec1d6ea,c1d6ea,6,双,大
2026-08-11 18:21:44,85257560,000000000514ed58cfc0849c26f5f4c474cdb22fb7362346bed1fd9567098d31,098d31,1,单,小
2026-08-11 18:22:45,85257580,000000000514ed6c842f3dbf07c31488165ea90256edd7c6d342b82dd7e3eff2,e3eff2,2,双,小
2026-08-11 18:23:42,85257600,000000000514ed80f9019e3a7a41a1c206c5866acf827fc6ebbb18d58258f1b5,58f1b5,5,单,大
2026-08-11 18:24:44,85257620,000000000514ed94e7586b018ef9526a4bbf2b808dd7e79d9a98fb4a1758e10a,58e10a,0,双,小
2026-08-11 18:25:44,85257640,000000000514eda876c712cf8df50658be39b5e203cbd759d9c4606ea6714b3b,714b3b,3,单,小
2026-08-11 18:26:44,85257660,000000000514edbc123134ffebc8a8625eb3c0701650fc4e9f16e93257fc2deb,fc2deb,2,双,小
2026-08-11 18:27:43,85257680,000000000514edd0ea4df75626224f91f11a8531b4b5d20ff8f68ad5ac613024,613024,4,双,小
2026-08-11 18:28:45,85257700,000000000514ede4e5b2a301db31d97e03cdb86798c43fe8c731bc9e8d7b19e5,7b19e5,5,单,大
2026-08-11 18:29:45,85257720,000000000514edf8176c78ffe84f16a1c33e9c0a15b723bf84e894f2f7efd917,efd917,7,单,大
2026-08-11 18:30:42,85257740,000000000514ee0cc3257a8aa6f6af4a80a6d61e9b82dfd09a73783e22e6102e,e6102e,2,双,小
2026-08-11 18:31:44,85257760,000000000514ee209ffbe04f6d340dc3ca7d95157402eaa8d3bfbfdd81c8000f,c8000f,0,双,小
2026-08-11 18:32:45,85257780,000000000514ee34d68b09dba69f1f5521ab482848d2d944f6dc49a02fa8fe9e,a8fe9e,9,单,大
2026-08-11 18:33:44,85257800,000000000514ee48ed837375dbfaa45bd4d6decc9d1f1642883c7a847bd25368,d25368,8,双,大
2026-08-11 18:34:45,85257820,000000000514ee5cee27385fa79a811cd0df4139bbc1692f39dea650d5f99e01,f99e01,1,单,小
2026-08-11 18:35:44,85257840,000000000514ee70f5bb4927044eab5a1b220427c13808f820ef75c8862bed14,2bed14,4,双,小
2026-08-11 18:36:45,85257860,000000000514ee847a4b4014ca3c79cf4db0dcf8190ab64c4cdc78bddae9f910,e9f910,0,双,小
2026-08-11 18:38:10,85257880,000000000514ee98bed8e6661dc1e6e17a15dc135a800c60f7bca522204b8a98,4b8a98,8,双,大
2026-08-11 18:38:48,85257900,000000000514eeac7164ad4279a6a331a8928a61f63b81c64c20593178ae8dff,ae8dff,8,双,大
2026-08-11 18:39:43,85257920,000000000514eec0c991c7edd71468cef6db4988c8481fdf2291cc85449856d7,9856d7,7,单,大
2026-08-11 18:40:45,85257940,000000000514eed4c8e8a11d850960c7d20162a2e7f9c18ef932b417bd0e142f,0e142f,2,双,小
2026-08-11 18:41:45,85257960,000000000514eee89ffc0479d2954ca181081ceeb6c66c342d4aba82ddd76ce0,d76ce0,0,双,小
2026-08-11 18:42:44,85257980,000000000514eefcf369b12137bb092573752a5c0867ff1594999f49d36a70ba,6a70ba,0,双,小
2026-08-11 18:43:42,85258000,000000000514ef103ea6498d0b1a5f5b15bf2ac1573a4f6c5ceef9618dce88a1,ce88a1,1,单,小
2026-08-11 18:44:45,85258020,000000000514ef246a796d982c6ca80a586e2f863335de9d2e9505d92443b263,43b263,3,单,小
2026-08-11 18:45:45,85258040,000000000514ef383a1fb31d6a5eb3a03eb11196c032c055a7e7c2d0b9c81779,c81779,9,单,大
2026-08-11 18:46:44,85258060,000000000514ef4c95e673cbd8512d1c9c90c88449d88a275cf54d08a5a20455,a20455,5,单,大
2026-08-11 18:47:45,85258080,000000000514ef60e50c323d0e259ab287bc6dbfb4ab19d0ec5368974ae51db1,e51db1,1,单,小
2026-08-11 18:48:43,85258100,000000000514ef741bd3915c53f825f9bdf5c9a0e5174b138fb97bbabb94daa7,94daa7,7,单,大
2026-08-11 18:49:46,85258120,000000000514ef8852d4a9a4fac35908f409e8bb31779539e8fe048a94f9646c,f9646c,6,双,大
2026-08-11 18:50:45,85258140,000000000514ef9c701e3a6357660a0481a4313b4e8d0f7c52115847e3c8388c,c8388c,8,双,大
2026-08-11 18:51:44,85258160,000000000514efb0c76cd2aec318ba13e9bda289d759c9015bf079a266c90563,c90563,3,单,小
2026-08-11 18:52:50,85258180,000000000514efc4dfedcaebad89d3c6d1bb3a64237b3a97bda52e0236295009,295009,9,单,大
2026-08-11 18:54:01,85258200,000000000514efd8c0ddbb2dc4009dd6b3f21f90cd110756b6a08cb56e9e4cf0,9e4cf0,0,双,小
2026-08-11 18:55:13,85258220,000000000514efec62068b431abb4fd8e2a3123ee07be41210a91d57dc2ec6e5,2ec6e5,5,单,大
2026-08-11 18:56:09,85258240,000000000514f000ca497418bb0dab0fb16100cd3d86f272b565489174e919cc,e919cc,9,单,大
2026-08-11 18:56:47,85258260,000000000514f01475bc29836c584f4134abaf8b5018964c30ed1a91f31f357b,1f357b,7,单,大
2026-08-11 18:57:44,85258280,000000000514f0281bb4b34bfa9635e3f85b6ee4436b3bc892ec351959c4b888,c4b888,8,双,大
2026-08-11 18:58:44,85258300,000000000514f03cad635ff0a1332876c176604d7e75a03dbbec9232087faf5e,7faf5e,5,单,大
2026-08-11 18:59:45,85258320,000000000514f050c419e5f233dc0301ab37b5ca7fd09a17a801aed42369baf8,69baf8,8,双,大
2026-08-11 19:00:44,85258340,000000000514f0645284b74cfeecd11a50bee5cbb98fa68d4df9ea0638fcdc53,fcdc53,3,单,小
2026-08-11 19:01:45,85258360,000000000514f078e22454bdd0ccb45b7f005080939120ef73647e78d732159c,32159c,9,单,大
2026-08-11 19:02:44,85258380,000000000514f08c06bea026d63b67170ac16c90ff4f9c6f552cd1c021e9fae9,e9fae9,9,单,大
2026-08-11 19:03:45,85258400,000000000514f0a0bc605c14db9165b7f5a9dc83fd03c69e9737bb5d5dc05a77,c05a77,7,单,大
2026-08-11 19:04:46,85258420,000000000514f0b4fd440e3d256c33e8b482d8f470890b146d45e2a4b292ed46,92ed46,6,双,大
2026-08-11 19:05:53,85258440,000000000514f0c859a6981024ccaf86c40cc1d228b2b1a6c0795bc21c117699,117699,9,单,大
2026-08-11 19:06:46,85258460,000000000514f0dc211bd7972b01a0e2d68b38c20f7ce0efccf49cb402b35d06,b35d06,6,双,大
2026-08-11 19:07:44,85258480,000000000514f0f0be2cc296b3d797b1fb8a3958fd3ce9a166f68a4b22ac98a8,ac98a8,8,双,大
2026-08-11 19:08:44,85258500,000000000514f1048c30eaa0b8891f3f2a97b204768dc1835cdb49a724565a51,565a51,1,单,小
2026-08-11 19:09:45,85258520,000000000514f118c6cfca317c0906848e940fa778894caf8161c505088f9594,8f9594,4,双,小
2026-08-11 19:10:45,85258540,000000000514f12c284f393da8ae516b470a4153a0110b176dae88a5947128d4,7128d4,4,双,小
2026-08-11 19:11:43,85258560,000000000514f1403d2485f83b82695e57a2031e1020a76875e364163affaaa9,ffaaa9,9,单,大
2026-08-11 19:12:45,85258580,000000000514f154afa6d810fbc8c00e9100815dd45fdf989ccaf4459ddef30c,def30c,0,双,小
2026-08-11 19:13:44,85258600,000000000514f168ea8075c0b5ed3db4dcd582cc45acbe2578881657061a3d83,1a3d83,3,单,小
2026-08-11 19:14:44,85258620,000000000514f17cbc1704c60e0c49902ae393cd09df9036f99dfd08aa3167dd,3167dd,7,单,大
2026-08-11 19:15:45,85258640,000000000514f1903c0c84d225b93c7812a46a73df14036a53cdead19dc4c727,c4c727,7,单,大
2026-08-11 19:16:45,85258660,000000000514f1a450a3056b0ef13d4fc2ab405b85bf5d42af66a8475ac9c69d,c9c69d,9,单,大
2026-08-11 19:17:43,85258680,000000000514f1b8ae6fd145d1aa6fc81170f9d59efd9da74393bac3c0cda431,cda431,1,单,小
2026-08-11 19:18:43,85258700,000000000514f1ccfef0e471fa699f12b95256821d6212b3edb8c8bb311838d8,1838d8,8,双,大
2026-08-11 19:19:44,85258720,000000000514f1e0b9634f17124a2754bfbc4b832743bdaf96d19bbd561d8175,1d8175,5,单,大
2026-08-11 19:20:46,85258740,000000000514f1f444c3064d387863ca246fab10388ad2eb9120e7a81e04b020,04b020,0,双,小
2026-08-11 19:21:43,85258760,000000000514f208bac357d2d3e25b4d3c8b6fa4367347e1b6c25f7cb5bd86d7,bd86d7,7,单,大
2026-08-11 19:22:44,85258780,000000000514f21c58d31d93b7d44e455de293b38c7979b42c668871bb9152dc,9152dc,2,双,小
2026-08-11 19:23:43,85258800,000000000514f23042d54cd937f32d8fe2b81e3610467f5d0622819c21347507,347507,7,单,大
2026-08-11 19:24:45,85258820,000000000514f2441eb9a73529a20fdb96e4c9b0eb6423e97d56e8ed3e7230d3,7230d3,3,单,小
2026-08-11 19:25:51,85258840,000000000514f25828f6ca31c3e0684071f46035615aab731084d847fab380bd,b380bd,0,双,小
2026-08-11 19:26:47,85258860,000000000514f26cc85ff00a0811bebeed33a8c6656ceb9b31d3e28d910af9fc,0af9fc,9,单,大
2026-08-11 19:27:48,85258880,000000000514f2802cf7470ef1231a567d0201c6b0d53efc2c44eb6b0f18eaa7,18eaa7,7,单,大
2026-08-11 19:29:05,85258900,000000000514f294a1fb064e33a8fc4ed92b90f7ed271d2e48fac1d6963489b5,3489b5,5,单,大
2026-08-11 19:29:46,85258920,000000000514f2a8b54970c03d9583f122a87b410a52526d2ca47632671442a5,1442a5,5,单,大
2026-08-11 19:30:44,85258940,000000000514f2bca78680168a8c38dae1ea38650782a0498ef651a6ff07757b,07757b,7,单,大
2026-08-11 19:31:52,85258960,000000000514f2d03512e4f0fe992b83d53170e20eeb25bd3362eeaf10570e33,570e33,3,单,小
2026-08-11 19:32:50,85258980,000000000514f2e49eba49eb13c194d0d7adeb6435cbb871cffddb2efdf09f9c,f09f9c,9,单,大
2026-08-11 19:33:46,85259000,000000000514f2f8fa5913a22442373224e43da150269abd148efd745fab0b5c,ab0b5c,5,单,大
2026-08-11 19:35:20,85259020,000000000514f30cef4a2dde506a42b30ae477454ba047aa38fa8f63208b4e90,8b4e90,0,双,小
2026-08-11 19:35:47,85259040,000000000514f320c0b4f3afa37ed8dacf24892d50727613daf668ee184652f9,4652f9,9,单,大
2026-08-11 19:36:47,85259060,000000000514f3349158ffc2b0b5f2e4099166107f63560bc5ae122c77743db9,743db9,9,单,大
2026-08-11 19:37:55,85259080,000000000514f34820dc00df712d21489e8f3008ff215e8f010ea13d63ee27d4,ee27d4,4,双,小
2026-08-11 19:38:58,85259100,000000000514f35c03c30d3e9cb38b2ad104568ffa67569196716de0442cc171,2cc171,1,单,小
2026-08-11 19:39:50,85259120,000000000514f370e0cb06ffbf5400a3afb8af84dcb9d2e6869fca41020bb57c,0bb57c,7,单,大
2026-08-11 19:40:46,85259140,000000000514f384700b0f75d409e8a71220ecfd2c15ef334d222a97b3b31dce,b31dce,1,单,小
2026-08-11 19:42:05,85259160,000000000514f398b8eec1a936b78cc3a4307280ad63253dcf1c3938be26d1d9,26d1d9,9,单,大
2026-08-11 19:43:03,85259180,000000000514f3acbc319ae6368bc804b14207a779ea7c95437e55b6c0de9f32,de9f32,2,双,小
2026-08-11 19:43:46,85259200,000000000514f3c0ace9bd7d1e80fdec9c81231fbf2e05a84ea9fccd3ab0db40,b0db40,0,双,小
2026-08-11 19:44:47,85259220,000000000514f3d4a5f2b40ac05b382c2ca5d3e65175a5d2d565647525c7306b,c7306b,6,双,大
2026-08-11 19:45:47,85259240,000000000514f3e83c24a37f21970ecfa01b56e3f431ddd0274918586acc968a,cc968a,8,双,大
2026-08-11 19:46:49,85259260,000000000514f3fc2e04daa6ff0688bca17c5c87fd2fb2887019cead1482670d,82670d,0,双,小
