时间,区块高度,Hash,Hash尾6,尾数,单双,大小
2026-08-06 15:51:20,85110592,000000000512af4081d648f9afb518af811a9082e1871194e04dcec487a6f7ae,a6f7ae,7,单,大
2026-08-06 15:51:27,85110595,000000000512af4341bb0a0cc84baaf44c6c1c18e99308a4072a8573fdeccadf,eccadf,3,单,小
2026-08-06 15:51:34,85110597,000000000512af45990562982c0e2ed126c0b61c9536b3aeb454e3f90ef4f9b7,f4f9b7,7,单,大
2026-08-06 15:51:40,85110599,000000000512af47bbcbf698f4b04ea82e94be99faeddac41c65a03460181dde,181dde,1,单,小
2026-08-06 15:51:47,85110602,000000000512af4a8614bcbbf922efd318d658927cf2713b408718586031b0d7,31b0d7,7,单,大
2026-08-06 15:51:53,85110604,000000000512af4c1f15e13e76fbde30926f30cd233338739c82a6eaaf681609,681609,9,单,大
2026-08-06 15:52:00,85110606,000000000512af4e74565bd4edaf1b8fed14456063cb40ad50b1c3868579d09b,79d09b,9,单,大
2026-08-06 15:52:06,85110608,000000000512af5029beb66473f97cce4f3a5b4ab812a3964ddeb336dd22cf58,22cf58,8,双,大
2026-08-06 15:52:13,85110610,000000000512af52306099de29a77e05511c4f89f632bfd72a678729aadfe704,dfe704,4,双,小
2026-08-06 15:52:21,85110613,000000000512af55e0f7667df4cd59eace1ca8da57bbb8ae7792e25a23eb5444,eb5444,4,双,小
2026-08-06 15:52:27,85110615,000000000512af571ad47e885651861cd106b4c8c93cdbe0ff847590563d77ba,3d77ba,7,单,大
2026-08-06 15:52:34,85110617,000000000512af59285f42d2cf22f8a1c2506f1b1b6c00b285d620325418072e,18072e,2,双,小
2026-08-06 15:52:42,85110620,000000000512af5c44979fbd09fbdeaea6ae889743fb32ed9f768806479be113,9be113,3,单,小
2026-08-06 15:52:49,85110622,000000000512af5eac8ca9870dfd70b36a0fd66cb8f06408e153c43074f26ed2,f26ed2,2,双,小
2026-08-06 15:52:56,85110625,000000000512af61ef0a33a1ea78b1408f6453df4893607708dc25362c54e950,54e950,0,双,小
2026-08-06 15:53:03,85110627,000000000512af634f313e43d314a2cf3a86321322079ed19415e20a0f84827e,84827e,7,单,大
2026-08-06 15:53:10,85110630,000000000512af6612b0a06e46a25694bf68704e1f3cba9667d99d0fc744c285,44c285,5,单,大
2026-08-06 15:53:17,85110631,000000000512af67bdbcad06cacf686c8b48a237c8c08f2a596e698cf447c738,47c738,8,双,大
2026-08-06 15:53:24,85110635,000000000512af6b3b1a9cc8e90ac281b0d281f5bcd0367f2ba6e48ff868854b,68854b,4,双,小
2026-08-06 15:53:31,85110636,000000000512af6ca9d2eb06246c69d71cfffd34f815d0f49bb8a0449afe6b9e,fe6b9e,9,单,大
2026-08-06 15:53:38,85110639,000000000512af6f87385d7de83748cea7c0325e44de80442a17cacac6b98295,b98295,5,单,大
2026-08-06 15:53:45,85110641,000000000512af715437790763cbed22cddd5fb9484c349961759c3eb8d45045,d45045,5,单,大
2026-08-06 15:53:52,85110644,000000000512af747d7cd1166f2738bef9d7a7c7760d4abecb2acc106a5716d6,5716d6,6,双,大
2026-08-06 15:53:59,85110645,000000000512af754247aa5f51133718ec9fe286975dbdd7e2c8a2ce99871f49,871f49,9,单,大
2026-08-06 15:54:06,85110648,000000000512af789f5b47cefb2c3b1594b35f2991362e6f3e67cb56511bbb6a,1bbb6a,6,双,大
2026-08-06 15:54:13,85110650,000000000512af7a64230730ff2f49b53ab19ee017ed66358c52e840071387e4,1387e4,4,双,小
2026-08-06 15:54:20,85110653,000000000512af7d9b394fbb9aea1d405bc0380bd10ea658ed3436c2ad53f2f2,53f2f2,2,双,小
2026-08-06 15:54:27,85110655,000000000512af7f1515e19423e4cc52e2936086a16259cd3e3984fcc3e03d57,e03d57,7,单,大
2026-08-06 15:54:33,85110657,000000000512af81bab26deba3f45807c12e96f8622c3156047dddcc1ec61397,c61397,7,单,大
2026-08-06 15:54:40,85110659,000000000512af833766f660c32d939a4d26e1a5885fe1b2f32c847bf53e5dd2,3e5dd2,2,双,小
2026-08-06 15:54:47,85110661,000000000512af85377b7081150699148967010319f258ee3537fb3703ee3196,ee3196,6,双,大
2026-08-06 15:54:54,85110664,000000000512af884e84463c0739bb6538fa4a1fa1da1f9a43774c7221681095,681095,5,单,大
2026-08-06 15:55:01,85110666,000000000512af8accd9242da548bd3aa096106c00273ae9fc8fafe3b98b6463,8b6463,3,单,小
2026-08-06 15:55:08,85110668,000000000512af8c55ecb6a39a1eef51c14fcf524aa5f71161510eb9b4ab189e,ab189e,9,单,大
2026-08-06 15:55:15,85110671,000000000512af8f0696864b6b91e934e3b882701184287ddf137d7455db7634,db7634,4,双,小
2026-08-06 15:55:22,85110673,000000000512af91c83cb71ef8d53ff3f912be52915a4ff982a5f4df48224abb,224abb,4,双,小
2026-08-06 15:55:28,85110676,000000000512af948609cefe21d77ac1e81349fd1cbbb478768aa2ff2b179c04,179c04,4,双,小
2026-08-06 15:55:35,85110678,000000000512af9694e69315415ce5eb272dc070eb40f60c00e79f64a139f481,39f481,1,单,小
2026-08-06 15:55:42,85110680,000000000512af98116ab4979ca4a56fcae8f205feb83e1f0d7942464dfbb2b6,fbb2b6,6,双,大
2026-08-06 15:55:49,85110682,000000000512af9ac0ed03fe3db3bcd7d3b2134a335688dcd6d4bf670cf05aed,f05aed,5,单,大
2026-08-06 15:55:56,85110685,000000000512af9d810adc55fe26aa03c37efbe98c9845c9e714f240d39e024a,9e024a,4,双,小
2026-08-06 15:56:02,85110687,000000000512af9ff9c7029e1396a28559c68e1bf8ba3bf6123341e5ae886414,886414,4,双,小
2026-08-06 15:56:09,85110689,000000000512afa186d13d195a2dd92d1063116cfdc9a9eeb6f8255062d92c6c,d92c6c,6,双,大
2026-08-06 15:56:16,85110692,000000000512afa4cab79ad366464222df70749ebc3e81a48a9c69217ec7a6fe,c7a6fe,6,双,大
2026-08-06 15:56:24,85110694,000000000512afa63c0b6a224d41acc4c9b223c5a80171fe5751b97e2a649661,649661,1,单,小
2026-08-06 15:56:31,85110696,000000000512afa850bd95afc9612cba7134b124e27b14c0aa3d0e4f0d9cef32,9cef32,2,双,小
2026-08-06 15:56:38,85110699,000000000512afabedf4ed3fd825a8d8412a7b1de14ed1880e1241936d855424,855424,4,双,小
2026-08-06 15:56:45,85110701,000000000512afad9b4e7e35dc4375e84ad10c5979f54bd61cbcc092f60f3610,0f3610,0,双,小
2026-08-06 15:56:52,85110703,000000000512afafea90d1b99a62e075724aa45cd60869739f73adcecbd3e223,d3e223,3,单,小
2026-08-06 15:56:59,85110706,000000000512afb2c5efb0c742f627a3c72031a6715daedc3266ebbca9333c6e,333c6e,6,双,大
2026-08-06 15:57:06,85110708,000000000512afb4819228d7a2ce330e9cec0845791648e18867cc3f7e68e85c,68e85c,5,单,大
2026-08-06 15:57:13,85110710,000000000512afb6e7882dca406073409fe33473e021706a853376477c94c0d3,94c0d3,3,单,小
2026-08-06 15:57:19,85110712,000000000512afb8626eaef21e0a1d3ca265b5e8a5466aa964d40c48cb9f8165,9f8165,5,单,大
2026-08-06 15:57:26,85110714,000000000512afbab7b52be1fe940a905438b28e095afe980d9f682f14e888bb,e888bb,8,双,大
2026-08-06 15:57:32,85110717,000000000512afbdcff128585570322141d5660dddf00a9b0bed3a62b637d4e9,37d4e9,9,单,大
2026-08-06 15:57:39,85110719,000000000512afbf5c9edc2eaa2df04a3dd8d511bb3bd39f23b7e01b880a64d8,0a64d8,8,双,大
2026-08-06 15:57:45,85110720,000000000512afc0b9abdf0c31af254bc8b3e1c1d1e68cb9b8e6748788d78b9d,d78b9d,9,单,大
2026-08-06 15:57:52,85110723,000000000512afc3b8bf009968f46fe5ce2bbb2fc59be25abffccabd13a3bb8a,a3bb8a,8,双,大
2026-08-06 15:57:59,85110725,000000000512afc5f3e311aad12a183db9df388dbdec0a75e572f1915b510bef,510bef,0,双,小
2026-08-06 15:58:06,85110728,000000000512afc8813c20ba665566f423c119ca386959bdeeddd1c998b3772e,b3772e,2,双,小
2026-08-06 15:58:13,85110730,000000000512afca307f8e998998fed3a91336698b2d5865b9fa5e2d3d148c52,148c52,2,双,小
2026-08-06 15:58:19,85110732,000000000512afcc6254e54fb00d6fa3efdad12b6934f8fcc883fd4e725cba09,5cba09,9,单,大
2026-08-06 15:58:26,85110734,000000000512afcea8b6a086a8f16a06f706f2858e6f66b69c343fdeed89f147,89f147,7,单,大
2026-08-06 15:58:33,85110737,000000000512afd1e03f080e26890eb229da7485503753ef0e3111b302d806b3,d806b3,3,单,小
2026-08-06 15:58:40,85110739,000000000512afd31400fb12133d5d83d88d8ed47b31c64ad2a3587304e34e0a,e34e0a,0,双,小
2026-08-06 15:58:46,85110742,000000000512afd6d25d7edc7584dddc5df9de2e8facfeaca342471471e28163,e28163,3,单,小
2026-08-06 15:58:53,85110744,000000000512afd887ff6cf89df0aeade73a3cbee652297879610f78b9e7d502,e7d502,2,双,小
2026-08-06 15:58:59,85110745,000000000512afd9f708849529d21957ca21426fe8b593abd702056fcb069175,069175,5,单,大
2026-08-06 15:59:06,85110748,000000000512afdcb68b6adefe0b36a0a394be67110006d37a9d88952655e40d,55e40d,0,双,小
2026-08-06 15:59:13,85110750,000000000512afde6acfc47324b73e2b7776e09aca26b16c994a6fcd9ff74f9c,f74f9c,9,单,大
2026-08-06 15:59:19,85110752,000000000512afe0482e38d1a34c0a19e9be5c08173216c0bbd94e83889aa78d,9aa78d,8,双,大
2026-08-06 15:59:26,85110755,000000000512afe3b43a9a4aebeef5aff9527dbe5ef8d1e49df920999172b72f,72b72f,2,双,小
2026-08-06 15:59:32,85110757,000000000512afe51ec0cdc925fa738ae08ef7a8e51d7d424e4ff1902547a29a,47a29a,9,单,大
2026-08-06 15:59:39,85110759,000000000512afe7f3e8978516792fce9af3c2d3358a4a95e494fbea89e6ed50,e6ed50,0,双,小
2026-08-06 15:59:46,85110762,000000000512afeafc3103469c8f5075f64e5f53258c8026c67d5ff4c2ac15cc,ac15cc,5,单,大
2026-08-06 15:59:53,85110764,000000000512afeceb604f6f98674d03aee71d7dd4c652c0ec5e5ee6a6d7cdf8,d7cdf8,8,双,大
2026-08-06 16:00:00,85110766,000000000512afee62dc7278f5d448aafd97def8c48e36e8cbba23f95d739c62,739c62,2,双,小
2026-08-06 16:00:07,85110768,000000000512aff05ccff519feb20f177be263909134c200bdb8a3009b2db3ba,2db3ba,3,单,小
2026-08-06 16:00:14,85110770,000000000512aff2efeb1937966bac7bac9f19c89883cb3f27145942b2015950,015950,0,双,小
2026-08-06 16:00:24,85110773,000000000512aff51cdc9cf425e19f609343a8eaa7bc0308e341cd3200b3ef99,b3ef99,9,单,大
2026-08-06 16:00:32,85110777,000000000512aff9fdd1a4113001f61c6755e697ce11a602cc19cec2e7088790,088790,0,双,小
2026-08-06 16:00:39,85110779,000000000512affb9b7a7446d9ea824a3e3df45f76bf5d67286e15bfab53a048,53a048,8,双,大
2026-08-06 16:00:46,85110781,000000000512affd7410a0e3397325f2bc33e483134faaf0656acdea35ebe59a,ebe59a,9,单,大
2026-08-06 16:00:52,85110783,000000000512afffb8690d2edf1a60681c50e5a340a0e3cf20476ae5bba90bd1,a90bd1,1,单,小
2026-08-06 16:00:59,85110786,000000000512b00299a69e6a23ff14061cefc4ae2c641300eba15cf800015722,015722,2,双,小
2026-08-06 16:01:07,85110788,000000000512b0042bf1947f803f5084b159c23644569b7a9d45ed0206b76ece,b76ece,6,双,大
2026-08-06 16:01:13,85110791,000000000512b0077860384cfe3fe0b8e14ebfc6fe76743c063732fc422d9af0,2d9af0,0,双,小
2026-08-06 16:01:20,85110793,000000000512b009de279c0f4063df7a8c2d80f54509f209bf595f2dd249f2c0,49f2c0,0,双,小
2026-08-06 16:01:27,85110795,000000000512b00b73e3f17b7e9a9720bdcc9d2c7a6479502dfa2fe8980b804d,0b804d,4,双,小
2026-08-06 16:01:34,85110797,000000000512b00d3a04bd056e0bd1883f514b4466da4eee4fde0e92c6476e19,476e19,9,单,大
2026-08-06 16:01:40,85110799,000000000512b00f6f61dcd55d0e41ab5b51e084992fdbafac6525bca48c1796,8c1796,6,双,大
2026-08-06 16:01:47,85110801,000000000512b011da30fe85a7522e60ee8e6065044e71b465a1e6556bfaf49a,faf49a,9,单,大
2026-08-06 16:01:54,85110804,000000000512b0144c20e8eacfef45db469e4da9878f4c0d6092fea91435c361,35c361,1,单,小
2026-08-06 16:02:01,85110806,000000000512b0169942e52f8afd06c172fee237ec6154d33eaa15a7ac13eaa9,13eaa9,9,单,大
2026-08-06 16:02:08,85110809,000000000512b0194bbbf43799fc14045094c77a29c889d021078b3a57cf4498,cf4498,8,双,大
2026-08-06 16:02:15,85110811,000000000512b01bc2d6749691c597dead9e6bba8d2aebbb8424e80cba7c6c30,7c6c30,0,双,小
2026-08-06 16:02:22,85110814,000000000512b01e57fb1f2d3ce8968ccd602877a11f54437fedd59b1d132361,132361,1,单,小
2026-08-06 16:02:29,85110816,000000000512b020097bd99350ba53b8b049d141a4bd9c8415668469862af849,2af849,9,单,大
2026-08-06 16:02:36,85110818,000000000512b0227a979fd62f295d2bfdc5857491258887361fb5c2d70ad9bb,0ad9bb,9,单,大
2026-08-06 16:02:43,85110820,000000000512b0240223a781414dde9aa296fd8f67e6b5cd0edec7ec1dd5e059,d5e059,9,单,大
2026-08-06 16:02:49,85110822,000000000512b02686a87754da53a22bfdc86590c1bf0f0089a1c5a92161fe92,61fe92,2,双,小
2026-08-06 16:02:57,85110825,000000000512b029f32fc1a751a817b6de30fd49405e67a9d707035a1d93acfe,93acfe,3,单,小
2026-08-06 16:03:04,85110827,000000000512b02bbea44db2cfe2fab8bc5531359e09dae1e0dec45bfa19b84a,19b84a,4,双,小
2026-08-06 16:03:11,85110829,000000000512b02daef993c718e05643ede183aa0286428c8e5b7ab6fb144404,144404,4,双,小
2026-08-06 16:03:18,85110832,000000000512b030be2457f34d467114e8444bb00bb558e78e4a643e46fdccd8,fdccd8,8,双,大
2026-08-06 16:03:25,85110834,000000000512b032fff9a77bd35083d1673a6db742027290281309642469b19c,69b19c,9,单,大
2026-08-06 16:03:32,85110836,000000000512b034b49f134748fa17b96b77f30ee0a3e59f5ae37a6fba87ef07,87ef07,7,单,大
2026-08-06 16:03:39,85110839,000000000512b037c8e86560c1f94713b367d82d52255bb874a7bd5aa65cf9ae,5cf9ae,9,单,大
2026-08-06 16:03:46,85110841,000000000512b0393fdd50f669ed0017e9dc8b55c3d351eb13d2c068ddccbdb9,ccbdb9,9,单,大
2026-08-06 16:03:53,85110844,000000000512b03cbc31e3d7446de1cd751a79089225298a334599e10951375e,51375e,5,单,大
2026-08-06 16:04:00,85110846,000000000512b03e082037b5d322f55315d7f8396879c85d238d77f752893cef,893cef,3,单,小
2026-08-06 16:04:07,85110849,000000000512b041cd4075674c9e0d8c02a1684d19653efcd95d3f91ecc09042,c09042,2,双,小
2026-08-06 16:04:14,85110850,000000000512b042c8f159c2e5e8905559088700a96cfd4c6e7bad813d254ada,254ada,4,双,小
2026-08-06 16:04:21,85110854,000000000512b046227a4d9f41b38a637162a89e4c5f9d8a427218d56a56df8f,56df8f,8,双,大
2026-08-06 16:04:28,85110855,000000000512b0471066ee3b8aa93a99a5565fb1742b5e57b44751e3a378a5c1,78a5c1,1,单,小
2026-08-06 16:04:35,85110858,000000000512b04a98f55b31836b5a34e5cfeb8cd13a7ae54d7c9260a71b2ed2,1b2ed2,2,双,小
2026-08-06 16:04:42,85110860,000000000512b04c43c2dc00416aa80929ca5d876aface99ad4dd88365fb5b40,fb5b40,0,双,小
2026-08-06 16:04:48,85110862,000000000512b04e47f07a0d2584bc5b71128fc6487ebe84168692d00a96d42c,96d42c,2,双,小
2026-08-06 16:04:55,85110864,000000000512b050a1f794c3fcfa28cd8ceb044e8e09e95fc4caaa8ad9cbaf58,cbaf58,8,双,大
2026-08-06 16:05:02,85110867,000000000512b053d9ecd0554849b95f874a86ac5f144365ccb6ece396cc1899,cc1899,9,单,大
2026-08-06 16:05:09,85110868,000000000512b054161cdbcc737729b684cd0d1821afd2e76135a17a2797da1f,97da1f,1,单,小
2026-08-06 16:05:15,85110871,000000000512b0577a1740bfc158018ea181b8ac0944872cd510481b882e0616,2e0616,6,双,大
2026-08-06 16:05:22,85110874,000000000512b05a5568e866e8b7631394e5dc1be5099739a7fa605963cd7963,cd7963,3,单,小
2026-08-06 16:05:29,85110876,000000000512b05c631d783db15b2270a625a16ff3c661abf17728d5e9f1f322,f1f322,2,双,小
2026-08-06 16:05:36,85110878,000000000512b05e53bac8b9124c7de28ae92986014e0499748fa8104d283dde,283dde,3,单,小
2026-08-06 16:05:43,85110880,000000000512b06009291c7fd7a8df5a9a13e8c056a8eca9562490b4988ddb0a,8ddb0a,0,双,小
2026-08-06 16:05:49,85110882,000000000512b062058a45aa247db4042525d9e008cb5bada30cb6f20dd717bb,d717bb,7,单,大
2026-08-06 16:05:56,85110884,000000000512b064c9ba3113a8d4207d915dafa4aff43b27e84628ba6336f19f,36f19f,9,单,大
2026-08-06 16:06:03,85110887,000000000512b06717eefc90b2cd5c62989c2eea0f72c9813f350cfce0e314b0,e314b0,0,双,小
2026-08-06 16:06:10,85110889,000000000512b0699151c7c78e0ac0a88713da61b529c64e3495b8c8b43a1b77,3a1b77,7,单,大
2026-08-06 16:06:17,85110892,000000000512b06cf4132ef947856a4e12b76d15f8dcf35140811a943125c6fb,25c6fb,6,双,大
2026-08-06 16:06:24,85110893,000000000512b06def2a75c53567a6e4b7ed08583e9e4012e7e31f01e5b6db8c,b6db8c,8,双,大
2026-08-06 16:06:31,85110896,000000000512b070ebb4c9a0728f5bead6de3f5da429e84a8a7ad082aec27575,c27575,5,单,大
2026-08-06 16:06:38,85110898,000000000512b072677264c646878c72929d019b264690d3530bb2ab5072005d,72005d,5,单,大
2026-08-06 16:06:45,85110901,000000000512b07591d31b9f46e9144a38e73614553242aed66c0fd066ceee6f,ceee6f,6,双,大
2026-08-06 16:06:52,85110903,000000000512b0773e2ea39b2377a10ea9e72ad4449fc1fcfc2088dc7457dbab,57dbab,7,单,大
2026-08-06 16:06:58,85110906,000000000512b07a018d9040c5ad117dbc56a11d3442ea3dbbb2d47ceaf02e28,f02e28,8,双,大
2026-08-06 16:07:05,85110908,000000000512b07c3e23c32fd53ddad644b17279afc366854fa339651225e148,25e148,8,双,大
2026-08-06 16:07:12,85110910,000000000512b07e25b9ac4407fe6812f4ee70ced3ce1d57506f17c12e24e9f0,24e9f0,0,双,小
2026-08-06 16:07:19,85110913,000000000512b081ec32787364b12776c61114315343ac27a421799a28be0290,be0290,0,双,小
2026-08-06 16:07:26,85110914,000000000512b08249af10dbeb28e6372a8cedf0b64f413924695ef205c52965,c52965,5,单,大
2026-08-06 16:07:33,85110917,000000000512b0859a7ae0006460b8fce528dde271cf47a37d784b362ddbd959,dbd959,9,单,大
2026-08-06 16:07:40,85110920,000000000512b08861444b3fdbbaf157e10d2ae399d966902eed6a4c95ae1e31,ae1e31,1,单,小
2026-08-06 16:07:46,85110921,000000000512b0895a2a8dbe4636475dfe069a437619072e506ba08fd323f0eb,23f0eb,0,双,小
2026-08-06 16:07:53,85110923,000000000512b08b7a3ee7b74e598cfd9c16373d95821efb8cde5203cad2d09a,d2d09a,9,单,大
2026-08-06 16:08:00,85110926,000000000512b08ea17521cd081a0fb9fb4112fb19e77b88b40368c25c5bb857,5bb857,7,单,大
2026-08-06 16:08:07,85110928,000000000512b0906fe12092bfc334d00901fee60a325f20456d447a6e4bd91a,4bd91a,1,单,小
2026-08-06 16:08:13,85110930,000000000512b092e11b758c1f63b9608fa0009cbf662ea8ba94fea60f4c1ceb,4c1ceb,1,单,小
2026-08-06 16:08:20,85110932,000000000512b094f693129da563d7b4a35adef88b2b9b890687ab07f6d290aa,d290aa,0,双,小
2026-08-06 16:08:27,85110935,000000000512b0974157be88831a37a707cbb530636b89b6050b5956a41bb0b9,1bb0b9,9,单,大
2026-08-06 16:08:34,85110937,000000000512b0994879b4634c9d42420363d6a55fb224431d3a19dc6dbcee24,bcee24,4,双,小
2026-08-06 16:08:41,85110939,000000000512b09b2a92d216adf656af549028bbb62c585907e35f2615d5b38a,d5b38a,8,双,大
2026-08-06 16:08:48,85110942,000000000512b09eae183bb091a27d25cac9fe08fdc519cc72b77321f7254e26,254e26,6,双,大
2026-08-06 16:08:55,85110944,000000000512b0a01265f938f9b06cd40dd932caf40208c48f8779256b7ed5fc,7ed5fc,5,单,大
2026-08-06 16:09:02,85110946,000000000512b0a26d9b2988ca07662702df22e3de3f1ed2fc56cba361890a9b,890a9b,9,单,大
2026-08-06 16:09:09,85110949,000000000512b0a55b4aeeef804117cf074e87822e5ecf6f3628478c0809d0e8,09d0e8,8,双,大
2026-08-06 16:09:16,85110952,000000000512b0a881e766d99d70f3a20427882cd3aee5f9f7d4ff606d42ea62,42ea62,2,双,小
2026-08-06 16:09:23,85110954,000000000512b0aaaae47fcda9615dda88c367c030447058f304cbc5d57fa0d0,7fa0d0,0,双,小
2026-08-06 16:09:29,85110955,000000000512b0ab49ca03278b2f0611e06b914c044c33afe53f810168f888b4,f888b4,4,双,小
2026-08-06 16:09:37,85110958,000000000512b0aeb76e5c8231724e7cfe34692f0306185256bcc3a67569c499,69c499,9,单,大
2026-08-06 16:09:44,85110961,000000000512b0b16383cc9bc81b9c34e89af45cdf4f7f1803fc677b190b06b9,0b06b9,9,单,大
2026-08-06 16:09:51,85110963,000000000512b0b3a5b0141701ef84b0a160141d1e1a38a77d275aa41b198373,198373,3,单,小
2026-08-06 16:09:57,85110965,000000000512b0b579b6b074918859fa1d8c36c8b27d8c6ec643a56f92ae9081,ae9081,1,单,小
2026-08-06 16:10:05,85110967,000000000512b0b7466d5e5d53cb0d5018dd99b124a89d67c75e21a404e2c4bd,e2c4bd,4,双,小
2026-08-06 16:10:11,85110970,000000000512b0ba773f44bc4e58c28954d8df3f795afbedbdb16297eceb2988,eb2988,8,双,大
2026-08-06 16:10:18,85110972,000000000512b0bcc58cfadc737b71d9da2f7c8c9981bdddb6e9f15f6ada7bbe,da7bbe,7,单,大
2026-08-06 16:10:25,85110974,000000000512b0be1b0b9483efc00a0272aa47111984a1cc19c5ee803600fd77,00fd77,7,单,大
2026-08-06 16:10:32,85110977,000000000512b0c1efc7f78bff27d2a2ca9ce7c530b7fd2e05ce19eabb4e4820,4e4820,0,双,小
2026-08-06 16:10:38,85110978,000000000512b0c2b09b0fcd030283dec8f30ebb070c759341159bc83ce3e93c,e3e93c,3,单,小
2026-08-06 16:10:45,85110981,000000000512b0c5424614e13b6a97eb595c738400bcc9beaebcd49d3a279692,279692,2,双,小
2026-08-06 16:10:52,85110983,000000000512b0c7203a315e47b231c318155accdab3cb5b716eacd0663a7642,3a7642,2,双,小
2026-08-06 16:10:59,85110986,000000000512b0ca31ffccf96b2222f6f9ff2c2fc78a93935fb8f53c9e13af3d,13af3d,3,单,小
2026-08-06 16:11:06,85110988,000000000512b0ccdc772ac38f514cef6b4ecf66a27f9be152bbf561d8713f52,713f52,2,双,小
2026-08-06 16:11:13,85110991,000000000512b0cf7c326452668d2f8e1d9e6fc245866a16973776f776640089,640089,9,单,大
2026-08-06 16:11:20,85110993,000000000512b0d10aa4cf6caba39820bc275a7fa5d020576d9741ef496d6e9a,6d6e9a,9,单,大
2026-08-06 16:11:27,85110995,000000000512b0d314d29b45dcae4f99fb9f3002e6aae0ac1cd2a64ab9dc490a,dc490a,0,双,小
2026-08-06 16:11:33,85110997,000000000512b0d573673ed7e04bf3bcc0754d11ba2339f04a82ec308f29a5a0,29a5a0,0,双,小
2026-08-06 16:11:40,85111000,000000000512b0d8579d8107d0aeb30e64b6ed3561da576dcb2b5f011be60575,e60575,5,单,大
2026-08-06 16:11:48,85111002,000000000512b0dab747cbb20863eee0300222cda2381084cc4089312e86fdca,86fdca,6,双,大
2026-08-06 16:11:55,85111004,000000000512b0dc7f56c49da089cec0a3be7326346fe99963ec253feb3514cb,3514cb,4,双,小
2026-08-06 16:12:02,85111006,000000000512b0de03276bcb6b0ca1c3781a3c46ef9436c1e64de02e007d8e24,7d8e24,4,双,小
2026-08-06 16:12:08,85111009,000000000512b0e1b5e5498fcdf8be6e4c377b147e499a6647b9fd504d94f5af,94f5af,5,单,大
2026-08-06 16:12:15,85111011,000000000512b0e379bd4d9e2fd295515cdcbc565c6cf20d6c8e66ad5037a179,37a179,9,单,大
2026-08-06 16:12:23,85111014,000000000512b0e63bdef32f5077f8f3c3b6a05094f96af0e4bbce51b0f955b9,f955b9,9,单,大
2026-08-06 16:12:30,85111016,000000000512b0e819f8e097fc2be76ef16660de2151383395e501dd644de818,4de818,8,双,大
2026-08-06 16:12:37,85111019,000000000512b0ebff30689d54d67c587019d719297260f9b208faf886d176a7,d176a7,7,单,大
2026-08-06 16:12:43,85111021,000000000512b0ed6be44562cc2cc14bc818edddbd43b7313d1d3be33d2edc61,2edc61,1,单,小
2026-08-06 16:12:50,85111022,000000000512b0eea8079c8a9e79e4927139364b1a7b46e0777cc9bcdd08913e,08913e,3,单,小
2026-08-06 16:12:57,85111024,000000000512b0f0e04fc94fa83698b170eca4580e0a6a1fba7352ad5208bb96,08bb96,6,双,大
2026-08-06 16:48:47,85111742,000000000512b3be09fef4710e0cbcbe231fccc5a8dfa0e2d94d167223a07964,a07964,4,双,小
2026-08-06 16:48:54,85111743,000000000512b3bffbebef71376e97ff88802b4692b82d16f3cfb3d27ff410be,f410be,0,双,小
2026-08-06 16:49:01,85111746,000000000512b3c259c6677b53aad621ba81d09558e9698cf8c2265f5afbae63,fbae63,3,单,小
2026-08-06 16:49:08,85111749,000000000512b3c5051dbca91614700739a8fe6c244fdfccc1c1d1059c9591a2,9591a2,2,双,小
2026-08-06 16:49:15,85111751,000000000512b3c7beba5f30778286ef3db8b069fa373d56c19d0738d77843c6,7843c6,6,双,大
2026-08-06 16:49:22,85111753,000000000512b3c9f110cdcd3beb4f583f406a110885d846041423df97c6231e,c6231e,1,单,小
2026-08-06 16:49:28,85111756,000000000512b3cc1bf374a4c227a25ed857cdce7f8f760ba24c042c1b540db8,540db8,8,双,大
2026-08-06 16:49:47,85111762,000000000512b3d23629d529a7a045ee55442eb1b384f439ebee0d5ed0351a92,351a92,2,双,小
2026-08-06 16:49:54,85111764,000000000512b3d405370a03fb668ddf07ac6a30082e868a9093fa54432386b2,2386b2,2,双,小
2026-08-06 16:50:00,85111766,000000000512b3d67d602b7405f7f59a6c1375727b934fd698a4a821187c26df,7c26df,6,双,大
2026-08-06 16:50:12,85111770,000000000512b3da0b977350a52c00488de386903a4b6bcf842f0c6da516064b,16064b,4,双,小
2026-08-06 16:50:19,85111772,000000000512b3dc325c70d2eb33959bfba649ee328b300ca089f418b4107d56,107d56,6,双,大
2026-08-06 16:50:26,85111775,000000000512b3dfb4c96e615dfcfb2aa097b83a5c51cc839ba6f87175f999ca,f999ca,9,单,大
2026-08-06 16:50:38,85111778,000000000512b3e2491ced2ce7ad0cb71fc1ace07c6698ba3414d1a67b1f575a,1f575a,5,单,大
2026-08-06 16:50:45,85111781,000000000512b3e52ae533d6fbee240d64768fed6d1f81497795f119f7aa69ab,aa69ab,9,单,大
2026-08-06 16:50:52,85111784,000000000512b3e8f28c2d78c94a928fc89899f619f543ec44639475f42d1291,2d1291,1,单,小
2026-08-06 16:50:58,85111786,000000000512b3ea8b370b74c908072a2c236f6e61c10637577e33745c3efe5b,3efe5b,5,单,大
2026-08-08 21:50:38,85175359,000000000513ac3f1efe71895468d3faca5fbbfcffafe48b7f09eef5487c381c,7c381c,1,单,小
2026-08-08 21:50:49,85175362,000000000513ac422756a2f44374d39ead78f6a82c17ad007af2719512d87b95,d87b95,5,单,大
2026-08-08 21:50:59,85175365,000000000513ac459d82fa4a2ba5f13d34dca447305ccd4170fcf8c8e95c8eea,5c8eea,8,双,大
2026-08-08 21:51:10,85175369,000000000513ac492ce9ec0d5338325115997033d42c3c1a23b3851e44601533,601533,3,单,小
2026-08-08 21:51:22,85175373,000000000513ac4da3a32fc3ab647ca0f53f495053297525fcdac10ca56e8cfb,6e8cfb,8,双,大
2026-08-08 21:51:34,85175377,000000000513ac511c1676b1ab028720cadbef20fb8317c5703e756e356b011a,6b011a,1,单,小
2026-08-08 21:51:46,85175382,000000000513ac56f110a66d5f3bff71515c28e74e990934920541fdeeaecfb4,aecfb4,4,双,小
2026-08-08 21:51:59,85175385,000000000513ac5980929fc66ddfb1332ed607c2e8608dd8657467c195a207d8,a207d8,8,双,大
2026-08-08 22:00:27,85175554,000000000513ad023b84e60096b5547c147c2113080dc1167c71610103a8c704,a8c704,4,双,小
2026-08-08 22:01:01,85175566,000000000513ad0ec2ddd4854ae908d0700b2a48fe21813e66659feecf16109a,16109a,9,单,大
2026-08-08 22:01:20,85175572,000000000513ad14da3724d9d363f3aad5ffa954abf0444df30785f8b653deb5,53deb5,5,单,大
2026-08-08 22:01:50,85175582,000000000513ad1ec157f967a35de4fd13f7bee8b239ee95aa027d8fae866e71,866e71,1,单,小
2026-08-08 22:02:26,85175594,000000000513ad2a2e16051c9fbd32c1623ca6afeb807b475384b12d00ef3864,ef3864,4,双,小
2026-08-08 22:02:58,85175604,000000000513ad3462ccf31f4e44b9fbcaeb5448e16da2147fcf04dbc3bdb02d,bdb02d,2,双,小
2026-08-08 22:03:26,85175614,000000000513ad3e641b944643bf8a60ea1a9c663afbe94956dbf2c6fb37f7a4,37f7a4,4,双,小
2026-08-08 22:07:24,85175695,000000000513ad8f7047e4ffc8b9f99f2d5187dccc8ba817021003431609714b,09714b,4,双,小
2026-08-08 22:23:16,85176011,000000000513aecb33c94da94c9a845bb369802a194abf322fce5fcbfaeee919,eee919,9,单,大
2026-08-08 22:23:28,85176015,000000000513aecf086b8c130947d99bc7c624982226173304ce0d7cdb8fc1e8,8fc1e8,8,双,大
2026-08-08 22:23:39,85176019,000000000513aed35e0e770068ae0d42e0d1d7a9c9fc0ef6549392674c26ce62,26ce62,2,双,小
2026-08-08 22:23:51,85176023,000000000513aed78ec765567118d6b9287fda5be8122c004ed74c7b44324275,324275,5,单,大
2026-08-08 22:24:02,85176027,000000000513aedb004138bd90e15f29c37d042d8d687ed7a3a88b08bc831d5c,831d5c,5,单,大
2026-08-08 22:24:14,85176031,000000000513aedf4f93a9f0c00c871babde31629d666289846721bffeb92ab1,b92ab1,1,单,小
2026-08-08 22:24:25,85176034,000000000513aee21166c490032f0b3d71a64dd43a7112a25bae5350482e6f03,2e6f03,3,单,小
2026-08-08 22:27:14,85176090,000000000513af1a6c642ca30a3b2ef3360c425c7e71e36d2f46d552601b3f63,1b3f63,3,单,小
2026-08-08 22:27:25,85176094,000000000513af1eb0cca260a04622d4b4e6ecee75750a8618f9b1642eaed07f,aed07f,7,单,大
2026-08-08 22:27:45,85176100,000000000513af240e2908a9e4ce76278426caa266ee3afa10c404b2dd74c69e,74c69e,9,单,大
2026-08-08 22:27:59,85176105,000000000513af29a58988d869a4030280b1c299c5c932218195bac80d1d224e,1d224e,4,双,小
2026-08-08 22:28:08,85176109,000000000513af2dfcd496fdb52c88453833f7527e707ccd78d445458451ddce,51ddce,1,单,小
2026-08-08 22:28:20,85176113,000000000513af31deba6873709579a0e49f558d110bc8b4043ae88b099a8792,9a8792,2,双,小
2026-08-08 22:28:35,85176117,000000000513af3556d6c7f73c9317d1e070120f2da498369f580b2846482196,482196,6,双,大
2026-08-08 22:28:47,85176121,000000000513af39fb504a081869629183fc55e6921576f281d543761b460c45,460c45,5,单,大
2026-08-08 22:29:00,85176126,000000000513af3e664f9768bd256121f67cbc7afb31f604c4fe34dffe21dc15,21dc15,5,单,大
2026-08-08 22:29:12,85176130,000000000513af4253aa5840e595d519bd12111a452b6b87238124604c497290,497290,0,双,小
2026-08-08 22:29:24,85176134,000000000513af460398ef4841ff2816187f4a930d372c09c2c21ab9f112714e,12714e,4,双,小
2026-08-08 22:29:38,85176138,000000000513af4ac53d811a8253b06a1621568c5da5e8e7c4cf1932c25aff54,5aff54,4,双,小
2026-08-08 22:29:51,85176143,000000000513af4f82a79b9dd6f933a3b0b056a142a36029988034d4a49b42f0,9b42f0,0,双,小
2026-08-08 22:30:03,85176147,000000000513af53e6dd086bc8078c0a583ddf485cf2fea2e43c19d05765cf0a,65cf0a,0,双,小
2026-08-08 22:30:17,85176151,000000000513af5700280ec8b23881369f0087f933894f754edf73343748d702,48d702,2,双,小
2026-08-08 22:30:29,85176155,000000000513af5b6ee470f6ee19c25ee53f9bc5dbe6d997fc15beec3b313f62,313f62,2,双,小
2026-08-08 22:30:44,85176160,000000000513af602bcac951234b3b96226ee0194bfc3153fc243a85758cb2e9,8cb2e9,9,单,大
2026-08-08 22:31:06,85176168,000000000513af68af8ac43d5d2a309df523791ee1be3d3862db2e43242a8626,2a8626,6,双,大
2026-08-08 22:31:18,85176172,000000000513af6cfc13798c280b996eabc22b4d32bbdcd36df4440a468d56a8,8d56a8,8,双,大
2026-08-08 22:31:31,85176176,000000000513af70f94ff492b5c3a93c94d7d22d63a64b9e5f2a87ec57cfe379,cfe379,9,单,大
2026-08-08 22:31:45,85176180,000000000513af7498bd72daed5969769132afc11d40c7f6d601cf464ec29bbe,c29bbe,9,单,大
2026-08-08 22:31:59,85176185,000000000513af7916b94df04389574c278f62a4198aec4e008ed92058e50bd7,e50bd7,7,单,大
2026-08-08 22:32:11,85176189,000000000513af7d2c4456156f68300606e2933a2710c9470436dab7f295097a,95097a,7,单,大
2026-08-08 22:32:23,85176194,000000000513af8235b1a092238018c358c5d9602e04596a64e31f0e2c231d7e,231d7e,7,单,大
2026-08-08 22:32:36,85176197,000000000513af8523f8c7d82edbec1cdfa74ea1bac8980b46ce3990fd0a6453,0a6453,3,单,小
2026-08-08 22:32:48,85176202,000000000513af8abd9bebf2c4db1de144c330c42f68e93c5dbec4323e073238,073238,8,双,大
2026-08-08 22:33:00,85176206,000000000513af8e4ba280226d3646571f12bdf5c0b4be574c29f063683287e4,3287e4,4,双,小
2026-08-08 22:33:13,85176210,000000000513af921bf2d3752c2e6ce541159e2fff11d40431a2ec541295aec7,95aec7,7,单,大
2026-08-08 22:33:26,85176215,000000000513af9715aae98b4fb97696c112b5c3e299145e8c6bb48f64ec00b6,ec00b6,6,双,大
2026-08-08 22:33:38,85176219,000000000513af9bdaab49c771f260caa8c263693ea02b174aa4eb4621f27d4d,f27d4d,4,双,小
2026-08-08 22:33:51,85176222,000000000513af9e6c28f93ad29a9ea629e61753779afff386885886afa7fad4,a7fad4,4,双,小
2026-08-08 22:34:04,85176227,000000000513afa312d2b1b253cb170bcd5c6ebcc46a0d6f98d473eed3b0335f,b0335f,5,单,大
2026-08-08 22:34:17,85176231,000000000513afa71af460e0a106fdaa5acb7dfe1033b684d451c200bf40aea5,40aea5,5,单,大
2026-08-08 22:34:30,85176235,000000000513afab4ae5b3153ac5887282dc8b04e63717c07f68dbba1b43d6f9,43d6f9,9,单,大
2026-08-08 22:34:43,85176240,000000000513afb05784e6fcd6ed0cf098c357214bd07191273c76318c2edf18,2edf18,8,双,大
2026-08-08 22:34:58,85176245,000000000513afb5ccc73965705eef8557dcd398ed90ba9c16e2e4866c4f1d1f,4f1d1f,1,单,小
2026-08-08 22:35:12,85176249,000000000513afb96e969ead7e8742f00c3aefa2121c605cbef749cff6f0e840,f0e840,0,双,小
2026-08-08 22:35:27,85176254,000000000513afbe00bff8a259f0b9b1a7e9cb4b73ecc0b6e8d76d9dde3ab9a0,3ab9a0,0,双,小
2026-08-08 22:35:40,85176259,000000000513afc31cb799eefd49ca5455023cf1f9da7ba6e59c4c068aafd3cb,afd3cb,3,单,小
2026-08-08 22:35:53,85176263,000000000513afc79f2a4869c80d020f329fed9bc67cd0c905cfe61d7b6d11e3,6d11e3,3,单,小
2026-08-08 22:36:05,85176267,000000000513afcb5e3b20b356c045c13176e93c4a804a5bf24c54aad01af440,1af440,0,双,小
2026-08-08 22:36:18,85176272,000000000513afd09e8eae29d8549a9ab7ad96ed2bf98417566aaac6f6af14f4,af14f4,4,双,小
2026-08-08 22:36:30,85176276,000000000513afd4199877fcc62a1fb90cf98c8856dc9fe3961fa4e8bc56f149,56f149,9,单,大
2026-08-08 22:36:45,85176280,000000000513afd8866420bbde80a5e0a24bfbc21aa6f2f70073374029f558f1,f558f1,1,单,小
2026-08-08 22:37:01,85176286,000000000513afde3e5b5360f765a75e698d6d90a4d17e76dd0c26dedf3738cb,3738cb,8,双,大
2026-08-08 22:37:12,85176290,000000000513afe24519871889405ca4df0649ee060ba442d5909b4a38953ef6,953ef6,6,双,大
2026-08-08 22:37:24,85176294,000000000513afe639e62e3db491af21779143da8039c621190e3a81c5907112,907112,2,双,小
2026-08-08 22:37:36,85176297,000000000513afe9aa8af6b6eed0fcdb15ab253eb488ab08b0bcfbd1769f16f8,9f16f8,8,双,大
2026-08-08 22:37:48,85176301,000000000513afed29b9f4c14f262d56ed2eaedcaab6799140961e7d338c300f,8c300f,0,双,小
2026-08-08 22:38:00,85176306,000000000513aff24f4db2c1aaf7cd00b6dfe0816eb1c0e699386a176518b018,18b018,8,双,大
2026-08-08 22:38:13,85176310,000000000513aff6c6447f3584b36aba2b6b9fbbb2fddd6091925a1304efc138,efc138,8,双,大
2026-08-08 22:38:25,85176314,000000000513affa1673b81e7d35948c5b7b5df9863028dd8b63bad2645aff83,5aff83,3,单,小
2026-08-08 22:38:36,85176318,000000000513affe9eec8fcf0f758ac7af04c656513e5981763a0ce35fdebbf0,debbf0,0,双,小
2026-08-08 22:38:51,85176323,000000000513b003c7fd70f96fdd8b8fae80d53a0bb4989d75d30a447a629a30,629a30,0,双,小
2026-08-08 22:39:05,85176327,000000000513b007ea1136bbd9675252a3148e6db662d2624b73da2fcb81890d,81890d,0,双,小
2026-08-08 22:39:18,85176332,000000000513b00c2a144f89e837329d89718950b351faca92a60fe38077eda8,77eda8,8,双,大
2026-08-08 22:39:31,85176336,000000000513b0102aceb48d794d7b49940b402437dc526db2a614400713f601,13f601,1,单,小
2026-08-08 22:39:44,85176341,000000000513b0151af7191f268152a21f3145721b59e61d201d57d8efb0a52b,b0a52b,2,双,小
2026-08-08 22:39:59,85176345,000000000513b019e4f152081d42dcb650eb37433960fe89e433f8b696254395,254395,5,单,大
2026-08-08 22:40:13,85176350,000000000513b01eb7bd835c80393c1d7cf953eaffec181dbafeca36d9a352a9,a352a9,9,单,大
2026-08-08 22:40:25,85176354,000000000513b022e6eb4ebc54dc53694fd63e821daaebfbfd8383bd53b88482,b88482,2,双,小
2026-08-08 22:40:38,85176358,000000000513b026bc0289acfe2ec4fdfbe8dd22bd1518b656397bf334f2291d,f2291d,1,单,小
2026-08-08 22:40:53,85176363,000000000513b02b79184397f93b813c40fe55136fc8d8414ba0b0797b852822,852822,2,双,小
2026-08-08 22:41:07,85176368,000000000513b0300711a5e9928a155d5fc663e94f8c4903e24f0a4861bede58,bede58,8,双,大
2026-08-08 22:41:21,85176372,000000000513b03410c22688025469f3db17cd62dcd4e5fce524954cef183229,183229,9,单,大
2026-08-08 22:41:36,85176377,000000000513b0398e8eb3423ea00c3aaa301c007fcedbed5941d8e7388706c7,8706c7,7,单,大
2026-08-08 22:41:51,85176383,000000000513b03fd627568a4dcb3dabe0f2d3f4c325977885a9f24b45bd33fc,bd33fc,3,单,小
2026-08-08 22:42:05,85176387,000000000513b04309039e49250001286a632c317982235fc45a47db0b332ab9,332ab9,9,单,大
2026-08-08 22:42:19,85176392,000000000513b048bf1dd61b778bebfb215dc89325a44f364575c4b61922caf0,22caf0,0,双,小
2026-08-08 22:42:33,85176396,000000000513b04c92581b8098990fec749bd62c4e90da4b619148aab247b739,47b739,9,单,大
2026-08-08 22:42:46,85176401,000000000513b0511548dc21186100142d06a69615b7e3bd3ac2a978a699340b,99340b,0,双,小
2026-08-08 22:43:00,85176406,000000000513b0568a5c092db19f99d2f4e464fdba9eb1ebf31ca47568127fa9,127fa9,9,单,大
2026-08-08 22:43:13,85176409,000000000513b059a0be94dc920df01b927d44bfb9439922e07f7abf6e3371e5,3371e5,5,单,大
2026-08-08 22:43:26,85176414,000000000513b05e58db5530adb4e2efec10718520a7f3ce857de648f1a91783,a91783,3,单,小
2026-08-08 22:43:39,85176418,000000000513b062cf2442a5539a81cd595d932132c5725e8fe12ae753f9cfcb,f9cfcb,9,单,大
2026-08-08 22:43:51,85176422,000000000513b066290f788531734bac21b8ebd85c93eeb83888ba4535f49e50,f49e50,0,双,小
2026-08-08 22:44:05,85176427,000000000513b06b44322414841aff3f72582db43e1d5bc0efd57a07ca3dc490,3dc490,0,双,小
2026-08-08 22:44:18,85176431,000000000513b06ffbfcc67796c0e5dc7a1621f0a45c7f512a0dade9820a66f6,0a66f6,6,双,大
2026-08-08 22:44:30,85176436,000000000513b074396d7ff1d5fc8e245db54e59be5a3c95749d311f6de83efa,e83efa,3,单,小
2026-08-08 22:44:43,85176440,000000000513b0781019276414ed418f0fdc4d553ff808588b159047e4e1d99a,e1d99a,9,单,大
2026-08-08 22:44:57,85176444,000000000513b07c4cec9e8b94301285be3397aabbfefda1e18f58dbd7517482,517482,2,双,小
2026-08-08 22:45:09,85176449,000000000513b081d6717b1c396b161cb8016bcf6c7e9dbba4a02d447d18aaa7,18aaa7,7,单,大
2026-08-08 22:45:22,85176453,000000000513b085ddff82bb662cfeb7fc2e2b4ed47b372b2ea6f7dbb7bae2b3,bae2b3,3,单,小
2026-08-08 22:45:35,85176457,000000000513b089fe4c546533f7e59d7517d348ac7c92942854873bb7e8b10b,e8b10b,0,双,小
2026-08-08 22:45:48,85176462,000000000513b08e7f0221281fc667845f69b7083675fb2f589f22940caed90c,aed90c,0,双,小
2026-08-08 22:46:00,85176466,000000000513b092749b8800e2229bbb543ac1e26ddcbce1a1c4a367ead1e8ce,d1e8ce,8,双,大
2026-08-08 22:46:14,85176470,000000000513b096ea42caa451964269d6c88aa7e08130345ac3deea83c41c70,c41c70,0,双,小
2026-08-08 22:46:28,85176475,000000000513b09b25824e9df3b969f63416c0f0dbf1c9ac8b40d2475d439879,439879,9,单,大
2026-08-08 22:46:41,85176479,000000000513b09f4db0478c4122b03b2a1ea275cf6353f379dae199ec005f51,005f51,1,单,小
2026-08-08 22:46:54,85176483,000000000513b0a3cc4b1cf43f2a0b076a0578cf00e41d78828f2b1320ce86b5,ce86b5,5,单,大
2026-08-08 22:47:07,85176488,000000000513b0a8fe63f79873b1c25c579da5845b51bfeb8c5227929b211d34,211d34,4,双,小
2026-08-08 22:47:20,85176493,000000000513b0adce4d8da274aa515f2295cb729ab8daf8ba8247c615aac2cd,aac2cd,2,双,小
2026-08-08 22:47:33,85176496,000000000513b0b044950538343683b7e47f3415828a9015852edb60f49150fa,9150fa,0,双,小
2026-08-08 22:47:46,85176501,000000000513b0b5768f397e5b7731c53bd9ad49ee0da48411a4784209fc3935,fc3935,5,单,大
2026-08-08 22:48:00,85176506,000000000513b0ba116a7d3e2b6d439099c8e132e0a1c44563f984a63dd99202,d99202,2,双,小
2026-08-08 22:48:12,85176510,000000000513b0be5668f9dedcb6df6157d2c19a2f03cdd0552f8d41490cbd30,0cbd30,0,双,小
2026-08-08 22:48:25,85176514,000000000513b0c2d9ef0dd37d56bdf7c41a797a5523292ad30eaffc3ba1d7dd,a1d7dd,7,单,大
2026-08-08 22:48:39,85176518,000000000513b0c63b464d20807022b8de173f60051c85cda777316cf3fff414,fff414,4,双,小
2026-08-08 22:48:51,85176523,000000000513b0cb3ffe8484150b9a8401351c0fd3fdfbacb1d97222c4b090a5,b090a5,5,单,大
2026-08-08 22:49:03,85176527,000000000513b0cf93e689b37e39b8b9f584e2af2543c5a861fb7629427f0bfd,7f0bfd,0,双,小
2026-08-08 22:49:14,85176531,000000000513b0d380e4c7af48fd88186362eb1b8415af12a77a2800d111112c,11112c,2,双,小
2026-08-08 22:49:27,85176535,000000000513b0d7ff65df5ee6780b659a6d0c2ad8b84767acaf781609ccaee0,ccaee0,0,双,小
2026-08-08 22:49:39,85176539,000000000513b0dbaabea49d36ab9c480d513a78825b073f4c9c619a212a2e14,2a2e14,4,双,小
2026-08-08 22:49:52,85176543,000000000513b0dfacaa1b9389b942899a0c5867bc69e437e16ec1daae42f25c,42f25c,5,单,大
2026-08-08 22:50:07,85176548,000000000513b0e489a2f74adbfbfc25559bba354c8bf3dae1e2e0498902009b,02009b,9,单,大
2026-08-08 22:50:19,85176552,000000000513b0e847fed3bd56166a83fe7be5279ab1dd933afa6cac271bbe45,1bbe45,5,单,大
2026-08-08 22:50:32,85176557,000000000513b0edc8489f4e78826425e8bac08f94e927104437b29abacf59ff,cf59ff,9,单,大
2026-08-08 22:50:45,85176561,000000000513b0f1d5e14b0849f75f8437c3c5a171b2a67832c03925b364a590,64a590,0,双,小
2026-08-08 22:50:56,85176565,000000000513b0f5f64e16e6b63f0cfac1dfe411a33baa3b4bcaa7c3c8294711,294711,1,单,小
2026-08-08 22:51:10,85176569,000000000513b0f9a0e00f9059ab421ddb3cef2802c6c1c54a75dca980888de5,888de5,5,单,大
2026-08-08 22:51:25,85176574,000000000513b0fe64a06e59f21a9ffccdf6802cb8181da47694fcb9db55e4bb,55e4bb,4,双,小
2026-08-08 22:51:41,85176579,000000000513b1033e44662250cbe1b0ffb1785fbca94272cf303375aab8fe1e,b8fe1e,1,单,小
2026-08-08 22:51:54,85176583,000000000513b1071543e7e23609dd8d1ef1aed531a85aa68b4825a2f08cb3f3,8cb3f3,3,单,小
2026-08-08 22:52:11,85176589,000000000513b10dc16a8dbf7d0a42889bb3bad412d9f510e45c5fa80564ac0c,64ac0c,0,双,小
2026-08-08 22:52:23,85176594,000000000513b112cd29082f951b025ed62698e71808cc3226e4538a5bbd349c,bd349c,9,单,大
2026-08-08 22:52:38,85176598,000000000513b116b091ff43e9df28de9d6ac02da417a50e7dac530caa2f1f78,2f1f78,8,双,大
2026-08-08 22:52:50,85176602,000000000513b11ae281c12c940eaa313bf91089bcc9bba35d4fc287c2083644,083644,4,双,小
2026-08-08 22:53:03,85176607,000000000513b11f338dcd21617a9851185e2347d4e428ac6ea41f7893789e68,789e68,8,双,大
2026-08-08 22:53:16,85176611,000000000513b123c2846953299ef5ca0843f8ac626dc09ba473ed5363720bd7,720bd7,7,单,大
2026-08-08 22:53:28,85176615,000000000513b12794480b9ceb8355bef79c71d2c916236b742a2f9d7017c9ec,17c9ec,9,单,大
2026-08-08 22:53:42,85176620,000000000513b12c5098f18540b1268390be1be31650dfa1da35f4a5145f10db,5f10db,0,双,小
2026-08-08 22:53:56,85176624,000000000513b13043734b4cf514a305f151b2caff16f8412ff63c1c2c1c146e,1c146e,6,双,大
2026-08-08 22:54:09,85176629,000000000513b1354f238ab59c0395ccf2bf7eee4d2b09f7ec7f9c048b06993a,06993a,3,单,小
2026-08-08 22:54:21,85176633,000000000513b1393f5cfaaa19ed81b87e3949013d4bc100560e641671f5edfa,f5edfa,5,单,大
2026-08-08 22:54:35,85176637,000000000513b13dbd584cfe8e0346c110130fea5988d0bbafc8153eb7d71a73,d71a73,3,单,小
2026-08-08 22:54:48,85176641,000000000513b1418a8d6feb95c3186ad56d6daa713c86a03c62a3e89235984a,35984a,4,双,小
2026-08-08 22:55:02,85176646,000000000513b146210a46043e485c7e7f553da8785c7cf6efc0e77f38c6c0e8,c6c0e8,8,双,大
2026-08-08 22:55:15,85176650,000000000513b14ad31eeab3afc7b76e781c6a2792f9a0da0010d6e07d396244,396244,4,双,小
2026-08-08 22:55:28,85176655,000000000513b14f24867a5f25200d1ff2e37956cfb7deb596b830b5e66d003e,6d003e,3,单,小
2026-08-08 22:55:39,85176658,000000000513b15236849dcbfc424721703ec41d8ca1b0ad1f9d0389fd5fa4aa,5fa4aa,4,双,小
2026-08-08 22:55:51,85176663,000000000513b1579d791e2baa39123b620b52608d6ef6faf9dfa21198824c5c,824c5c,5,单,大
2026-08-08 22:56:03,85176666,000000000513b15afc78a9cc9c17aa336ede6d30bc7ecfb610caf5793a44c458,44c458,8,双,大
2026-08-08 22:56:17,85176671,000000000513b15f58312a16c995baeccb47acb81e514f53de03fe6d3574a070,74a070,0,双,小
2026-08-08 22:56:30,85176675,000000000513b1634c7792a00699c2ee9dd7f6126da642706d024a78e28fd287,8fd287,7,单,大
2026-08-08 22:56:45,85176680,000000000513b1680221510c820994dd8c1dcec95a59d0dba8d8d78f4479f482,79f482,2,双,小
2026-08-08 22:57:00,85176686,000000000513b16e046c2800f9dc991a26b0f47be8a8000e86d3523ee14118ea,4118ea,8,双,大
2026-08-08 22:57:15,85176691,000000000513b1737a9bf807a565ac747cb0cd85dd3afca0561321d819ccd7e5,ccd7e5,5,单,大
2026-08-08 22:57:31,85176696,000000000513b178ca26f3cb94d1d0e58140ba286eda8c9bf899764a41036171,036171,1,单,小
2026-08-08 22:57:43,85176700,000000000513b17c41a4ce9d35d896e4d3c54667315045d90a6d76fc0d1b2c67,1b2c67,7,单,大
2026-08-08 22:57:58,85176705,000000000513b1819aced2b0beea6b0b4fdaef28ef2e571c5e501f1916789912,789912,2,双,小
2026-08-08 22:58:10,85176709,000000000513b18539f25a6634d71b370e6cae5da18d6b895c20a46a59fd691b,fd691b,1,单,小
2026-08-08 22:58:22,85176713,000000000513b189edd03c5144aea73327705038307cefd08b39e61d4b9277fb,9277fb,7,单,大
2026-08-08 22:58:34,85176717,000000000513b18d16694c6533174b4688e58580ae69866f642d8e5fb1b617ef,b617ef,7,单,大
2026-08-08 22:58:47,85176721,000000000513b191c7797dcc499471aab91ede25a83950c5346d68acd1770110,770110,0,双,小
2026-08-08 22:59:00,85176726,000000000513b196371734bc791ebf621516ef16bdea576e68e44ddc2ee63ec0,e63ec0,0,双,小
2026-08-08 22:59:13,85176731,000000000513b19baa20ff5b5968980c951e665c8c3bca7f58d542036e17a8c2,17a8c2,2,双,小
2026-08-08 22:59:27,85176735,000000000513b19fc9b9438baa964bb8584f40a608e13c576d6bde3eb532c04d,32c04d,4,双,小
2026-08-08 22:59:39,85176739,000000000513b1a3b86046c6b1bb0382bf8a128c20117ed93fa2ec56e58cfebf,8cfebf,8,双,大
2026-08-08 22:59:52,85176743,000000000513b1a729a863a35de9ea47b76b5fbd9454b3b25fe3c93b64911bd2,911bd2,2,双,小
2026-08-08 23:00:05,85176747,000000000513b1ab4fe012c09fec3efc8482129e78e5a3164e893b8daee3002a,e3002a,2,双,小
2026-08-08 23:00:20,85176752,000000000513b1b0d11ab46c8f7a3e6463ed0385111891cb706ab86cf6abfdea,abfdea,6,双,大
2026-08-08 23:00:33,85176756,000000000513b1b4d98ae900c9c137d9b980e1dd34c9e14da07ee4d6a6816285,816285,5,单,大
2026-08-08 23:00:46,85176762,000000000513b1ba3ecb5dfdf16a88e42973344b7032520e06934fb353b29ea1,b29ea1,1,单,小
2026-08-08 23:01:00,85176765,000000000513b1bd060afe4440d3399bdb5ed172e91c7b0fcf12369e34ff7571,ff7571,1,单,小
2026-08-08 23:01:15,85176771,000000000513b1c3af30c2f23665dd64560eb8b9be582e1ac5f60ee2bd20f8b8,20f8b8,8,双,大
2026-08-08 23:01:30,85176776,000000000513b1c8d2fad3e3e37c87c44c35019c44a0ffa4646887fbfed811aa,d811aa,1,单,小
2026-08-08 23:01:44,85176781,000000000513b1cd1fdd41e347a417499ba7a4ff3e6368caa65985a1442bf6ea,2bf6ea,6,双,大
2026-08-08 23:01:58,85176785,000000000513b1d1946d508c0191879da83482a595404dbf614f5b2e9685e28c,85e28c,8,双,大
2026-08-08 23:02:11,85176789,000000000513b1d5f5f6b5799dd2c6705b593b28d7faccbb53a272d160a4deb2,a4deb2,2,双,小
2026-08-08 23:02:24,85176794,000000000513b1daca8d6af868a90997203985ba93bdf4ecc942350e73cc4223,cc4223,3,单,小
2026-08-08 23:02:38,85176798,000000000513b1de6d556de7b0761a24282e6dff9ca17f295c5d9d84de49b044,49b044,4,双,小
2026-08-08 23:02:49,85176802,000000000513b1e2c2e4b61c9726ed16e146d80ddd081272f159e7b906e62a7c,e62a7c,7,单,大
2026-08-08 23:03:01,85176806,000000000513b1e6c9e1ef74d6044f5e703449a6321ed4526d52ddbd78542cd0,542cd0,0,双,小
2026-08-08 23:03:14,85176811,000000000513b1ebe3e2929bd34c3b2709dcd9b0f58c79d6ee8bceb7fe220275,220275,5,单,大
2026-08-08 23:03:26,85176814,000000000513b1ee78c2b93aba0c9706f3454c831c6fb80ae5f93a5ada1f5172,1f5172,2,双,小
2026-08-08 23:03:39,85176818,000000000513b1f2e02e16f78660973fec51192f89cbff362333711b9d3be951,3be951,1,单,小
2026-08-08 23:03:51,85176823,000000000513b1f72132b80576d57f63ae43b6da9e39d7c269e82be8fd1fdc9f,1fdc9f,9,单,大
2026-08-08 23:04:03,85176826,000000000513b1faba169e139e1ff529136d260adf2dfe72eef0862b444a435b,4a435b,5,单,大
2026-08-08 23:04:15,85176831,000000000513b1ffdffed74207adb943f1f461d1bbb8ee9b55be115646302db4,302db4,4,双,小
2026-08-08 23:04:28,85176835,000000000513b2037e2600f24f1b574e1b7a8f4815d817fc2ec3b90333c40b77,c40b77,7,单,大
2026-08-08 23:04:41,85176839,000000000513b207917043e138502d2d43e710eb2e1092d3e6d3a89563dd92fe,dd92fe,2,双,小
2026-08-08 23:04:54,85176843,000000000513b20b9752e7922ecb8050e36cce49ea09424a7af70b3c264b15ce,4b15ce,5,单,大
2026-08-08 23:05:06,85176847,000000000513b20fab1fc3448dc30f8235b750ae2b2c17c3b992bb0be1c0ae60,c0ae60,0,双,小
2026-08-08 23:05:21,85176853,000000000513b215e17c9925262989d4c5f383e6435bd3edeb34c66b08d83b1f,d83b1f,1,单,小
2026-08-08 23:05:33,85176857,000000000513b2196ed9aded3064bbf94f09e036726f2ed034c830eb133355c1,3355c1,1,单,小
2026-08-08 23:05:44,85176861,000000000513b21db2f3bcfedb7246316c7278257ea86a94d7470868f06642e9,6642e9,9,单,大
2026-08-08 23:05:56,85176865,000000000513b221d0aa083cf622e0c488cbdd3e5e85a3f5598bba5781b643ca,b643ca,3,单,小
2026-08-08 23:06:08,85176869,000000000513b22598adf5659623fd16d3b98ceafac7aec39d245759ac1ab7d7,1ab7d7,7,单,大
2026-08-08 23:06:20,85176872,000000000513b228a6ed8d5b9c90f2ea7a029171b4a2ecf4eaabc1819f399113,399113,3,单,小
2026-08-08 23:06:32,85176877,000000000513b22df4083b7a26ad9f03795931d103d6bdc0bd8ba0690dfff637,fff637,7,单,大
2026-08-08 23:06:44,85176881,000000000513b231bd7071b1b7ed85c2ac8dc3bec6a6bb5d82e82e66ffbf80d3,bf80d3,3,单,小
2026-08-08 23:06:56,85176885,000000000513b235c5fd4b9c728b4f1887a08705ec90981c6078ae8a32de43b8,de43b8,8,双,大
2026-08-08 23:07:10,85176889,000000000513b239d91bc529a410cdca9c062ee5dc7dd9ab8dc83415c8c579e7,c579e7,7,单,大
2026-08-08 23:07:22,85176893,000000000513b23d24ee8e33e6802fa82e8923bcf2f6c7efb7ad624ece215a09,215a09,9,单,大
2026-08-08 23:07:35,85176897,000000000513b2411bc2b228a08bc68696c2d5a7925a24b7d11bcafd8792a50d,92a50d,0,双,小
2026-08-08 23:07:46,85176901,000000000513b245a885398d2070787bfa96a254314d4ce0ae5fc38fd4a1e965,a1e965,5,单,大
2026-08-08 23:08:01,85176906,000000000513b24af2f53051515ed54a16c2859130b65975e7bfe9153819f524,19f524,4,双,小
2026-08-08 23:08:16,85176911,000000000513b24fff8ab332203050f4bd48b571fd54d2717838936773da6df0,da6df0,0,双,小
2026-08-08 23:08:33,85176917,000000000513b255a4395ff437b49035c63b1ab204e18c6bde7902f23f41f4e3,41f4e3,3,单,小
2026-08-08 23:08:47,85176921,000000000513b259828387a2444e6a7606deecbbdfe01a3371472aa3f68e81bf,8e81bf,1,单,小
2026-08-08 23:09:03,85176926,000000000513b25e225157b4f3f701fcdf2e28ecaba87167599853f83a89339f,89339f,9,单,大
2026-08-08 23:09:17,85176931,000000000513b263bc31d702dbb325fbc28cc5c84fc30fa09284c66ed044d2b8,44d2b8,8,双,大
2026-08-08 23:09:35,85176937,000000000513b26989110d2dc24b0d879c406341ac7676b2406d26b5700040d3,0040d3,3,单,小
2026-08-08 23:09:49,85176942,000000000513b26e91cfa66f697ab4dbfe930a0f1bb9b4193c15b8d14334ed49,34ed49,9,单,大
2026-08-08 23:10:09,85176949,000000000513b2756b5ec19ae748b7a0c88b6afa34b49a1577b09f695a1ea946,1ea946,6,双,大
2026-08-08 23:10:24,85176954,000000000513b27aca2b78fc243cf0938f4163062bb2816068cb61176888dfab,88dfab,8,双,大
2026-08-08 23:10:41,85176959,000000000513b27f422704fe8be2c68d07e2f99402ca4af6d719d34c6d6c3b39,6c3b39,9,单,大
2026-08-08 23:10:54,85176964,000000000513b284750cfcbed3378717c4fac919854ac2873473b9b4d0342895,342895,5,单,大
2026-08-08 23:11:10,85176969,000000000513b289a1798b61b92549b446fae674d3f830aba3bdbbb18231a9d1,31a9d1,1,单,小
2026-08-08 23:11:24,85176973,000000000513b28d34a69054ff01c3c867587433b3970c6faf75331025ff291d,ff291d,1,单,小
2026-08-08 23:11:38,85176978,000000000513b292f179b284a59a1f57f5df820234788711b6195c5c844977ea,4977ea,7,单,大
2026-08-08 23:11:52,85176983,000000000513b297bcfae28858f6141fe76be38870107b52139a6175f4ecfda7,ecfda7,7,单,大
2026-08-08 23:12:06,85176987,000000000513b29bf0fbea051f81ce07ed4d485e453eb4cea1fdbd124e50683f,50683f,3,单,小
2026-08-08 23:12:18,85176992,000000000513b2a0c1230f7d98f8cb4e64a2e4a329ea1f334d52c758fb515950,515950,0,双,小
2026-08-08 23:12:32,85176997,000000000513b2a50d74831b2ff3ce17d012569e7497e14545e9ab89fc94e741,94e741,1,单,小
2026-08-08 23:12:47,85177002,000000000513b2aa85de0f1fac066a131131a717d87671edd1c1b1f0d4774b22,774b22,2,双,小
2026-08-08 23:13:02,85177006,000000000513b2ae473319e00c6ec31511be6217e3ec78e683c416010481288e,81288e,8,双,大
2026-08-08 23:13:15,85177011,000000000513b2b3cc61562f4e5fe130fc9fd10a4a62f3f54604f6431f8760e8,8760e8,8,双,大
2026-08-08 23:13:28,85177015,000000000513b2b7c4d16c9e9a2bf220a27800993b552f1ed890c10d9f0316b7,0316b7,7,单,大
2026-08-08 23:13:41,85177019,000000000513b2bb97ddafd00edbd2443f4b3ff766fd8e891feb5cffa2f31742,f31742,2,双,小
2026-08-08 23:13:54,85177024,000000000513b2c00a02c98ee34945e63bdd63dc62e706323c61075634896a3f,896a3f,3,单,小
2026-08-08 23:14:08,85177029,000000000513b2c516fa4af78871b539bd83f63d5c757670f864c248fca0da34,a0da34,4,双,小
2026-08-08 23:14:23,85177033,000000000513b2c9fcdcee5f87913a099301df1237767d944ac39b148713b636,13b636,6,双,大
2026-08-08 23:14:36,85177038,000000000513b2ce2fd946a5b19ed9ce336dba9979567ac77dead9cb11138096,138096,6,双,大
2026-08-08 23:14:48,85177042,000000000513b2d20fa27f011cd73180f19259954547fa09a7faa592875e2bfb,5e2bfb,2,双,小
2026-08-08 23:15:00,85177046,000000000513b2d697fcad9640ec6edf4d17a1dadab208894891989ddc1a5c80,1a5c80,0,双,小
2026-08-08 23:15:14,85177051,000000000513b2db5e5e27f6a2369fd3ff492512ee4f5d64e21692a5b38a6113,8a6113,3,单,小
2026-08-08 23:15:26,85177055,000000000513b2df217eea6014f12a067eb1e74e386f2654634e972795a0dbca,a0dbca,0,双,小
2026-08-08 23:15:39,85177059,000000000513b2e34973319f186882407af8ab448a2ff376edb3e2d6d4b317f7,b317f7,7,单,大
2026-08-08 23:15:50,85177063,000000000513b2e7cb1bc7f958f49aae17e34ae4886607c654996f8709ffdc77,ffdc77,7,单,大
2026-08-08 23:16:03,85177067,000000000513b2eb9ac8a67248fc0c6f09c83a08c47953529044232c4de69f46,e69f46,6,双,大
2026-08-08 23:16:17,85177071,000000000513b2ef8137b56f9e868043a9d8fcea1c2feb9486622fd2ae161ae7,161ae7,7,单,大
2026-08-08 23:16:29,85177075,000000000513b2f3475e0ad5a67a357ec6c3c92f3289eccf1f0cab8bb799cc5f,99cc5f,5,单,大
2026-08-08 23:16:40,85177079,000000000513b2f79e8141fb3dc0e6bb6b70f2104e0149eb27839847eb470e73,470e73,3,单,小
2026-08-08 23:16:54,85177084,000000000513b2fcfc6ae509b88d2163adb2b29797ca7d1a5bb1bee84c3dfd74,3dfd74,4,双,小
2026-08-08 23:17:06,85177087,000000000513b2ff015142f069666c8ce168ded1a2b3d284548a99bd3a3562f8,3562f8,8,双,大
2026-08-08 23:17:17,85177091,000000000513b303b0c15c74fdbedfe2d8ea5e0b6466427367b2ee91d9239f23,239f23,3,单,小
2026-08-08 23:17:29,85177096,000000000513b308561082a151cf74d56a36e1245094e71d2a2b6f44cf46a4a4,46a4a4,4,双,小
2026-08-08 23:17:41,85177099,000000000513b30b7a373b50aec0cf341e14674025f123eb697d566f9dd6d61b,d6d61b,1,单,小
2026-08-08 23:17:53,85177103,000000000513b30fd0cbe4cc9b9eb2d38ec1abe195e19b0cb87fdcbe8a60e3a7,60e3a7,7,单,大
2026-08-08 23:18:04,85177108,000000000513b314182aa8b7df884e21cf52366912e868d475b23d22a35fd929,5fd929,9,单,大
2026-08-08 23:18:15,85177111,000000000513b317612ef1d595a95ee35139314976f7645eb1b56164d79ceb5e,9ceb5e,5,单,大
2026-08-08 23:18:27,85177115,000000000513b31b1c4c4a1b7f92210d0bc2ce20b8ac96171724882e3ed7834e,d7834e,4,双,小
2026-08-08 23:18:38,85177118,000000000513b31e24eb4ead3539d425f2b1c413f68fd239d183ca11629ea29e,9ea29e,9,单,大
2026-08-08 23:18:49,85177122,000000000513b322aac22a31ce63f28427e23165e180b7d37c726d3f01c6f54d,c6f54d,4,双,小
2026-08-08 23:19:00,85177126,000000000513b326e70f232c74ae72d69e8a75ddb5b7177fff0e21502a156cf1,156cf1,1,单,小
2026-08-08 23:19:11,85177130,000000000513b32abd80669dfcc38be67a0e1f4be934bafa17d6513cb7509106,509106,6,双,大
2026-08-08 23:19:22,85177133,000000000513b32d5723ab1e9fd01965f3aa3cb049c31153d7f91e4415761c9d,761c9d,9,单,大
2026-08-08 23:19:33,85177137,000000000513b3318a7cebea955e6443bdbe390b63e0159e329a3ecc6e51b91d,51b91d,1,单,小
2026-08-08 23:19:43,85177140,000000000513b3344c916cc3d2fa97f92a858541e0f39fe95a6489e876326852,326852,2,双,小
2026-08-08 23:19:55,85177144,000000000513b338caa9cfb56305ce2d3e8240eabe53ddeb0a6de8531664ed24,64ed24,4,双,小
2026-08-08 23:20:06,85177148,000000000513b33c47565e1d8bdad94521ef7b1e907cb21f2ff5f95fc6790297,790297,7,单,大
2026-08-08 23:20:18,85177152,000000000513b340a44d6e5bb29d6edf93d4cf1f51f643de0c4ee9446f53e212,53e212,2,双,小
2026-08-08 23:20:29,85177155,000000000513b3439f74fc76632a1a9450202bab0b35c93bc6eabde23faa4f83,aa4f83,3,单,小
2026-08-08 23:20:40,85177159,000000000513b3472a2926c3eadf530ab60bb09941c2e327ae31e770ce7c981f,7c981f,1,单,小
2026-08-08 23:20:51,85177163,000000000513b34bececb3b4de1b77c5769030d4798a9bcf0bc109bf916a8a26,6a8a26,6,双,大
2026-08-08 23:21:03,85177167,000000000513b34f265683aa5c2f73b2d4e0a79dfc93e6c716cb9ad383b2a53f,b2a53f,3,单,小
2026-08-08 23:21:15,85177170,000000000513b3526046bf1beaa06f9f57079cf0cae477bcdb9fdcb74ab54dbf,b54dbf,4,双,小
2026-08-08 23:21:26,85177174,000000000513b35654fb85b8e605106fb6f0767bf36c354629fc1e7238d5bdbb,d5bdbb,5,单,大
2026-08-08 23:21:37,85177178,000000000513b35a8070d7fbb9178ca6f9a0f17f40a8735562e95d5c0ca3a90b,a3a90b,0,双,小
2026-08-08 23:21:48,85177182,000000000513b35e39442d5dd1462205789a9dcd4bf29e507efcca127115fb07,15fb07,7,单,大
2026-08-08 23:22:00,85177186,000000000513b3624f2a220b2f97084555797c47b68eaac95e906ffa8617deb3,17deb3,3,单,小
2026-08-08 23:22:12,85177190,000000000513b3668035e74228e535193188029b77d6ce7c9722c51646770fd9,770fd9,9,单,大
2026-08-08 23:22:24,85177194,000000000513b36a9b1a927d2d47ba3b87bf57bf9e5931dfd653253aa6d20127,d20127,7,单,大
2026-08-08 23:22:35,85177197,000000000513b36d5da3a75486ad832d6f68f769257dd7a844cc6871fa19a5f2,19a5f2,2,双,小
2026-08-08 23:22:47,85177201,000000000513b3710cfb358bcfe188c86402b5e50b926aa5d698c60bbf518977,518977,7,单,大
2026-08-08 23:22:59,85177205,000000000513b375d18ec82092485b38f5a5da04148de49f16f5fedcb3978aef,978aef,8,双,大
2026-08-08 23:23:12,85177210,000000000513b37a77f31c576a3ef607e1c24e6a2490b23dab0bdae0df43138d,43138d,8,双,大
2026-08-08 23:23:24,85177214,000000000513b37eec3f1a68317cd778e92a114d3d51fe0fe3a17b9f57e2e914,e2e914,4,双,小
2026-08-08 23:23:36,85177218,000000000513b38297d61db6386c7e1ef6d671d739e024bfd6c99f06d0634ee8,634ee8,8,双,大
2026-08-08 23:23:47,85177221,000000000513b385b047360f53204ac478276922b4237460f38b249be30f5cfd,0f5cfd,5,单,大
2026-08-08 23:23:59,85177225,000000000513b389049815f34b531614fcd74eccfcd32591cfe1192eefaa680c,aa680c,0,双,小
2026-08-08 23:24:11,85177229,000000000513b38dea68006e049f15173147cd867349ca4e07fac6971aabb125,abb125,5,单,大
2026-08-08 23:24:24,85177234,000000000513b392da2b0dea7c66e341539dd438e050e2a9c8b9b007f77601f1,7601f1,1,单,小
2026-08-08 23:24:35,85177238,000000000513b396fd0ea1f61e30ec3a20f63329e05c5effb94662f6be9c4c87,9c4c87,7,单,大
2026-08-08 23:24:46,85177242,000000000513b39acbd23b4574823a1763efe9dc5d6d12cada6de0542216de9b,16de9b,9,单,大
2026-08-08 23:24:58,85177245,000000000513b39dd48a0bd9fc3ebde466402d1d1ba7566b1c1473aa478d1e43,8d1e43,3,单,小
2026-08-08 23:25:09,85177248,000000000513b3a08903f61598eeae156f239a9f7d2a607d122960e865c09dd7,c09dd7,7,单,大
2026-08-08 23:25:21,85177253,000000000513b3a54517ab72f81eb09689268c239f52e75ddf5cc64b14439ed4,439ed4,4,双,小
2026-08-08 23:25:32,85177256,000000000513b3a8cc4938876cd8d4bceb57cf60e560c61ab4912642f48afbaa,8afbaa,8,双,大
2026-08-08 23:25:44,85177261,000000000513b3add6000c4f5f0d61acdd65703f8e14605a6e4179c348f19f93,f19f93,3,单,小
2026-08-08 23:25:55,85177264,000000000513b3b0e99cccece5d6a54af57eea76148289e4519cd183eebb17aa,bb17aa,7,单,大
2026-08-08 23:26:05,85177267,000000000513b3b38537783680996d5a24bcb5b743dec49280be6f17e5e53dd5,e53dd5,5,单,大
2026-08-08 23:26:16,85177271,000000000513b3b76f442f629d420ab0fb870fc55bee072492657f10054aab39,4aab39,9,单,大
2026-08-08 23:26:28,85177275,000000000513b3bb69fb56d9fb50963150ae21bc48af3d6eca30cca9e2a1e7e2,a1e7e2,2,双,小
2026-08-08 23:26:40,85177279,000000000513b3bf5eb9cba79bf26caeef1487bf380dc73e4cf27bb53f26f46f,26f46f,6,双,大
2026-08-08 23:26:52,85177283,000000000513b3c3cbdbf511cfb342301b932179873d04fbf88703c32a57fa0a,57fa0a,0,双,小
2026-08-08 23:27:04,85177287,000000000513b3c780f6ac70939ed9f73e43f5ddfb924aad7f295e6ed15ad45f,5ad45f,5,单,大
2026-08-08 23:27:16,85177291,000000000513b3cbbc93dd53cad719e14a211982ccb30729a2502e007fe9abbe,e9abbe,9,单,大
2026-08-08 23:27:27,85177295,000000000513b3cfecfbbd50109b2b8900d1920ccf606dbe7f55a1f017332924,332924,4,双,小
2026-08-08 23:27:39,85177299,000000000513b3d36f87012d83094d09c1a73e2298083bb54935dd6d1a7a069b,7a069b,9,单,大
2026-08-08 23:27:51,85177303,000000000513b3d7af9cd9ff52317e059e30322d2f1d1f1a9b29c9a1cde390f0,e390f0,0,双,小
2026-08-08 23:28:04,85177307,000000000513b3db73aad50544b919d53470d62fa7038a082793e6aab80fa502,0fa502,2,双,小
2026-08-08 23:28:19,85177312,000000000513b3e03887b396c90b2097b1e36ed5b77a4fd0e601e1c1a28e7471,8e7471,1,单,小
2026-08-08 23:28:31,85177316,000000000513b3e4358636717591dc35c971caba18b15a0406a56b89858dc30b,8dc30b,0,双,小
2026-08-08 23:28:44,85177320,000000000513b3e8d64482e5b5c74484939b4d14f1d7d7be6d6a7664f413b347,13b347,7,单,大
2026-08-08 23:28:56,85177324,000000000513b3ecd50266c4aef75ef49729c70cf8ad5ce5d68b6da6482e813b,2e813b,3,单,小
2026-08-08 23:29:08,85177328,000000000513b3f0690e00467ccbc3e4690ef00014cb20ba0207086318d59d09,d59d09,9,单,大
2026-08-08 23:29:19,85177332,000000000513b3f44e2a063c660db401ce0e6008e228303471d4bb31451add92,1add92,2,双,小
2026-08-08 23:29:30,85177336,000000000513b3f80dfd9acaa4d5b93ee679b5dfa700f8addc46a249f153e5ac,53e5ac,5,单,大
2026-08-08 23:29:40,85177339,000000000513b3fbc25dcc3b0a40027a64cf50cf4f04abbb10a8d20c3282c766,82c766,6,双,大
2026-08-08 23:29:51,85177343,000000000513b3fff514de97e93cd9a1d3b266ac8ce9f34a25a18f0fa71f15e4,1f15e4,4,双,小
2026-08-08 23:30:02,85177347,000000000513b4038e9abfd7297aec4e5a6fce41dc5a02a932bcdf8b3e892960,892960,0,双,小
2026-08-08 23:30:14,85177350,000000000513b4068e5958c76d4cf078e6ef88627079735257225bce111ecc91,1ecc91,1,单,小
2026-08-08 23:30:25,85177354,000000000513b40aee13e886f51dd1bd9258e028be8787a598e895cf022f5010,2f5010,0,双,小
2026-08-08 23:30:35,85177357,000000000513b40da40f8dc069cd67899d2bcb490688c924248ebaf254d323ab,d323ab,3,单,小
2026-08-08 23:30:46,85177362,000000000513b41226b8a3c0fe88fd9d1d0b78c15c0a9e91bf2e3ee675a6671c,a6671c,1,单,小
2026-08-08 23:30:58,85177365,000000000513b415cffb555b814074b27710369830e8e86885f11b06621be786,1be786,6,双,大
2026-08-08 23:31:09,85177369,000000000513b41945f2aa7404608ba1d1c11c94ad42cf7c1aebd09adfed285f,ed285f,5,单,大
2026-08-08 23:31:22,85177374,000000000513b41e9cd6f9c4ec94087a7df967214c433fcf28dbf616c0e32fad,e32fad,2,双,小
2026-08-08 23:31:34,85177377,000000000513b42199a974194dc959aa21270e736713a2a974f6630e8c6c0d13,6c0d13,3,单,小
2026-08-08 23:31:46,85177382,000000000513b4264857596254587959e8c07d927640859257c3ba3f0d3522e7,3522e7,7,单,大
2026-08-08 23:31:58,85177385,000000000513b4290d9c36da7740f2c217c6a8e94dc90667ed3d93a6a42f5993,2f5993,3,单,小
2026-08-08 23:32:11,85177389,000000000513b42d3b3ce97a9bf5bf6da5c894f16fa07aad0b6baf78aa528c88,528c88,8,双,大
2026-08-08 23:32:27,85177395,000000000513b433b522745fb28f9deb0cc9bb37a2711d1ea8d9e58755682039,682039,9,单,大
2026-08-08 23:32:39,85177399,000000000513b437e856c03acd93745eea9bae083b3af3b732dc5a45efb92d32,b92d32,2,双,小
2026-08-08 23:32:51,85177403,000000000513b43bc594ccd143d9b4577e0f8ff6ff610d0647ca1734bdd00a93,d00a93,3,单,小
2026-08-08 23:33:03,85177407,000000000513b43fcabefb23f645fda7238bd9cbfc0794de3e3560cca283c0b9,83c0b9,9,单,大
2026-08-08 23:33:14,85177411,000000000513b443bef54e48f9c2d0d5c2aee5cfffc39cd12e9b140710f6b244,f6b244,4,双,小
2026-08-08 23:33:26,85177415,000000000513b447b9c52fee34380be1ff1407ae730ff1a5e6c77453258845b2,8845b2,2,双,小
2026-08-08 23:33:36,85177418,000000000513b44a3450a743368ab5ef08faed1f7a7da685b444f04359fbd283,fbd283,3,单,小
2026-08-08 23:33:48,85177422,000000000513b44e4c59e918d1346f3f3e7e7bb79049bca91faf2c08fe5626a5,5626a5,5,单,大
2026-08-08 23:34:00,85177426,000000000513b452f797b76c36381b186104b214ffec46bae467e4395ad504bf,d504bf,4,双,小
2026-08-08 23:34:12,85177430,000000000513b45624ea9958e7c8c8946d5a93c3b4159b2d228ca69b739dabc1,9dabc1,1,单,小
2026-08-08 23:34:23,85177433,000000000513b4591465bc7884be10c9b2ac8427671a24b5f66a84e311b866a0,b866a0,0,双,小
2026-08-08 23:34:34,85177437,000000000513b45dbd98ccf625b236532e9c60801a672c89fce90ad565234666,234666,6,双,大
2026-08-08 23:34:47,85177441,000000000513b4619861006708bdefcac2a63f5a48ff98ada6c9cf0919ef3b14,ef3b14,4,双,小
2026-08-08 23:34:59,85177446,000000000513b466c9d03c26beae1a49d49dbde5499da0e53c0503ec3106db2b,06db2b,2,双,小
2026-08-08 23:35:12,85177449,000000000513b46938ea906199fc497db69a1ebe0915cba2466bcf17c984ef96,84ef96,6,双,大
2026-08-08 23:35:23,85177454,000000000513b46e7ce514fed09aa54ee9066a5661105f47d4942f46b16eb0d0,6eb0d0,0,双,小
2026-08-08 23:35:36,85177458,000000000513b4727b7dcaa39231d551891428efb668ce5f51c159e1332a64e6,2a64e6,6,双,大
2026-08-08 23:35:48,85177461,000000000513b4754a59ea9be35d14c65946b0c646af47181abfaaf39d952cb0,952cb0,0,双,小
2026-08-08 23:36:00,85177466,000000000513b47ae0d236029ed1c61e4459679c55ffcb329d78d580ea62fe17,62fe17,7,单,大
2026-08-08 23:36:11,85177469,000000000513b47df6199746862f5f76837c33bc804f2a9329d1fab744d7ce50,d7ce50,0,双,小
2026-08-08 23:36:21,85177472,000000000513b480f79c12b5f32a7d101507332c0c6b036c0a9e5ce646e2dd44,e2dd44,4,双,小
2026-08-08 23:36:33,85177476,000000000513b4848d4899068eb4fe61a0f855dd82170e4f6488077324e44a53,e44a53,3,单,小
2026-08-08 23:36:44,85177481,000000000513b4898aee64e6771a64c08649161e10503ca734246d30e16f3cd3,6f3cd3,3,单,小
2026-08-08 23:36:56,85177484,000000000513b48c8af20910c27b6cb3c150cfb2421cf0a1cf3a1f83fd370219,370219,9,单,大
2026-08-08 23:37:08,85177489,000000000513b491116d77e1f6ec6b7dbdd495defad198baae93b72b634b19bb,4b19bb,9,单,大
2026-08-08 23:37:19,85177492,000000000513b494c7df2711c55a3c2d2fefdf229bd22bb51c8896d10e71e3c6,71e3c6,6,双,大
2026-08-08 23:37:30,85177496,000000000513b49827b64d70e4985dd0a9ab7a7a19f64959dbf0afed87c1f3fc,c1f3fc,3,单,小
2026-08-08 23:37:42,85177500,000000000513b49ccbfc0521e1d576499bbbdb12907736701e5165d819d84b77,d84b77,7,单,大
2026-08-08 23:37:53,85177503,000000000513b49f6b0010c0ed4402d7511eba11eb71e46e522db872c09cc85e,9cc85e,5,单,大
2026-08-08 23:38:07,85177507,000000000513b4a335fb76205c1c7f643f822554565a068ea94ab7811f02d5e0,02d5e0,0,双,小
2026-08-08 23:38:18,85177512,000000000513b4a8ea5925a38927e868b8151d23e9877bbc538327f60918bfae,18bfae,8,双,大
2026-08-08 23:38:30,85177516,000000000513b4ace8934e2c8995adf09079768dfd98aafdb8c5a86578c7e183,c7e183,3,单,小
2026-08-08 23:38:41,85177519,000000000513b4af0c6d83b68e6e2d8c531c4e1bc92c10b261a283c7d6a6c537,a6c537,7,单,大
2026-08-08 23:38:53,85177523,000000000513b4b35e2f6b67e1bf51f505a5b9c477c5aaa75ac5e1d14368b291,68b291,1,单,小
2026-08-08 23:39:05,85177527,000000000513b4b7c334257ccf2dbeff78bd78b38d7b722f07f01770cec722cd,c722cd,2,双,小
2026-08-08 23:39:16,85177531,000000000513b4bb3a1441011588f69adb6e1249b234c3ab5dd7bf1f6be3d328,e3d328,8,双,大
2026-08-08 23:39:27,85177535,000000000513b4bf96b4d4fb94e195c58744461344b917b15dbdb6bc1451c794,51c794,4,双,小
2026-08-08 23:39:38,85177538,000000000513b4c277a49221d1bdbab1bf9f57afad6c638ef3c1e8327067386f,67386f,6,双,大
2026-08-08 23:39:51,85177543,000000000513b4c79a1bfb6850fb3ba49e0f69da426d68c026fecdfc119c27fa,9c27fa,7,单,大
2026-08-08 23:40:02,85177546,000000000513b4ca143d6ced3dcf3b633d1182e35ef3002f57c4934ce4171324,171324,4,双,小
2026-08-08 23:40:13,85177550,000000000513b4ce1d6118af3b8ed4d42969617ec44230962b1052a3b28a3c54,8a3c54,4,双,小
2026-08-08 23:40:24,85177553,000000000513b4d1f599ef03580c38315c2c3b0e8ce94216b5e4713dc86d2907,6d2907,7,单,大
2026-08-08 23:40:36,85177558,000000000513b4d60d33aa3c677152629977b05b0dda52d0ef6253e2373cf228,3cf228,8,双,大
2026-08-08 23:40:48,85177562,000000000513b4da876fcd1f7f444562f90a37fe56ed7529f1c4d18964daef21,daef21,1,单,小
2026-08-08 23:41:00,85177566,000000000513b4de75755d45248c6a5cca7e5d502ce8fb709f5b3b11f8a21b8e,a21b8e,8,双,大
2026-08-08 23:41:10,85177569,000000000513b4e1c5d112de2f4c11ce42d3a21a503d149bd5319e62ec5ee4ab,5ee4ab,4,双,小
2026-08-08 23:41:22,85177573,000000000513b4e531dd7dc364dc12e22e38f42bf0e010594c29dc91c94e434f,4e434f,4,双,小
2026-08-08 23:41:34,85177578,000000000513b4eadce8b08f573300dbd5d91a7792a57c8e75113391b87cde1d,7cde1d,1,单,小
2026-08-08 23:41:47,85177581,000000000513b4edff3f6150a684cbe2b78e47c90e005dd39608d836187cdf3e,7cdf3e,3,单,小
2026-08-08 23:41:58,85177585,000000000513b4f1155afe7381e48a2ead3d4cebff95b83c5f0589c8e37c3bfc,7c3bfc,3,单,小
2026-08-08 23:42:10,85177589,000000000513b4f503e15e4ede9907299f993da5abd11ed5352c280f4b9f3e6e,9f3e6e,6,双,大
2026-08-08 23:42:22,85177594,000000000513b4faa97c973ccb408f763e65d0c63a3a2fc4f3b1c53be124f2ab,24f2ab,2,双,小
2026-08-08 23:42:34,85177597,000000000513b4fd2b1510659b561db625622bdeeb2686809b9e083c356ebf2a,6ebf2a,2,双,小
2026-08-08 23:42:46,85177601,000000000513b501edb7ea84ed78301e365b049c48b5768b05bc8642fc91e007,91e007,7,单,大
2026-08-08 23:42:58,85177605,000000000513b50538bb32eab7504169cfb99113574206d13508568630acada7,acada7,7,单,大
2026-08-08 23:43:11,85177609,000000000513b5097e91f6f47f980484f02c7c15bc37e692ae79b0abeba79a04,a79a04,4,双,小
2026-08-08 23:43:25,85177614,000000000513b50e926da75655e29bd37045071e7e7a8321a544fa576fdd68f8,dd68f8,8,双,大
2026-08-08 23:43:39,85177618,000000000513b512a946441435b08a08fdbffa478b62a32f4328a429fef586a8,f586a8,8,双,大
2026-08-08 23:43:50,85177623,000000000513b51790d9283ca594f593501f4694e80402fd990de1a8ea43a81e,43a81e,1,单,小
2026-08-08 23:44:04,85177627,000000000513b51b4bde45bce460a2a3ea67cb94521f18f08774852d2ef8aa13,f8aa13,3,单,小
2026-08-08 23:44:16,85177632,000000000513b5204f9ebcb3c4102d3a64cad6c774786e7cc0e1b2ca21fbd6a5,fbd6a5,5,单,大
2026-08-08 23:44:29,85177635,000000000513b523af0f35b2fc11971fc1179f907fc214c8f5ac1c174ed24b93,d24b93,3,单,小
2026-08-08 23:44:42,85177640,000000000513b5284d7b4200e2cc34434cd53f35018983c80e8adabbbd2f9125,2f9125,5,单,大
2026-08-08 23:44:55,85177644,000000000513b52c918f6159eb7c622527186a90d4f988b8d0a6dd593a326085,326085,5,单,大
2026-08-08 23:45:08,85177649,000000000513b5311205360b68062bc268294be6781d09a6f003cb4bd15097cc,5097cc,7,单,大
2026-08-08 23:45:19,85177652,000000000513b5340ccd3a9c8a6c89073db02ccec30edabdd7b3623fcf1f6d31,1f6d31,1,单,小
2026-08-08 23:45:31,85177657,000000000513b53902b454cb06e74ef17a3cff80a63be4dfe353fd0860d585b5,d585b5,5,单,大
2026-08-08 23:45:44,85177660,000000000513b53c3cdcc1f70c0b163bbc0b1a964954d72f78c1c47eb1e8c791,e8c791,1,单,小
2026-08-08 23:45:59,85177665,000000000513b541384f6ec57810e9dfedb4d8ea597a44bc5e2e864df66e38e9,6e38e9,9,单,大
2026-08-08 23:46:10,85177669,000000000513b545e9f285d936cdd171f2a893274b4b73b3c6f317257bb38f79,b38f79,9,单,大
2026-08-08 23:46:22,85177673,000000000513b5496b42c36e09f02ce2123c4711139ba9d7108e835055eb0479,eb0479,9,单,大
2026-08-08 23:46:34,85177677,000000000513b54d16cf5fe900930878a5522e8f9e1f5dd3c3b8bca48c4196df,4196df,6,双,大
2026-08-08 23:46:46,85177681,000000000513b55178aca38ecc29368cd8608ec61dcbb8cb2c2b373745a53074,a53074,4,双,小
2026-08-08 23:46:56,85177684,000000000513b5545ea81211312750cf59f97e17677dc85061083972b91c632c,1c632c,2,双,小
2026-08-08 23:47:08,85177688,000000000513b558541d74220d94d75dbd11da3e6f8a643cdf9865c7bfafa495,afa495,5,单,大
2026-08-08 23:47:20,85177692,000000000513b55ce2ffa01a2b0c4864f2c3d1e04af52c45725fc5c0034a1b48,4a1b48,8,双,大
2026-08-08 23:47:31,85177696,000000000513b5600451a1bad4025eff3adb476322f4a45b939e0de68a2c1248,2c1248,8,双,大
2026-08-08 23:47:44,85177701,000000000513b565edf8e851714010ef5ed0182d1b3e99b6f8960ce244a1195d,a1195d,5,单,大
2026-08-08 23:47:55,85177704,000000000513b5688c05c04b15e55dfde8bdfc01bca79e0b427f8e72939d0eb9,9d0eb9,9,单,大
2026-08-08 23:48:06,85177708,000000000513b56c705b30cfa2cdbb1381498f5a7b4520640ebb3fc3a41f7e30,1f7e30,0,双,小
2026-08-08 23:48:17,85177712,000000000513b5702037302c93f94ec0fd61a63bf4a8e4d998be467d8e055afc,055afc,5,单,大
2026-08-08 23:48:28,85177715,000000000513b5736652f728ef0ad7e40bdcbd847e20d24a527bb54975917904,917904,4,双,小
2026-08-08 23:48:39,85177719,000000000513b577b5acab4a831e52504b5e78faa30e32d25de430b2125c9734,5c9734,4,双,小
2026-08-08 23:48:50,85177722,000000000513b57a7a2158f5ea5491abddc14f815a66dbd857d1625d350c6ce8,0c6ce8,8,双,大
2026-08-08 23:49:01,85177726,000000000513b57ebb4423993721f9242eb158a87ab86f10b8b13d6ea14ff16c,4ff16c,6,双,大
2026-08-08 23:49:14,85177731,000000000513b5831334634d3af541976d02c9b43186cb8a77554e39f8172a45,172a45,5,单,大
2026-08-08 23:49:26,85177735,000000000513b58727aa9bbfe508af70e12c2f5728f73a8e20125e26bb70aac8,70aac8,8,双,大
2026-08-08 23:49:37,85177738,000000000513b58aad074ccde5d07abf00a96df95c2ef4638c3e8511dafb63f9,fb63f9,9,单,大
2026-08-08 23:49:47,85177742,000000000513b58e4b506af99b75ffd16b867caa7db96e62fefb90f9044afa58,4afa58,8,双,大
2026-08-08 23:49:58,85177745,000000000513b5911b3f471cb6f11c5f9cda6e0a347ab5702bf29ca7f8a8b45c,a8b45c,5,单,大
2026-08-08 23:50:09,85177749,000000000513b595bacdd462d077159fa8c219a44267996c3608a5489c7d344e,7d344e,4,双,小
2026-08-08 23:50:21,85177754,000000000513b59a9afb58306b08629ad78bc62f2a32c84c57fbbda03bfecf65,fecf65,5,单,大
2026-08-08 23:50:32,85177757,000000000513b59dbc68aa909c3a60d8c0801d299644a5fdf077385dbf5b8014,5b8014,4,双,小
2026-08-08 23:50:42,85177760,000000000513b5a08f832ad3e5d9e1893545e81bcfea0d5fc0a7ee12282e6a10,2e6a10,0,双,小
2026-08-08 23:50:54,85177764,000000000513b5a45b529e4cf26d7ed659d0770b021e03017c4363bfc56b9d0c,6b9d0c,0,双,小
2026-08-08 23:51:05,85177767,000000000513b5a734ab98aa2e781dc7a8dcf83da959ba2abfdf0a2f4288c8ed,88c8ed,8,双,大
2026-08-08 23:51:16,85177771,000000000513b5abb16ed7e4e75f59582d3ab9ced728696ed41bda5e640792ea,0792ea,2,双,小
2026-08-08 23:51:28,85177775,000000000513b5af50b7d858804181ff8c82cb3b84a2156650ec43e8f2b92555,b92555,5,单,大
2026-08-08 23:51:38,85177779,000000000513b5b33695a8a92da5fbac0464b6617f3309b0665f4f8aad040099,040099,9,单,大
2026-08-08 23:51:50,85177783,000000000513b5b783624d2f2190b3bbbc9bfe511dc5dd77f0b59666cd51ba5d,51ba5d,5,单,大
2026-08-08 23:52:00,85177786,000000000513b5baf006132746b6d42191f4d089898743e6982ebff46bb145f9,b145f9,9,单,大
2026-08-08 23:52:11,85177790,000000000513b5bec7ea689bc912d3d7a9d9ca48b5ae955e4133bab20b483059,483059,9,单,大
2026-08-08 23:52:22,85177793,000000000513b5c18e6f53c757fb8e10f2f929488e2183820487a72d70967fa0,967fa0,0,双,小
2026-08-08 23:52:33,85177797,000000000513b5c5e52cdbaae81a22ff553648fa91ac6c8a97dd9d4340452500,452500,0,双,小
2026-08-08 23:52:43,85177800,000000000513b5c8f1a04c53a6d2f5f2d57087029811fc3bb43a563c61e165b9,e165b9,9,单,大
2026-08-08 23:52:55,85177804,000000000513b5cc06bc17273d13bf2d3ab23a1b0a6be844e0b0daf731ead51d,ead51d,1,单,小
2026-08-08 23:53:07,85177808,000000000513b5d0801759e387e35546e518e23cfea7163519cb6e2b81b10483,b10483,3,单,小
2026-08-08 23:53:19,85177812,000000000513b5d41c5b270bf82df8e54ca123f0da58db8058663e4f64fe8fd2,fe8fd2,2,双,小
2026-08-08 23:53:31,85177817,000000000513b5d9439dc053aeff19ae83f34c98029e0be33fc3756ea362d1d2,62d1d2,2,双,小
2026-08-08 23:53:42,85177819,000000000513b5dbb781a62d9688924eb23e810bfc05c3c2bcd2d0d40985875d,85875d,5,单,大
2026-08-08 23:53:52,85177823,000000000513b5df7c4cb34de367a878b009c06d9b6de8a06c760cff79793814,793814,4,双,小
2026-08-08 23:54:03,85177826,000000000513b5e2ce69168df75cdcf7627876f60e63c23c40b42d67a21429cb,1429cb,9,单,大
2026-08-08 23:54:14,85177830,000000000513b5e6224ee2a34bbe93dc59e4fab87e8096b558f732e505bf87fc,bf87fc,7,单,大
2026-08-08 23:54:25,85177834,000000000513b5ea9525ee789aee3c607f42df1043db10db16acee2b67061c40,061c40,0,双,小
2026-08-08 23:54:35,85177838,000000000513b5ee15cdaaff7ce2ed757258ed1c24481f49b96964f52ad4a97f,d4a97f,7,单,大
2026-08-08 23:54:46,85177841,000000000513b5f14461f8b3750c04cd3301c9b575bbf49e308b8fb640e9d8c0,e9d8c0,0,双,小
2026-08-08 23:54:57,85177844,000000000513b5f42f74ce757352c36b94cb90e0f095486a007df60c92f8e616,f8e616,6,双,大
2026-08-08 23:55:08,85177848,000000000513b5f87af4ec03341d2d37929c2ad84d87096b082db66de4f94f76,f94f76,6,双,大
2026-08-08 23:55:20,85177852,000000000513b5fc6f382638687556c1419ec0653b312052d7acf13771e7e50c,e7e50c,0,双,小
2026-08-08 23:55:30,85177856,000000000513b60003c5dc9a3e7d39058004b9102318f95923f2de02e526fe87,26fe87,7,单,大
2026-08-08 23:55:41,85177860,000000000513b60482a15872e37fa8c6edfedec9866eab0f739078c3a4552df1,552df1,1,单,小
2026-08-08 23:55:52,85177864,000000000513b6083057fb0328184001b442fa0ce1541e7998cf5d53f219986f,19986f,6,双,大
2026-08-08 23:56:03,85177867,000000000513b60bfe8611eb3f24d7561d173a21c67fe29c1756a480c0f3e3ab,f3e3ab,3,单,小
2026-08-08 23:56:13,85177870,000000000513b60e100e68b8766fa99bc6292edd7f69133cd71d4a822c010cbc,010cbc,0,双,小
2026-08-08 23:56:24,85177874,000000000513b6120d8b8c13d58bef4152080bc57e4385b469856cda6ea3fb5f,a3fb5f,5,单,大
2026-08-08 23:56:34,85177877,000000000513b615df1ad59a9987fee6c66a20ee091f569c0bde83bd633e0fba,3e0fba,0,双,小
2026-08-08 23:56:46,85177881,000000000513b619b032ec5147149861395b33caf0a26db7aa48904865751efe,751efe,1,单,小
2026-08-08 23:56:56,85177884,000000000513b61c874845da1c2c0b14654329630b1e810b282c6fdc295260b3,5260b3,3,单,小
2026-08-08 23:57:07,85177888,000000000513b62040cad7dbde3143df7e9c2a16f030ed41a767c8151b0f8ac5,0f8ac5,5,单,大
2026-08-08 23:57:18,85177892,000000000513b62412fe658418d91e6e2b624faa9faff1f09e8d4b3d604bc5c6,4bc5c6,6,双,大
2026-08-08 23:57:29,85177895,000000000513b627a81cee6ebf9d25b56f102c496383501b190a700117b36e33,b36e33,3,单,小
2026-08-08 23:57:39,85177899,000000000513b62bbd86e94bd3e8af067aaf78544ea47028e9f8a15bd0b55882,b55882,2,双,小
2026-08-08 23:57:51,85177903,000000000513b62f58fd510377add208c691b602fc70415b299e22f30a71db4b,71db4b,4,双,小
2026-08-08 23:58:02,85177907,000000000513b633e5ae82af79f43d09ae8226e11afab36171dc360887b8ab5f,b8ab5f,5,单,大
2026-08-08 23:58:13,85177910,000000000513b636917201f35925af0e31fa694bd93c994e5217213916a673af,a673af,3,单,小
2026-08-08 23:58:23,85177914,000000000513b63a48e997670b129868c6a47c7a29c248d6023e85f828a3e5ae,a3e5ae,5,单,大
2026-08-08 23:58:33,85177918,000000000513b63e1ba35df7246bff5b52301fc8d67fc9e78965d07e0bb9314d,b9314d,4,双,小
2026-08-08 23:58:44,85177920,000000000513b6402b80e3047c24ee646a8566070e8565bb46ef666d4c17ef5f,17ef5f,5,单,大
2026-08-08 23:58:55,85177925,000000000513b64518838124e21737d89070babd963b88d5c239f391cf71c43b,71c43b,3,单,小
2026-08-08 23:59:05,85177927,000000000513b6474a6ae9f7880072e7f723ecdb1c463d45b6f80e67b16e62b3,6e62b3,3,单,小
2026-08-08 23:59:16,85177931,000000000513b64bbf56f5fa641c01f2ac98eea5c9f4ad5498f5f8c91db541bb,b541bb,1,单,小
2026-08-08 23:59:26,85177935,000000000513b64fd51d353abc30ea2ab327781992c2a8dcb257265cb089d38c,89d38c,8,双,大
2026-08-08 23:59:36,85177938,000000000513b652b6ff5ab60a4a65c524fad460c8d57cb391a74aeca98adb34,8adb34,4,双,小
2026-08-08 23:59:47,85177941,000000000513b65501a6249fd63d8488cd450d29abac686ef54b5ac410932dda,932dda,2,双,小
2026-08-08 23:59:57,85177945,000000000513b65943728d3e198c1736613386283c0283fab74355291fdc0c8c,dc0c8c,8,双,大
2026-08-09 00:00:08,85177949,000000000513b65d827a3fab6e8b4be019c33e62d6ded50066fd57091cf2a413,f2a413,3,单,小
2026-08-09 00:00:19,85177952,000000000513b6600ec7587432ffcb74236d779a6ba8e7ad924fbbab9b1b249f,1b249f,9,单,大
2026-08-09 00:00:30,85177956,000000000513b6647cea75d5d3fb478377ee32c2eca0fac643d99d75823db94b,3db94b,4,双,小
2026-08-09 00:00:40,85177959,000000000513b667da6c31c219eec0684f298a4aab34907bd44b30b05c8bb806,8bb806,6,双,大
2026-08-09 00:00:51,85177962,000000000513b66a591f9f9079b4abb527dd26cbe08644d77625c2835b0d905a,0d905a,5,单,大
2026-08-09 00:01:01,85177966,000000000513b66eec06859a1bc045bb5afdb13cbe266d48292a537fd2c811f8,c811f8,8,双,大
2026-08-09 00:01:13,85177970,000000000513b672c040164647967abd97e43699538430bc868b04b1ac4978f7,4978f7,7,单,大
2026-08-09 00:01:23,85177973,000000000513b675cd6aa10bd7cee99e5800b3a8395c1ddfb18a3c49f2ae69e9,ae69e9,9,单,大
2026-08-09 00:01:34,85177977,000000000513b6790b3ea38cfd5404d0c9e4fab339dc662cd12bfb57863ccf95,3ccf95,5,单,大
2026-08-09 00:01:45,85177981,000000000513b67da27510805d75a76df5dfc6cd1320b13771a2078a1b99470c,99470c,0,双,小
2026-08-09 00:01:56,85177985,000000000513b6811413481f0102be108778173f017a473cb044e64bd262b73b,62b73b,3,单,小
2026-08-09 00:02:07,85177988,000000000513b6844d6c0ba318cdd69717fd79f192fa5b687247555d2d6c268c,6c268c,8,双,大
2026-08-09 00:02:17,85177992,000000000513b688f3737ee080414df91132eac7280a7011d27a4b87b32193af,2193af,3,单,小
2026-08-09 00:02:28,85177995,000000000513b68b9846133d0077defecb3af1c6f10befc0bcbc0bdcecafaa01,afaa01,1,单,小
2026-08-09 00:02:39,85177999,000000000513b68f7f17a1092f9037cdb45426f581c83a018668851528e54847,e54847,7,单,大
2026-08-09 00:02:49,85178002,000000000513b692983f06164fe63eae09786af73dfdb12b6cf58b2e883d5886,3d5886,6,双,大
2026-08-09 00:02:59,85178005,000000000513b6958e433631bd255a665dff4b35a097959ca7cd7163e1c2d689,c2d689,9,单,大
2026-08-09 00:03:11,85178009,000000000513b6993d259ce6d57829537b43c96308963afdca83b0de6d96bae9,96bae9,9,单,大
2026-08-09 00:03:22,85178013,000000000513b69dde5b2e351aa76c33d171e50ef4610843dfb539e60b720700,720700,0,双,小
2026-08-09 00:03:34,85178017,000000000513b6a1f3070c8ff80dd051e39736b12a9b1ff1af7dcb8a81ae3bab,ae3bab,3,单,小
2026-08-09 00:03:46,85178021,000000000513b6a5835d1b74b91eab7f2d9db1694e08505e87216a8879e25adc,e25adc,5,单,大
2026-08-09 00:03:57,85178025,000000000513b6a9b757674e3f229dccdba855f204e831c5162e0f9510171c60,171c60,0,双,小
2026-08-09 00:04:08,85178028,000000000513b6ac060c900b3864cdff8bcae3bd9b9083f0fc341e389323a4fe,23a4fe,4,双,小
2026-08-09 00:04:19,85178032,000000000513b6b0094b70f4404dc5d35c7b88f15aae7501ef85461211ccd837,ccd837,7,单,大
2026-08-09 00:04:30,85178036,000000000513b6b41da12a1ac97cbf6d5fbd37b46086bb29e7c27d3eb632ff13,32ff13,3,单,小
2026-08-09 00:04:42,85178039,000000000513b6b75d8933e37b0ce2cd03a5b669279e125b33126fc42bc0f138,c0f138,8,双,大
2026-08-09 00:04:53,85178043,000000000513b6bbfbbfe8d516630babcaa2b9d0e477f920d4cca15564494e87,494e87,7,单,大
2026-08-09 00:05:03,85178047,000000000513b6bf4cd4b626b0900e197c0d907aec8de97eb96b658729e8f68e,e8f68e,8,双,大
2026-08-09 00:05:14,85178050,000000000513b6c2bb624568693bb86e9d748f20a81153b60ef6f76d266ab97e,6ab97e,7,单,大
2026-08-09 00:05:26,85178055,000000000513b6c773695f609c228362c041a938e3176b4eacfb4814e32180ae,2180ae,0,双,小
2026-08-09 00:05:37,85178058,000000000513b6cab117918ff6b931e6d2aa04214d2816dbde193c558a0e5a0e,0e5a0e,0,双,小
2026-08-09 00:05:49,85178062,000000000513b6ce5901c0840aea48b272d0a93a35de542b0ef5eecc52ecd84b,ecd84b,4,双,小
2026-08-09 00:06:01,85178067,000000000513b6d3ead2e96f7c0a4a65a7a23af0ad3db8de4d727f89082f26df,2f26df,6,双,大
2026-08-09 00:06:13,85178070,000000000513b6d6c053d9a0ec42f8cd12ad5e98b24d888d183a9ad213b444dc,b444dc,4,双,小
2026-08-09 00:06:25,85178074,000000000513b6da312b4b9f5d35b02f9d82b6df55c490bec5348768afc8d787,c8d787,7,单,大
2026-08-09 00:06:37,85178078,000000000513b6de2aee95a4d45c77e53ea546aa5233c8c89c7498878732bf85,32bf85,5,单,大
2026-08-09 00:06:49,85178082,000000000513b6e2f74f2b9974b0abf18962993f88a8022643c36b0b1a858f43,858f43,3,单,小
2026-08-09 00:07:00,85178086,000000000513b6e6650b522a436937dfb69899455e17e571daae82a9ec713b37,713b37,7,单,大
2026-08-09 00:07:12,85178090,000000000513b6ea188983b164b1ef69205e53fede503607703be464fea9f089,a9f089,9,单,大
2026-08-09 00:07:23,85178093,000000000513b6ed7eebf12cf44a545b618e61b9c3ad66564490fa198c293b3e,293b3e,3,单,小
2026-08-09 00:07:34,85178098,000000000513b6f2556abe67d3adbcb42414b222817371cd085f6201f02899ba,2899ba,9,单,大
2026-08-09 00:07:45,85178101,000000000513b6f5c3ce4bd1ffc712b31b31debeca8c0bbaf57c74250fdd4f20,dd4f20,0,双,小
2026-08-09 00:07:55,85178104,000000000513b6f8630a453a87881a8bb9702d4fc967a6f811a4fd641016e745,16e745,5,单,大
2026-08-09 00:08:06,85178108,000000000513b6fc6b1aaf23a4f0053f699c2a6530013b91aff7683896bec999,bec999,9,单,大
2026-08-09 00:08:16,85178111,000000000513b6ff0c9d09ec26d5d4a8ec8aa372ac3549c6542eb52e7b2523cf,2523cf,3,单,小
2026-08-09 00:08:27,85178115,000000000513b703dfb67e6eb24cf2d142e1c86e3863890d30d80ce5e3de8302,de8302,2,双,小
2026-08-09 00:08:38,85178118,000000000513b70615b650eb943aad71e6478269ec06829a202356089141de08,41de08,8,双,大
2026-08-09 00:08:49,85178122,000000000513b70ad275aa940c16ddc0f3ff05371abe47d8fe2bd1d98507af57,07af57,7,单,大
2026-08-09 00:09:00,85178126,000000000513b70e8f6052464070481917404eaa46031c197082c13346a8b019,a8b019,9,单,大
2026-08-09 00:09:10,85178130,000000000513b712ef4a32eb71347783298a0eedeea7184b87203cf7ff542756,542756,6,双,大
2026-08-09 00:09:21,85178133,000000000513b7156b48da68329a21a42390fe97afc4d02ef40d932f6bb274b6,b274b6,6,双,大
2026-08-09 00:09:31,85178137,000000000513b7197135b2302cd22ce22861e0d885c848ef531d0179159438f1,9438f1,1,单,小
2026-08-09 00:09:42,85178140,000000000513b71c576b3653adb1bcf0966b7fb0202e21d80e9980f2d3836de0,836de0,0,双,小
2026-08-09 00:09:53,85178143,000000000513b71fea612a29cb7f296756b7dd4614f3f64f13e787a71c5397d5,5397d5,5,单,大
2026-08-09 00:10:04,85178147,000000000513b723a54c17730cb20bc5716e9fa3b9d657ea492ee8656bc2b55b,c2b55b,5,单,大
2026-08-09 00:10:16,85178151,000000000513b7279f034d346a3b6701777b09befa2a5d4f2a350d7ed1543769,543769,9,单,大
2026-08-09 00:10:28,85178155,000000000513b72bd37cf7b8028ccd9e80d8aa45124730f44000eecb675058a9,5058a9,9,单,大
2026-08-09 00:10:40,85178159,000000000513b72f0ce7f68555b818c0a19f302fd2b01286b9ff0cc12881ccda,81ccda,1,单,小
2026-08-09 00:10:51,85178163,000000000513b73359abe3c63dcb7ea107dc47271aa97fd4c9fa6d9a39acde2e,acde2e,2,双,小
2026-08-09 00:11:03,85178167,000000000513b737ac225f86f9d4ef5a2372a04e5d5a62434a7876823794780c,94780c,0,双,小
2026-08-09 00:11:14,85178170,000000000513b73a2762e5e4402dd517ac8d586fe663319bdb34bd0e78c889f9,c889f9,9,单,大
2026-08-09 00:11:26,85178175,000000000513b73f036574fbb7db5c4bf612b9e0247f5542e54af992f53832e2,3832e2,2,双,小
2026-08-09 00:11:37,85178178,000000000513b742cd2684c03d5b424d39cf202f1aa5f097653bb71a6779f405,79f405,5,单,大
2026-08-09 00:11:49,85178182,000000000513b74653964ad3a7a1db5cd0e2f4e4f8e29908d86f31b6fe29998e,29998e,8,双,大
2026-08-09 00:12:00,85178186,000000000513b74aeaf119e85051f7362cafddf946ac03f3f3eb2745c476be0c,76be0c,0,双,小
2026-08-09 00:12:12,85178190,000000000513b74e46708739bf33754302b863ae447b0f00b66dbb625da9379c,a9379c,9,单,大
2026-08-09 00:12:23,85178194,000000000513b7522773ad26eb9ffe9c0a44f9901a74db809f423f3248ddd9e2,ddd9e2,2,双,小
2026-08-09 00:12:35,85178197,000000000513b755aba264e71e525344ab31d50532db98b8058f7479a3a032fb,a032fb,2,双,小
2026-08-09 00:12:46,85178201,000000000513b75923e95b748d9d8b979a955ee82e8ea66829ff8574d7e0294e,e0294e,4,双,小
2026-08-09 00:12:58,85178205,000000000513b75dfca5c2ed80e7892b1eb17606e9fe720fb7f3b6c10eda544e,da544e,4,双,小
2026-08-09 00:13:09,85178208,000000000513b76003ca57a2639c1c69ea83ee7d31c9754491d519b6dd78de0f,78de0f,0,双,小
2026-08-09 00:13:21,85178213,000000000513b76544fca0be3d31e04e5fc5a43ef17c4d1aa3a6362af38b54e3,8b54e3,3,单,小
2026-08-09 00:13:31,85178216,000000000513b768fbf5c1b7ade75b1d4dce121ce4b891c6766dbc228504d5d2,04d5d2,2,双,小
2026-08-09 00:13:42,85178220,000000000513b76cd27664073b3f312b74421922149b56ce2f9b36df33c268bf,c268bf,8,双,大
2026-08-09 00:13:53,85178223,000000000513b76fc9f7cbcc20ef889534b3943a8075a1a7503acfeecdb08266,b08266,6,双,大
2026-08-09 00:14:03,85178227,000000000513b7736e8c9d5ae65ce190dc8e7c1303259d14bffe5075ce6c2b82,6c2b82,2,双,小
2026-08-09 00:14:14,85178231,000000000513b7774e5624dda593d460e67c97ce325458010e0625a022fe4704,fe4704,4,双,小
2026-08-09 00:14:24,85178234,000000000513b77aca6f97cfbb3bd8cca6195ebd70a4169a16299899597ac1d6,7ac1d6,6,双,大
2026-08-09 00:14:34,85178238,000000000513b77e6cf1bfd1ac6803b18eba2ce892ee111821013b1aa5abfee4,abfee4,4,双,小
2026-08-09 00:14:45,85178241,000000000513b781168f57daa7c8fa23e312e657f98b7e11b10d6a5907ce9ee3,ce9ee3,3,单,小
2026-08-09 00:14:55,85178244,000000000513b784776b7c3e88cc0074fd6a32d7258bcd903241b4321f0585d0,0585d0,0,双,小
2026-08-09 00:15:06,85178248,000000000513b78866a9eb17899605909cd4ff6830390c6867bc4f10b40422c3,0422c3,3,单,小
2026-08-09 00:15:17,85178251,000000000513b78b835126e2033e1303536363d5f660c28e218be09db8dd742c,dd742c,2,双,小
2026-08-09 00:15:27,85178255,000000000513b78f3a54d8ed9d27dc205bcf03f9c09ebc112b7895ea3d17590c,17590c,0,双,小
2026-08-09 00:15:38,85178258,000000000513b792f26954b02c48eec47446fa9f62421426d75ecc43cdbc839f,bc839f,9,单,大
2026-08-09 00:15:49,85178263,000000000513b797c9835b57a1f920240d86aea75cbfcb2ebcceb0de510fa41d,0fa41d,1,单,小
2026-08-09 00:16:00,85178266,000000000513b79af6f3a6350cfbc0f77394c2c4497ccc1b92bd70f7937b3705,7b3705,5,单,大
2026-08-09 00:16:12,85178269,000000000513b79dcb3948a5bb65e8eacabfc0e27ff7226b1d07ffe4f43d4c10,3d4c10,0,双,小
2026-08-09 00:16:23,85178273,000000000513b7a1e8a2a581575fe6da73e0142920115772f30f988eee2d7d96,2d7d96,6,双,大
2026-08-09 00:16:34,85178278,000000000513b7a663bcf9da968566c75ae281aaa7d0acac4a442692c9ad4a5d,ad4a5d,5,单,大
2026-08-09 00:16:45,85178281,000000000513b7a9beae22a4dfee030f352b5394517a15c71d7cd9cb4fc0f31e,c0f31e,1,单,小
2026-08-09 00:16:56,85178284,000000000513b7ac67fab6fe1be2cf7fed0ff3d134135db9874c5302f6ba3eb1,ba3eb1,1,单,小
2026-08-09 00:17:07,85178289,000000000513b7b1171eecc0d9bc692b20da7bf2414f479de74ab238adbdbf9a,bdbf9a,9,单,大
2026-08-09 00:17:18,85178292,000000000513b7b4d536c34c4f61c579c58d1435006d8a0a41f634a7f9c2dc73,c2dc73,3,单,小
2026-08-09 00:17:29,85178295,000000000513b7b7186516158acf22b1910a1ce90e63623e351e06ff71f605ab,f605ab,5,单,大
2026-08-09 00:17:40,85178299,000000000513b7bb843777420412165ab479781f8baf75ac6128a27ebd55175a,55175a,5,单,大
2026-08-09 00:17:51,85178303,000000000513b7bf18e1b79e87fa26b57dbff971a2499aaa7bc3d9a4b2cbd4a7,cbd4a7,7,单,大
2026-08-09 00:18:02,85178307,000000000513b7c366e84f54f5ef89ca96de64fc282feeada71a88d4517138a7,7138a7,7,单,大
2026-08-09 00:18:14,85178311,000000000513b7c7d1f9a12d0c66fb766734d1ebb79bd572d33104f29776145f,76145f,5,单,大
2026-08-09 00:18:25,85178314,000000000513b7ca0876a78247fb8ce15da2af68da0817386427d0d50bc71c8c,c71c8c,8,双,大
2026-08-09 00:18:38,85178319,000000000513b7cf737855551bacbfdb0e03b97a280494740709413aafe71578,e71578,8,双,大
2026-08-09 00:18:50,85178323,000000000513b7d341b87debb6bfee597b257b2211822e97e5f60cb94c0f77ad,0f77ad,7,单,大
2026-08-09 00:19:02,85178326,000000000513b7d6ef100d4cc1b233b1aefb72d381e991a78676d407bafa8750,fa8750,0,双,小
2026-08-09 00:19:13,85178330,000000000513b7da0b894e6c74346bdc7d70184833a753121a3f8f56ac3643c4,3643c4,4,双,小
2026-08-09 00:19:23,85178333,000000000513b7dd22ddae68eda317655feb029fe702db29db28dcdf7362b3f5,62b3f5,5,单,大
2026-08-09 00:19:33,85178337,000000000513b7e184d3de05f0e76ab685e35fe34167cb92194efb30710e3778,0e3778,8,双,大
2026-08-09 00:19:44,85178341,000000000513b7e535166ac68fb0a6e66f165df5ca1c5e647e55a27178ee8b92,ee8b92,2,双,小
2026-08-09 00:19:55,85178345,000000000513b7e944112acefab2811632974e47f2e512c253d5f648e0640869,640869,9,单,大
2026-08-09 00:20:05,85178348,000000000513b7ec6ff0e26be05c9eb7478f75f53dd7eda95c77f7433c78b407,78b407,7,单,大
2026-08-09 00:20:15,85178351,000000000513b7efd19fa6adde2fa02367f01db753c5c37c7c6dde95088b7c42,8b7c42,2,双,小
2026-08-09 00:20:26,85178355,000000000513b7f3e9b697a1dc67931f79dfa089ab7bc1788ea76c24aea073b9,a073b9,9,单,大
2026-08-09 00:20:38,85178359,000000000513b7f72e7c9fb5628476ad6fa9d29aa0ccf5c537e23f2bb92a5de4,2a5de4,4,双,小
2026-08-09 00:20:49,85178362,000000000513b7fae3a8c17116ed5ee516d1681c0d288fd0ddac5e0c4f0f803e,0f803e,3,单,小
2026-08-09 00:21:00,85178366,000000000513b7fec6cd3af13cdad4579de79d7f9c00f3846172f15fa93cf56f,3cf56f,6,双,大
2026-08-09 00:21:12,85178370,000000000513b802cf1606a4c1c36b42d01e746662c8aa311af8f93965e64f13,e64f13,3,单,小
2026-08-09 00:21:23,85178373,000000000513b805c6a284c956d2d2383a1aaec5b7505b2333327939b5a06d51,a06d51,1,单,小
2026-08-09 00:21:33,85178377,000000000513b8092047f809b77cb8b8c0473d151804e9e57352cf082258b136,58b136,6,双,大
2026-08-09 00:21:44,85178381,000000000513b80d69e37e8b1aa616a3ed4bfb7cbaa67e833d11852fd4648f94,648f94,4,双,小
2026-08-09 00:21:55,85178384,000000000513b81045db17c87ab5deec2cae093ecc9c292e379c42adf8a629f1,a629f1,1,单,小
2026-08-09 00:22:05,85178387,000000000513b813b8dbe97cff8a1a805215c4b11256015a1f618f3e6c2fd699,2fd699,9,单,大
2026-08-09 00:22:16,85178391,000000000513b8176b57e6eff60c589597f12398ecfe6a5bc4686522dc26f37c,26f37c,7,单,大
2026-08-09 00:22:26,85178395,000000000513b81bf8922ecb0d3342949950ad49fe888c993200b29c26ba577b,ba577b,7,单,大
2026-08-09 00:22:37,85178398,000000000513b81e1e660137da4637ecfe21f1bfd63a6792b11206a90e791385,791385,5,单,大
2026-08-09 00:22:47,85178401,000000000513b8214e3800496d334bd5d67f1487b957fa1fcff3bbb177bf1820,bf1820,0,双,小
2026-08-09 00:22:58,85178405,000000000513b825c02832d643ace96c87ce31b6e7b94efc4a3cdbbced93e824,93e824,4,双,小
2026-08-09 00:23:08,85178409,000000000513b829578f3b768500af4a5545a33d4b0222d05dbfcbeffbd8bc9b,d8bc9b,9,单,大
2026-08-09 00:23:19,85178413,000000000513b82d669ab33b49f47540439c21cb4ce1e8f9e4106efb355be84e,5be84e,4,双,小
2026-08-09 00:23:30,85178416,000000000513b830f85d717dfd52fb201641cbea75934e412929345f3de998e2,e998e2,2,双,小
2026-08-09 00:23:42,85178420,000000000513b83418b9ac42d70488be7242d3abf80973a7a61ce2fc51540b66,540b66,6,双,大
2026-08-09 00:23:53,85178424,000000000513b838c48d7400b54c8765e0740ac473b91c9b1a0d486b244ccaf4,4ccaf4,4,双,小
2026-08-09 00:24:04,85178427,000000000513b83b2a9ab2764d2a33cce6772897499356f3ed5ecdf34ce136b4,e136b4,4,双,小
2026-08-09 00:24:14,85178431,000000000513b83ffd76809d3c08febc88019f088e0a5b76bd1d6bfbbc43ad9e,43ad9e,9,单,大
2026-08-09 00:24:24,85178434,000000000513b84200dd3c67d6493fd3e3881498423b69800bc7d7c5f027b21a,27b21a,1,单,小
2026-08-09 00:24:34,85178437,000000000513b845d32fb264328cd1f9e9076801ef462e007599645181a8f093,a8f093,3,单,小
2026-08-09 00:24:44,85178440,000000000513b848dc94d55eac51f47a216feedf909fee87ef457204392e94d1,2e94d1,1,单,小
2026-08-09 00:24:54,85178443,000000000513b84b6170cb5ad47910b2ae30711d503f3b5ffd2270e45387b628,87b628,8,双,大
2026-08-09 00:25:05,85178448,000000000513b850883ac75c5c8076a197940d77c4d2615bade064285fc2ee29,c2ee29,9,单,大
2026-08-09 00:25:15,85178451,000000000513b8534b7364c6cc7fd6c4a3ef2f132b9975e07eb040bd7497e54a,97e54a,4,双,小
2026-08-09 00:25:25,85178454,000000000513b856011fddbf25bffabe40d3dd97d3f4295207cbf809f8e8267b,e8267b,7,单,大
2026-08-09 00:25:35,85178457,000000000513b859819290511a433f3ef31459704c362f2a7a116d4518883eb6,883eb6,6,双,大
2026-08-09 00:25:45,85178461,000000000513b85dcad0777e41a14eb6fc364b4ded9457c22699a22fc0003443,003443,3,单,小
2026-08-09 00:25:55,85178464,000000000513b860bf908b685c9ca248deebb98cdff1bc12126b69fb29673a4d,673a4d,4,双,小
2026-08-09 00:26:06,85178468,000000000513b864f4e9b5c9cb64c45755eecf2e39d20c446afeb36a1c9448cd,9448cd,8,双,大
2026-08-09 00:26:18,85178472,000000000513b868d1f1f5d5542d64d9210e7ec475af621ce4a8238ed8e1e002,e1e002,2,双,小
2026-08-09 00:26:29,85178475,000000000513b86b44b3e7f4b233f936395418be952ff90b85aaf1609b6b3a6a,6b3a6a,6,双,大
2026-08-09 00:26:40,85178479,000000000513b86fc4931178778433eaeb69ac70a80a88d6d477c45a7e12f30c,12f30c,0,双,小
2026-08-09 00:26:50,85178483,000000000513b873e86222ef0b917e8c3793b0d4f3aaf18124201b89f1cf3bf6,cf3bf6,6,双,大
2026-08-09 00:27:01,85178486,000000000513b8765e25d0614702c90e2777a2a81f6e239f996255c9a6fb9f27,fb9f27,7,单,大
2026-08-09 00:27:11,85178489,000000000513b879a6aae64bd5b30ff0e020804f9ad46dc8d1e8bfcc9cc128bb,c128bb,8,双,大
2026-08-09 00:27:22,85178493,000000000513b87debd102685d30d85f83257cb2dbfd486bfee60bcee791cfb5,91cfb5,5,单,大
2026-08-09 00:27:32,85178497,000000000513b8817ba484aa0a35e48e860acc616d8b836924c3a70e3f7bd776,7bd776,6,双,大
2026-08-09 00:27:42,85178500,000000000513b884976107be21fc7834857f7f0203823d24c847f4c9cf0817af,0817af,7,单,大
2026-08-09 00:27:53,85178503,000000000513b8875d74c3e53d2c5b3bc56eb861424fdfed4773a45b21d49317,d49317,7,单,大
2026-08-09 00:28:03,85178507,000000000513b88b06701ed870223638f3c0c58c72e8faba15f378a7d2553006,553006,6,双,大
2026-08-09 00:28:14,85178510,000000000513b88e274346020576747baa7e6b220c30e4d0ad8ec1051e7a76e3,7a76e3,3,单,小
2026-08-09 00:28:24,85178514,000000000513b8926f55147f85afbac0eb6a9d5f9949923c3b6bdb1817497d04,497d04,4,双,小
2026-08-09 00:28:34,85178517,000000000513b895a17de1865f28aff88dadff6e3c73146216cd9cab2bd71d57,d71d57,7,单,大
2026-08-09 00:28:45,85178521,000000000513b899fba11eedd3d2937a56acb1e71f237cd3a62f63d06d50eb22,50eb22,2,双,小
2026-08-09 00:28:55,85178525,000000000513b89d7da57c0f20a678da7ab2392ab1e90d0cb721735843abd2e5,abd2e5,5,单,大
2026-08-09 00:29:05,85178528,000000000513b8a0965d674bbd6e4f064b480bf6ba6c007f99bb5e18938a72de,8a72de,2,双,小
2026-08-09 00:29:16,85178532,000000000513b8a47d7454fbb62f1c6a3dbab4ba4b6fb3f4e4cab161a51aa4d6,1aa4d6,6,双,大
2026-08-09 00:29:27,85178535,000000000513b8a77a49c6b835f4f8356738315fb69df4a8d8ea16c9055b50bb,5b50bb,0,双,小
2026-08-09 00:29:37,85178538,000000000513b8aa232203f0c38e37c11d08a9a3d5ea8b3c30d0c568f3b78192,b78192,2,双,小
2026-08-09 00:29:47,85178542,000000000513b8ae5abb1c76c636822bf77152b2e7687105c880772e94a65c03,a65c03,3,单,小
2026-08-09 00:29:57,85178545,000000000513b8b10051d32e468871e61c4e97e6aa49c9cc4c82111adf6ddacf,6ddacf,6,双,大
2026-08-09 00:30:08,85178549,000000000513b8b544b2a6186f81be55e786b25c2ecdf326427783af8253c9e9,53c9e9,9,单,大
2026-08-09 00:30:19,85178552,000000000513b8b82bee469c25c4149eecf24586a4415209d81ab6497d3b619a,3b619a,9,单,大
2026-08-09 00:30:30,85178556,000000000513b8bcdca87ea0de11165a167fbc3776c7d6c05ea68310a3428b4c,428b4c,4,双,小
2026-08-09 00:30:41,85178560,000000000513b8c0efe2867fd8342d278f005cf6037fbc74bda101a8ee56c0df,56c0df,0,双,小
2026-08-09 00:30:51,85178563,000000000513b8c349086c6ad92351d935aefa5c03c3bf832e5402e0b4669e40,669e40,0,双,小
2026-08-09 00:31:01,85178566,000000000513b8c635fbf92fc5b443a93541edb64b56d047563b2669d9b4488a,b4488a,8,双,大
2026-08-09 00:31:11,85178569,000000000513b8c968899fbd070fee70a929f752d69d5d6cc1d41018c33e3f8b,3e3f8b,8,双,大
2026-08-09 00:31:21,85178573,000000000513b8cdecdef9954537db23bcaf64fc33f46d6cdd7f342261db6b00,db6b00,0,双,小
2026-08-09 00:31:32,85178577,000000000513b8d1a9beff386192a2b3eb90c58ab5ce24f5529ded7bcc5ff2a8,5ff2a8,8,双,大
2026-08-09 00:31:43,85178580,000000000513b8d40e50b12becd0b5dfdcc185afed103c059f281db5cd23b04b,23b04b,4,双,小
2026-08-09 00:31:53,85178583,000000000513b8d7a823944ffe8f36b78271918cbc6c8eaa72a38943157e70d9,7e70d9,9,单,大
2026-08-09 00:32:03,85178587,000000000513b8dbd62cef4f3f0abb0645aa94d7f66c107118831d087ecbdd84,cbdd84,4,双,小
2026-08-09 00:32:15,85178591,000000000513b8dfcaf0e7b13981e7fb63e3a7306faf973327a438073053c70c,53c70c,0,双,小
2026-08-09 00:32:26,85178594,000000000513b8e2439b1d4819029d3cbb6943140ae2f39a204c1c3c3cc28e98,c28e98,8,双,大
2026-08-09 00:32:37,85178598,000000000513b8e6988925b89d5a145c28ba6fc3d31067c4afb7a77211f431f1,f431f1,1,单,小
2026-08-09 00:32:47,85178602,000000000513b8eabd78e4301e1e50c72d6c002d00634ef3cbb3e8db90987ef5,987ef5,5,单,大
2026-08-09 00:32:58,85178605,000000000513b8ed00008a00cb4c8513fbcb7c4dc6471c6ec808d43520ae8a8c,ae8a8c,8,双,大
2026-08-09 00:33:09,85178608,000000000513b8f0f66eadecfc20bc3ebcea12515f6c26ebdf40ffb03f376611,376611,1,单,小
2026-08-09 00:33:19,85178613,000000000513b8f502c67d39caee7bf50558ac538c70b454d2287d9ee206ff1f,06ff1f,1,单,小
2026-08-09 00:33:30,85178616,000000000513b8f8c5e6126106e77e9771dabfe8e3994b1ce49144892e26be3a,26be3a,3,单,小
2026-08-09 00:33:40,85178619,000000000513b8fb1317034b59353810584a8f68d921ca900760d30f2c3fe87a,3fe87a,7,单,大
2026-08-09 00:33:51,85178622,000000000513b8fefdaa65d9b27f3421e817090ba6ae34fe1b1ae93328a15faa,a15faa,5,单,大
2026-08-09 00:34:02,85178627,000000000513b90303fd71cacc7000c741837452d79f624f25beb1affa960d83,960d83,3,单,小
2026-08-09 00:34:13,85178630,000000000513b906a37fb204a78aff669a89a05a4486a4074a0594d4c229b90c,29b90c,0,双,小
2026-08-09 00:34:24,85178634,000000000513b90a2c3b8cdd1aa2bba850c3af6a9220c787f96a93341f45c77d,45c77d,7,单,大
2026-08-09 00:34:34,85178637,000000000513b90d264c705f5eb3abc9927dc74ad6fc9860e635ad181d71e4ce,71e4ce,4,双,小
2026-08-09 00:34:45,85178641,000000000513b911425198906007960f1afe0041f769a255fda6ec3d05f145bc,f145bc,5,单,大
2026-08-09 00:34:55,85178644,000000000513b914a49734c71a2e143fe3902dc1220965bbc8dc7e9460050908,050908,8,双,大
2026-08-09 00:35:05,85178648,000000000513b9181e521aad2c029cf755aafbfd438bcfc0ab724b0c6a344fe3,344fe3,3,单,小
2026-08-09 00:35:16,85178651,000000000513b91b1c17d6a3b69ae7fe940d44fb4763ac00c6c64d4bafa255c4,a255c4,4,双,小
2026-08-09 00:35:26,85178654,000000000513b91e4bb776cb7a0c5d573fb548fc2e74efea690790542d2a22f3,2a22f3,3,单,小
2026-08-09 00:35:37,85178658,000000000513b922be6677ebabfad79b60f091025cded8c97a948d53d8011839,011839,9,单,大
2026-08-09 00:35:47,85178662,000000000513b926f0f55131969e89f0681bd7c55bc7218d075ac64cc00a6be6,0a6be6,6,双,大
2026-08-09 00:35:58,85178665,000000000513b929a72ed6f28c503df9000a37335f7b36ac918ee0a8d5b5070d,b5070d,0,双,小
2026-08-09 00:36:09,85178669,000000000513b92d9901b62305a7ced26f212660854ee0bbbe1d10d8a8953956,953956,6,双,大
2026-08-09 00:36:19,85178673,000000000513b931f1b9995ef9ec6cdcdcddd4a94784d25b78dab069af63f4c4,63f4c4,4,双,小
2026-08-09 00:36:30,85178676,000000000513b93495ef2d5e9295dd10aade48157b4ff85bacc315eea1a0c794,a0c794,4,双,小
2026-08-09 00:36:41,85178679,000000000513b9374f612cc89bdf4f1e3acdc7302527fd6835ca070492699be1,699be1,1,单,小
2026-08-09 00:36:52,85178683,000000000513b93b8977a73f47770f37817f789f56c9fbef8f6230ac39119482,119482,2,双,小
2026-08-09 00:37:03,85178687,000000000513b93fd5be825611cf9c801d94b350c88674f9bcc0f13fa6bff7d9,bff7d9,9,单,大
2026-08-09 00:37:14,85178690,000000000513b942129896e4f18410041a1dec8b0f58ef47f1331175ff282a14,282a14,4,双,小
2026-08-09 00:37:24,85178694,000000000513b946345d6f0c8192926b8479b7e5ae693470c8303be530630311,630311,1,单,小
2026-08-09 00:37:34,85178697,000000000513b949841c447b3fe7b11bec5fa61ef1498426f88bed8c8aadd08b,add08b,8,双,大
2026-08-09 00:37:44,85178701,000000000513b94d139c4404f83971d90873b77c014a73d3782a82dd83f8e42a,f8e42a,2,双,小
2026-08-09 00:37:54,85178704,000000000513b950fc316ce2a4e5c37807042a4ff33a868a0d51d952fa92ce28,92ce28,8,双,大
2026-08-09 00:38:05,85178708,000000000513b95447d94c4a32ac12660c4c2853458e5a8b5c1841dcacfaa115,faa115,5,单,大
2026-08-09 00:38:15,85178711,000000000513b957ab7a16d2e4f6f8433cfa80d0816c9b1bf138f2ae87fadde9,fadde9,9,单,大
2026-08-09 00:38:25,85178714,000000000513b95a32544099c266e77937b2636e688de91dd3c7b4e1a1ab1189,ab1189,9,单,大
2026-08-09 00:38:35,85178718,000000000513b95e87c851b4ae5171b89a4c4de0f70cced7c0b2023f7736a316,36a316,6,双,大
2026-08-09 00:38:45,85178721,000000000513b9613b62940563ccf02d429bffd398ec837e2980243e6dc3f56b,c3f56b,6,双,大
2026-08-09 00:38:56,85178725,000000000513b965b78feda8f65a4912b7735ed18943a1a2a032578fc6d2c0c7,d2c0c7,7,单,大
2026-08-09 00:39:06,85178728,000000000513b9682539a84efab2683fc51aa3aa570e8d4b852544459ae7cb95,e7cb95,5,单,大
2026-08-09 00:39:16,85178731,000000000513b96b010ce25c37eb5dbf33620355ec04bdf2690f9e8508d42bbb,d42bbb,2,双,小
2026-08-09 00:39:28,85178735,000000000513b96f675ca0ea47f6047286a5c68d80941fa096939850042c0e01,2c0e01,1,单,小
2026-08-09 00:39:38,85178738,000000000513b97261087104504f08fe64cd541940a887d63351c093018b083a,8b083a,3,单,小
2026-08-09 00:39:48,85178742,000000000513b97618ec0b5c76191cc7c5809cebd2dadd19f9860e8a45e73e64,e73e64,4,双,小
2026-08-09 00:39:58,85178746,000000000513b97a1ad609ccdbb138f7efe6f20cd6f60d65c420214dcc83f42d,83f42d,2,双,小
2026-08-09 00:40:08,85178749,000000000513b97d25db18626812e3714e6210a291464c80610ffe4259833d40,833d40,0,双,小
2026-08-09 00:40:19,85178752,000000000513b980d597803bbd1f25489657b075f9439dcc27800c9b4fe41b71,e41b71,1,单,小
2026-08-09 00:40:29,85178755,000000000513b983ec6a52b13392ad8a4398bb3da85ce3019b029a805d48d380,48d380,0,双,小
2026-08-09 00:40:39,85178759,000000000513b9879ab945679d8de116c4d14482e768adf7cd0a972d59cccf02,cccf02,2,双,小
2026-08-09 00:40:49,85178762,000000000513b98adbc0e57937c8e6ee331d7b15a9648b4795ccd1fca66da482,6da482,2,双,小
2026-08-09 00:40:59,85178766,000000000513b98ea9b04b393b566c11376e3213614ad792d5ff1cae1b89ebf6,89ebf6,6,双,大
2026-08-09 00:41:10,85178769,000000000513b9910a458075cf0b80f43ed1245db3c3fc5f40016514ac112fec,112fec,2,双,小
2026-08-09 00:41:21,85178773,000000000513b995b5c64187f4a9db34ff2fb9dd3202ae265adecc9cab8e4ab6,8e4ab6,6,双,大
2026-08-09 00:41:32,85178776,000000000513b998de420f21cd983004b16ac3a6e0a25fe089350de35c716bc1,716bc1,1,单,小
2026-08-09 00:41:43,85178780,000000000513b99cc2dfa7a41eadc5043fef90a74986975e129bfee6fb3b172a,3b172a,2,双,小
2026-08-09 00:41:53,85178783,000000000513b99ff438a978a0f22f710f5ddad1f8c2480d404bc41c40dbf23c,dbf23c,3,单,小
2026-08-09 00:42:03,85178787,000000000513b9a358e708d23f7ae5660e08ce455fa41d751cf69b6fddc6435c,c6435c,5,单,大
2026-08-09 00:42:14,85178791,000000000513b9a7111d25e2f342155d55f77e6b34eb5e665ddbf382596c31be,6c31be,1,单,小
2026-08-09 00:42:26,85178794,000000000513b9aaf51ca0ed21991a9fd1810a85d9c8c0429fcf65cae93fe0d4,3fe0d4,4,双,小
2026-08-09 00:42:38,85178798,000000000513b9aecf3cce1304dae23a0062848b9f7d420bf982d98780e6a127,e6a127,7,单,大
2026-08-09 00:42:49,85178802,000000000513b9b2bf20ab4e00f8803b002d8b2f071c00b06610466a5c102ab3,102ab3,3,单,小
2026-08-09 00:43:01,85178806,000000000513b9b62fdc4f3442137da9388605ddeb8dbe59dac81bbcbb5567dc,5567dc,7,单,大
2026-08-09 00:43:12,85178810,000000000513b9bad08be748a33771af1b3ec7ee797a0c69a9cc5fd27974e1c1,74e1c1,1,单,小
2026-08-09 00:43:23,85178814,000000000513b9be8d111abb4091bf6cda26c91abcaf8b8cc3af1afd2abacdda,bacdda,2,双,小
2026-08-09 00:43:34,85178817,000000000513b9c1055ef84fdedf4b7bda288ced719f7c6731fb973a0c60a1d3,60a1d3,3,单,小
2026-08-09 00:43:45,85178820,000000000513b9c4c1bc84f1cf543bc228099c717f035462ec2266decafd732b,fd732b,2,双,小
2026-08-09 00:43:57,85178825,000000000513b9c92a8cb0b8a39ad32de7093dc8730e1f792cf8de818b37b960,37b960,0,双,小
2026-08-09 00:44:09,85178829,000000000513b9cd75078d0cd2aa771a9c43826884181c2e732b141eaf7d5c71,7d5c71,1,单,小
2026-08-09 00:44:20,85178832,000000000513b9d0f348dfa7e188720ecdeaedf89652f8c88cc3544d0c484ee1,484ee1,1,单,小
2026-08-09 00:44:30,85178836,000000000513b9d4483e9b6c3308860d96763ed6032651c230953089a2a4b512,a4b512,2,双,小
2026-08-09 00:44:41,85178839,000000000513b9d7ac77a1cb15b3bf114b11621b5528f4fb6753a0005fa90a82,a90a82,2,双,小
2026-08-09 00:44:51,85178843,000000000513b9db5b06bf946f05b220fef2f6230a5dcbec34be2e41f7753f82,753f82,2,双,小
2026-08-09 00:45:01,85178846,000000000513b9de322b481e47bd45c97cf0343524aacec8b772989447d3100d,d3100d,0,双,小
2026-08-09 00:45:11,85178850,000000000513b9e2f61c844054d83cae87abd3e9b5364e832fe1cfd6b38844aa,8844aa,4,双,小
2026-08-09 00:45:22,85178853,000000000513b9e54af6e7c715338b1d8e67ff8f19d3eb9837da88ed42aa45dd,aa45dd,5,单,大
2026-08-09 00:45:32,85178857,000000000513b9e976a2a06cbe615188313221e40eedda2279c065975ffd2d25,fd2d25,5,单,大
2026-08-09 00:45:42,85178860,000000000513b9ec5c0040c4bfe1c4cbe6b46da611a956143fcd86f58ab900d8,b900d8,8,双,大
2026-08-09 00:45:53,85178863,000000000513b9ef81a5433d55e69df96860b352839d38ef5ed05bd60981d9d9,81d9d9,9,单,大
2026-08-09 00:46:04,85178868,000000000513b9f40f7050d739e005179ba7b1bc57aa845d5a6d6cc8356b91b1,6b91b1,1,单,小
2026-08-09 00:46:15,85178871,000000000513b9f77553f840f24eaef34afdd536a0a757e225114a0264a09269,a09269,9,单,大
2026-08-09 00:46:25,85178874,000000000513b9fad1634ed151ef42495334d0715de1bc5e2a5d92a2228d16d9,8d16d9,9,单,大
2026-08-09 00:46:35,85178877,000000000513b9fd404cb81b03c13768e98a11567af44199a4d2dd609cce0fc5,ce0fc5,5,单,大
2026-08-09 00:46:45,85178881,000000000513ba01a344e664e1c36d04c2f0d2c9f20f744a22ff9c380dbd87d6,bd87d6,6,双,大
2026-08-09 00:46:55,85178884,000000000513ba0449335ec40911b42187246c7070c9f110982dbf8d68d61d87,d61d87,7,单,大
2026-08-09 00:47:05,85178887,000000000513ba07dafb18f5db25fd0c283fcbe56481285217101893dfa2c385,a2c385,5,单,大
2026-08-09 00:47:15,85178891,000000000513ba0bda1863b7c7f4833daadb5276b1a86b602d1f4a56753c84d5,3c84d5,5,单,大
2026-08-09 00:47:25,85178894,000000000513ba0e06282656b55476870d516b0ef3f90a175d01d8248f0cfa35,0cfa35,5,单,大
2026-08-09 00:47:34,85178897,000000000513ba111140943a4c2bc214eb4cec5abe56933957c4ef7e433d7e7a,3d7e7a,7,单,大
2026-08-09 00:47:44,85178901,000000000513ba15c2ffbfc422161569b2c3b4b47b40340a927a3aacac17da8c,17da8c,8,双,大
2026-08-09 00:47:54,85178904,000000000513ba1843dd9b153b45c971fcf3121050ca8b7e5b25745efbce9921,ce9921,1,单,小
2026-08-09 00:48:04,85178907,000000000513ba1baa0a3a7e58c05d817e2623f72d30b4182118f94892698717,698717,7,单,大
2026-08-09 00:48:15,85178911,000000000513ba1f4e215d00eeda7d6ed4c84e7930b0ae4ff48098a818a136c3,a136c3,3,单,小
2026-08-09 00:48:25,85178914,000000000513ba2201608eddb6a16c0a59e3de49426b3b26e6301eedbd9cc4aa,9cc4aa,4,双,小
2026-08-09 00:48:35,85178918,000000000513ba26b56ea5f4d101bbcdca537cd1a5800a432c5d699f9e527f9b,527f9b,9,单,大
2026-08-09 00:48:45,85178921,000000000513ba29929b77fda569ac0e3712d4fa8fac20549d9e22fca343bff4,43bff4,4,双,小
2026-08-09 00:48:55,85178925,000000000513ba2dcd075b72c16051275a15b25138e7b87be0d5c2ae9a4bc464,4bc464,4,双,小
2026-08-09 00:49:06,85178928,000000000513ba3073371f990ed07c0e31f910c5c97b601e4ce1d64c2cd55a11,d55a11,1,单,小
2026-08-09 00:49:17,85178932,000000000513ba34e312a3a557a915f243f98decb76b8d592e3b35855db30593,b30593,3,单,小
2026-08-09 00:49:27,85178935,000000000513ba37e8b148afaf5d6a0bf22bf664dac06e334e37ed8bb56f77cc,6f77cc,7,单,大
2026-08-09 00:49:37,85178939,000000000513ba3b1227a2adc15eea2abffcf8088be8488921e7d9f8790ffedf,0ffedf,0,双,小
2026-08-09 00:49:47,85178942,000000000513ba3e810248a2fb88f6d2d81d8251165e179064e5dfc328f2a3e3,f2a3e3,3,单,小
2026-08-09 00:49:57,85178945,000000000513ba41c0b3ed41d86563abd8013a0b78194f9a36a8580819e6cca3,e6cca3,3,单,小
2026-08-09 00:50:08,85178948,000000000513ba44fcae5e54a44895ff4881a608e125893a6beecd50a1b0c10d,b0c10d,0,双,小
2026-08-09 00:50:19,85178952,000000000513ba48133d8a5025088740cd6080aafe21f8047fe192820fa2dccf,a2dccf,2,双,小
2026-08-09 00:50:29,85178955,000000000513ba4badb2c55fb366db82d94a2812eceeba955e0b4cda1af5d34d,f5d34d,4,双,小
2026-08-09 00:50:38,85178959,000000000513ba4fbf1c8755d23677b4e63d61af75dc7ef0f1b68812b2eb2ccc,eb2ccc,2,双,小
2026-08-09 00:50:48,85178962,000000000513ba52e8de1cb32b6676a146988a6cc629c7315ec62dcc1dafecba,afecba,1,单,小
2026-08-09 00:50:59,85178966,000000000513ba56620c89dd6a7326324be53b293a31f3ad6410547929138cd0,138cd0,0,双,小
2026-08-09 00:51:09,85178969,000000000513ba598cf1dfc132d6313ef4223032a6f472af1b01e50dc34ede2e,4ede2e,2,双,小
2026-08-09 00:51:19,85178973,000000000513ba5ddd3046ca676e553590fa8e61d1265a4ceb385770a6641c9e,641c9e,9,单,大
2026-08-09 00:51:30,85178975,000000000513ba5fa781511e7dd8297878613863e6cad7896ffb2fdd13f1c3bc,f1c3bc,3,单,小
2026-08-09 00:51:40,85178980,000000000513ba64ed436d6aceb4bc7380321dc3c36bf0fa6f68531f4194c830,94c830,0,双,小
2026-08-09 00:51:50,85178982,000000000513ba6645a7ac30f17ada5961f52775d6b73a13480576b163aa3832,aa3832,2,双,小
2026-08-09 00:52:01,85178986,000000000513ba6aea595d0597b7fa03104c0edfa57fde9d628de7b6b7bc8c6f,bc8c6f,6,双,大
2026-08-09 00:52:11,85178989,000000000513ba6d8aca173997a7f61a4ca92040d67914796981308c4c8f1a29,8f1a29,9,单,大
2026-08-09 00:52:21,85178993,000000000513ba716b38ba9af2f43c4c55ff7dbf81244e614642b3db1c47f702,47f702,2,双,小
2026-08-09 00:52:31,85178996,000000000513ba740f8379954520bd49ccc39908a98a7292771c195ae6c18169,c18169,9,单,大
2026-08-09 00:52:42,85179000,000000000513ba78f48ca3786a665356c7735c34acb9b1fd3c618cee5ae51b4d,e51b4d,4,双,小
2026-08-09 00:52:52,85179003,000000000513ba7beb716ac56aaf14c5bcf00c3085e24f5c0f26d3b8169550cc,9550cc,0,双,小
2026-08-09 00:53:02,85179007,000000000513ba7f837bc27e9faef74b93399e25d04829e31ac817fd6aa8f315,a8f315,5,单,大
2026-08-09 00:53:14,85179010,000000000513ba8218dcb745a01be59158d0688caea2c51d2daa398e9e98e52d,98e52d,2,双,小
2026-08-09 00:53:25,85179014,000000000513ba867647b45fae5e3b851ec4413602e2dc3db791106d0664a902,64a902,2,双,小
2026-08-09 00:53:35,85179018,000000000513ba8a2ecfb4d8d30caa51224db9aa0e3e4d28fb6fe8e64eddcb53,ddcb53,3,单,小
2026-08-09 00:53:45,85179021,000000000513ba8d52027c24352538fea10a5d175f9eff051cab0a53c8dd58cb,dd58cb,8,双,大
2026-08-09 00:53:55,85179024,000000000513ba909c43aa15c5c035a782d3f620e0a17e509530f4c11b7394a2,7394a2,2,双,小
2026-08-09 00:54:05,85179028,000000000513ba9438ad3d31c6dc9c167851641236a0bd5e0ab66c0c39e3b5f3,e3b5f3,3,单,小
2026-08-09 00:54:16,85179031,000000000513ba978ea2c6e1e7b082031dd76b9598a1c59e6603c4c1fc3121b2,3121b2,2,双,小
2026-08-09 00:54:26,85179034,000000000513ba9a4a5dca4929d745d9e9e021c7b5f3a832bee861868359c903,59c903,3,单,小
2026-08-09 00:54:36,85179038,000000000513ba9e284ad637fe81b928c4a643e7e5d9d4963b78a3cd2d9262d9,9262d9,9,单,大
2026-08-09 00:54:46,85179041,000000000513baa1e91087a0ec863d7e4bd1c9bc3cc6be2cd21c0f2be4760d73,760d73,3,单,小
2026-08-09 00:54:56,85179045,000000000513baa515b8c44450b44395ac0be0fcb8f969a50235a2c785ec7b5a,ec7b5a,5,单,大
2026-08-09 00:55:06,85179048,000000000513baa814f76274b667f55bd736e3ef0ec00e78018cf902efd7d46c,d7d46c,6,双,大
2026-08-09 00:55:17,85179052,000000000513baac4600e9b6ff9504bd72f494c1d6e86c11c05376e04bf213ce,f213ce,3,单,小
2026-08-09 00:55:28,85179055,000000000513baaf432f17b2d2b96f89e5b37f0e7ca4cd4f0cb6bade0f6fa3cf,6fa3cf,3,单,小
2026-08-09 00:55:38,85179059,000000000513bab3886f6d215a513c47f225ffda0aa1dbeda73a52864234481e,34481e,1,单,小
2026-08-09 00:55:48,85179062,000000000513bab6474dd61f26fb365b2f45cfc734fb200bccff025b13c6ac15,c6ac15,5,单,大
2026-08-09 00:55:58,85179065,000000000513bab950a99eaf7bb5e2588477787588bd6872fb7a2e7051686a85,686a85,5,单,大
2026-08-09 00:56:08,85179069,000000000513babd66fb55c7136da4489efa4d86a2c8961317110037ca17f04f,17f04f,4,双,小
2026-08-09 00:56:18,85179072,000000000513bac0752ba356aa213eca6c45d492d0af2824049c9d07fcb6ce7c,b6ce7c,7,单,大
2026-08-09 00:56:28,85179076,000000000513bac42dd7cd44bcdcff126b0c0096b075182f295abe44a259b3cf,59b3cf,3,单,小
2026-08-09 00:56:39,85179079,000000000513bac7697d4b849f019bd68c0fb36472d8eb3ba3085224df99accf,99accf,9,单,大
2026-08-09 00:56:49,85179082,000000000513bacaba199ddc7c21657565738f95db0a83f8f1b731c396aad923,aad923,3,单,小
2026-08-09 00:56:59,85179086,000000000513bace1d5e68c8146ce1c6061c9212288928afa9b63c278ca89e07,a89e07,7,单,大
2026-08-09 00:57:09,85179089,000000000513bad13dee0fabcf4c837f9041c33e317d792222dc9b006221fce7,21fce7,7,单,大
2026-08-09 00:57:19,85179092,000000000513bad403fab616a02591aee691ca67e1bd559a13a26760fa18881f,18881f,1,单,小
2026-08-09 00:57:29,85179096,000000000513bad8034c93a4c8341b257ca071543066e44e00573dcbeab7c09c,b7c09c,9,单,大
2026-08-09 00:57:39,85179099,000000000513badb14048486075ab42c1e4e46cb08e54e00fdfb1ccc65974c88,974c88,8,双,大
2026-08-09 00:57:49,85179102,000000000513bade7bad8c6d178875a14b57e3f520c7360e1dfefefc6280cd79,80cd79,9,单,大
2026-08-09 00:57:59,85179105,000000000513bae1bbfd3a18c0debac03b93551db2700f61f1cd06735c225cd4,225cd4,4,双,小
2026-08-09 00:58:09,85179109,000000000513bae5c52804fd48d13344cfd86164f4e700c1b5829a68e50f0804,0f0804,4,双,小
2026-08-09 00:58:19,85179112,000000000513bae83695a7ea5feceeddc809d8bf43d4b5e7cd47a5b14011a153,11a153,3,单,小
2026-08-09 00:58:28,85179116,000000000513baecb145f43309b40163028dc4f5e3e60cb26e9d841554baa709,baa709,9,单,大
2026-08-09 00:58:38,85179119,000000000513baefbe6d3f5e9f2f2e211f1913a6ab4bbe26fcba4cbeb61f8829,1f8829,9,单,大
2026-08-09 00:58:48,85179122,000000000513baf201f1eeae5bb7166ce05e5a9fef28d29b1f8a44a3f2ac412b,ac412b,2,双,小
2026-08-09 00:58:59,85179126,000000000513baf6564d2bfdd172ceeb8b6f0257c065768a9a0cf667eaed5e38,ed5e38,8,双,大
2026-08-09 00:59:09,85179129,000000000513baf95ee01fa210393ed560dfb42e4f973366f7017c17bb2b6fee,2b6fee,6,双,大
2026-08-09 00:59:20,85179132,000000000513bafcfbe7c94c7c234aca63bddebbf2cafe86e9e595a7ed1c8280,1c8280,0,双,小
2026-08-09 00:59:31,85179136,000000000513bb009a19787e237930377bf20ec764aa2f1efb0aa61acd8da604,8da604,4,双,小
2026-08-09 00:59:41,85179139,000000000513bb0346ed75a876d66e43e292b0eac431a8b6024682d8f602b2e8,02b2e8,8,双,大
2026-08-09 00:59:50,85179143,000000000513bb076b63568df88ee35ec9369a7bbda58a888f628336672d0298,2d0298,8,双,大
2026-08-09 01:00:01,85179146,000000000513bb0a1156de64b0f6493584fee4c473919600ce3d4ceec945af30,45af30,0,双,小
2026-08-09 01:00:11,85179149,000000000513bb0db76a1d7ca8c822607418e4139c5d27f4e6501c0109e36750,e36750,0,双,小
2026-08-09 01:00:21,85179153,000000000513bb112adea7856a74b8e06fb0a54124dbc8bc16c129d391c5d0bd,c5d0bd,0,双,小
2026-08-09 01:00:32,85179156,000000000513bb14cefc8a7ca785a6d81cb246dee92844b49e1c566aa9fb8617,fb8617,7,单,大
2026-08-09 01:00:42,85179160,000000000513bb181834a751ce8c1fb84a5e8875d4a1f3f856b34d5550b7726e,b7726e,6,双,大
2026-08-09 01:00:52,85179163,000000000513bb1bac814feaea50c4d4c954b44eae377f329dd4e8986243de42,43de42,2,双,小
2026-08-09 01:01:02,85179167,000000000513bb1f98a17c23a05edc97f13349989cdb359059214b8bf8205828,205828,8,双,大
2026-08-09 01:01:12,85179170,000000000513bb2288c13ead6678be24a6894ee9a4c1b67af64a1ce7400ef4eb,0ef4eb,4,双,小
2026-08-09 01:01:22,85179173,000000000513bb25e4a881c4046df190bed1939b5a087b752d10374e66fcb62d,fcb62d,2,双,小
2026-08-09 01:01:33,85179177,000000000513bb298d5540c7c8b5583d8745fff5ec528bdb36445f17a966d586,66d586,6,双,大
2026-08-09 01:01:43,85179180,000000000513bb2ca8ed99a6c739787eb60412fdf4010139685898bfe483ebbb,83ebbb,3,单,小
2026-08-09 01:01:53,85179184,000000000513bb309c0da98592b57862ed2e401eebbe6dee65f8e8523766f015,66f015,5,单,大
2026-08-09 01:02:04,85179187,000000000513bb33ff5cb554d10d6c5705d65aabd19dc60e0c65be9235360066,360066,6,双,大
2026-08-09 01:02:15,85179191,000000000513bb3767412fc5f936e2bd00bf43f049f1ed514d4b4650c4f3fc49,f3fc49,9,单,大
2026-08-09 01:02:25,85179195,000000000513bb3b036ebd79195beaaeac1ea860d5528c55ed3a484333bf6d68,bf6d68,8,双,大
2026-08-09 01:02:35,85179198,000000000513bb3e0c22d483071b36601b04e8a67f3572ab7a061e757685dc27,85dc27,7,单,大
2026-08-09 01:02:45,85179201,000000000513bb418e61a518cd9e4b5dd7019eb6fb0908157efc129733fb8b7f,fb8b7f,7,单,大
2026-08-09 01:02:55,85179204,000000000513bb4429472420a40bb36572ac0110d2af6381c0c76624070c70b8,0c70b8,8,双,大
2026-08-09 01:03:06,85179208,000000000513bb4840606954c257a1298311fcd7a9a28338abfcffe08d0108a0,0108a0,0,双,小
2026-08-09 01:03:17,85179211,000000000513bb4b2e031d5c3f1f0250fa17d888c11108b4ead59213d5b13383,b13383,3,单,小
2026-08-09 01:03:27,85179216,000000000513bb50fdf93130bf279d75e1617a75816d08950a3e1e27ae43f2c9,43f2c9,9,单,大
2026-08-09 01:03:38,85179219,000000000513bb53b32c57799f973fa5573207e209a0fd265460886694f45d64,f45d64,4,双,小
2026-08-09 01:03:48,85179222,000000000513bb56772e367a370fa4553476ec00bff465234e721a930f3f5c05,3f5c05,5,单,大
2026-08-09 01:03:59,85179226,000000000513bb5a1af2287fe1cfdae488f46951a60f99c08b8123e04aaa7a3d,aa7a3d,3,单,小
2026-08-09 01:04:09,85179229,000000000513bb5dfe0814815f81bde831af8ac5c4f9b8c8be336dece7e7249c,e7249c,9,单,大
2026-08-09 01:04:19,85179232,000000000513bb60ea26ea2df7e6465d109f6bbcc1b6c554ab3d13be2e80c76e,80c76e,6,双,大
2026-08-09 01:04:29,85179236,000000000513bb64bb3a88f4fe7e4bc5146a7039754a4c086c4bb1132d31c69a,31c69a,9,单,大
2026-08-09 01:04:39,85179239,000000000513bb675cfb9ea662b4dfd46727db665630924746046dbd5f116818,116818,8,双,大
2026-08-09 01:04:49,85179242,000000000513bb6add61ff1e46febbd06f0591eaeeb5078e9972e2857dc84284,c84284,4,双,小
2026-08-09 01:05:00,85179246,000000000513bb6e024d0d77440eb74480433c654c863dcffed495960f0ccf22,0ccf22,2,双,小
2026-08-09 01:05:10,85179249,000000000513bb71b899e16732cb54a12655324efb3abc46d9b6d7f27107cfbe,07cfbe,7,单,大
2026-08-09 01:05:20,85179253,000000000513bb75200245d60c24bfd621bacb4164d69553d2420dc7092a1d82,2a1d82,2,双,小
2026-08-09 01:05:30,85179256,000000000513bb78ea861e24c2be6cac59f678fea0d5dd0a50e6e3f33017a69b,17a69b,9,单,大
2026-08-09 01:05:41,85179259,000000000513bb7b91903f78cd4b17a6af9dbbeaa289fe19e2ef3279c7f51e5e,f51e5e,5,单,大
2026-08-09 01:05:51,85179263,000000000513bb7f11fca81986fca01f06554ca9884c93be14fb92501d8c9ab8,8c9ab8,8,双,大
2026-08-09 01:06:00,85179266,000000000513bb8279fe470933f8c7ccdcde8440b54fba1e87a6c43208a8f610,a8f610,0,双,小
2026-08-09 01:06:10,85179269,000000000513bb8587dd0d7d01d681d1b42d175b9a063ecd25ebd157cc3afacb,3afacb,3,单,小
2026-08-09 01:06:21,85179273,000000000513bb8984060663392b9fdcdeede37e67dbe2f3eaca34318c5ab7e0,5ab7e0,0,双,小
2026-08-09 01:06:32,85179276,000000000513bb8c32cef63c1cf17388bebcc2bed3569b6abdb587d15c7f03b6,7f03b6,6,双,大
2026-08-09 01:06:42,85179280,000000000513bb900e3ace92c9d6ea964f1039cebc297d65793e5f1c8b8636bf,8636bf,6,双,大
2026-08-09 01:06:52,85179283,000000000513bb93305a8d25e677641bd34bdae052b0880dd1c795a65fdf7e1c,df7e1c,1,单,小
2026-08-09 01:07:02,85179286,000000000513bb96461a85ced62d69463ba4f8ffea6782a148ad973cc1a48242,a48242,2,双,小
2026-08-09 01:07:12,85179291,000000000513bb9b77673024a9d6804e10cef75fc4873c37a0a001c30099741b,99741b,1,单,小
2026-08-09 01:07:22,85179294,000000000513bb9e72e01245e7e16a38c8c6ad3fb9245c2192f0f9a9b3d7b831,d7b831,1,单,小
2026-08-09 01:07:32,85179297,000000000513bba108b5cdff8e1adf83339aaf021faf37e3553a3211a4e88251,e88251,1,单,小
2026-08-09 01:07:43,85179301,000000000513bba57d5b7968631506a20c418da16e3fbd3f00151624a501a07b,01a07b,7,单,大
2026-08-09 01:07:53,85179304,000000000513bba82bb6b68db66a92c0f1e820d78684574dca6d2b200c9d6a9e,9d6a9e,9,单,大
2026-08-09 01:08:03,85179307,000000000513bbab25d9ca3541a1b94e068f5c419263c49e992484eac9b064f8,b064f8,8,双,大
2026-08-09 01:08:14,85179310,000000000513bbae823a2d074c9671dff5de974c54d48b7ef7f48341f59c0699,9c0699,9,单,大
2026-08-09 01:08:23,85179314,000000000513bbb2d386bd804aa63de5786d9dd2bc32beb6643abbe837219c0b,219c0b,0,双,小
2026-08-09 01:08:34,85179317,000000000513bbb597cc0838481a1c1039650f32891edbdcff47e0a7949fc53b,9fc53b,3,单,小
2026-08-09 01:08:43,85179321,000000000513bbb9f2e6e34757cce36aeb864c3bb2256ba8cf9494bd11423626,423626,6,双,大
2026-08-09 01:08:53,85179324,000000000513bbbc7b81e9d79b203c2416f57d1a2c8e7777d8cc7b6b5be744c2,e744c2,2,双,小
2026-08-09 01:09:04,85179327,000000000513bbbf87dd5d4e7cd032abfba633b095b6f7b9296bd642368c669c,8c669c,9,单,大
2026-08-09 01:09:14,85179330,000000000513bbc2fc4840781118e8aa5233c5ff70ea2c65429b8ed774396f4e,396f4e,4,双,小
2026-08-09 01:09:24,85179334,000000000513bbc6c36c9a54df230d70101ef1f42722f218ea8542655f8bcf3f,8bcf3f,3,单,小
2026-08-09 01:09:34,85179337,000000000513bbc9626ccf9c00df3784cce60319246f29b58c6123de561f5c0a,1f5c0a,0,双,小
2026-08-09 01:09:44,85179341,000000000513bbcdb2cd1430d23575643f4e4179f1135c7b488923aa4ca2ad98,a2ad98,8,双,大
2026-08-09 01:09:54,85179344,000000000513bbd0db0756cf5f80cf36ba65c969d41f12cf818556f84148aeb1,48aeb1,1,单,小
2026-08-09 01:10:04,85179347,000000000513bbd3832b927dd5356b3deab10cc029dbc586d03b79db257d1206,7d1206,6,双,大
2026-08-09 01:10:14,85179351,000000000513bbd76c9b7f49e00127d35f49f299e26faca9462408539ab26242,b26242,2,双,小
2026-08-09 01:10:24,85179353,000000000513bbd98e67bc269bfbbdeece3ffde9876b5c2b608a27981f28cf8d,28cf8d,8,双,大
2026-08-09 01:10:34,85179358,000000000513bbdee7cc8be1522eaa1a2dd10b1ccbdc1ba32935d687b7eaeec0,eaeec0,0,双,小
2026-08-09 01:10:44,85179361,000000000513bbe13a480c5a7aa671ac8181cec2e111298f38c80d1a1596391d,96391d,1,单,小
2026-08-09 01:10:54,85179363,000000000513bbe377ae4e4c332f068a712e294b5e92183659f9bbc8fb194571,194571,1,单,小
2026-08-09 01:11:04,85179367,000000000513bbe72284b8a1dfd31c261b6b214de6cbbbbe3a16798b1a72425c,72425c,5,单,大
2026-08-09 01:11:14,85179371,000000000513bbeb344d95acddfac502cdf67c4cfa8d897c2ff320aac351eed3,51eed3,3,单,小
2026-08-09 01:11:23,85179374,000000000513bbee6e89ac025f648e208346058cf8a5efa289b096fbd2931afb,931afb,1,单,小
2026-08-09 01:11:33,85179377,000000000513bbf120a0cfab640492db929c4bd00aff44d9e4ab7a316f886565,886565,5,单,大
2026-08-09 01:11:43,85179381,000000000513bbf5f9ea3c9d122af3dbde37c4c380702aa9db0c65cbd4aef830,aef830,0,双,小
2026-08-09 01:11:53,85179384,000000000513bbf85839515ab057af104b668993f1165226be3f73f825181767,181767,7,单,大
2026-08-09 01:12:03,85179387,000000000513bbfb23c35ca75732608b26883cff33a1df261ec52171f37c06fd,7c06fd,6,双,大
2026-08-09 01:12:13,85179390,000000000513bbfe08979696467d6b9b892ecf43b2656546fba1422114d13229,d13229,9,单,大
2026-08-09 01:12:23,85179394,000000000513bc02cb48c998a6996a51e81a20592ef6b435ffc52f9cfc086aa2,086aa2,2,双,小
2026-08-09 01:12:33,85179397,000000000513bc05b84c1db4098206e59a172e562f0cba2f2a261243579a08b3,9a08b3,3,单,小
2026-08-09 01:12:43,85179400,000000000513bc081b77946b5e8f9818a8e06670fe96aabdab64d499f79aa447,9aa447,7,单,大
2026-08-09 01:12:53,85179403,000000000513bc0bc8299e575da1a06ea28a911cfc3e21a03687f32e60a01e99,a01e99,9,单,大
2026-08-09 01:13:03,85179407,000000000513bc0fcbc78cdbd8edcfc5b01213bbdcf3bbfb88866c89780562c9,0562c9,9,单,大
2026-08-09 01:13:13,85179410,000000000513bc12a736b84552237043557dc9774b66a0b114c5b22d39353bd7,353bd7,7,单,大
2026-08-09 01:13:23,85179414,000000000513bc1611d256e4e0d62a6ffb806531f50e9ce27f21b3b6dcaca2c8,aca2c8,8,双,大
2026-08-09 01:13:33,85179417,000000000513bc1948274a87a3c996463bf39967a0a6f0d48902dca5be939ab9,939ab9,9,单,大
2026-08-09 01:13:43,85179420,000000000513bc1cb50456f66e7bd735f0355849312ac3dec1982aaebb8e7b16,8e7b16,6,双,大
2026-08-09 01:13:54,85179424,000000000513bc2028d5b3a214139bf97dae82073ac2b4cb4c76fec05c48210d,48210d,0,双,小
2026-08-09 01:14:08,85179428,000000000513bc243d8378021f816e8b9aa396e69f7bbbe5c88c4213a8a56a3e,a56a3e,3,单,小
2026-08-09 01:14:21,85179432,000000000513bc28ae7afaf5d905010e44b251d6732079688e10929fb5652928,652928,8,双,大
2026-08-09 01:14:36,85179438,000000000513bc2e02cb137322515abbf1bf6585b0a5eaea2dc348f66814dfe6,14dfe6,6,双,大
2026-08-09 01:14:49,85179443,000000000513bc33e0dcf8ac9e0d76ebceea3013128dbe6844dd0d3edb3a30dd,3a30dd,0,双,小
2026-08-09 01:14:59,85179445,000000000513bc35cf4c4e54e2d91fc2eb9e32b908ea5a8f5dade304c13acf0b,3acf0b,0,双,小
2026-08-09 01:15:10,85179449,000000000513bc39c4a5ffc0634e3c0a610a35e406d2516e1357bb474686e3e2,86e3e2,2,双,小
2026-08-09 01:15:20,85179453,000000000513bc3d40d0e613c533a5674d91061e0530e474ab47a331de8ce8c5,8ce8c5,5,单,大
2026-08-09 01:15:31,85179457,000000000513bc41d1b02115994429bc3cf2322f0404cf707c7e07695a2276bf,2276bf,6,双,大
2026-08-09 01:15:42,85179460,000000000513bc44b1bdacc39a3008289110d54492f4c0c5aec7d77f4d9741eb,9741eb,1,单,小
2026-08-09 01:15:53,85179463,000000000513bc47cdc2a52c762bcb3b057edf55e26af708b788e600b86e8dac,6e8dac,8,双,大
2026-08-09 01:16:04,85179468,000000000513bc4c85d0585122973abc08ba45c751074712268341c5566be0e9,6be0e9,9,单,大
2026-08-09 01:16:14,85179470,000000000513bc4e4bbaceb5773e958f3a1f94b277651cedc6387d4fae484bad,484bad,4,双,小
2026-08-09 01:16:24,85179474,000000000513bc528da8824418b174118507d610f2cddeaabd61ddae89ca0556,ca0556,6,双,大
2026-08-09 01:16:34,85179477,000000000513bc55087d6f3a4ea9bf76361cab5117de84cbc7f631a6ed7499fe,7499fe,9,单,大
2026-08-09 01:16:44,85179481,000000000513bc592d41074afc7e88a43f1c2969cb1e02621d317f25a6734ba0,734ba0,0,双,小
2026-08-09 01:16:54,85179484,000000000513bc5c08396eae32c234a6fd16d86f92be76669e433426fe3c53c7,3c53c7,7,单,大
2026-08-09 01:17:04,85179487,000000000513bc5fb36aef4f84c4b665aab909df39b4f226622eeabe3bef7f08,ef7f08,8,双,大
2026-08-09 01:17:14,85179491,000000000513bc63ad3404900558c360501530430c9a9701664176c5d707db04,07db04,4,双,小
2026-08-09 01:17:24,85179494,000000000513bc669ea3ee4e4fc9b74935444c941a82d7362cfa1392fb9e41b0,9e41b0,0,双,小
2026-08-09 01:17:34,85179497,000000000513bc69115a4f72455149c93dd110da89b3b26edf6a56658b89901a,89901a,1,单,小
2026-08-09 01:17:44,85179501,000000000513bc6d86c5237cdfdc08a79c4d1d7bbe2cc5f6236644d9f45cac73,5cac73,3,单,小
2026-08-09 01:17:54,85179504,000000000513bc702ed678a6e7483fe05eee038905577aef848c242ed07df5cc,7df5cc,5,单,大
2026-08-09 01:18:04,85179507,000000000513bc73308bb9f72ab5dc9ae9c6cd82db44a1673c2766e33b5a6701,5a6701,1,单,小
2026-08-09 01:18:14,85179511,000000000513bc7759ac02215ac2d24a8708657c35d3f47a6f0f4eec9de8293d,e8293d,3,单,小
2026-08-09 01:18:25,85179514,000000000513bc7a97567ceecd9532b0aa586b7cc82e4f438ba74255a4143644,143644,4,双,小
2026-08-09 01:18:36,85179518,000000000513bc7eae70a5ec9ddf1514a3f17f05b767aee42d3571dbade4d9bd,e4d9bd,9,单,大
2026-08-09 01:18:46,85179521,000000000513bc8193ce28149dfa455ffc615368a85fc482aa03668ce36661c3,6661c3,3,单,小
2026-08-09 01:18:57,85179525,000000000513bc858a02121e3dc6278f6dfb591ec59861fed143a6e6c2e41ebe,e41ebe,1,单,小
2026-08-09 01:19:08,85179528,000000000513bc88b4a6ecb7cbd53ea3771a85f0f413f10bcb1c0d144277d6b3,77d6b3,3,单,小
2026-08-09 01:19:19,85179532,000000000513bc8cce283d50657e507ee23b6b96a898ec6ae1920935125674d0,5674d0,0,双,小
2026-08-09 01:19:30,85179536,000000000513bc90b5a71a7f37630b7298d85a7ed051c54a368fc0e61dc6586e,c6586e,6,双,大
2026-08-09 01:19:40,85179540,000000000513bc9446cf64864f57e4c6c2b8d6e1ec3434f427add26588385bc8,385bc8,8,双,大
2026-08-09 01:19:50,85179543,000000000513bc978b90f9567f7449af29d346697756e50c3a910564a1da8a37,da8a37,7,单,大
2026-08-09 01:20:01,85179547,000000000513bc9b34b46b6487b205c08963df79c6a4afe99f757eb2e994a6c0,94a6c0,0,双,小
2026-08-09 01:20:11,85179549,000000000513bc9d38e04c986a60c1a1fc330f187978baef31f2338ab338c6a5,38c6a5,5,单,大
2026-08-09 01:20:21,85179553,000000000513bca16e1609fa2eb80b718a56f1c073f464de5fdc9234e84ba31d,4ba31d,1,单,小
2026-08-09 01:20:32,85179556,000000000513bca4d30bf51306076ac3861cd32149b3c760cd077d6b2449574e,49574e,4,双,小
2026-08-09 01:20:42,85179560,000000000513bca82812e1a4378fec6984cbde04478a91f77199b20c0ea2f52c,a2f52c,2,双,小
2026-08-09 01:20:52,85179563,000000000513bcabcbf151c2e7bd948b72bd86f8170a7e4f005b64321a30aeae,30aeae,0,双,小
2026-08-09 01:21:02,85179567,000000000513bcaf189339352db803afe9f44da36007598db90831f38c70fee1,70fee1,1,单,小
2026-08-09 01:21:12,85179570,000000000513bcb253a9ec357188b1a13d5c1700aa20fd52bd4c39957a0d26c5,0d26c5,5,单,大
2026-08-09 01:21:22,85179573,000000000513bcb561a56a679ba9da3b5b35d0aa117d58a3857c2d133f8f79cf,8f79cf,9,单,大
2026-08-09 01:21:32,85179577,000000000513bcb9b0173b2279762d2ff59364c1b625058472419e4a94f6e4c7,f6e4c7,7,单,大
2026-08-09 01:21:41,85179580,000000000513bcbc310b102ed893217f2cd56053a59828c36d4e8a9208dfe693,dfe693,3,单,小
2026-08-09 01:21:51,85179583,000000000513bcbfc426eebeaf870d149d2a44b4457a273e183c8ea68677e100,77e100,0,双,小
2026-08-09 01:22:01,85179587,000000000513bcc3d5c9bc3bfac141caf63c364e2c697205c4dffee10111d94b,11d94b,4,双,小
2026-08-09 01:22:11,85179590,000000000513bcc6c8ca99373e91aeccdc9a3e8c544403a9d84b2e9883f746e0,f746e0,0,双,小
2026-08-09 01:22:21,85179593,000000000513bcc9b677269724478d4248bd4d409200dc0db17c94fc6de43bc4,e43bc4,4,双,小
2026-08-09 01:22:31,85179596,000000000513bccc52382e8c6eed48ea2197b4fb6cbfff29b180ca09bf7dbc12,7dbc12,2,双,小
2026-08-09 01:22:41,85179599,000000000513bccf0d400b5b5a40de75f0057cabd0837cffc337fcbd607681c5,7681c5,5,单,大
2026-08-09 01:22:50,85179603,000000000513bcd3fdd524ef9fb1c7ecf336d62619037a6f5b51966df0ca4409,ca4409,9,单,大
2026-08-09 01:23:01,85179606,000000000513bcd6eee6cca46f56e8a1153a6948b356695ac2dce866fd0c1a4a,0c1a4a,4,双,小
2026-08-09 01:23:11,85179609,000000000513bcd9a72284a8428174c1eeaaad562b068a864c2752cd34f778ca,f778ca,8,双,大
2026-08-09 01:23:21,85179613,000000000513bcdd293585ba6c8d98f80c721d05217b552246570f95750f8e63,0f8e63,3,单,小
2026-08-09 01:23:31,85179616,000000000513bce00556da919c035b3f568a16d6c09bf9b7a6b29046c0fdc6e5,fdc6e5,5,单,大
2026-08-09 01:23:41,85179619,000000000513bce3ff07f92c99b76c1237f207c97306368eb7480bbc3232a552,32a552,2,双,小
2026-08-09 01:23:51,85179623,000000000513bce7a492640622c8c8031c78263245bb93c62a0215883664f58d,64f58d,8,双,大
2026-08-09 01:24:00,85179627,000000000513bcebc015212e39292f3062887d35baad3d5f53bf5c1f4ec9cc3c,c9cc3c,3,单,小
2026-08-09 01:24:10,85179630,000000000513bcee9bf9600e52f5a8f3edb16d8eb0e23f98ad7e252b17b7afa9,b7afa9,9,单,大
2026-08-09 01:24:20,85179633,000000000513bcf132fe89d2fdee65b6edbdb74a403ae59857aa24c8baf5e87f,f5e87f,7,单,大
2026-08-09 01:24:30,85179636,000000000513bcf4439869641224fece6a3def44cf28b34762b744c025c6dd9b,c6dd9b,9,单,大
2026-08-09 01:24:40,85179639,000000000513bcf79f127ee4b410621e960933a8a99c46aa948eda7a4f77a49f,77a49f,9,单,大
2026-08-09 01:24:50,85179643,000000000513bcfb5039497392dfa0d8d36936b6c120a66ae94dcec9e3ed4468,ed4468,8,双,大
2026-08-09 01:24:59,85179645,000000000513bcfda50757370b855a3e0d86b5822edaf0f0be3dd3e53e8dbcc3,8dbcc3,3,单,小
2026-08-09 01:25:09,85179649,000000000513bd013ba929c762c420ec9836076cf5db59312bc0f85b66a3d3bf,a3d3bf,3,单,小
2026-08-09 01:25:19,85179652,000000000513bd04e3720ad7c12adf985b21c166fe7d9e5ea1eb756e06771efc,771efc,1,单,小
2026-08-09 01:25:29,85179656,000000000513bd0856546826cbf8f60022eb232ffec81be480471d4b01dba5da,dba5da,5,单,大
2026-08-09 01:25:39,85179659,000000000513bd0b14783880d4672dddd7c5270b73de22a546a899caafe643ca,e643ca,3,单,小
2026-08-09 01:25:49,85179663,000000000513bd0f85402596b665be7026a954cbe810aa68b99832124844759e,44759e,9,单,大
2026-08-09 01:25:58,85179665,000000000513bd11beddbf4898177f2971cc37b2e6d3fbab73f209bea1e3e09e,e3e09e,9,单,大
2026-08-09 01:26:08,85179668,000000000513bd149343900264e1993e069df3e7f150f18592e261e1dea7a0d9,a7a0d9,9,单,大
2026-08-09 01:26:19,85179672,000000000513bd185fa5d4865f599b48b655945035839f397abb892c03b3927e,b3927e,7,单,大
2026-08-09 01:26:31,85179676,000000000513bd1c27166ee4a916bb6ac10db905f1bd1d20a7c46e57d170b074,70b074,4,双,小
2026-08-09 01:26:42,85179680,000000000513bd20f7e43118c30ea6b47b55bdfe67448ca7a08f4d15c7ac01bf,ac01bf,1,单,小
2026-08-09 01:26:52,85179683,000000000513bd233e2e34f88f15a90db81f19a96b4ce9b1c00de3c14d66418a,66418a,8,双,大
2026-08-09 01:27:04,85179687,000000000513bd27a05cd640b6f549817a35b791910dfbd4f9ed413fb98b1df7,8b1df7,7,单,大
2026-08-09 01:27:15,85179691,000000000513bd2b5d46e9f73680cd5da01fd8f50bee82af4755be40a5dea934,dea934,4,双,小
2026-08-09 01:27:26,85179694,000000000513bd2eed69d3b5d3ab6d9a00e23e3c22f32bcb0aa8d18dd7263fe5,263fe5,5,单,大
2026-08-09 01:27:36,85179698,000000000513bd32ebb7e41bf72a3f56766d07504f75b6986256c3eb239b5536,9b5536,6,双,大
2026-08-09 01:27:46,85179701,000000000513bd35ce534d74c5aae93091182e804bd5f2fcd48853ce41734799,734799,9,单,大
2026-08-09 01:27:57,85179705,000000000513bd39fc70ac02c650bc3bf099bfac0f18ffe66a146f2b73e656b3,e656b3,3,单,小
2026-08-09 01:28:08,85179708,000000000513bd3c3e04aadac4a3186a760f769bef6940fd4dde6fc1a9870bd7,870bd7,7,单,大
2026-08-09 01:28:19,85179712,000000000513bd40a6ad003bd33eed6281349c66ca956baad7cce0fc87488d3f,488d3f,3,单,小
2026-08-09 01:28:30,85179716,000000000513bd4412863d636aebf6b8065908be9253dfe12003033b8f2a80ce,2a80ce,0,双,小
2026-08-09 01:28:42,85179720,000000000513bd48034d0a491a44108ab32fe8693ce8dd7fb9084937928350f3,8350f3,3,单,小
2026-08-09 01:28:52,85179723,000000000513bd4b9aebf7c28651c377fff1b2cbe7bbf4337b230142bb10087f,10087f,7,单,大
2026-08-09 01:29:03,85179727,000000000513bd4f720ae651aca3e21dd75432e3f9d132aa0e21a06fa7c225d5,c225d5,5,单,大
2026-08-09 01:29:14,85179731,000000000513bd530c8f86b6b8567f489b8ac782fa66df6f0b8292bcbeace37d,ace37d,7,单,大
2026-08-09 01:29:25,85179734,000000000513bd563d453ce5709b3783539a5806664283a543e48f8cda9a2e44,9a2e44,4,双,小
2026-08-09 01:29:36,85179738,000000000513bd5a91f823ee8e250390e8d59299904ab0a965297d3883dfb2a0,dfb2a0,0,双,小
2026-08-09 01:29:47,85179741,000000000513bd5d2c75381f3267d4fa6ee0928eb85768a007bbd5a622b23825,b23825,5,单,大
2026-08-09 01:29:57,85179745,000000000513bd612fba11fd630babafb0d2954232244bcab9959296176433c3,6433c3,3,单,小
2026-08-09 01:30:08,85179749,000000000513bd65301616a3046dd48d2775c30218d5ee03f6819a8c102ac665,2ac665,5,单,大
2026-08-09 01:30:19,85179752,000000000513bd687237d9b1f9342288019acc954afc411148857da60421b859,21b859,9,单,大
2026-08-09 01:30:30,85179756,000000000513bd6cb83b68d1fde035dbafc525cdb7e0a0c46ec3cfe0bf8e9787,8e9787,7,单,大
2026-08-09 01:30:40,85179759,000000000513bd6fdc1d628b8b1d15da22b5b979df0ab976cc8c3aebf300ff35,00ff35,5,单,大
2026-08-09 01:30:50,85179763,000000000513bd739a65b9bf4efd79db2d84e5bfb72428a383d0ba7f9be0a5a9,e0a5a9,9,单,大
2026-08-09 01:31:01,85179766,000000000513bd76be3005a9d0828a1b496ac4e6cc714fda6f3cd60e2784237a,84237a,7,单,大
2026-08-09 01:31:12,85179770,000000000513bd7a26239c8dc071d1d13ee7ca531cbb70711460f4697297b85f,97b85f,5,单,大
2026-08-09 01:31:23,85179773,000000000513bd7d011e719395a92d34e8c048cbfff77e5eb34fcf2cd7d79d4e,d79d4e,4,双,小
2026-08-09 01:31:34,85179777,000000000513bd81db5bd5f8e2ccb6b1d93d130183f4486e1ac7ea333e97247c,97247c,7,单,大
2026-08-09 01:31:45,85179781,000000000513bd851d39dddd3515b0a5c6e57592cbc00ce771085b248e0119a8,0119a8,8,双,大
2026-08-09 01:31:55,85179785,000000000513bd894bdffe82898fd1b731cb4fa7e375ed4efb543559a46c8c04,6c8c04,4,双,小
2026-08-09 01:32:06,85179788,000000000513bd8cc036043279fa748aff37c5f54e2ea25151d83bd2193c8b19,3c8b19,9,单,大
2026-08-09 01:32:17,85179792,000000000513bd90e1e92542201abc4e8e19c50947c3a830fb8558d7c8eadce1,eadce1,1,单,小
2026-08-09 01:32:28,85179795,000000000513bd93a567d9de80dac86964be47b90764f2bd308f1ff4490f693a,0f693a,3,单,小
2026-08-09 01:32:39,85179799,000000000513bd970546f9f2acaa04705aae12d610f163534d47ba4acacf628e,cf628e,8,双,大
2026-08-09 01:32:50,85179803,000000000513bd9ba37de38ca7f8a2cdae6754b385c03b45aef4a2aaa80af075,0af075,5,单,大
2026-08-09 01:33:01,85179806,000000000513bd9eb8ffcc2ce62d5aff8f9f4f75f847ad629f8c6b9c7645917c,45917c,7,单,大
2026-08-09 01:33:12,85179810,000000000513bda2b7ea54f36f0616d1e99b77810d43b9ab76eda96e1bf6eff6,f6eff6,6,双,大
2026-08-09 01:33:23,85179814,000000000513bda6edac2bd3820c495560d917cd913b57e1f771161667ac2b64,ac2b64,4,双,小
2026-08-09 01:33:34,85179817,000000000513bda9635782cef7c893fc4aaf536ecf5ebf57fd75a068acf1ac4d,f1ac4d,4,双,小
2026-08-09 01:33:43,85179821,000000000513bdadcc0f14c1021f901f48e47e2111c48c3d458840805ab159d9,b159d9,9,单,大
2026-08-09 01:33:53,85179824,000000000513bdb0ab9043ed56d626c23f4d66a7714fb531d0ea90bfe4c4ae1c,c4ae1c,1,单,小
2026-08-09 01:34:03,85179827,000000000513bdb3a659b921e5db970272f00473c2915b31dc418c83506fcc26,6fcc26,6,双,大
2026-08-09 01:34:13,85179830,000000000513bdb64de09279d18adf1b964504f845146cb62dafc9b56c709c0c,709c0c,0,双,小
2026-08-09 01:34:24,85179834,000000000513bdba6f506a8c11ca815bed72bd9508be6f367f8571273530197e,30197e,7,单,大
2026-08-09 01:34:35,85179838,000000000513bdbe793e8f17d58642632f4d1c0b650efa49c6a8942e539d19bd,9d19bd,9,单,大
2026-08-09 01:34:45,85179841,000000000513bdc1f827a195f43f954f5d5d1e14d9d58548f508e607b2c174ee,c174ee,4,双,小
2026-08-09 01:34:56,85179844,000000000513bdc4199dc9a711065544be2495bbc747b015d1f2117f3da1b17f,a1b17f,7,单,大
2026-08-09 01:35:07,85179848,000000000513bdc813ef36fdaf39b6f1a3885d6a1d963661561dba18eb94cd9f,94cd9f,9,单,大
2026-08-09 01:35:18,85179852,000000000513bdcc5cb8e13fac7d880fcd4a0a0746787e12ebd5d648988861fd,8861fd,1,单,小
2026-08-09 01:35:28,85179855,000000000513bdcf0aaaf1017f53c1d9bffcd63f2b59fe0ec82ccbf6c577d18f,77d18f,8,双,大
2026-08-09 01:35:39,85179859,000000000513bdd370ae3703a3be5ebc8a9f4a35314206f9e62dd303050a34df,0a34df,4,双,小
2026-08-09 01:35:50,85179863,000000000513bdd7b4f12d04d58b8e39a6e91148e31c4017000f2676713653c4,3653c4,4,双,小
2026-08-09 01:36:01,85179866,000000000513bdda56e6dac35c3372d7440224c4da023d0e6d76b488e8b62fab,b62fab,2,双,小
2026-08-09 01:36:12,85179870,000000000513bddeb1b945e0bf66dac6742a11b91e893269e2a1cb934f6b5522,6b5522,2,双,小
2026-08-09 01:36:23,85179873,000000000513bde1598ece10be90e78f2028743aefefa3348292a2c3a8301745,301745,5,单,大
2026-08-09 01:36:33,85179877,000000000513bde514679032aa127b49a12829de5b0d34a4ecb35a5e508c4bf8,8c4bf8,8,双,大
2026-08-09 01:36:44,85179881,000000000513bde9be1b8b0de071d9886342cff75e91dfa85955d52b245a0331,5a0331,1,单,小
2026-08-09 01:36:55,85179884,000000000513bdec60321a42a6ecabcea4f8c6fc8da2384ac07a0d77a7549cd3,549cd3,3,单,小
2026-08-09 01:37:06,85179888,000000000513bdf0f0e44ae856b0a1b1dc8c595b380e5221c75d1efc0c07bda6,07bda6,6,双,大
2026-08-09 01:37:17,85179891,000000000513bdf3111244249c01265c0db41423241f870a29cd36827bc02656,c02656,6,双,大
2026-08-09 01:37:28,85179896,000000000513bdf8785374b991c6190aad7ac62dd8a09f2e599e0a88a1cc18db,cc18db,8,双,大
2026-08-09 01:37:39,85179899,000000000513bdfb4fac09b6245febcfe3e8116d707b64461aa0a7166a7a99c7,7a99c7,7,单,大
2026-08-09 01:37:49,85179903,000000000513bdff3e5d5793346034e6f1446124841de9cac92fb13ecf8f1379,8f1379,9,单,大
2026-08-09 01:38:00,85179906,000000000513be02e25304ba367c4ad29bf5eb55e74d42415fefbfdcce694d4e,694d4e,4,双,小
2026-08-09 01:38:11,85179910,000000000513be067b0f65b12413d189097aeb51d9047255e1bf4420fda492ff,a492ff,2,双,小
2026-08-09 01:38:22,85179914,000000000513be0a7c209f2ab9d2f1e2fea5a8da339cc942f8384051dc6f27ec,6f27ec,7,单,大
2026-08-09 01:38:33,85179917,000000000513be0d1f4b2112d2d3c8c4145d14d6bbc613d3e1e49cdb0203fc16,03fc16,6,双,大
2026-08-09 01:38:44,85179921,000000000513be117e58fc3a35f1b2445e14a326b356eba2978cb7c6a2f7d11c,f7d11c,1,单,小
2026-08-09 01:38:54,85179924,000000000513be14d63cb5ea9cbde166b5194cc23f06a48643688057319c3c19,9c3c19,9,单,大
2026-08-09 01:39:05,85179927,000000000513be17db4285a78ab5bfa195b3aa2cb31851251637e357234138a0,4138a0,0,双,小
2026-08-09 01:39:16,85179931,000000000513be1bc78898c38f48c13046b20a62e30ad28d6341148d4a28ea65,28ea65,5,单,大
2026-08-09 01:39:28,85179935,000000000513be1f1c239da757dde9cee1c68be8ebdc784f5a59e8e94fbe0140,be0140,0,双,小
2026-08-09 01:39:39,85179939,000000000513be23e045870e7d36ddf3c651ae1a3a5dbade767db103fed754ad,d754ad,4,双,小
2026-08-09 01:39:50,85179943,000000000513be27de4d51320c4accdadf5b4a48fd2d3de3bd7e3bf54e62f951,62f951,1,单,小
2026-08-09 01:40:02,85179947,000000000513be2baab5101ce3225144e93d0f00fd71f52b3b0a9fcc4ddd759f,dd759f,9,单,大
2026-08-09 01:40:14,85179950,000000000513be2ed66adbe586fb30cfa035c836635f6478361192a6cba8b377,a8b377,7,单,大
2026-08-09 01:40:25,85179954,000000000513be325a875d0624b11ea5714268f65b410306212a2d9509416ee9,416ee9,9,单,大
2026-08-09 01:40:36,85179958,000000000513be365b85e4ee9be8e4320270e56460278d15a8dfb31905d283b4,d283b4,4,双,小
2026-08-09 01:40:48,85179962,000000000513be3a9e2c12434be7418bc0d49c6fc6d60b585cf74819302161ce,2161ce,1,单,小
2026-08-09 01:40:59,85179966,000000000513be3e5af21df276a2734cfa2c406b8f39a6f98733804441f6ed80,f6ed80,0,双,小
2026-08-09 01:41:11,85179969,000000000513be4151ac8313f813ba3a0be09d5ba792c6ceb7e1b8a7890f49a8,0f49a8,8,双,大
2026-08-09 01:41:23,85179973,000000000513be45eea1e21c6258e4ff15bdee37154d356f736d4add69c90344,c90344,4,双,小
2026-08-09 01:41:35,85179977,000000000513be49e36d05445adfb8c8394a7f99964894bb939553937ca2c30b,a2c30b,0,双,小
2026-08-09 01:41:46,85179981,000000000513be4d655e56bf67eddc42e67e8d9874d546193cfe2ee7bbb182ce,b182ce,2,双,小
2026-08-09 01:41:58,85179985,000000000513be515c923ce581b2af8a49cc6050c77337ad4ee61fb4173ef793,3ef793,3,单,小
2026-08-09 01:42:09,85179989,000000000513be558bb5a15f15138fc835a21eabe97a602df39d3581e41a2dc4,1a2dc4,4,双,小
2026-08-09 01:42:21,85179993,000000000513be599b58e209cbda0e574cdec8be90e2f94fd680853d254da3dc,4da3dc,3,单,小
2026-08-09 01:42:33,85179997,000000000513be5d02b82a431c7cb4ec196f87571fb916ecf7c3e793180df11c,0df11c,1,单,小
2026-08-09 01:42:44,85180001,000000000513be614cb9c90797c5d0ebc0ad7287b41b52a588afed80c105a0b2,05a0b2,2,双,小
2026-08-09 01:42:55,85180004,000000000513be6461190bf96f778785444c1bcd8fdfd22ccea90c9d1c5513b2,5513b2,2,双,小
2026-08-09 01:43:07,85180008,000000000513be68330404c8cb3bd06da2b60ddb12d6f84da0219e703fca5c9a,ca5c9a,9,单,大
2026-08-09 01:43:18,85180012,000000000513be6c2250db4a981c2a9cf824fa9d80000fa76c2ff00a57063953,063953,3,单,小
2026-08-09 01:43:30,85180016,000000000513be70c7593c3c0dc99caa6d3fe80bc20357b3444b44d6a07b950a,7b950a,0,双,小
2026-08-09 01:43:41,85180020,000000000513be74c0918e094fecdda636e95fcb6e9d9c739838b9d16bd20dfc,d20dfc,0,双,小
2026-08-09 01:58:27,85180315,000000000513bf9b98e3ef717048871f1ec2fe2b70bb24254cca23b818ac8d0c,ac8d0c,0,双,小
2026-08-09 01:58:38,85180319,000000000513bf9febf3dc3268cc2db6d3af9e0961844c10e84ce1e687ba84c4,ba84c4,4,双,小
2026-08-09 01:58:52,85180323,000000000513bfa3c20410e081a4c29f6d5329db12e3e9a5f98809deaf148628,148628,8,双,大
2026-08-09 01:59:05,85180328,000000000513bfa8ebb55ece113595741384a429edf636012aa41c838a56e6c7,56e6c7,7,单,大
2026-08-09 01:59:19,85180332,000000000513bfac03a20d6a4e94a043dc2d74a2dadc655e8fb928e0b0d62248,d62248,8,双,大
2026-08-09 01:59:32,85180336,000000000513bfb01ba8866f45d4b43977c7d776546bd44607cdc12246a837e7,a837e7,7,单,大
2026-08-09 01:59:43,85180340,000000000513bfb4bd238de80d4d4e48a171e9abf543389557e40fef01ca4508,ca4508,8,双,大
2026-08-09 01:59:53,85180344,000000000513bfb8c4bd4909b2fee6a7fe44a83b65b28d6d33dc2bd3123ec31b,3ec31b,1,单,小
2026-08-09 02:00:04,85180347,000000000513bfbb80204f45d0176d7c258178ef941523e66a46801b44d1669f,d1669f,9,单,大
2026-08-09 02:00:16,85180349,000000000513bfbd83c98a6c9eeb7281a9e17fb72d27c7355d3bdf1344e49318,e49318,8,双,大
2026-08-09 02:00:36,85180356,000000000513bfc4b0cb5f99a5d8aebee2bde191d1bc91f29167e36f2b33624e,33624e,4,双,小
2026-08-09 02:01:00,85180363,000000000513bfcbb20562feaeb909f0104b598dbd85cfaec519b819f1a83eea,a83eea,3,单,小
2026-08-09 02:01:18,85180370,000000000513bfd2225e68ee474a58a7b033fade5b64188fe418458bf14719ef,4719ef,9,单,大
2026-08-09 02:01:29,85180373,000000000513bfd5208211479f44f1b86377ce4113cc93716d054b4bc73dcbbb,3dcbbb,3,单,小
2026-08-09 02:01:40,85180377,000000000513bfd9dfb25ae8262bcb9d74e8c2710e000b877edc0e0196f0a65e,f0a65e,5,单,大
2026-08-09 02:01:51,85180381,000000000513bfddba584ebb37f1b0e53c35d62fd6dcf6ba13f01c5edb480d87,480d87,7,单,大
2026-08-09 02:02:02,85180385,000000000513bfe16547eb62d2bd70556bca5ccfb6d0d4be91ac1f30ba75edae,75edae,5,单,大
2026-08-09 02:02:12,85180388,000000000513bfe4d5d9304b6bf8d516caf3f49406f924708955cd33510f5b2f,0f5b2f,2,双,小
2026-08-09 02:02:22,85180391,000000000513bfe73a86208e57df35bb703c26709257e47b4ce222eb63ffd0a2,ffd0a2,2,双,小
2026-08-09 02:02:32,85180394,000000000513bfea7325b7861bc23f54b076a97738a5ac220550ec69932b34bc,2b34bc,4,双,小
2026-08-09 02:02:43,85180398,000000000513bfee31dd81586f46f8c8dce5adc7d525d42807f122fc9a2b3a18,2b3a18,8,双,大
2026-08-09 02:02:54,85180402,000000000513bff2b9917f7bba6a770b5edaef39978790fe6a06bcc1b943d409,43d409,9,单,大
2026-08-09 02:03:05,85180406,000000000513bff63a7061d12fcfd6dabaf26046ae2f69784021e88e0f815e27,815e27,7,单,大
2026-08-09 02:03:16,85180409,000000000513bff9c117fe0f44759fa31334b70a9296abe4c5cab22665794fa9,794fa9,9,单,大
2026-08-09 02:03:27,85180413,000000000513bffd502fc5033a42cfef7c82b6a12b5932c823bc3e314cbe200e,be200e,0,双,小
2026-08-09 02:03:38,85180417,000000000513c001da2450ef417a5cf5fe104affce4f790e0d3802fa3324bbf6,24bbf6,6,双,大
2026-08-09 02:03:48,85180420,000000000513c0047a33d064b549d55dfda40e470d984578a57891361dc3aea1,c3aea1,1,单,小
2026-08-09 02:03:58,85180423,000000000513c00793093e7cd4ed08b4cd3f2894744a5828524caf35303f895f,3f895f,5,单,大
2026-08-09 02:04:08,85180426,000000000513c00aebe2a0967cadd484815f358c3fa72fa69aae20d94fdc6fa6,dc6fa6,6,双,大
2026-08-09 02:04:18,85180430,000000000513c00ec22271961dcdd8cf3b142b10dd92df11000b499c391c3cdc,1c3cdc,3,单,小
2026-08-09 02:04:28,85180434,000000000513c012c53798d37f9359cfa55f8ac5c0b257900789ed50b7c187a9,c187a9,9,单,大
2026-08-09 02:04:39,85180437,000000000513c0156f679078d61952edf133b2c6d8dfc12a73d3fc2dc61ec8bd,1ec8bd,8,双,大
2026-08-09 02:05:17,85180449,000000000513c02155131d57a834a85d0fd999ad35e74170849ae2fe43f34b9a,f34b9a,9,单,大
2026-08-09 02:05:27,85180453,000000000513c0259410c641eab551b8728f08de86e3bcccc22079c6c27ceec1,7ceec1,1,单,小
2026-08-09 02:05:37,85180457,000000000513c029ecddd515b266b48bf2cfe208af984f6485e904cc5a8f90df,8f90df,0,双,小
2026-08-09 02:05:48,85180459,000000000513c02bb255bdb244fa922c659f64bceeee32ce3da164a5418bc090,8bc090,0,双,小
2026-08-09 02:05:59,85180464,000000000513c03032a5b735d0d1824d84289dde453bf8c751f930fdd2249e60,249e60,0,双,小
2026-08-09 02:06:10,85180467,000000000513c033b050296499467242a6ac01d96735cf52b462fbecc3b3c128,b3c128,8,双,大
2026-08-09 02:06:21,85180471,000000000513c037bce44b25f0d27fe9282065d739a94d088b9cf3f8bc018456,018456,6,双,大
2026-08-09 02:06:32,85180475,000000000513c03b465d1eb2c45f21fed42a7a5d4ff76e4f7eed002998e38eac,e38eac,8,双,大
2026-08-09 02:06:43,85180478,000000000513c03e48fc820d1af031dbb727e0c38f7ba269c22d22cc085f8c9e,5f8c9e,9,单,大
2026-08-09 02:06:53,85180482,000000000513c0422439a7e61c7f529190a20a80ef7451c5d2453fd9b31e3cc1,1e3cc1,1,单,小
2026-08-09 02:07:04,85180485,000000000513c0455266ec27e486db3b1f883bcc8ed0c22dcc2ad26d97b18cfb,b18cfb,8,双,大
2026-08-09 02:07:15,85180489,000000000513c049ca817a000326eeaf19276694abb820cd3251806096c4e305,c4e305,5,单,大
2026-08-09 02:07:25,85180492,000000000513c04c29586fac0ed12a49a0a38a2205f234ae6954700223413d61,413d61,1,单,小
2026-08-09 02:07:36,85180496,000000000513c050ebe03340969c7e1ab8a6e44dad25723b1fcd95fbb36b3932,6b3932,2,双,小
2026-08-09 02:07:47,85180500,000000000513c0546235ca50f9ee88450b0db035d0fadecad26154d4a3aa8a5b,aa8a5b,5,单,大
2026-08-09 02:07:58,85180503,000000000513c0575fc9cc339fdaa8c0db394bad9a3cfbf0731e4b2539e139c9,e139c9,9,单,大
2026-08-09 02:08:08,85180506,000000000513c05a2b9a0bfc2351c6c8a1cd5761c43af93d1fc1f1c975927879,927879,9,单,大
2026-08-09 02:08:19,85180510,000000000513c05e54b2587f6827c9cd587b36e1517d6fe553a7bcdec685376b,85376b,6,双,大
2026-08-09 02:08:30,85180514,000000000513c062e203b7c70feca176e12bfb43b143b40e86ac92d5f126b25b,26b25b,5,单,大
2026-08-09 02:08:41,85180517,000000000513c0658a771c7ac84d2ad79eb1820676b1647964929716a89d0130,9d0130,0,双,小
2026-08-09 02:08:51,85180521,000000000513c0694e7a2af0e9b9a68bc4db1fd993ba33ec37aabdc3e83822e6,3822e6,6,双,大
2026-08-09 02:09:02,85180525,000000000513c06dfb4907b1f1f87ce11e9704ebf421b1b1c59c3760448edfc4,8edfc4,4,双,小
2026-08-09 02:09:13,85180528,000000000513c070a5fe474413e93674ddb1b0f3ccfffaf85fe8d660dbd47352,d47352,2,双,小
2026-08-09 02:09:24,85180532,000000000513c074ae6f62bf47d6f1b982d8a50319118e9c03b18c0b305da79c,5da79c,9,单,大
2026-08-09 02:09:35,85180536,000000000513c078be6299413a2d0d60fee832fd48a4a9fb797f82c9d0d3fa27,d3fa27,7,单,大
2026-08-09 02:09:45,85180539,000000000513c07b2b23f227a6617e9084845c32f6bf25cea1666cd121e2cee0,e2cee0,0,双,小
2026-08-09 02:09:56,85180542,000000000513c07e0dd6aa782c34d8c9daa041dd9a8fc4dfcb1bebfee519233a,19233a,3,单,小
2026-08-09 02:10:07,85180546,000000000513c0825a029de1275c48a1207b5b8b11e11045687df7a4ae8d8be4,8d8be4,4,双,小
2026-08-09 02:10:17,85180550,000000000513c08698d683eab135d290cb46c2685fe6b0b068c4f67d5dda3f8d,da3f8d,8,双,大
2026-08-09 02:10:28,85180553,000000000513c089fc35801b9cc69e630f9488cb13cd23bfab9cb9236acf1143,cf1143,3,单,小
2026-08-09 02:10:39,85180557,000000000513c08d3b4c25d7d974a52b54db7d2e4e8825f7e1c4a2b2b60bf9bf,0bf9bf,9,单,大
2026-08-09 02:10:49,85180561,000000000513c0913a73fd3d3cc7ff2ec4c5cc08e62efda9e95d09efd7f4cd8f,f4cd8f,8,双,大
2026-08-09 02:11:00,85180564,000000000513c094506987ef0d1d1b3506bb523077004f6a7f79686e52fa2419,fa2419,9,单,大
2026-08-09 02:11:11,85180568,000000000513c098bc2c7d0c99e43cdb7c954c92d0865be91b65737feae8da32,e8da32,2,双,小
2026-08-09 02:11:22,85180571,000000000513c09b8d40f9c49787405605ee4f4d543f49155d6aed0624ad96ed,ad96ed,6,双,大
2026-08-09 02:11:33,85180575,000000000513c09f628a681b6b3b502c324000662f570ab6cf0c3839594cdf82,4cdf82,2,双,小
2026-08-09 02:11:43,85180579,000000000513c0a382b365f118c5aee3eca9709e8c9aa2b211fb1ff2b2c6dd50,c6dd50,0,双,小
2026-08-09 02:11:54,85180582,000000000513c0a6bdf871c0fb52afe3fea33e9a013b4f1614a7bd1738a83bc4,a83bc4,4,双,小
2026-08-09 02:12:05,85180586,000000000513c0aa0d6e1533d79d53b766a6e058088bc67ad0b590817b6ca69a,6ca69a,9,单,大
2026-08-09 02:12:16,85180589,000000000513c0adcab22e413f7692a0169e418be3c49945c5f017ed823f8b44,3f8b44,4,双,小
2026-08-09 02:12:26,85180592,000000000513c0b0c282ad4eda2bbb7d75120172c489bddb12532bec26153d68,153d68,8,双,大
2026-08-09 02:12:36,85180596,000000000513c0b4cc423a4ddb77f259c915ad3aded4a8d946ede83a646025bc,6025bc,5,单,大
2026-08-09 02:12:45,85180599,000000000513c0b7cb8e00387d08d4199f9f6e0b353e128ce1257aaedd7c5cbd,7c5cbd,5,单,大
2026-08-09 02:12:55,85180602,000000000513c0ba862ff9bca3841d18b79f40c521a1ad033a33ba2fc20b0bd2,0b0bd2,2,双,小
2026-08-09 02:13:05,85180606,000000000513c0be699a603803c8ca9b1bf4aaf72f6ea54f015fd637c445217f,45217f,7,单,大
2026-08-09 02:13:15,85180609,000000000513c0c18cc93b8815d1bfd686bdaed81da0c511160ef99dbafbad1e,fbad1e,1,单,小
2026-08-09 02:13:25,85180612,000000000513c0c45e8eda3e713164ecd849e9ab477112d2bbccf9f6d6ebc8d2,ebc8d2,2,双,小
2026-08-09 02:13:35,85180616,000000000513c0c88748c6a89b37dd58a7b36de30ed97cba28b6ed1c30ffd8c4,ffd8c4,4,双,小
2026-08-09 02:13:46,85180619,000000000513c0cb4535aacb2e629e6281436a00db32a4935ce719a866537fb3,537fb3,3,单,小
2026-08-09 02:13:57,85180623,000000000513c0cfec08a928b79260e5b3f37b385ff65eedee3bc85c9770a92f,70a92f,2,双,小
2026-08-09 02:14:08,85180627,000000000513c0d33a1b96fa74311d8e1af3dd10a465edd74ce1f83f9809907f,09907f,7,单,大
2026-08-09 02:14:19,85180630,000000000513c0d6d02e3412028f97936a4a434d4d983151c92da535859e72e9,9e72e9,9,单,大
2026-08-09 02:14:30,85180634,000000000513c0da284cb34447f75eabf28946c667f5ff942cb801aaba912f47,912f47,7,单,大
2026-08-09 02:14:41,85180637,000000000513c0dd5b7119385ae6df474bfaeac10689cb367c9a0a859fcaa7bf,caa7bf,7,单,大
2026-08-09 02:14:51,85180641,000000000513c0e1346d2db8344d0ea0a3cc5c7db0b1d3fe596faf040dabdec0,abdec0,0,双,小
2026-08-09 02:17:20,85180691,000000000513c113e3bc68e4f7df5fb085727b85ce0cd21ad4f7cd55b4876c09,876c09,9,单,大
2026-08-09 02:17:30,85180694,000000000513c1165b5595fa49cdb70cde0ff62ef1a6efda609fd4beda703ec7,703ec7,7,单,大
2026-08-09 02:17:41,85180697,000000000513c119b386a0513edbdbb13da69acc219b1714795a6a2b15e43240,e43240,0,双,小
2026-08-09 02:17:51,85180701,000000000513c11d81e0fcd54178766d01ab40738134e7e4c20c401950c6aa96,c6aa96,6,双,大
2026-08-09 02:18:01,85180705,000000000513c121f6a20f3179f5e8d343422f69d5aeec0d4dfa546939ab4435,ab4435,5,单,大
2026-08-09 02:18:11,85180708,000000000513c1246b99d5e1345bdc9de38fcd467c3e5a29307a5a28e50b9e5e,0b9e5e,5,单,大
2026-08-09 02:18:21,85180711,000000000513c127ab15d349d653dfb1825df76d384c7bdb48be6a36e7358e16,358e16,6,双,大
2026-08-09 02:18:30,85180714,000000000513c12a0391a42f94decc1221831af4ddb0e52057d4b231e1986d08,986d08,8,双,大
2026-08-09 02:18:41,85180718,000000000513c12e4997175850aaebd5568521976ad4f6bd8cdbcc2d80256b03,256b03,3,单,小
2026-08-09 02:18:52,85180721,000000000513c131bc05c53cd5029054bbeb123f5eb603fff675979886c67b30,c67b30,0,双,小
2026-08-09 02:19:02,85180725,000000000513c1357b4281f8afe14a51498fceb28793ac5e6b04eaca1d559a45,559a45,5,单,大
2026-08-09 02:19:13,85180728,000000000513c138289725d97ce4b8cfefc6b94bd17a0aaada7e766a0433d506,33d506,6,双,大
2026-08-09 02:19:24,85180732,000000000513c13c785012c7144fe5feef1c5a43e85227a38eda692d474780be,4780be,0,双,小
2026-08-09 02:19:34,85180735,000000000513c13f1fbf22d2b410e8d3a0bb50028eb5cf75efdad4a0c944a7c0,44a7c0,0,双,小
2026-08-09 02:19:45,85180739,000000000513c143ee9e17fc7c2919fc3d75d4ec19c3e3e9978b8852db587ae1,587ae1,1,单,小
2026-08-09 02:19:56,85180742,000000000513c14640fd207202fdd7c42918b30ac17859c335e77f3bbbc67828,c67828,8,双,大
2026-08-09 02:20:06,85180746,000000000513c14a38743e8fdfe830f4b2fa8a02dfeb167789d726798485532b,85532b,2,双,小
2026-08-09 02:20:17,85180750,000000000513c14e2f5cf0402386ac45d48ac8983bb6a7f8fe85032bad596156,596156,6,双,大
2026-08-09 02:20:28,85180753,000000000513c151fc973ea0a1587cc418fb29a54d21da75255f5a03217b1073,7b1073,3,单,小
2026-08-09 02:20:38,85180757,000000000513c155a711de3cba0584ea2252b9e11e883b85a2f0bf5162a6eef0,a6eef0,0,双,小
2026-08-09 02:20:49,85180761,000000000513c15903c5c73b9e0e75825516d25bba316775e89798e42ffc3e37,fc3e37,7,单,大
2026-08-09 02:21:00,85180763,000000000513c15b907c8f74c130c9bd81f862f17349f176322ec1d0bbc446d5,c446d5,5,单,大
2026-08-09 02:21:10,85180767,000000000513c15fd1b9426d3b016066b27c8b2bb7c4a43d198512021bb01881,b01881,1,单,小
2026-08-09 02:21:21,85180771,000000000513c163bce9ffdf0fe4ef4096dcf72daac3a48923aac924209846b9,9846b9,9,单,大
2026-08-09 02:21:32,85180775,000000000513c16733c97814bb3ecff903a78c1e0adab27df2c90b452e6f7581,6f7581,1,单,小
2026-08-09 02:21:42,85180778,000000000513c16aac043e6bedf8df9b4108ddfad38734f9863488f1bb090427,090427,7,单,大
2026-08-09 02:21:53,85180781,000000000513c16dabbbff7e882881035804c0ef0c002f056be6bf965d630be3,630be3,3,单,小
2026-08-09 02:22:04,85180785,000000000513c171f7b6fb0ee57206fcf00ff9d2085a537fbc18fa41f02f7185,2f7185,5,单,大
2026-08-09 02:22:15,85180789,000000000513c17523874698b1ca9e96be5b5cb0ae4b1552d7eb3c15fb5b549c,5b549c,9,单,大
2026-08-09 02:22:25,85180792,000000000513c178a8d41d143fb2de3773d2627e4773842e775b97676c0c3b32,0c3b32,2,双,小
2026-08-09 02:22:36,85180796,000000000513c17cd7cd95ef41f010e0b35c6e41f0742e8aef2eff4f734978b4,4978b4,4,双,小
2026-08-09 02:22:47,85180799,000000000513c17ff885ebc3309ef552a3e2b9eb4cf7ca3cdda4613ba8cf0b0d,cf0b0d,0,双,小
2026-08-09 02:22:57,85180804,000000000513c184cf0617efebda0b14e23d1d352c2ea7dec11f0b8f9c2cf72f,2cf72f,2,双,小
2026-08-09 02:23:08,85180807,000000000513c187cd390f4ec3bb53f16a9501894463412ba9f2e0e386d915a0,d915a0,0,双,小
2026-08-09 02:23:18,85180810,000000000513c18a6dd3180f4eec80096d2da7c0091a9bffe2741e52a92109b1,2109b1,1,单,小
2026-08-09 02:23:28,85180813,000000000513c18dbb8fe08e50e778efd3ab18b946d0a69975ff84c584a247f8,a247f8,8,双,大
2026-08-09 02:23:38,85180816,000000000513c190ec1a50149aae3129e2b411e6729465c2871e89a833d5f163,d5f163,3,单,小
2026-08-09 02:23:48,85180820,000000000513c194ff8e51ef9442669ef5a7fc86f9208de7a53cba79a8913506,913506,6,双,大
2026-08-09 02:23:58,85180824,000000000513c198d71c188ea6e593206d94f65ab29fce9c9bbc5f8ddbd81e66,d81e66,6,双,大
2026-08-09 02:24:09,85180828,000000000513c19c93acd63c3b8c21ac644acdef9d11514d05bac31f2b8b9b95,8b9b95,5,单,大
2026-08-09 02:24:20,85180831,000000000513c19f9d62b21ada2e6544d8ae98f053955a0575749ad8a79f85de,9f85de,5,单,大
2026-08-09 02:24:31,85180834,000000000513c1a2da53a56c23284be868aee2e00d77eddf7076078eedeb1509,eb1509,9,单,大
2026-08-09 02:24:42,85180838,000000000513c1a6e82d509ae4656c57c3484816d8a9fb0fd5a5610c2479742e,79742e,2,双,小
2026-08-09 02:24:53,85180842,000000000513c1aabf54075216d421e9da1aa1430eb510cfc1995ed73199b5d4,99b5d4,4,双,小
2026-08-09 02:25:03,85180845,000000000513c1ad285faf2f38c15642526e0923cfaa2faab5156aa7d0a7ece3,a7ece3,3,单,小
2026-08-09 02:42:57,85181203,000000000513c313ad828464fcbb8b1322b9501535ed0ab449cb12d004ac687c,ac687c,7,单,大
2026-08-09 02:43:07,85181206,000000000513c31612fa0df4531e81c124f9bc5aee04cd0be3f41bd13aec5507,ec5507,7,单,大
2026-08-09 02:43:18,85181210,000000000513c31a36d24e2e704d382978d6672c26d5f87265888db4556a352e,6a352e,2,双,小
2026-08-09 02:43:28,85181213,000000000513c31d89104ee67eeddb08ab4a67e259fe7694578b2675656ea949,6ea949,9,单,大
2026-08-09 02:43:38,85181216,000000000513c320005b8a1e61453666c0380206b94f775d03721fd722f65c77,f65c77,7,单,大
2026-08-09 02:43:48,85181220,000000000513c324dc3c5b33d39658bcc1eaeb9f47ecf41970e7eb4033b4b20d,b4b20d,0,双,小
2026-08-09 02:43:57,85181223,000000000513c327787b8b64e15f6c1d6df4a10827262d0ead84aab89dff77cf,ff77cf,7,单,大
2026-08-09 02:44:07,85181227,000000000513c32bacecb9d00cc59c325b3d12c6144d34e48fe00a1ce80789c0,0789c0,0,双,小
2026-08-09 02:44:17,85181230,000000000513c32e9b8341c7152ee67beaf1bdeb7289f08fbcfef8c925c5efad,c5efad,5,单,大
2026-08-09 02:44:27,85181233,000000000513c33112e3e7f50c59586e1d605d54ce53b447a26d5305723c1b29,3c1b29,9,单,大
2026-08-09 02:44:36,85181236,000000000513c334851d988c9d9d587075961c0c2d15e802e781e89f6598e135,98e135,5,单,大
2026-08-09 02:44:46,85181239,000000000513c337a35c8805b06d7963fab93957ff82e38667b8774bce2108c1,2108c1,1,单,小
2026-08-09 02:44:56,85181243,000000000513c33bc875852766ecd780a1ddb79c4c2a25a69123d1fa60b6f5fc,b6f5fc,5,单,大
2026-08-09 02:45:06,85181246,000000000513c33e178d690b78814a9d6355849f9ce1b06c0255c928e837f2b2,37f2b2,2,双,小
2026-08-09 02:45:16,85181250,000000000513c342c8ba1db35bf6e3db5192f6c84a6385d83c51e60fad0f7db9,0f7db9,9,单,大
2026-08-09 02:45:27,85181253,000000000513c345702770a37dcb59a3696af698dfb63468a705d86707853cd2,853cd2,2,双,小
2026-08-09 02:45:37,85181256,000000000513c3482e68b6b7b8851b77a981ccdba47e8b11ffcc1709fde6277b,e6277b,7,单,大
2026-08-09 02:45:47,85181259,000000000513c34b287dae83c4cb07065fe2c2b46bc2d3edcf006d97e6d4e148,d4e148,8,双,大
2026-08-09 02:45:56,85181263,000000000513c34f6ed8c7e737e7e7573bc15b3d41347bb2b1b77a2c4c4d41b6,4d41b6,6,双,大
2026-08-09 02:46:06,85181266,000000000513c352d1dc4e9cf1d631e9274a02a33083bb6a07398f89c9749f09,749f09,9,单,大
2026-08-09 02:46:17,85181270,000000000513c35659b4f0b7ed8d920682bd69590d5c70715ac499599357a2f1,57a2f1,1,单,小
2026-08-09 02:46:28,85181273,000000000513c3593d83f671fb3d86a8a651ac4a2ecdc02bd3bc8262ff0ed5fa,0ed5fa,5,单,大
2026-08-09 02:46:39,85181277,000000000513c35d705cc2362edc917937f0882bd78cf8c2017cd7baab233340,233340,0,双,小
2026-08-09 02:46:50,85181280,000000000513c36006c0b72c686a90a529e81c20ce6acee46bff827e83e77c51,e77c51,1,单,小
2026-08-09 02:47:00,85181284,000000000513c3644f3d2b1726c759b76efb61f8222b4ee0262f63e5a20d2d88,0d2d88,8,双,大
2026-08-09 02:47:11,85181288,000000000513c3689b18fc2cdff86c2e97de2a67947f0a50ff125718f4a9400b,a9400b,0,双,小
2026-08-09 02:47:22,85181291,000000000513c36b275ac6910e2b61e8999558fbf27016c4fbc631f393d13d1e,d13d1e,1,单,小
2026-08-09 02:47:31,85181294,000000000513c36e6022ad3d3c26f5571a0118f5d4c12bf8581e8edaec879396,879396,6,双,大
2026-08-09 02:47:42,85181298,000000000513c3722dfa252c4e0f2054c8549cc53b703411322114b55c472f59,472f59,9,单,大
2026-08-09 02:47:52,85181301,000000000513c3758f29c5033ff3930d547065a6c96497661fe90bdf1454a1c1,54a1c1,1,单,小
2026-08-09 02:48:02,85181305,000000000513c3790f99e5500a6ccf3a2334fac53d368696568c2e31bfac49ff,ac49ff,9,单,大
2026-08-09 02:48:12,85181308,000000000513c37cbdc1953f902c412776e129d129de6578e7b976bea3cb2ac3,cb2ac3,3,单,小
2026-08-09 02:48:22,85181311,000000000513c37f02f96d743354982df740adaf97310a0a13737b40f33f0172,3f0172,2,双,小
2026-08-09 02:48:31,85181314,000000000513c38282801f6fa80477cad428a3e13ddf07028c577748899853e7,9853e7,7,单,大
2026-08-09 02:48:41,85181318,000000000513c386d48219281c6f333a5620bc3320112acd33ea16766e6390d6,6390d6,6,双,大
2026-08-09 02:48:51,85181321,000000000513c389445bb9e21ba3c1054a8e2053ccafcdc7e292979aad77a16a,77a16a,6,双,大
2026-08-09 02:49:01,85181324,000000000513c38cde2a51283fb010799257a733bb30ba1f325855cdaf78beaa,78beaa,8,双,大
2026-08-09 02:49:11,85181328,000000000513c390def1eaa406ee1ce18564ff6b03f026dfad2530d87afb7ed3,fb7ed3,3,单,小
2026-08-09 02:49:20,85181331,000000000513c393b9ed50c7db7d726d3f7877122b18501d84ed310e3d284553,284553,3,单,小
2026-08-09 02:49:30,85181334,000000000513c3961ea87bb00778b86c59078246b521cac6c8ca0ec2ee6c3fac,6c3fac,3,单,小
2026-08-09 02:49:40,85181338,000000000513c39a3f327a62bd49f20fcf2b16f2fd9f551402c9d33d167550e5,7550e5,5,单,大
2026-08-09 02:49:50,85181341,000000000513c39d50013ea1d179f934765dfadddae12773f7aeee7799f397a9,f397a9,9,单,大
2026-08-09 02:50:00,85181344,000000000513c3a085c20bac616805750e16f7a21ff681104100f551ab2baf73,2baf73,3,单,小
2026-08-09 02:50:10,85181347,000000000513c3a371dd03a02ff2128f795cf3753e271fb587bfb66e5c6718d4,6718d4,4,双,小
2026-08-09 02:50:19,85181351,000000000513c3a794811025c98387ca01d82d98ef3b4419ec6a05ed3a90db19,90db19,9,单,大
2026-08-09 02:50:30,85181354,000000000513c3aa7a68ce5ae04c0db302520fd4aec1ede881786bade2e9065b,e9065b,5,单,大
2026-08-09 02:50:41,85181357,000000000513c3ad408a8ab304889df16240e2296d4faa5009f591dbb71bff45,1bff45,5,单,大
2026-08-09 02:50:51,85181362,000000000513c3b2c6509cb30b82b389f23dd293ee8e0fe7358c69b2658dfa29,8dfa29,9,单,大
2026-08-09 02:51:01,85181364,000000000513c3b431c30dfa228e16f0ff3733d160b77b26e75b1d1dbf0a8fed,0a8fed,8,双,大
2026-08-09 02:51:11,85181368,000000000513c3b8d64da021b9c526d4f25e86c3c983ea68920cb1bc9a020a08,020a08,8,双,大
2026-08-09 02:51:21,85181371,000000000513c3bbe79f7a11266e8c43b4a78a2df7626f62a4e2e259dbb3c931,b3c931,1,单,小
2026-08-09 02:51:31,85181375,000000000513c3bf2794d53045b202c23bd563a9e30034b1076da4fd704412b9,4412b9,9,单,大
2026-08-09 02:51:40,85181377,000000000513c3c1ac6505ebfbb59dffe234bafd7efb709edc6d9fe9e31a787f,1a787f,7,单,大
2026-08-09 02:51:50,85181381,000000000513c3c5547b64346dee4add8082a43f22e332e8dec240a84dd3ce1d,d3ce1d,1,单,小
2026-08-09 02:52:00,85181384,000000000513c3c8bc37c8b3496fb34bae6ddc2be5f3d8d4b5834c5f0e5616e0,5616e0,0,双,小
2026-08-09 02:52:10,85181387,000000000513c3cb98419aadacd8ec793c703e35942264ce6be2c066d166987e,66987e,7,单,大
2026-08-09 02:52:20,85181391,000000000513c3cf66de0e493781009b0be716cbd6af4f128248cfff7b4a9bf5,4a9bf5,5,单,大
2026-08-09 02:52:29,85181394,000000000513c3d2c293382b1c8de792f7327f08b94b8f87eda4186dbf5bdd68,5bdd68,8,双,大
2026-08-09 02:52:39,85181397,000000000513c3d56488693f1080c3e7e7658d91810b200a638cb1016a58a228,58a228,8,双,大
2026-08-09 02:52:49,85181400,000000000513c3d8e3d7243eb495774ddf3459405f16417b76bd1c40d0923549,923549,9,单,大
2026-08-09 02:52:59,85181404,000000000513c3dc5863eddf56d484c58bef31f3b33b1df10f18c4dc91c2219d,c2219d,9,单,大
2026-08-09 02:53:09,85181407,000000000513c3dfb4703264d2e088105b1cbab9291e4a115059879b86b18183,b18183,3,单,小
2026-08-09 02:53:18,85181410,000000000513c3e2f9740e833e9c95c1cc02d1cd71d6c14a9f4a45d670fdaef8,fdaef8,8,双,大
2026-08-09 02:53:28,85181414,000000000513c3e61919d1d95cd6b4ccca01d9d9c16385b8c380964532538962,538962,2,双,小
2026-08-09 02:53:38,85181416,000000000513c3e8815aa25928ffe63d0fb9595b2f728d4dec74618d666a889f,6a889f,9,单,大
2026-08-09 02:53:48,85181420,000000000513c3ec4e5b91200f75144c66843d0cf3a2edfc6727df534b2b9c1f,2b9c1f,1,单,小
2026-08-09 02:53:58,85181424,000000000513c3f0dca7cce86f390bf3bf9720804ef87568e7af8f2c66e5aba7,e5aba7,7,单,大
2026-08-09 02:54:08,85181427,000000000513c3f31f45caa80b1fc666ea91a3598a2d5d051de0690f7fd9fbd6,d9fbd6,6,双,大
2026-08-09 02:54:18,85181430,000000000513c3f6447236bd7a270c1c2864e849a604851ca9a4c58801c32cfc,c32cfc,2,双,小
2026-08-09 02:54:27,85181433,000000000513c3f9542edd8e0b6fc7d50500c8e64954273abd47092f0c44a929,44a929,9,单,大
2026-08-09 02:54:37,85181437,000000000513c3fd1f4948be14effdd381fa34cb112419da7468711d901e10c8,1e10c8,8,双,大
2026-08-09 02:54:47,85181440,000000000513c40000dbe447d2756a7c3cdbcafcc5f6640f29c2b272c4463a6d,463a6d,6,双,大
2026-08-09 02:54:57,85181443,000000000513c403aa614f4a23fa288950518958ce5d7bd6f9d2dad4cd53834e,53834e,4,双,小
2026-08-09 02:55:08,85181447,000000000513c40709bbb2533f5915dde677366d596e46f448987bb42176cb76,76cb76,6,双,大
2026-08-09 02:55:18,85181451,000000000513c40b90442e2aea2b124d57eecaa46fe76297acd3f3f5b13e7024,3e7024,4,双,小
2026-08-09 02:55:29,85181454,000000000513c40e8acf08b2d26df70503c9bff7bb870a0d825fdaede38ad15a,8ad15a,5,单,大
2026-08-09 02:55:39,85181458,000000000513c4124858504a837e8eeb1e784f401a57dba234353a89bf02b3b9,02b3b9,9,单,大
2026-08-09 02:55:50,85181461,000000000513c41531c5da7d797d7e834857f2a2fba03900e58d1563b240ad02,40ad02,2,双,小
2026-08-09 02:55:59,85181464,000000000513c4184fdf01f980da73f070509b58078751d451267b2f20f01750,f01750,0,双,小
2026-08-09 02:56:09,85181467,000000000513c41b5e963053b3884c1e4140f53cd17695bbd9dc827b5970ecbe,70ecbe,0,双,小
2026-08-09 02:56:19,85181470,000000000513c41ee6ae76c1849b9c1895d50bcebf03525655dc2449f7cb2942,cb2942,2,双,小
2026-08-09 02:56:29,85181474,000000000513c4221405f552f7cf605f1eee1e98ec6b07ea5e124e7e1a7fb1db,7fb1db,1,单,小
2026-08-09 02:56:39,85181477,000000000513c425d067152a43e32a0077d24aa4c3dfa5fbc34c75eb0d9ec0f3,9ec0f3,3,单,小
2026-08-09 02:56:48,85181480,000000000513c428a799c66b2aaf7f19512fb5f394265b7c145bbaee52325b13,325b13,3,单,小
2026-08-09 02:56:58,85181483,000000000513c42bb0c780231f35c991d6a3fcbf8f1c1b3066578913f8916629,916629,9,单,大
2026-08-09 02:57:08,85181486,000000000513c42e53c1fe252a196c4c495510b149038fc7690e268ffb72bb9b,72bb9b,9,单,大
2026-08-09 02:57:18,85181490,000000000513c432784c29de3b8012b11477086535ef6b62bd54a33f4802d5a7,02d5a7,7,单,大
2026-08-09 02:57:28,85181493,000000000513c43529f380ede2c0e018d5ee4f6974bf51f92152193980c34114,c34114,4,双,小
2026-08-09 02:57:37,85181496,000000000513c43864f7060ec5bcfe8c96845c8ae326c08b1ee38c825041844f,41844f,4,双,小
2026-08-09 02:57:47,85181500,000000000513c43c4114242b30da5285004ab9f41fe94717f9a363df06f2a294,f2a294,4,双,小
2026-08-09 02:57:57,85181503,000000000513c43f65c4d7f1716bb63dc926e2ff00360346a421937c2c6b7e77,6b7e77,7,单,大
2026-08-09 02:58:07,85181506,000000000513c442f663bc30c5d0c9be0755de2fd4706713c2c9318f9d71bf7f,71bf7f,7,单,大
2026-08-09 02:58:17,85181510,000000000513c44622af0c6e0d907bcbf7c713e93ff467d8b5ebdef37f27ed25,27ed25,5,单,大
2026-08-09 02:58:27,85181513,000000000513c4491506b4285167c559ef16f1969d47d5ede6e30ebe2dbefda8,befda8,8,双,大
2026-08-09 02:58:37,85181516,000000000513c44ca8f904dcc7cae577384193e7d717b9230c551e665e160349,160349,9,单,大
2026-08-09 02:58:46,85181519,000000000513c44f2d6343316b2de3da58c87c2c5c2af3057755a81c3a623ad8,623ad8,8,双,大
2026-08-09 02:58:56,85181523,000000000513c4536aa3ee29d693e0c1c3a049b55d8583d004ccdd1086bd3404,bd3404,4,双,小
2026-08-09 02:59:06,85181526,000000000513c456374ab0d86ca72c15ec42f2bfcd13153d0ef47ae918e46b46,e46b46,6,双,大
2026-08-09 02:59:16,85181529,000000000513c459426eaee7cbb150da228c93284cae22c2a285ff1d23f4ea81,f4ea81,1,单,小
2026-08-09 02:59:25,85181533,000000000513c45de602bbc89d532b42946ac6504bdb8c77c77ba7e68859b038,59b038,8,双,大
2026-08-09 02:59:35,85181536,000000000513c46019012637844aafc133c16f5fd56aac282cb71b8edf3e22a8,3e22a8,8,双,大
2026-08-09 02:59:45,85181539,000000000513c46366ba6360067831b5c50583133a8889fd466d152e055d1119,5d1119,9,单,大
2026-08-09 02:59:55,85181543,000000000513c467f45e69782aff6de51bdd5c5807645ee428e1c4745a16955d,16955d,5,单,大
2026-08-09 03:00:04,85181545,000000000513c4696ecbdf53eaba672cbe75dcd077fc40fcb9ed20463225e238,25e238,8,双,大
2026-08-09 03:00:14,85181549,000000000513c46de58bab2a80df8c27c70522eb50d6efb4e5f9690d5ed14745,d14745,5,单,大
2026-08-09 03:00:24,85181552,000000000513c4701bb92bb5b28c55b426e8d1e50e93db38586887c0cc414534,414534,4,双,小
2026-08-09 03:00:35,85181556,000000000513c474cecd61c2d2e361379aea3bf9bc9f539b09aea6b1df284443,284443,3,单,小
2026-08-09 03:00:45,85181559,000000000513c477eb2e7eb3a35d801c59615b54a5328c72d36b4395d6fd419b,fd419b,9,单,大
2026-08-09 03:00:56,85181563,000000000513c47b69f420732071559a8ba17b68d064161f45badb751ab49808,b49808,8,双,大
2026-08-09 03:01:07,85181566,000000000513c47e1e768318039d91ce80e68c3b10c7e6227fce14f03be233dd,e233dd,3,单,小
2026-08-09 03:01:18,85181570,000000000513c482d6564c452260dc46a1ed6f2bbfa6a4fc8d509b11a4573772,573772,2,双,小
2026-08-09 03:01:28,85181573,000000000513c485513332fc30650cf961d680b37f429f4e94e11dfeea4c9925,4c9925,5,单,大
2026-08-09 03:01:38,85181577,000000000513c489237bc337f90d2f53fcb3e5ec801bf1029df8011d9a7fb580,7fb580,0,双,小
2026-08-09 03:01:49,85181580,000000000513c48cd8efcc4c91cc676e4d7122531aa3ebc58eba5f7b7c370171,370171,1,单,小
2026-08-09 03:02:00,85181584,000000000513c490c6265d32894e971d039b5e3b7a91de4472e89347e349a0b4,49a0b4,4,双,小
2026-08-09 03:02:10,85181588,000000000513c494d1430f20b91a45c5495e8ce62263430b32e24429abb0e700,b0e700,0,双,小
2026-08-09 03:02:21,85181591,000000000513c497df68ccd5582d62a5c60c3e7439fdbfcd53ee5acd74d579db,d579db,9,单,大
2026-08-09 03:02:32,85181595,000000000513c49b4c374e811cc8d9ea9f65945fcf89ad36f758c09b0188f36f,88f36f,6,双,大
2026-08-09 03:02:42,85181598,000000000513c49e6afdc4ba3897d698423d872214ae4ed694abfdb6e9ba1e4a,ba1e4a,4,双,小
2026-08-09 03:02:53,85181601,000000000513c4a100898fd08084394bfaffe20185e503dff3b01158fecff105,cff105,5,单,大
2026-08-09 03:03:04,85181605,000000000513c4a5f0731d935a72993fd57e9dce84dc2b8c0f844d050fe7d18b,e7d18b,8,双,大
2026-08-09 03:03:14,85181609,000000000513c4a980bfd6a794cb765cc0c279079f7b908a9909d7b67e70c801,70c801,1,单,小
2026-08-09 03:03:25,85181612,000000000513c4ac3c58059c6fdfbd865473144d2675383b037b4dd99f5d3ea8,5d3ea8,8,双,大
2026-08-09 03:03:35,85181616,000000000513c4b0486580409d56a16d0bc1d33333dc06db119f7f46ce15babe,15babe,5,单,大
2026-08-09 03:03:45,85181619,000000000513c4b3bc4d1af0d15dddbeb5d28d92a6d30bdac15a7922db8ab2fc,8ab2fc,2,双,小
2026-08-09 03:03:55,85181622,000000000513c4b619cf0c8adac25f8f0182da49c6595ed42e1caae5fd835bec,835bec,5,单,大
2026-08-09 03:04:05,85181626,000000000513c4bae1b512e0aa9446496ff72ed599a509bd59c0cf1de1f542dd,f542dd,2,双,小
2026-08-09 03:04:15,85181629,000000000513c4bdeeb98164784f29f87f87f02e9d5e4079b130f713a585aede,85aede,5,单,大
2026-08-09 03:04:25,85181633,000000000513c4c1f9580bfdfe60050ecc95b3db75fea40bb8cff5b4519d4c58,9d4c58,8,双,大
2026-08-09 03:04:35,85181636,000000000513c4c4dcdf86a89aefe4e4749ecea7c4d9da0a42668ecd11487c86,487c86,6,双,大
2026-08-09 03:04:45,85181640,000000000513c4c88061fdc6a6d48f38f3beb4e70a82eb7e9e8d016081ecca78,ecca78,8,双,大
2026-08-09 03:04:55,85181642,000000000513c4cac459804eed08f352b7ab5ce612ff8ddf81a455ef165410b0,5410b0,0,双,小
2026-08-09 03:05:04,85181645,000000000513c4cddcfbee47fd4954e18900a6aea55624432ea2df2574af9a09,af9a09,9,单,大
2026-08-09 03:05:14,85181649,000000000513c4d1e95ddc8f60355d113fd19d9ee02738b9762f4f779ad13137,d13137,7,单,大
2026-08-09 03:05:24,85181652,000000000513c4d418f213cc54baf206097c7b07ac05c2e20434df3d23f3958d,f3958d,8,双,大
2026-08-09 03:05:34,85181655,000000000513c4d74790ce92cd02f15090a32f648007ddf216235c524a93888a,93888a,8,双,大
2026-08-09 03:05:43,85181658,000000000513c4da8fac93ab514bf07d84491599afd94a244699049f4fe7c258,e7c258,8,双,大
2026-08-09 03:05:53,85181662,000000000513c4de728eda9d4d1cfe71104637a6da85a3be9994d43b45d3c018,d3c018,8,双,大
2026-08-09 03:06:03,85181665,000000000513c4e17df2a8a5c3e6e6ba53db621679ae475f5411d3bc7d1e7bee,1e7bee,7,单,大
2026-08-09 03:06:13,85181668,000000000513c4e47ff3a5a6e7db1f340f1a8d67f795b63487f145d13fc41d03,c41d03,3,单,小
2026-08-09 03:06:23,85181671,000000000513c4e7f0d306aa82f77537fe1b37428017c62f1e619f9ba82b0623,2b0623,3,单,小
2026-08-09 03:06:33,85181675,000000000513c4eb441c2d657b2728534387833b58091081b553b3e3ec82219c,82219c,9,单,大
2026-08-09 03:06:43,85181678,000000000513c4eebf79403958145a7f8af9f739ce4b7053a33537569ba1af57,a1af57,7,单,大
2026-08-09 03:06:54,85181682,000000000513c4f29137ace850ceac131c7576b97c72bd7bf2731c6c939bbc76,9bbc76,6,双,大
2026-08-09 03:07:04,85181685,000000000513c4f57b013ce26b2804dd2f7e8b6c03851ba4d60c4fbd6f8ff66e,8ff66e,6,双,大
2026-08-09 03:07:14,85181689,000000000513c4f99d8ac18849842c55c327f69b524c3338997bc0171cce70e3,ce70e3,3,单,小
2026-08-09 03:07:23,85181692,000000000513c4fcd36519d402b7e575963c3b864a5aab62f26e85de0f086c06,086c06,6,双,大
2026-08-09 03:07:34,85181696,000000000513c5001328fa28180dcb297d024df40ae87308a006c41872e552c8,e552c8,8,双,大
2026-08-09 03:07:44,85181698,000000000513c50236ef79588f4698af0892dbc9990f57ed009d712935b319c5,b319c5,5,单,大
2026-08-09 03:07:53,85181702,000000000513c5068c63b76f4a80ebb0ba743012e99034f59662a3cc138f9296,8f9296,6,双,大
2026-08-09 03:08:03,85181706,000000000513c50ac8af78146f65fbe403c42d752bf276730ac8d7735b047858,047858,8,双,大
2026-08-09 03:08:13,85181708,000000000513c50c6311e0830434765c8019d0aea06f4c2af341e9b0bb8d461e,8d461e,1,单,小
2026-08-09 03:08:23,85181712,000000000513c510ce64df6476c7d86760da7dc519573eda4ffa5afc4eb97b25,b97b25,5,单,大
2026-08-09 03:08:33,85181715,000000000513c5133ec62569145d8905b4c911d56e82d3707115abbda0dc9de0,dc9de0,0,双,小
2026-08-09 03:08:43,85181718,000000000513c5167061f90c3e10f227656136bcdb8ceb1534209f18d8570825,570825,5,单,大
2026-08-09 03:08:53,85181721,000000000513c519a88809e56adaf1a1d720b01a739325d2346cd06cec2b2c37,2b2c37,7,单,大
2026-08-09 03:09:02,85181725,000000000513c51d99eca22dca52320d8e211616bcf38660b809c4c7d816ad5e,16ad5e,5,单,大
2026-08-09 03:09:12,85181728,000000000513c520a361df2e69e0fa7d9bb419d8e4ec1a2c309ac0e8ef024b77,024b77,7,单,大
2026-08-09 03:09:22,85181731,000000000513c523655db943707bb8766189cb2e348b13cf7d0fc913be64dd47,64dd47,7,单,大
2026-08-09 03:09:32,85181734,000000000513c52659aacabba7bf7a793e3ecb6d105a1c61d67de503c0dbc029,dbc029,9,单,大
2026-08-09 03:09:42,85181738,000000000513c52ac198be3383451736ec494be944e385cfdfb569f14dd3de41,d3de41,1,单,小
2026-08-09 03:09:52,85181741,000000000513c52d2df9bd8c342c420de9956970275a987be728757262f5ab5e,f5ab5e,5,单,大
2026-08-09 03:10:01,85181744,000000000513c5301f50739f1249f2d45d2bf6c5913e8aec4940077f2ef67eda,f67eda,7,单,大
2026-08-09 03:10:11,85181748,000000000513c534bd9c147745915768b2ac23dac485542fe40c503c6ba714b8,a714b8,8,双,大
2026-08-09 03:10:21,85181752,000000000513c538b8dd619f248b84a725157dfb5b955dbad0312314dd9e4c1e,9e4c1e,1,单,小
2026-08-09 03:10:31,85181754,000000000513c53a09ee405fb591918f22938d925025c72db60bbfbcf31339e4,1339e4,4,双,小
2026-08-09 03:10:41,85181758,000000000513c53eb8f93ec5637d17b1d9c4efe95633bcbf2cb67fb3917ae0ad,7ae0ad,0,双,小
2026-08-09 03:10:52,85181762,000000000513c542970dbe68635797b2cd076338d5c2bd6e866db91807629c3c,629c3c,3,单,小
2026-08-09 03:11:03,85181765,000000000513c5458f1553f1a1f94f3a2153c628001dffc1b9fd3ccc3eae4d34,ae4d34,4,双,小
2026-08-09 03:11:14,85181769,000000000513c549b6fdcf2d4d12aa2e97345c9e6f203aad380c0e5435c8f1b2,c8f1b2,2,双,小
2026-08-09 03:11:24,85181772,000000000513c54c41944d9f4ef6cec8710eb0b627e828044cf3f7e681631076,631076,6,双,大
2026-08-09 03:11:35,85181776,000000000513c5509fe5037e3feee4009e530378e167c78f103aa234093d28aa,3d28aa,8,双,大
2026-08-09 03:11:45,85181779,000000000513c553203a8f37164db0333f7e09439a0beadad43de419363fc74e,3fc74e,4,双,小
2026-08-09 03:11:56,85181782,000000000513c556d3f81cf8fd734ffc332c8250a26f84203c3796643caa0e7a,aa0e7a,7,单,大
2026-08-09 03:12:07,85181786,000000000513c55ad0dd94bc845907ed37181d9bc0e0afae33a1a49badb84870,b84870,0,双,小
2026-08-09 03:12:17,85181790,000000000513c55ee4d0c57a738e08b2381dc95e93c8aac334943e6173bf0e8e,bf0e8e,8,双,大
2026-08-09 03:12:28,85181793,000000000513c561fa9eadeb6c32e8ee0e888f1d7617faee568abad6c63d785c,3d785c,5,单,大
2026-08-09 03:12:38,85181797,000000000513c56541cd6996b681cc67c2fadd332bcfcfed12e3f536a76edce7,6edce7,7,单,大
2026-08-09 03:12:49,85181800,000000000513c56878c42061f462ad6404e4876c9ae58555e4484432848f2961,8f2961,1,单,小
2026-08-09 03:13:00,85181804,000000000513c56ca6b00590e2d0de19f8bec8e8af4db763b222eaba5b8ec24c,8ec24c,4,双,小
2026-08-09 03:13:10,85181808,000000000513c570fb18f9d674b6a7e778a4f6174fd1b12196b9c80b13d06fd3,d06fd3,3,单,小
2026-08-09 03:13:21,85181811,000000000513c5735822807ea9fb41b604eb07fb3a11fa7196d08548966db763,6db763,3,单,小
2026-08-09 03:13:31,85181814,000000000513c576d332e858c22b1dbc09af7fc06081280cf8521afb4767102a,67102a,2,双,小
2026-08-09 03:13:40,85181817,000000000513c579aaf097535aae9ea7e7f21135c99ae96e99c3c3403a93f1da,93f1da,1,单,小
2026-08-09 03:13:50,85181821,000000000513c57d2e97682f3e0b3e1e991c8dca045edda876495f11f58456a9,8456a9,9,单,大
2026-08-09 03:14:00,85181824,000000000513c580ebae2896cf3ef031db5a51bfb3b24df6e4ca16432bd5ced0,d5ced0,0,双,小
2026-08-09 03:14:10,85181827,000000000513c583e9866fab9dea64d61d51ac08fd61c7bddb5b5a866d101e1a,101e1a,1,单,小
2026-08-09 03:14:20,85181830,000000000513c586c15ab7fb2030d1ec8ba77774074256f02b597fdcb323382e,23382e,2,双,小
2026-08-09 03:14:29,85181834,000000000513c58abfedb0bceab1c9589ea76ec316260a1356b52b38a3a47479,a47479,9,单,大
2026-08-09 03:14:39,85181837,000000000513c58d51fd23318da52ab5da8e65de6af058c1f1aa48b4a85f9837,5f9837,7,单,大
2026-08-09 03:14:50,85181840,000000000513c5903e4b7396bc9eeb23be15c15005e6c5f9dafbda0bf68fefc3,8fefc3,3,单,小
2026-08-09 03:15:00,85181844,000000000513c59421a58ab756a3580062ae6915af20c73e46b6420c89df0b73,df0b73,3,单,小
2026-08-09 03:15:11,85181847,000000000513c597f96d40ef1b45236bda7298e43fe8b254776c14b71b62f5fc,62f5fc,5,单,大
2026-08-09 03:15:22,85181851,000000000513c59b2575d519fdbb51ca5560f7074a287c79f0b5dc2d2152bbf6,52bbf6,6,双,大
2026-08-09 03:15:32,85181855,000000000513c59f09f553331a90a05aa4a056f2a7bb04d524358ca38821444b,21444b,4,双,小
2026-08-09 03:15:41,85181858,000000000513c5a2b78de3298222e0b7de833c0d18bdb95c8fd26a814c0f3f60,0f3f60,0,双,小
2026-08-09 03:15:51,85181862,000000000513c5a6819399eb058745537c5f6c815970888f53b53b89897532dc,7532dc,2,双,小
2026-08-09 03:16:02,85181865,000000000513c5a90917750a189b48112271c7c1061ab4a3b8a8a71fda49ef70,49ef70,0,双,小
2026-08-09 03:16:12,85181868,000000000513c5ac57f43b9d71ec501a137d0e6bf10c17be53f985d00a69d411,69d411,1,单,小
2026-08-09 03:16:22,85181871,000000000513c5af3449ef5a78176011eef3a09289ce427ff02d55746a4b1044,4b1044,4,双,小
2026-08-09 03:16:33,85181875,000000000513c5b30b3ee58a507902a5753ed628f982453d87e91b9e995e7a2d,5e7a2d,2,双,小
2026-08-09 03:16:43,85181878,000000000513c5b65ccad2f1df84fedea8565b377774ef13374a6d0a2ac38b0f,c38b0f,0,双,小
2026-08-09 03:16:54,85181882,000000000513c5ba8f6afdda3ddeb725fc8a9961bd7901024232535d90bb6610,bb6610,0,双,小
2026-08-09 03:17:04,85181885,000000000513c5bd19314192400b5b3c428ce8b76daf10af93e651ab21d36620,d36620,0,双,小
2026-08-09 03:17:15,85181889,000000000513c5c1347464f077c06fb2bf2685c58b7a840e48f99ad7a2047725,047725,5,单,大
2026-08-09 03:17:26,85181892,000000000513c5c474b06ec4b0edcae002fdc56093d3e8db607f8fff75e058fd,e058fd,8,双,大
2026-08-09 03:17:35,85181896,000000000513c5c82973e9426144a86f7eb39156c1d4bea9f9660738265738f7,5738f7,7,单,大
2026-08-09 03:17:45,85181899,000000000513c5cb8c4b1ea2f0c565dd55d6250ecb37c5030ae5adfb04330378,330378,8,双,大
2026-08-09 03:17:55,85181902,000000000513c5ce164352bfb5f2a95633602134590b3a3d953c009d9231abe3,31abe3,3,单,小
2026-08-09 03:18:05,85181906,000000000513c5d27bbbd72fe7b675ff7a9dc216c5c4f70a36ad666c2aa0230a,a0230a,0,双,小
2026-08-09 03:18:14,85181909,000000000513c5d57370685810034f466e5dd5c545a21e33ffdbff148ad278d9,d278d9,9,单,大
2026-08-09 03:18:24,85181912,000000000513c5d8fc9aa4f427c45fb0a61b7ef2f1d29beed779f09d683c1348,3c1348,8,双,大
2026-08-09 03:18:35,85181916,000000000513c5dce78eafd53f0e5c6ebfeb3b745d7ea1f304909c28fa19a319,19a319,9,单,大
2026-08-09 03:18:45,85181919,000000000513c5dfb2bb214663dc9e024bf6040958928572fa9ae22290e60829,e60829,9,单,大
2026-08-09 03:18:54,85181922,000000000513c5e24bcc295cd4ec4200f460386f31b81d4371d043a7a680f99c,80f99c,9,单,大
2026-08-09 03:19:04,85181926,000000000513c5e6df87d7628013b6a34223ea98a37e9e69fd4c1e2505522d4c,522d4c,4,双,小
2026-08-09 03:19:14,85181929,000000000513c5e95803eb65f5f76c022aa1d515a09c0cc32de6292b7dca6c9c,ca6c9c,9,单,大
2026-08-09 03:19:24,85181932,000000000513c5ecd799d73686ae83292a7102acc62b0dca20d49e519c371802,371802,2,双,小
2026-08-09 03:19:33,85181935,000000000513c5efb84823ac5acc14cf17296563c2ba9334ffbd90b6b2824683,824683,3,单,小
2026-08-09 03:19:43,85181938,000000000513c5f29bd14d695f0df197b84fef3c7e0f3d568acdbce28aa0de71,a0de71,1,单,小
2026-08-09 03:19:53,85181942,000000000513c5f63feff5811228ea52705f5d9d559ed60ac2f4d127d39b92b8,9b92b8,8,双,大
2026-08-09 03:20:03,85181945,000000000513c5f930154dab972c6db82067a9bd2f7b4195fdc5e82173249dea,249dea,9,单,大
2026-08-09 03:20:13,85181949,000000000513c5fdbbb9cf894e817e9a2a76a517b3c4b79de8441edd631257cc,1257cc,7,单,大
2026-08-09 03:20:24,85181952,000000000513c6004ac1247bb7a7e9356c6d1cd4a95120d5bb3aab6730293024,293024,4,双,小
2026-08-09 03:20:35,85181955,000000000513c603f674332fd2fc918313febae3a4063c0e6310af9501de0e1b,de0e1b,1,单,小
2026-08-09 03:20:45,85181959,000000000513c6073e11f4fff36471e0342f7573bb6a1dc811d97465b53dcb25,3dcb25,5,单,大
2026-08-09 03:20:56,85181962,000000000513c60af5123376d28f78930a78b2d0c8a66905c1119f8ab3b0fd3a,b0fd3a,3,单,小
2026-08-09 03:21:06,85181966,000000000513c60e20b5f1f3aeb24e5fa02c3e485f5adbd3f43b0ef69924131f,24131f,1,单,小
2026-08-09 03:21:17,85181970,000000000513c61229cddb039ac7d9ceeb84dfed2b5b64cb99139c3ecb03b8a8,03b8a8,8,双,大
2026-08-09 03:21:28,85181973,000000000513c615fa368e372499592a5caa3516ff3c1f212b4f1d8e227aeee6,7aeee6,6,双,大
2026-08-09 03:21:38,85181977,000000000513c6198864063cb5f49642da76ca334b00d0984d7111cedf4714f8,4714f8,8,双,大
2026-08-09 03:21:49,85181980,000000000513c61c927c8a6b4f767cb552ab1684faa759bac7de4a9aa663e2e8,63e2e8,8,双,大
2026-08-09 03:21:59,85181984,000000000513c620a9a53ba2068179e741ad79cd287e55804dd4390b98d33416,d33416,6,双,大
2026-08-09 03:22:10,85181988,000000000513c624ab0ca40e5066a963b46e6d47944dba8093f315e185528252,528252,2,双,小
2026-08-09 03:22:20,85181991,000000000513c627efd2a975b9e7b1e37b6409f7b0a4d02729616a5418eaab95,eaab95,5,单,大
2026-08-09 03:22:30,85181994,000000000513c62a1dd0b5a859fc722ff22f18f0d972af79704614d8be289bec,289bec,9,单,大
2026-08-09 03:22:40,85181997,000000000513c62d369c181006cff96f8c62951bc32da489a2352e45563d230b,3d230b,0,双,小
2026-08-09 03:22:50,85182001,000000000513c63144c383867702712adb20fa930c09a5eee62d60edab36b382,36b382,2,双,小
2026-08-09 03:22:59,85182004,000000000513c63432ea7bf8571fa86f86a1804e9cbe6ac306bb5c0d3c25f910,25f910,0,双,小
2026-08-09 03:23:09,85182007,000000000513c637daccc8af3baeef8e46e4852db30143947b2969dfb5ff34de,ff34de,4,双,小
2026-08-09 03:23:19,85182011,000000000513c63b3ee40bd03fd9c496315310a84089937979fed8b45f019dc6,019dc6,6,双,大
2026-08-09 03:23:29,85182014,000000000513c63e6f5554da8818628bdd8b910892d1bfbbfdd224977ea44c70,a44c70,0,双,小
2026-08-09 03:23:38,85182017,000000000513c641d01a33e963b39ac17a2e75371428147304cd27b6a8f25b1f,f25b1f,1,单,小
2026-08-09 03:23:48,85182020,000000000513c64418858112e5307c6f5ac9580db5937387eadda31ed7941cb3,941cb3,3,单,小
2026-08-09 03:23:58,85182023,000000000513c647cb60b14ccba01a48cd598d92cc4b644773134e90652750e5,2750e5,5,单,大
2026-08-09 03:24:08,85182027,000000000513c64b8b9fe48f049d025843f46b381d7d3c5089db7d13b094cc78,94cc78,8,双,大
2026-08-09 03:24:17,85182030,000000000513c64e1749b46d3e12d0a2752b5ce947b33a6ade39ff3ee817efc6,17efc6,6,双,大
2026-08-09 03:24:27,85182033,000000000513c6512d2ef88d3599bcfa6a2b5b44afe4080b22090f6c0303930b,03930b,0,双,小
2026-08-09 03:24:37,85182037,000000000513c655f504cde046b20581de2244c73f44f5dae366c07633a5d0a4,a5d0a4,4,双,小
2026-08-09 03:24:47,85182040,000000000513c658f668554b097eddc50a651bb7c392139c8dc823bfbbfeb007,feb007,7,单,大
2026-08-09 03:24:56,85182043,000000000513c65bc48db9aba23ec75f62912245edc4e74ad4ef8a4fce78b12b,78b12b,2,双,小
2026-08-09 03:25:06,85182046,000000000513c65e7f9a6ad4726098265220b8cee5d34084000fc68bbb66143c,66143c,3,单,小
2026-08-09 03:25:16,85182050,000000000513c662ad21957801c71e6db14a8495f90d5a592d6bf9a2b63945fd,3945fd,5,单,大
2026-08-09 03:25:26,85182052,000000000513c664bb41c0d0118cdeb4e8c4aeea8197f168d46c12effe255982,255982,2,双,小
2026-08-09 03:25:35,85182056,000000000513c6688ca75a0e842815c84c20c44e6f0a1761e5a989ce452dc699,2dc699,9,单,大
2026-08-09 03:25:46,85182060,000000000513c66c8e71d833de41bb5dcdf54f4986457a2694831e4a81b94baf,b94baf,4,双,小
2026-08-09 03:25:56,85182063,000000000513c66f1ee10f8b88c6a7cb67625d1fff61780a06e9a993be217de8,217de8,8,双,大
2026-08-09 03:26:07,85182066,000000000513c6727aa0a7ffdbbaec39a5679e232430e54802cd17b9e4a37018,a37018,8,双,大
2026-08-09 03:26:18,85182070,000000000513c67691c0058708ddc96c3872dde28395ed08187e4b8d759ba109,9ba109,9,单,大
2026-08-09 03:26:28,85182074,000000000513c67a46b5ed0b7252a4bb36b3e7bd26d26925e1b57412238a851e,8a851e,1,单,小
2026-08-09 03:26:39,85182077,000000000513c67d94f14db03fabb478714b48232e1bd96fe9de3d1099b8866d,b8866d,6,双,大
2026-08-09 03:26:49,85182081,000000000513c68111e566766720690b296c9060f9a7332f2c4a7e3d8e370eb5,370eb5,5,单,大
2026-08-09 03:27:00,85182084,000000000513c6841f6f6fb8f71af835762c003f0d8b9794736570578858876a,58876a,6,双,大
2026-08-09 03:27:11,85182087,000000000513c6878cec3edeeaee327a92477a03f6f7c5c5e20d8565e0e04ba0,e04ba0,0,双,小
2026-08-09 03:27:22,85182092,000000000513c68c8fe27285b41de83957ec42f8cabefa0819e66566aa82001e,82001e,1,单,小
2026-08-09 03:27:32,85182095,000000000513c68fa097b7ca133a009cf98887e70341f5d474b4935775352c89,352c89,9,单,大
2026-08-09 03:27:43,85182098,000000000513c692fbbe49440553aa2e9c02f074da7687fabb5416e35fc8c3a8,c8c3a8,8,双,大
2026-08-09 03:27:53,85182102,000000000513c696355df5c79c50c6b7d87536b905b0f303844d32b4b3494862,494862,2,双,小
2026-08-09 03:28:04,85182105,000000000513c699a0b90d7b5d9cc0c57ad9ce1098bbc27022931d39dab5e7b8,b5e7b8,8,双,大
2026-08-09 03:28:15,85182109,000000000513c69d3ff96b83498aab3148d321de98412984e656d58b154f4721,4f4721,1,单,小
2026-08-09 03:28:26,85182113,000000000513c6a15ced329594556bdac48fc5f317bb1d58d252a9745bd8fa18,d8fa18,8,双,大
2026-08-09 03:28:36,85182117,000000000513c6a513f78bf7d77d2fa6446d82208d113d8bef4ca4170fb91895,b91895,5,单,大
2026-08-09 03:28:47,85182120,000000000513c6a8cc95aa73a144a25a29548e1a5059435ef8a1cedc2008db61,08db61,1,单,小
2026-08-09 03:28:57,85182123,000000000513c6abc471cc4f0d6001720d046c980eba98a6cea1d4990c6db2aa,6db2aa,2,双,小
2026-08-09 03:29:08,85182126,000000000513c6ae025512e416bb7321bb3d7c45a10c1e528ae6d7cf3a717523,717523,3,单,小
2026-08-09 03:29:19,85182130,000000000513c6b28d1ef64f8b73c8ec8522b3945351b8ffac8d69d1562e61ca,2e61ca,1,单,小
2026-08-09 03:29:29,85182134,000000000513c6b65e385cfb39e2a421a91d66cec8cccb0b6732db9b0a295617,295617,7,单,大
2026-08-09 03:29:40,85182137,000000000513c6b9c6e6d6add2a312cd016a57decaa55069e459c768a021ed6c,21ed6c,6,双,大
2026-08-09 03:29:50,85182141,000000000513c6bd42306097d57fcbcdcd730913d7222fa76f5d8e0a9bf82c04,f82c04,4,双,小
2026-08-09 03:30:01,85182144,000000000513c6c0af7a4d65058bfa528391e12da37d754e2286684ea66712f3,6712f3,3,单,小
2026-08-09 03:30:11,85182148,000000000513c6c46eebd17a6f8363e255d348585639aa77334e413eebefc3d1,efc3d1,1,单,小
2026-08-09 03:30:22,85182152,000000000513c6c873f381467738654d4bf283c775e2756a2c159c9644d8f2bd,d8f2bd,2,双,小
2026-08-09 03:30:33,85182155,000000000513c6cbb2a087bab28150faee1df30160bc5a25d594e741cc768c68,768c68,8,双,大
2026-08-09 03:30:43,85182159,000000000513c6cf0b24b7b37d86a0b452d952430ecc3cc0027c5abda4fbcaa2,fbcaa2,2,双,小
2026-08-09 03:30:54,85182162,000000000513c6d2698587f0261a7cf1bc77852ce20607bde58b3f1616998be1,998be1,1,单,小
2026-08-09 03:31:05,85182165,000000000513c6d5d2df6c9783cd3315245e1dfe2188906b9b9ae921a09c936b,9c936b,6,双,大
2026-08-09 03:31:15,85182169,000000000513c6d9ad35bb4ed8499b0def7278da9f499a380a44395362100020,100020,0,双,小
2026-08-09 03:31:26,85182172,000000000513c6dce9fb06dcc106328ae11bfa6e8926ae70932db8f132faecb9,faecb9,9,单,大
2026-08-09 03:31:36,85182176,000000000513c6e0959f4a1375a989e6c8595df1edacd21d831592ad7f65c559,65c559,9,单,大
2026-08-09 03:31:47,85182180,000000000513c6e4ca144dadbdc6e77dc2677c67adef8b1070462770c2cbaebe,cbaebe,2,双,小
2026-08-09 03:31:57,85182183,000000000513c6e7d5329aa80a6630246be76477a390f58025cf7df0b917b2ac,17b2ac,2,双,小
2026-08-09 03:32:07,85182187,000000000513c6ebe1fb3c60061579b8931b49a201bcbc4851f3bdc0c96c2c8f,6c2c8f,8,双,大
2026-08-09 03:32:18,85182190,000000000513c6ee9b7e7884f0a1b21b7674c0ad624e05f163d450d3ee3a7cbc,3a7cbc,7,单,大
2026-08-09 03:32:28,85182193,000000000513c6f1c4945ee0c737e6881be71ecd67f35c27a6bd532d3ed63195,d63195,5,单,大
2026-08-09 03:32:38,85182197,000000000513c6f55dec5f6d353d25c340231db030e8dedfc4c67164affd5c59,fd5c59,9,单,大
2026-08-09 03:32:49,85182200,000000000513c6f88879f4a4dbab7c6ebd09ca82e5965e56184398465308d563,08d563,3,单,小
2026-08-09 03:32:59,85182204,000000000513c6fc97e399a3d550bc46dd9d52180906a8e60f38877e99e70250,e70250,0,双,小
2026-08-09 03:33:10,85182207,000000000513c6ff65809dc6b0eea3b2b6d4e64c2ea02334d58728f9c45d0387,5d0387,7,单,大
2026-08-09 03:33:20,85182211,000000000513c70356f387fb58fbe2a847246f3df44c943153c8d54cbb47a0b6,47a0b6,6,双,大
2026-08-09 03:33:30,85182214,000000000513c706ea88d4278d9f53b1ace6ab68b0edb03ed2a5516ec86110b2,6110b2,2,双,小
2026-08-09 03:33:41,85182218,000000000513c70a23144511a1dfed925295a6b09c6546ad28798a7406ee791f,ee791f,1,单,小
2026-08-09 03:33:51,85182221,000000000513c70dd6f52f6e73002b271356a52905cc79131f7add4ade1d07bf,1d07bf,7,单,大
2026-08-09 03:34:02,85182224,000000000513c710652ccbc4e5cc29f9653f1cddfbad8ad41aac3ee3f61b57d0,1b57d0,0,双,小
2026-08-09 03:34:12,85182228,000000000513c7144877b3b2a44c65b0c220acd195473429ebc58e1ec02df81c,2df81c,1,单,小
2026-08-09 03:34:23,85182231,000000000513c717996a5729c68aff33656f04a69b3bba401ef31c28644cf02c,4cf02c,2,双,小
2026-08-09 03:34:33,85182235,000000000513c71b3ba2ff1262a76b22dd0c663b21993a7c82906158e25b6ef1,5b6ef1,1,单,小
2026-08-09 03:34:44,85182239,000000000513c71f379f4cf24f5a7a03d249aa0c1e4ca67ce8f2400c8183cd8d,83cd8d,8,双,大
2026-08-09 03:34:54,85182242,000000000513c7224071581aab3f2d7d569ca09a4c70a61fbfd4be80076e5d86,6e5d86,6,双,大
2026-08-09 03:35:05,85182245,000000000513c72534266d49430a32ee2db095b1f8de9bce4727da13ec170bce,170bce,0,双,小
2026-08-09 03:35:15,85182249,000000000513c7299ca6c13ae12174bf479511aa9d0e2c93ec36952fc485447f,85447f,7,单,大
2026-08-09 03:35:26,85182253,000000000513c72d576ddb368228c9f1fdd6440367e3be60e9d41f75010242af,0242af,2,双,小
2026-08-09 03:35:36,85182256,000000000513c7300ee9175baa4ba2a5ae1951427f84fd1dfb2f7d66a5f28aaf,f28aaf,8,双,大
2026-08-09 03:35:47,85182260,000000000513c73494ad1285531f9a854959fe811169bbfb8fc3fb9d3316a865,16a865,5,单,大
2026-08-09 03:35:58,85182264,000000000513c7380e911a38c091834b7ac86886267aa7f8cc71b5df137fd78f,7fd78f,8,双,大
2026-08-09 03:36:08,85182267,000000000513c73b39f1de7136b78aaf91aeac93d0e010cc9e0b7c143704981d,04981d,1,单,小
2026-08-09 03:36:19,85182270,000000000513c73e06080bcd9333f14874f4f6087e81b803c8b2b9d0701987a6,1987a6,6,双,大
2026-08-09 03:36:29,85182274,000000000513c7420fe9c7f803bf45090d326f97f997edde76258b14e12e8620,2e8620,0,双,小
2026-08-09 03:36:40,85182277,000000000513c745a5777b73cdbcb35490883968d7d67ea1fc12b64ae26c515c,6c515c,5,单,大
2026-08-09 03:36:50,85182280,000000000513c748db09f5e5d274342a9a54da1c56d9aa29b21eee69d4d14ced,d14ced,4,双,小
2026-08-09 03:37:01,85182284,000000000513c74c8226b5e52829a032e3d88640c819445043d5db0a9e636741,636741,1,单,小
2026-08-09 03:37:11,85182288,000000000513c750a5b4e40c18e9db573348eaa2e3d5e89bee6dd452cc176755,176755,5,单,大
2026-08-09 03:37:22,85182292,000000000513c75415a5c4337d78ab8d40bca8a470734399ae28cd86864fe788,4fe788,8,双,大
2026-08-09 03:37:32,85182295,000000000513c757415c08a004b4bcd627a45678e37a4e15652aece312edf24b,edf24b,4,双,小
2026-08-09 03:37:43,85182299,000000000513c75b17de518c8fa5c56d01592e892239b9ad1c05353f82b4f8cb,b4f8cb,8,双,大
2026-08-09 03:37:54,85182302,000000000513c75eb484f6655d883ebf0415c0b04efc9aaf4e3e1965f5422ca1,422ca1,1,单,小
2026-08-09 03:38:04,85182306,000000000513c762b06f0a95ffc35929bd47dc58d4fc43e3b18f9de17963d611,63d611,1,单,小
2026-08-09 03:38:15,85182310,000000000513c7668d66d3b35d04362cbfec6a5e6c5b111086802700ef45cf22,45cf22,2,双,小
2026-08-09 03:38:26,85182312,000000000513c76813f1700251986ee048d1178551cd4e801d00d8f8d59dc216,9dc216,6,双,大
2026-08-09 03:38:36,85182317,000000000513c76da687e2c01bb094e275eb532b9d7475cf5c31d5ef5cad8631,ad8631,1,单,小
2026-08-09 03:38:47,85182320,000000000513c7705c2fb1fe2c0c59dafc2e5080aa53707c3539c1255ea11feb,a11feb,1,单,小
2026-08-09 03:38:57,85182323,000000000513c773a66652bd27c2610bd4021b3df7167d33956221cceb7923d7,7923d7,7,单,大
2026-08-09 03:39:08,85182327,000000000513c7773a85602751645f0d3f569fb724220193136b168499842c29,842c29,9,单,大
2026-08-09 03:39:19,85182330,000000000513c77a1be51aa0bc5a4c71d6ef37e753df6f8bcc7b23aaf8d612ca,d612ca,2,双,小
2026-08-09 03:39:29,85182334,000000000513c77e854b5a5e0eb60d12ef69cc171ed526d94567932a188b9984,8b9984,4,双,小
2026-08-09 03:39:40,85182337,000000000513c781150095f327c4358ad3aa3e60c3c19d656c1bbd2f47460c81,460c81,1,单,小
2026-08-09 03:39:50,85182341,000000000513c78551297207651c99dd3532429e9beab204664acd6321d6715e,d6715e,5,单,大
2026-08-09 03:40:01,85182345,000000000513c7894259050754e7c05a3ef2928d48e9caaa22eac13edcd2a54f,d2a54f,4,双,小
2026-08-09 03:40:12,85182348,000000000513c78c5eeb579e56cec1cf73c793f8b2cfc5fd30312a7ca089b783,89b783,3,单,小
2026-08-09 03:40:22,85182351,000000000513c78fbb904046e455df6a28ee6a6c9ae27183a747c58eafe658ef,e658ef,8,双,大
2026-08-09 03:40:33,85182355,000000000513c79353c8135d6ae50f0d8bac87412010bf3cda17e6ea94f0515b,f0515b,5,单,大
2026-08-09 03:40:43,85182359,000000000513c7974f06b1dc71370baea95c42a92c26b12616256736f7210119,210119,9,单,大
2026-08-09 03:40:54,85182362,000000000513c79aebd09ada5bc245307eeebe7d9d03fa879da2d3753f3eb814,3eb814,4,双,小
2026-08-09 03:41:04,85182365,000000000513c79dda80e7301bc636e814b1354413e3215b7cddd622d18fe065,8fe065,5,单,大
2026-08-09 03:41:15,85182369,000000000513c7a15fe0f0b7c8eb9af6d42f695a1affe304771f99c67db77795,b77795,5,单,大
2026-08-09 03:41:25,85182372,000000000513c7a417888e332bff6ae753c11f22a534df3154db27ee0f8a142a,8a142a,2,双,小
2026-08-09 03:41:36,85182376,000000000513c7a81d68f6c3052765b866d673a2d9804ab86d283e94693843f6,3843f6,6,双,大
2026-08-09 03:41:46,85182379,000000000513c7ab3049c043fe6e6d5cfb1be604ce9ad8b5c3b52b87c4d6c214,d6c214,4,双,小
2026-08-09 03:41:57,85182383,000000000513c7af1187d7b666b5dcaf8cdba68e83664c7d43840497ee5e3deb,5e3deb,3,单,小
2026-08-09 03:42:08,85182387,000000000513c7b3861ff209a011d680bf2e13764a6cfc4db75220afd7c7e83c,c7e83c,3,单,小
2026-08-09 03:42:18,85182390,000000000513c7b6b7721ae3e6e4b0babf60092da6641ab6d12cd40843d2917e,d2917e,7,单,大
2026-08-09 03:42:29,85182393,000000000513c7b9ccc87d8ce282dd4345ab2a36e1a54a6fbe6ede1db12895d4,2895d4,4,双,小
2026-08-09 03:42:39,85182397,000000000513c7bd6633fd7261db172d35a11ab79871328e73d95aaadd4fb057,4fb057,7,单,大
2026-08-09 03:42:50,85182400,000000000513c7c05fa5ec5d7db0b2733468dcc443450e5a89f5a8db25620c53,620c53,3,单,小
2026-08-09 03:43:01,85182404,000000000513c7c47ee09ec103196bc384e83e5fd5ed8a4dfbca3ebcc5a5a753,a5a753,3,单,小
2026-08-09 03:43:11,85182407,000000000513c7c7b31132a3c23191823e21df16fc0806f2fab10c899924753b,24753b,3,单,小
2026-08-09 03:43:22,85182411,000000000513c7cba077b2c338972b7daf016ac45bf121dc721213ef73963ef4,963ef4,4,双,小
2026-08-09 03:43:32,85182415,000000000513c7cf1d4628ec6790b13173e761a0fe755ba022b0414698b85561,b85561,1,单,小
2026-08-09 03:43:43,85182419,000000000513c7d321c087983a6dd6122ba953d40122a15deab6ffe69b3c29b8,3c29b8,8,双,大
2026-08-09 03:43:54,85182422,000000000513c7d6897a2c973761e23a1f86c76e41c1fdf33b1c25128f79c00e,79c00e,0,双,小
2026-08-09 03:44:04,85182426,000000000513c7da25f96b606c37f0215f2c5c5bf4ee17bb89018a50bce1f7d7,e1f7d7,7,单,大
2026-08-09 03:44:15,85182429,000000000513c7dd4c0dcf4a1ad9374c60f7aeb8ba8dbc4bdbee0f952f074943,074943,3,单,小
2026-08-09 03:44:25,85182432,000000000513c7e02818a36b4335fb4147a1cdc5651e996fd95c1e9d2415abbf,15abbf,5,单,大
2026-08-09 03:44:36,85182436,000000000513c7e48192237ebffa06acdc811fbf446af638ac89688faac2f8d9,c2f8d9,9,单,大
2026-08-09 03:44:47,85182439,000000000513c7e7097a6e93a630ea42069496965669b6f0cb46dafafd8ce0ff,8ce0ff,0,双,小
2026-08-09 03:44:57,85182443,000000000513c7eba8ed0c107ed49150f684a6a05d2f5df98632d8d234ba728b,ba728b,8,双,大
2026-08-09 03:45:07,85182447,000000000513c7ef9b36dfd57fe5206e1498a82cce1ee19ee8c7d9c3bb78217b,78217b,7,单,大
2026-08-09 03:45:17,85182450,000000000513c7f2f87a9ec5c50f06081fb740b1b06ebd729c07bcce325f8308,5f8308,8,双,大
2026-08-09 03:45:28,85182453,000000000513c7f59e87cbdca95fc3d8dba74ac5f868b6770714f7cb6b1bd82e,1bd82e,2,双,小
2026-08-09 03:45:39,85182457,000000000513c7f98df73a753c6663d8d409417f2e059cd0e38e15cf8e5b4686,5b4686,6,双,大
2026-08-09 03:45:49,85182460,000000000513c7fca788e152f72383398790e2f12ca2293af3a9fbfd7bc2afd5,c2afd5,5,单,大
2026-08-09 03:45:58,85182463,000000000513c7ff69e94b3ae0e28cdc7f1e7acc587f48940e76cfdefeb43a23,b43a23,3,单,小
2026-08-09 03:46:08,85182467,000000000513c803bf08c019ee1f5d91a05401ff0188ec57dbf9a2ad7b392dd5,392dd5,5,单,大
2026-08-09 03:46:18,85182470,000000000513c806a220a7810633699d393d003b2e69e3f8ebb244291eea3836,ea3836,6,双,大
2026-08-09 03:46:27,85182473,000000000513c80965a260d3f1d0da4ee0be2cc4b393cd8d44b11b6c80c4ae26,c4ae26,6,双,大
2026-08-09 03:46:37,85182477,000000000513c80d132cc56f058648c9ce385c879f715353d0c8ffbbe5f41d88,f41d88,8,双,大
2026-08-09 03:46:48,85182480,000000000513c810e0a7ab64bb25e70b0af76f310791c58af8e5779824a714fc,a714fc,4,双,小
2026-08-09 03:46:57,85182483,000000000513c81315d1f3ab3579fd80a1e2eede50640073222f8d2924dc503d,dc503d,3,单,小
2026-08-09 03:47:07,85182487,000000000513c817f54aa40acb74eeb221f1877fef7e0843a013a1fa76ff95cb,ff95cb,5,单,大
2026-08-09 03:47:17,85182490,000000000513c81a5a847ab02f5e946459107fbd47b545b1f17ba2443af99c80,f99c80,0,双,小
2026-08-09 03:47:26,85182493,000000000513c81daba8241a04f05b712dcc005b63eba68ef6d74743f329cf3d,29cf3d,3,单,小
2026-08-09 03:47:36,85182496,000000000513c820c7d7a34efc1fcc31be4527af86cd118a3583d279933ff09f,3ff09f,9,单,大
2026-08-09 03:47:46,85182499,000000000513c82361c1f9bdfba1cff292ed18befc346111e70ff2f4a1015793,015793,3,单,小
2026-08-09 03:47:57,85182503,000000000513c827d29992144b103e20e63cc87cc7654b1b35fc85063a7f385b,7f385b,5,单,大
2026-08-09 03:48:07,85182506,000000000513c82aa2dd847192e70a3878b0fec8eddaf0b8d46e996051851a1e,851a1e,1,单,小
2026-08-09 03:48:17,85182510,000000000513c82e7596b493ab01297715e1f05444bc0514d1ec4eacbaf0163f,f0163f,3,单,小
2026-08-09 03:48:28,85182513,000000000513c831b0c3a899339c984b0eb8c8c0be624c23c73fea097ce15b58,e15b58,8,双,大
2026-08-09 03:48:37,85182517,000000000513c835c7e778548faa11ec02724bd33ecd0a3979becf67deba9584,ba9584,4,双,小
2026-08-09 03:48:47,85182519,000000000513c837ab966b41e986c8e0d9be87325b8e0e9756d726f38d5409ef,5409ef,9,单,大
2026-08-09 03:48:57,85182523,000000000513c83bc2ad687aeb5a13ea6227790e055ebe17221a3ccaf60d8825,0d8825,5,单,大
2026-08-09 03:49:06,85182526,000000000513c83e7d1577553d1adcab95f7fca090e229cd38354dcc08c7d826,c7d826,6,双,大
2026-08-09 03:49:16,85182529,000000000513c841d56756456494ed28a10b7b908a23e78d4f91eb39f2698bae,698bae,8,双,大
2026-08-09 03:49:25,85182533,000000000513c845d00de51a70abd8fc3853e6dd4427a097e8b2385678617f18,617f18,8,双,大
2026-08-09 03:49:35,85182536,000000000513c84830613bd021855bb0ad52aebd5c1f7512218ba56795c8d79c,c8d79c,9,单,大
2026-08-09 03:49:45,85182539,000000000513c84bdd06064e4ac78f9cda0d31f7ca707d9edda108473685388f,85388f,8,双,大
2026-08-09 03:49:54,85182542,000000000513c84e4134963af1ac76e9789446c89a981b5c91b3e553be700808,700808,8,双,大
2026-08-09 03:50:04,85182546,000000000513c852a6ca762f7957f0cdce1a32f25416e1099693bcec076547b2,6547b2,2,双,小
2026-08-09 03:50:14,85182549,000000000513c855912e623f93feb45249f2119b3deb73608a7f1b485d04599d,04599d,9,单,大
2026-08-09 03:50:23,85182552,000000000513c858cabc31e6f2b5b13b15eab747ab308eb09a1bc9832845a84b,45a84b,4,双,小
2026-08-09 03:50:34,85182555,000000000513c85b1d8a42f4c1bea1425537013f92b594b86894b2e5b4702a95,702a95,5,单,大
2026-08-09 03:50:44,85182559,000000000513c85f741d49c101af4f12302923d6190c1388ceac7558f9d6cae0,d6cae0,0,双,小
2026-08-09 03:50:54,85182562,000000000513c862abdf45fed883e6b4b510c0df0b9b5f3a7ec412598a9d9591,9d9591,1,单,小
2026-08-09 03:51:05,85182566,000000000513c866f99919406d5cd438618c8c2fdcde29cb74f535443a9fefc7,9fefc7,7,单,大
2026-08-09 03:51:15,85182569,000000000513c8697ba3a130f4a22ddf15c3c852479c4a1347ee75d6fa0f85a0,0f85a0,0,双,小
2026-08-09 03:51:26,85182573,000000000513c86d1859304e2802fa41e24432752aec11498bab075ab7c9b364,c9b364,4,双,小
2026-08-09 03:51:36,85182576,000000000513c8702cb45ce28a817b44418e2c86c5c56381d01aba3f40eb3413,eb3413,3,单,小
2026-08-09 03:51:46,85182580,000000000513c874a3fc88cc587e16c091d225205dbcccb3c32e4022acc0e1b4,c0e1b4,4,双,小
2026-08-09 03:51:57,85182583,000000000513c8773b0215194991a517065e7bff4db78b173c67529bdb029cf5,029cf5,5,单,大
2026-08-09 03:52:07,85182586,000000000513c87a30d321de7cff5cf3feb69c5ab63b58ef1a2103e938c9ea1c,c9ea1c,1,单,小
2026-08-09 03:52:18,85182589,000000000513c87dc30f2a77efcfccc3d2af357bf856c482ac52c3b924e8ed3b,e8ed3b,3,单,小
2026-08-09 03:52:28,85182594,000000000513c882c8f7ae2d00e66d17fa9c27401f19a42b1d44672ef43059c6,3059c6,6,双,大
2026-08-09 03:52:38,85182597,000000000513c8856b12be9b06e334d14aff02b1227dce4fd1683bec3a3dd325,3dd325,5,单,大
2026-08-09 03:52:48,85182600,000000000513c888e84de1d6737d001b94a8053dd97947096873f3c07e29ed64,29ed64,4,双,小
2026-08-09 03:52:58,85182603,000000000513c88b2bcbea7d18e2c5c239c7303c410086bd61579d911c61df32,61df32,2,双,小
2026-08-09 03:53:09,85182607,000000000513c88fd925a6f896e25b17717e54943c17e6fc1942f5c6608938f9,8938f9,9,单,大
2026-08-09 03:53:19,85182610,000000000513c892e5151a107df8de803ae9b71d9c8e05931e749aedc510f8d3,10f8d3,3,单,小
2026-08-09 03:53:29,85182614,000000000513c8962ba2d364c54656cfa81ec1926e89f6df492e6a78bae0788c,e0788c,8,双,大
2026-08-09 03:53:38,85182617,000000000513c899c0d4e06a3eb50d432fd5bf479ba004961935ae97b5bc8623,bc8623,3,单,小
2026-08-09 03:53:48,85182620,000000000513c89c45e4a0cba5da914685ef5654edce7a7e856ac060edc34847,c34847,7,单,大
2026-08-09 03:53:58,85182623,000000000513c89fb37055e6f981ee1b7119ecc3c9c0f264578638b709bab0e5,bab0e5,5,单,大
2026-08-09 03:54:08,85182627,000000000513c8a356e414692a4013aa9813f0566bddf8a996da6313575d8809,5d8809,9,单,大
2026-08-09 03:54:18,85182630,000000000513c8a676bdc4be0305e9d54eedb5e22371a74be9a51c82a78945d9,8945d9,9,单,大
2026-08-09 03:54:27,85182633,000000000513c8a97091c5aa91316c5b485d34598f48ea3e9b61d60528544110,544110,0,双,小
2026-08-09 03:54:38,85182637,000000000513c8addc0086e5ff72e076b8ff7d12aa676b439279e082b4cb14ad,cb14ad,4,双,小
2026-08-09 03:54:47,85182639,000000000513c8afb441d147cbc3d5f30abb909fbc67a349810486882ecf1f54,cf1f54,4,双,小
2026-08-09 03:54:57,85182643,000000000513c8b3b98c77ff7c008930e477174c13acf77000bccb9c357aa6be,7aa6be,6,双,大
2026-08-09 03:55:06,85182646,000000000513c8b6f0d973ce7c006aa8d51f26b91656d1df5a590f931cb2912d,b2912d,2,双,小
2026-08-09 03:55:16,85182649,000000000513c8b9addb837e1c201632a7c551791ed43bf62630d62e6753c34a,53c34a,4,双,小
2026-08-09 03:55:25,85182653,000000000513c8bd4984a6ee392fb399d43f9c5947ec7c27a1c7a280d97871c2,7871c2,2,双,小
2026-08-09 03:55:35,85182656,000000000513c8c0b8ef271fbf51ec119abb90c0a304ad4a539f2857b2d69d80,d69d80,0,双,小
2026-08-09 03:55:46,85182659,000000000513c8c33494ee6e9e6cfdd07169576c64e5109507e83e9070da0d1c,da0d1c,1,单,小
2026-08-09 03:55:56,85182662,000000000513c8c64d0f330413d69e08307130951a5457283afc2457139cbbe4,9cbbe4,4,双,小
2026-08-09 03:56:06,85182666,000000000513c8ca0eb37f7e0e177787c4d897c069c6d140cfe9ec2eb48de545,8de545,5,单,大
2026-08-09 03:56:16,85182669,000000000513c8cdcd66d2a451727fc0ee78ab96507b0d2f83e5bf1856ab1cf8,ab1cf8,8,双,大
2026-08-09 03:56:26,85182673,000000000513c8d1874f772f4b9181f1a863ffeba06c08e2935b6896707ee6d2,7ee6d2,2,双,小
2026-08-09 03:56:35,85182676,000000000513c8d411c70a8887384e55ae6b2d3042ee8ff57072fb7e60c87580,c87580,0,双,小
2026-08-09 03:56:45,85182679,000000000513c8d7e56fea11daf332e321a608ad47f804c8e7ab415a908f8f2c,8f8f2c,2,双,小
2026-08-09 03:56:54,85182682,000000000513c8dac8c1c834f6eb68095423ce34441bab97a8ca0df536dbea73,dbea73,3,单,小
2026-08-09 03:57:03,85182685,000000000513c8dd78470f709ee9d8bddebd0dd1a4c839c5510b567e627c4508,7c4508,8,双,大
2026-08-09 03:57:13,85182689,000000000513c8e1ff8fc6696151efc2217f47accebdbcbd8f89547b1ad93d51,d93d51,1,单,小
2026-08-09 03:57:22,85182691,000000000513c8e3febc2220c6e5fdc64053ec7c9d1b9698bba9f614c9d536ff,d536ff,6,双,大
2026-08-09 03:57:32,85182695,000000000513c8e711694b3b44f3cb281700ee9c8f4c14aed666182bee68dd12,68dd12,2,双,小
2026-08-09 03:57:43,85182698,000000000513c8eac60c9ba1b387feac9fe7e06c34d380bd3319ce2d1aab0066,ab0066,6,双,大
2026-08-09 03:57:52,85182702,000000000513c8ee30e37d5add3b112302c3cce0308f91e0533fbd4553e12c17,e12c17,7,单,大
2026-08-09 03:58:02,85182704,000000000513c8f0c3b0c9d7ba284c2909c72d188d73b00c1c8847b5c3c0f48b,c0f48b,8,双,大
2026-08-09 03:58:11,85182708,000000000513c8f438bc89b149c125152501869dfba5a2c5732654d61c4bf88e,4bf88e,8,双,大
2026-08-09 03:58:21,85182711,000000000513c8f7300e5eea544ec63299e8cae3f643ff5e5760ee186008858f,08858f,8,双,大
2026-08-09 03:58:30,85182714,000000000513c8fa2cc05523c0e5a381fc5cd3581f46077f52d4c3760e437bf2,437bf2,2,双,小
2026-08-09 03:58:39,85182717,000000000513c8fd9cdea6888091548ab1963367766ee8637875f01c016a75f6,6a75f6,6,双,大
2026-08-09 03:58:49,85182720,000000000513c90031de612dafa25d05dcb955f2c461034af8c93558761805fa,1805fa,5,单,大
2026-08-09 03:58:59,85182724,000000000513c904e58979faa9703e5e35c41b26e70686c25ee047681dcc28ac,cc28ac,8,双,大
2026-08-09 03:59:08,85182727,000000000513c907ccf657aa69e725d75e7ec2e74c8142b2024087856f39d482,39d482,2,双,小
2026-08-09 03:59:18,85182730,000000000513c90aa7eab7cef1d9917921694f60be411b8cf2d23a919fb32fcb,b32fcb,2,双,小
2026-08-09 03:59:27,85182733,000000000513c90d9031433e228c716c5da9ef35ba06e1b47031bcb849201065,201065,5,单,大
2026-08-09 03:59:37,85182736,000000000513c9105e867654abe09219f1d162b3d6413c6045ea567c3bd77b40,d77b40,0,双,小
2026-08-09 03:59:47,85182740,000000000513c914f413cbebeda6b985b8ee1504041c229641b6c1c2b3c4029a,c4029a,9,单,大
2026-08-09 03:59:58,85182743,000000000513c91766bc9968312f9e3177dea2e3c8d334f6c236ab8f63ea963e,ea963e,3,单,小
2026-08-09 04:00:07,85182747,000000000513c91b9f62931819ddad6114a1e5cd7470276043df0bcecc574b14,574b14,4,双,小
2026-08-09 04:00:17,85182750,000000000513c91e89e9a745926ca87ed7225ac5413ed8c2a38453c287995c9f,995c9f,9,单,大
2026-08-09 04:00:27,85182753,000000000513c9219c87f9af5efba29177eacfc9a6e84fcea16f0540c6b602a6,b602a6,6,双,大
2026-08-09 04:00:36,85182756,000000000513c9243cf369338edb48477526d264ebd116bced7b816743f6a016,f6a016,6,双,大
2026-08-09 04:00:46,85182759,000000000513c9279d072bcc4f45cc55c618dc59e960e78ac16a16b299bbea03,bbea03,3,单,小
2026-08-09 04:00:56,85182763,000000000513c92b5b782d4190fb9707f18dc5f665bbac974c8d36dbd2dc7e4f,dc7e4f,4,双,小
2026-08-09 04:01:06,85182766,000000000513c92eb1e7b2f0ba37a0e532d59fb61757dceb81983b735e64bc7e,64bc7e,7,单,大
2026-08-09 04:01:16,85182769,000000000513c931352c4a5be5632210f8ffe1b38b630994bbec602b9035701b,35701b,1,单,小
2026-08-09 04:01:25,85182773,000000000513c9355fc3bf58c9d20459020faf2167d6d7824557545c9ad3f6b3,d3f6b3,3,单,小
2026-08-09 04:01:35,85182775,000000000513c9379a012aed8a52115d06409c7277c7a2c8243da3e3ae31712f,31712f,2,双,小
2026-08-09 04:01:45,85182779,000000000513c93bd34c799e39e18ea44f6d46ca06a2a03b1f1f1cb6b5a0aa36,a0aa36,6,双,大
2026-08-09 04:01:55,85182782,000000000513c93e8ef146cacc089ba83173a495c473d0ab2176aa23d857fe45,57fe45,5,单,大
2026-08-09 04:02:05,85182786,000000000513c942cf8034d96d618f1811b39f2bb637f0c8b4d03df44e5770ea,5770ea,0,双,小
2026-08-09 04:02:15,85182789,000000000513c9450643159a1317319cdc700781196dc2b972b1a3178fa14def,a14def,4,双,小
2026-08-09 04:02:24,85182792,000000000513c948a2bc36fb955854cdc6a058d78f995cacc01ecfed231b59ca,1b59ca,9,单,大
2026-08-09 04:02:34,85182796,000000000513c94c7ccd25e3116bb83fb83957090be3e99d31028d998f6f87de,6f87de,7,单,大
2026-08-09 04:02:44,85182798,000000000513c94e455dd09f60b8808dfa3a75e9d583cf9f3b8d26dba946a973,46a973,3,单,小
2026-08-09 04:02:54,85182802,000000000513c95269f78935bd5709db61dfe2d3acd04d8c9d244639699a301a,9a301a,1,单,小
2026-08-09 04:03:04,85182805,000000000513c9559f14e1aed61e7c512d4447a71185f4c259161e9de90bed6e,0bed6e,6,双,大
2026-08-09 04:03:14,85182809,000000000513c959a237abec52b09eb3208b6139f2a4d4d5dca9eb63b076707b,76707b,7,单,大
2026-08-09 04:03:24,85182812,000000000513c95ccfaac71f14960921d26cedc3419f8f2bef0d597022730372,730372,2,双,小
2026-08-09 04:03:33,85182816,000000000513c9605033840ec5e0493b5907efbeacad3cde7207da91066fc429,6fc429,9,单,大
2026-08-09 04:11:50,85182981,000000000513ca05e5dfb37049f4238d57ebce2a04ffac0ee454f6ddae8cccc9,8cccc9,9,单,大
2026-08-09 04:12:00,85182984,000000000513ca08ff2ae37dc31c9dbc7ab375706ebed59f337be40c730bd940,0bd940,0,双,小
2026-08-09 04:12:10,85182987,000000000513ca0b7e478ada84482e5f19b3e1f34cd73e613922831f62690733,690733,3,单,小
2026-08-09 04:12:20,85182991,000000000513ca0f41127702d69d76ea6c75fe299ad1c2a9298db8590859d8e4,59d8e4,4,双,小
2026-08-09 04:12:29,85182994,000000000513ca121509a53afa5937b13724644b01723945cc50bae492121a1b,121a1b,1,单,小
2026-08-09 04:12:39,85182997,000000000513ca15c56f719b2e96b8625b3627dedf3534b507f5150916b5679a,b5679a,9,单,大
2026-08-09 04:12:50,85183001,000000000513ca192756f4bcfb20cf7836bdace639c7f6c2dcb1afefe517bed0,17bed0,0,双,小
2026-08-09 04:12:59,85183004,000000000513ca1cdd71757350df85d86b63edf699f26757f391f375c5e5653b,e5653b,3,单,小
2026-08-09 04:13:09,85183007,000000000513ca1f87997f415d70840f34bb1d841049190703bb2444befd98a9,fd98a9,9,单,大
2026-08-09 04:13:20,85183010,000000000513ca22856958996cb804c7ee5ba27fc09b7289789369ea2e4194df,4194df,4,双,小
2026-08-09 04:13:30,85183014,000000000513ca26421a0450607c51f55b03ff43f427c6fd15db3d870a8159d3,8159d3,3,单,小
2026-08-09 04:13:40,85183017,000000000513ca2990fb8b1358167ce7b17d5f8dbd9261a60672be1e75102616,102616,6,双,大
2026-08-09 04:13:50,85183021,000000000513ca2dd14b5926802bd742ad064a925d77623402be8569d70a4eb8,0a4eb8,8,双,大
2026-08-09 04:14:00,85183024,000000000513ca30dca397fae21541143b614e39d81387c05458a72cacbd8fc3,bd8fc3,3,单,小
2026-08-09 04:14:11,85183028,000000000513ca34dcda93792d38ddc084346be01944b2758e42d0f90f825291,825291,1,单,小
2026-08-09 04:14:22,85183032,000000000513ca38491a1adcf72693254605927a14c14787e624b36444988505,988505,5,单,大
2026-08-09 04:14:32,85183035,000000000513ca3bb63c3a6b697dcd526fad75471c6f86d3cbc6e8469e677b67,677b67,7,单,大
2026-08-09 04:14:43,85183039,000000000513ca3fb40acb465dc4ef798569869475f8c11412cea6a0ac8aa9f1,8aa9f1,1,单,小
2026-08-09 04:14:53,85183041,000000000513ca4186f389a6140b7a68128ffad3f954c876c5862a6d2f2b9244,2b9244,4,双,小
2026-08-09 04:15:03,85183046,000000000513ca46addb565ee09e3aa7b76ae417dd6ae64d8d57d9cb28e76ef3,e76ef3,3,单,小
2026-08-09 04:15:14,85183049,000000000513ca49090eb917339695eac6ca3ea3d6b6588999d4963e0498298c,98298c,8,双,大
2026-08-09 04:15:25,85183053,000000000513ca4d7efea29f9e6c7de67d0256c5161ef443c3538728ee23bced,23bced,3,单,小
2026-08-09 04:15:35,85183056,000000000513ca50539bf955e4cfb00f8eb3154a2afd94d31834ad0f924b2e97,4b2e97,7,单,大
2026-08-09 04:15:45,85183059,000000000513ca53b6fda7a1edc14786cf3135997c9ad2697e92bdf4525c37af,5c37af,7,单,大
2026-08-09 04:15:55,85183063,000000000513ca57f550e5d1594af270e6e6f2bfa966c8b51cb6daa5f9039a7e,039a7e,7,单,大
2026-08-09 04:16:04,85183066,000000000513ca5a4eb6516e3b7ac280990f9ca96ee7f52cacda66878544cb99,44cb99,9,单,大
2026-08-09 04:16:14,85183069,000000000513ca5d1eb831d3972bab3d959bbeff155ebbe09f39bcecf1c98426,c98426,6,双,大
2026-08-09 04:16:25,85183072,000000000513ca6032309b726a41a847a4e467e9af51e05f76eda05fd5c5d3a5,c5d3a5,5,单,大
2026-08-09 04:16:34,85183075,000000000513ca63aa9412fae34b229f42d47e2941dec92335e23c542c01e121,01e121,1,单,小
2026-08-09 04:16:44,85183079,000000000513ca678a2e5160aa01b499bd523af2bef0e6ef8b6d08b62dd02403,d02403,3,单,小
2026-08-09 04:16:53,85183082,000000000513ca6ab533e45f9f85dab47c82334258bd0abf95cf59a02091f72a,91f72a,2,双,小
2026-08-09 04:17:04,85183085,000000000513ca6da18157833118c857af46c514ebd93aba54ebd592f8241fd7,241fd7,7,单,大
2026-08-09 04:17:14,85183089,000000000513ca71657fead63596a8e2eedde6b8c9d1b8f4145aae21e3c1ce9b,c1ce9b,9,单,大
2026-08-09 04:17:24,85183092,000000000513ca748c77bd81c20853cb3f5fa7d610e5a3303047df6207f85fdd,f85fdd,5,单,大
2026-08-09 04:17:34,85183095,000000000513ca77a146fae2df0663ea0f5980e5c06bb98b65efd9acb2bfb28a,bfb28a,8,双,大
2026-08-09 04:17:45,85183099,000000000513ca7b791d26cff13d9ffd77f680d4520be7c6853f5ffa88a00017,a00017,7,单,大
2026-08-09 04:17:55,85183102,000000000513ca7e2ec4446d18b1d5ce1a6df54b128e468d0f753a3f377f4562,7f4562,2,双,小
2026-08-09 04:18:04,85183106,000000000513ca821274cf7f57c7deea7fbf6faad8b8d1fe5ba6499b225f777b,5f777b,7,单,大
2026-08-09 04:18:14,85183109,000000000513ca8542749cc5438624edfe0713cf0bb8e2429271cc02d7e2fd6a,e2fd6a,6,双,大
2026-08-09 04:18:24,85183112,000000000513ca8870554c6e4e1afb7a25cc219b72188f9277b5ceb93f371c49,371c49,9,单,大
2026-08-09 04:18:33,85183115,000000000513ca8b4d5376a1485c5f2e3474d3cbae5a193075e3d26f3e9a26aa,9a26aa,6,双,大
2026-08-09 04:18:43,85183118,000000000513ca8e4e9980f3d788d8eb605416b5801e3045c9b221aadf8cb731,8cb731,1,单,小
2026-08-09 04:18:52,85183122,000000000513ca921cf9da0e9a5f27cf6682abec19a600a9eb41f84e52824c0c,824c0c,0,双,小
2026-08-09 04:19:02,85183125,000000000513ca9580b7c5970632c37db977e1f48eb71a204d5a2411f76bec89,6bec89,9,单,大
2026-08-09 04:19:12,85183128,000000000513ca987a29c5d91be68a071ac97c3b9f7da32af521ff121bbe0b7b,be0b7b,7,单,大
2026-08-09 04:19:22,85183132,000000000513ca9ca692e1c56d54671be69850f8466aa373c0c091e89e8b11ea,8b11ea,1,单,小
2026-08-09 04:19:32,85183135,000000000513ca9f745e011f65946550dff72aa4c0f958c749dab4e4a5698b08,698b08,8,双,大
2026-08-09 04:19:42,85183138,000000000513caa2ca3dae1d6f3e0287115c5953992658a751af2f190be9eee7,e9eee7,7,单,大
2026-08-09 04:19:53,85183141,000000000513caa527c4e1e2a6c00161a65e764d3fff721427630fc45d4d9f2b,4d9f2b,2,双,小
2026-08-09 04:20:03,85183145,000000000513caa9ee9e9427ed63550ca0834513f52f5b8a9ce5a5bd64ab8978,ab8978,8,双,大
2026-08-09 04:20:14,85183149,000000000513caad55f05aa4faa2c7c96c4731a1a5b0049cac7ecca43cbe52b5,be52b5,5,单,大
2026-08-09 04:20:24,85183152,000000000513cab043aa5596b0a02934cc4a98ca5c51679299bdde5c19cf0809,cf0809,9,单,大
2026-08-09 04:20:34,85183155,000000000513cab385686cbca48b42abf79f87a6bc6930ee3c8c2bb70d81778c,81778c,8,双,大
2026-08-09 04:20:45,85183159,000000000513cab78b0ee84e21529e5d1629f32aeb1c1a789bf07c35b2d8e5c7,d8e5c7,7,单,大
2026-08-09 04:20:54,85183162,000000000513caba7ab78ed90a8e345e255903624b89560cbdcdafaae5f04340,f04340,0,双,小
2026-08-09 04:21:04,85183166,000000000513cabeeb4cd05f1095d634c558129166e2521be73097bb00089964,089964,4,双,小
2026-08-09 04:21:14,85183169,000000000513cac10ca6fd3625f045a32ce7472df852dba85b9e6b07767e6e44,7e6e44,4,双,小
2026-08-09 04:21:24,85183172,000000000513cac4c4f5f256f0dc6d5a33ed5d44c7280fcffaab48437500f279,00f279,9,单,大
2026-08-09 04:21:33,85183175,000000000513cac76b703532edf2ff9494ec29788069f60a6412c1a1e3ef247a,ef247a,7,单,大
2026-08-09 04:21:43,85183178,000000000513caca8fe4a6235ae51719dc1e80117e2e3ee410d0aac5cb6b40a3,6b40a3,3,单,小
2026-08-09 04:21:53,85183181,000000000513cacd38b159cd0a75589bf62aee2c56146f7db6f27e496f3e3ba1,3e3ba1,1,单,小
2026-08-09 04:22:02,85183185,000000000513cad10dee1b940b0bd19d3409e5b7c244b2d05709bc2c0a58263a,58263a,3,单,小
2026-08-09 04:22:12,85183188,000000000513cad42509c8cd2d864c753a6f0c891d84798dce1cb25efb508299,508299,9,单,大
2026-08-09 04:22:22,85183191,000000000513cad7db6be9606860ca83e0270b0ec22b3d249cd56a2468a9bcce,a9bcce,9,单,大
2026-08-09 04:22:31,85183195,000000000513cadb686d3e9a4c8b3e3cfe944bf5f175bf2518d25fc6e5d5ec3d,d5ec3d,3,单,小
2026-08-09 04:22:41,85183198,000000000513cade8935ae29893b32b440e72924960e6b8543937efc4bfb8d85,fb8d85,5,单,大
2026-08-09 04:22:51,85183201,000000000513cae12559c8b1363c6a2cdd36ac52d2a7824a1d63c0fbb7956f9f,956f9f,9,单,大
2026-08-09 04:23:01,85183204,000000000513cae49be1243b64191708e0bbf38d6e14bc9cf42b75ca522ca03a,2ca03a,3,单,小
2026-08-09 04:23:11,85183208,000000000513cae8d685d1857e6840427885a9a67dc79a4cf60b56e5a5d584c6,d584c6,6,双,大
2026-08-09 04:23:22,85183211,000000000513caebad0f1f1a2ee1229b983e230de6711892c5b85a0cd842c33c,42c33c,3,单,小
2026-08-11 10:32:46,85248182,000000000514c8b6fb3ad4bc23c7956d33ef3dac789a67b17d4277469fdb770a,db770a,0,双,小
2026-08-11 10:32:56,85248186,000000000514c8ba3402187973dee15bed8a431f1ed062feb215f563d4e7b2bc,e7b2bc,2,双,小
2026-08-11 10:33:06,85248188,000000000514c8bc1956b34bf4b113eda0aa65603e0506eddffcad69a5b0b515,b0b515,5,单,大
2026-08-11 10:33:16,85248192,000000000514c8c0ab86681c3a3ea3e3fb40f88583b6e2306add91b9d36a0964,6a0964,4,双,小
2026-08-11 10:33:26,85248196,000000000514c8c4c0d0b2755a80013b94b5d57101988a4ec7c985138069339e,69339e,9,单,大
2026-08-11 10:33:36,85248198,000000000514c8c6df2eb3f8baa43591c532bfe7c758e65827bf28918f477a4e,477a4e,4,双,小
2026-08-11 10:33:45,85248202,000000000514c8ca81cc79353b1318366917de879bcfd7fd627ddb85be7789e2,7789e2,2,双,小
2026-08-11 10:33:55,85248206,000000000514c8ce384ce8a21611971d4a23360061297c5607f5b9285c1f880a,1f880a,0,双,小
2026-08-11 10:34:05,85248208,000000000514c8d0b06499f66f7d04b12254168f7ade699f402e2e9d201d48c3,1d48c3,3,单,小
2026-08-11 10:34:15,85248212,000000000514c8d4812c5afeeb369c61c78d85e21c48d322e693c7adafe7222d,e7222d,2,双,小
2026-08-11 10:34:24,85248216,000000000514c8d837020d3172d01da60620e80f765554585f7fc2a3f5616892,616892,2,双,小
2026-08-11 10:34:34,85248218,000000000514c8da482d3aa4962d42d4728620eb0d4cbf497e391ef95822cda7,22cda7,7,单,大
2026-08-11 10:34:44,85248222,000000000514c8deed30048289357ad27ade905317a90c35f5ead3d803e82c4b,e82c4b,4,双,小
2026-08-11 10:34:54,85248224,000000000514c8e066431dd11d0dd64634fefc39cc6b7bfa7e9eea37fbeadf26,eadf26,6,双,大
2026-08-11 10:35:03,85248228,000000000514c8e4dcb45f8eb92067c74b190f200df4f10ddce687bf54338771,338771,1,单,小
2026-08-11 10:35:13,85248232,000000000514c8e82dc065ebf1b92a810097ac36299287da1f8a8ae2b0545c19,545c19,9,单,大
2026-08-11 10:35:23,85248234,000000000514c8ea403a7c6aec4e5766670ce1e8d589f47a35b65ba5e2dfd86c,dfd86c,6,双,大
2026-08-11 10:35:33,85248238,000000000514c8ee4a283539bec4f7f4a83d7e8b0700a5e4989938b3acc6af63,c6af63,3,单,小
2026-08-11 10:35:43,85248242,000000000514c8f23200f49d9235123a00ff6c9abf89f8079d2237ccf72de683,2de683,3,单,小
2026-08-11 10:35:52,85248244,000000000514c8f4242ab1b21244d14e0cd24e9aa198c063629537c79b473e51,473e51,1,单,小
2026-08-11 10:36:02,85248248,000000000514c8f842c69a54ddf10c31bb25431f8e100afbd95106b2ed18fda0,18fda0,0,双,小
2026-08-11 10:36:12,85248252,000000000514c8fc9827ab870e60055fc294c0850c854f536d4a6ca7ce929c7f,929c7f,7,单,大
2026-08-11 10:36:22,85248254,000000000514c8fe2bd907d431f63ff45eb010f958ae8bad9c9c1c71dd101a80,101a80,0,双,小
2026-08-11 10:36:32,85248258,000000000514c902e65e4d3a9ab106dddf028fe47cf1d3e65a8f6d69d17afb46,7afb46,6,双,大
2026-08-11 10:36:42,85248262,000000000514c9062d3374a8dd1c6644a612a407346a055d07bda80f131c499c,1c499c,9,单,大
2026-08-11 10:36:51,85248264,000000000514c90827723ee0f97d6edbbe02628c4c247c8ddf8d844e20719e11,719e11,1,单,小
2026-08-11 10:37:02,85248268,000000000514c90cc5885d84e0b6790a2aa37ea20c96b5f9db5783440ef5db43,f5db43,3,单,小
2026-08-11 10:37:11,85248270,000000000514c90e4c99336c0a73bf51b1b10f35075b14e85bc0ceb9db650b03,650b03,3,单,小
2026-08-11 10:37:21,85248274,000000000514c9122c4a1861272fdd720dd080775c6d8b60acb82c6510e95e4e,e95e4e,4,双,小
2026-08-11 10:37:31,85248278,000000000514c91616730d456c607361336d7c354e5b7de101b49d63e62152ff,2152ff,2,双,小
2026-08-11 10:37:41,85248280,000000000514c9187d02cce8aa3bc12b6664add0b189ab5f1fb6cfbfd3097284,097284,4,双,小
2026-08-11 10:37:51,85248284,000000000514c91c1896f8ec2d3018a892b5c775993da14aff7a62cab5e372d5,e372d5,5,单,大
2026-08-11 10:38:00,85248286,000000000514c91e3749019dd9802765583e2612dde7baac1a54c4f42c07437e,07437e,7,单,大
2026-08-11 10:38:10,85248290,000000000514c9226b91d8974ad404e77fd45e099490ff8a4adb530945b674a7,b674a7,7,单,大
2026-08-11 10:38:20,85248294,000000000514c926f293314c96cf8d6be089b7dc5e88daeb589f44913a334796,334796,6,双,大
2026-08-11 10:38:30,85248296,000000000514c928d1a0e4b01942c181df2c886134981566bc216055c0492f97,492f97,7,单,大
2026-08-11 10:38:40,85248300,000000000514c92c68925d7484de8940a1fbbad73ff0bf78d97fff03834b554b,4b554b,4,双,小
2026-08-11 10:38:50,85248304,000000000514c9302f25e192398533267600744f20659a6212163303889e3b5d,9e3b5d,5,单,大
2026-08-11 10:38:59,85248306,000000000514c932ab752e1066d4efbcc649a1b136cb00247af0e2f0a48a608e,8a608e,8,双,大
2026-08-11 10:39:09,85248310,000000000514c9368ef230c0b2bd1341ec80b42017645fa6246697bded8d7ee0,8d7ee0,0,双,小
2026-08-11 10:39:19,85248314,000000000514c93a028dfb38d01bb15cbddb8cd8a3cf7de0f88359f8f2c5f461,c5f461,1,单,小
2026-08-11 10:39:29,85248316,000000000514c93ca26cfe7c9c36ee7eb275fc0f48430a15912f36077e9567da,9567da,7,单,大
2026-08-11 10:39:39,85248320,000000000514c940c9e2b4fba3f6cd9da2352d5246c0eca02e20173d6bbfeb44,bfeb44,4,双,小
2026-08-11 10:39:48,85248322,000000000514c9422251dd8c22d3e8804145ebf3f312fd43d47927132d6a73dd,6a73dd,3,单,小
2026-08-11 10:39:58,85248326,000000000514c9460b8ce451226abbc519210126b27134b5c01e83cff310d4e9,10d4e9,9,单,大
2026-08-11 10:40:08,85248330,000000000514c94a733d50ee3787520afd30ff8d02e586755848ab4b4e071e23,071e23,3,单,小
2026-08-11 10:40:18,85248332,000000000514c94cd947bba2dfbcbe403d1dd2a2e87095c74654af9a8e20592b,20592b,2,双,小
2026-08-11 10:40:27,85248336,000000000514c9503fa05e01605fa2dc3a99e68b92b7947fd86d7e79be672716,672716,6,双,大
2026-08-11 10:40:38,85248340,000000000514c954813cd84330153240791330a7ddee204a992dc5341a3004ec,3004ec,4,双,小
2026-08-11 10:40:48,85248344,000000000514c958532d628faaf94598316c9977a29822220dc6fdb85155f4b6,55f4b6,6,双,大
2026-08-11 10:40:57,85248346,000000000514c95ae15692cb6aa8b71a8fcec1f0970680c5a14794110d6ba7c0,6ba7c0,0,双,小
2026-08-11 10:41:07,85248350,000000000514c95ea2efed2b7e0c06e64f3e980883d4a96becca859194316236,316236,6,双,大
2026-08-11 10:41:17,85248354,000000000514c9628fe56f7b983fca47f356bd175a12726b14a8fd76406ad3fd,6ad3fd,3,单,小
2026-08-11 10:41:27,85248356,000000000514c96453f5b207ec42a47abc6cf642f7b92b934aa679e03b74bf7b,74bf7b,7,单,大
2026-08-11 10:41:38,85248360,000000000514c968f67cfaea4b05f5f582cd5cbcf5efa49b6102c2cd98350126,350126,6,双,大
2026-08-11 10:41:47,85248364,000000000514c96c1e4be43957a6602e99503cc6f7b1c1598f41473fff65067b,65067b,7,单,大
2026-08-11 10:41:57,85248366,000000000514c96e9544c6192b9eb8c09a0b9eb65422765c07d8fd41d17f335e,7f335e,5,单,大
2026-08-11 10:42:07,85248370,000000000514c9727f36eb6da1cf88bd2001aecb114fa9672b934194934acfc3,4acfc3,3,单,小
2026-08-11 10:42:17,85248372,000000000514c9740b570c9ac499fe00c27af6089e0add3a64a0af9f7fe1cad5,e1cad5,5,单,大
2026-08-11 10:42:27,85248376,000000000514c978a80cb1dba5e1ef03cf7bee68cb7a5d5e8e4a9ab4595c3cc6,5c3cc6,6,双,大
2026-08-11 10:42:36,85248378,000000000514c97a930d71ff1a6e412fff9fb32a1cecbaf94597a1a22801434e,01434e,4,双,小
2026-08-11 10:42:47,85248382,000000000514c97e9b0d58bc550e8f6cdc32f9df232dedce0b30cfae192c66fc,2c66fc,6,双,大
2026-08-11 10:42:56,85248386,000000000514c98210268bbd32e905781ea5c15c2274327d55fd95873172ca46,72ca46,6,双,大
2026-08-11 10:43:06,85248390,000000000514c986c4c275773eafc32affe4eb6f636de0d4337d0118fc905ce1,905ce1,1,单,小
2026-08-11 10:43:16,85248392,000000000514c98815c534a71f5376b9ae6dc3e92a7fe710f6157ebdb59b5898,9b5898,8,双,大
2026-08-11 10:43:26,85248396,000000000514c98c55b107baeb8cf2354da64146201f12188ff9b799a9d10f8c,d10f8c,8,双,大
2026-08-11 10:43:36,85248398,000000000514c98e3a94045a89f0bb4a3f03c9c948cf47cc8f5c7566b986584e,86584e,4,双,小
2026-08-11 10:43:46,85248402,000000000514c9928c34cc49f2a23ebbc6acb995dc9e664c88f9c195e8c884ca,c884ca,4,双,小
2026-08-11 10:43:55,85248406,000000000514c9969d179ad3d5b336643cd85d7894ba4499b1f4286acbc4a186,c4a186,6,双,大
2026-08-11 10:44:05,85248408,000000000514c998e35cba198d1342e008b50a22f59b082c4319008189555f73,555f73,3,单,小
2026-08-11 10:44:15,85248412,000000000514c99c70ce760c146f3e8ddc67d95507437da17e429278407190b5,7190b5,5,单,大
2026-08-11 10:44:25,85248416,000000000514c9a0ce61e3dceaa50e5fd8b53c159e9c81b45860b028a70b3d0b,0b3d0b,0,双,小
2026-08-11 10:44:35,85248418,000000000514c9a2e57d4f17b9ac8cb5a126e7ce3af9f0393c272288c55877e3,5877e3,3,单,小
2026-08-11 10:44:45,85248422,000000000514c9a6d21291141a328ac6d0961396d947645378175903565b5eb0,5b5eb0,0,双,小
2026-08-11 10:44:55,85248426,000000000514c9aaead7db84a239d66a0cb87fb7a67754b77063847863b9f51f,b9f51f,1,单,小
2026-08-11 10:45:05,85248428,000000000514c9ac128e5c161f52a545238d20f8e9516180643481f49c10761c,10761c,1,单,小
2026-08-11 10:45:15,85248432,000000000514c9b036d370035092654b9dbc6771594560935940f335992a6ce9,2a6ce9,9,单,大
2026-08-11 10:45:25,85248436,000000000514c9b4e63f8c337736bf7f645d5552afa44ea1666ac9c54d81c8b3,81c8b3,3,单,小
2026-08-11 10:45:35,85248438,000000000514c9b657e15f2f6d76cb8720c025320bb01634a9f651346e1b8366,1b8366,6,双,大
2026-08-11 10:45:44,85248442,000000000514c9bae44eae14babc1fe93cf73c21a3aa667d78bcc21405e7e4a2,e7e4a2,2,双,小
2026-08-11 10:45:54,85248444,000000000514c9bcf66b4b63ee4e31581dc1fcbca52b9c0f264373642a3bf042,3bf042,2,双,小
2026-08-11 10:46:04,85248448,000000000514c9c0b89af6a44f036be74445724c9fc2b4f8a69c86c7c5184325,184325,5,单,大
2026-08-11 10:46:14,85248452,000000000514c9c4138503879e46d9ea14a2eb82dc8f30e25d15cdf1048b8032,8b8032,2,双,小
2026-08-11 10:46:23,85248454,000000000514c9c6919ccab4d3fbbbf4986ebfe90183d938955318cfbacd2d28,cd2d28,8,双,大
2026-08-11 10:46:33,85248458,000000000514c9ca44bb442ed4bcd1296c84430990c3fd34ad6723d59bc3ecfc,c3ecfc,3,单,小
2026-08-11 10:46:43,85248462,000000000514c9ce3ff045ec062f64bcb8d23c97ff55a9ecab9e22905b93cb01,93cb01,1,单,小
2026-08-11 10:46:53,85248464,000000000514c9d09b60b3257f67804535e02c1ff12dcdb47563bb18b0ee464d,ee464d,4,双,小
2026-08-11 10:47:03,85248468,000000000514c9d4800170e15da6729e6216e2f0db6aa3e061619039a326f662,26f662,2,双,小
2026-08-11 10:47:12,85248470,000000000514c9d626b810d2ee6028cf6fedc511cee27cb7c679db0e8b44d9de,44d9de,9,单,大
2026-08-11 10:47:22,85248474,000000000514c9da5b459c0053007059d31fddc2c37f10ef95da86aa6de59a93,e59a93,3,单,小
2026-08-11 10:47:32,85248478,000000000514c9ded8652ff6a47ba76ec563f09ff1df1294a1a011087c1e3a78,1e3a78,8,双,大
2026-08-11 10:47:42,85248482,000000000514c9e24f4e6cf687da0e3b53bad28b2323177525ea29a05aa65b36,a65b36,6,双,大
2026-08-11 10:47:52,85248484,000000000514c9e465e782fe98a1c9bb35d2575a4fd6e26d720b7af5e113d8fb,13d8fb,8,双,大
2026-08-11 10:48:02,85248488,000000000514c9e823fa3efdd015ae21df1fe9a4b3f124c84970dfd715f9c6bc,f9c6bc,6,双,大
2026-08-11 10:48:11,85248492,000000000514c9ec3b6a2ccd5876c18c7146bc4fdf497516c43807fb15d96759,d96759,9,单,大
2026-08-11 10:48:21,85248494,000000000514c9ee6fbd44b7d34952bb1cfc5f1e67bf3e06276b841b96bc1aeb,bc1aeb,1,单,小
2026-08-11 10:48:31,85248498,000000000514c9f2cf9cfeba2e934ebf51f8588f6b4c48e894bb705fd0bfc0e1,bfc0e1,1,单,小
2026-08-11 10:48:41,85248500,000000000514c9f45e38daf52a6491ccfc0ba7f47c50929b61743a4964bc18dc,bc18dc,8,双,大
2026-08-11 10:48:50,85248504,000000000514c9f89ce29527b988e8a25c8fa746e1464e9d018abbf9c980bc25,80bc25,5,单,大
2026-08-11 10:49:00,85248508,000000000514c9fc45f273d6574cb543a60d5cfd3b398649eb8989b5628eb4b0,8eb4b0,0,双,小
2026-08-11 10:49:10,85248510,000000000514c9fe27cb93a2c40cb9eba2c49dab0cef11c62b8f196293d87023,d87023,3,单,小
2026-08-11 10:49:20,85248514,000000000514ca0237434f0521ecb78014da8134aee9d1d9624edf6336e81e8c,e81e8c,8,双,大
2026-08-11 10:49:30,85248518,000000000514ca06e94ce409bbb189956b10590edc153785514f72ecc30ee71d,0ee71d,1,单,小
2026-08-11 10:49:40,85248520,000000000514ca0874f812f0866083483a303325b5042bac6d8386a23936e426,36e426,6,双,大
2026-08-11 10:49:49,85248524,000000000514ca0c88345d9ab07d8861e4f880385e9eccdbd19306057e593640,593640,0,双,小
2026-08-11 10:49:59,85248526,000000000514ca0e0addd66c2caf39217f2c398c86c3dd28a4c0bc79364a4600,4a4600,0,双,小
2026-08-11 10:50:09,85248530,000000000514ca12e57c9cb778c41e1feaf071b599ad37abcb5ad6e5ba89c630,89c630,0,双,小
2026-08-11 10:50:19,85248534,000000000514ca16fca5dc5ca97b4981345fede799649edd78c827067146df94,46df94,4,双,小
2026-08-11 10:50:28,85248536,000000000514ca188859de304ced8fe0fd7fa0696f2833297da70aeaf70cba59,0cba59,9,单,大
2026-08-11 10:50:38,85248540,000000000514ca1c685376d747e07ec75dc401708e3558035cf2ff6584ddb29f,ddb29f,9,单,大
2026-08-11 10:50:48,85248542,000000000514ca1e36b4dcba8d70f837bea29b5b435501db99595b5653a4a55e,a4a55e,5,单,大
2026-08-11 10:50:58,85248546,000000000514ca22c34e9b5155e97c5c29c1bff05e91b8c165ae57c4c508e69c,08e69c,9,单,大
2026-08-11 10:51:07,85248550,000000000514ca26472cafc4a7df1d490da35fc3914d33d3ec2450305148f8de,48f8de,8,双,大
2026-08-11 10:51:17,85248552,000000000514ca28b4004472502ea62584b1934096a21f9255c9ee419e90d848,90d848,8,双,大
2026-08-11 10:51:27,85248556,000000000514ca2c964632dcfd9b0ad0a71056a416bfedc3637e638ad002815d,02815d,5,单,大
2026-08-11 10:51:37,85248560,000000000514ca305aaf9cf60aa5cab046cbc65500eaa709b696f7eb09079395,079395,5,单,大
2026-08-11 10:51:46,85248562,000000000514ca3274099cb1d390c26d8d997e4481c7947f048bf4c6a721b577,21b577,7,单,大
2026-08-11 10:51:56,85248566,000000000514ca3640286416de967050a6937b197c3c5bdc6a477bbc9e20876f,20876f,6,双,大
2026-08-11 10:52:06,85248568,000000000514ca38894ce2be2ee9091364d5c2fd370ab2ffca4cf80794becb73,becb73,3,单,小
2026-08-11 10:52:16,85248572,000000000514ca3c4a8b66edcf0d48754ebb9a6b43e451704cf1f4f779855608,855608,8,双,大
2026-08-11 10:52:26,85248576,000000000514ca409b44fad586a548e8b28e79809a8f9588e5505e64e72bf3ea,2bf3ea,3,单,小
2026-08-11 10:52:35,85248578,000000000514ca42eec8a8b144c90a03666a5bad704ee5af2a32a3dad532cd7d,32cd7d,7,单,大
2026-08-11 10:52:45,85248582,000000000514ca46c9a9420c080cd4544b4565c37147bad5101c1a7c3c439e48,439e48,8,双,大
2026-08-11 10:52:55,85248586,000000000514ca4a6853333b1756af57accda690b1f86e94b9ea4810ba943ec5,943ec5,5,单,大
2026-08-11 10:53:05,85248590,000000000514ca4e05bc8095d37eb966128227e80521b8a0e9c76a0d0eb301a0,b301a0,0,双,小
2026-08-11 10:53:15,85248592,000000000514ca50d9be029341af2fb3b150dc37d5210b70beba920b2cbc0179,bc0179,9,单,大
2026-08-11 10:53:25,85248596,000000000514ca54ce42194a3b0532f636d4c1fbfe1b66173474cf03e489a779,89a779,9,单,大
2026-08-11 10:53:34,85248598,000000000514ca5648adbe0a5a160b9cffd8d0741bf57675a427f8de969999ad,9999ad,9,单,大
2026-08-11 10:53:44,85248602,000000000514ca5a6181d71217ab7e8d34e780c17ced9e8e0822e6b6263f5509,3f5509,9,单,大
2026-08-11 10:53:54,85248604,000000000514ca5c7244bfccfcbc237db46a0029b18cde2016b68a73bfac1c9a,ac1c9a,9,单,大
2026-08-11 10:54:04,85248608,000000000514ca601834b44cf471a9b67be52e3c3263698ddc3e53e195d3320d,d3320d,0,双,小
2026-08-11 10:54:13,85248612,000000000514ca64376f09bf12269447241b6fa3686d765692a5b028b951d294,51d294,4,双,小
2026-08-11 10:54:23,85248614,000000000514ca662c5fa9d0346d76ea337f015fe0c20b61c0fc8b8006640b85,640b85,5,单,大
2026-08-11 10:54:33,85248618,000000000514ca6ab971592b0e24e9fc7355724f3725b526e034d269a4069545,069545,5,单,大
2026-08-11 10:54:43,85248622,000000000514ca6e6d5013d8bbce558d2deee6b723323774483ebacd195c5a95,5c5a95,5,单,大
2026-08-11 10:54:52,85248624,000000000514ca7071fab7824a7d565ca88dcbefba9d5fb3347db971d5a50c66,a50c66,6,双,大
2026-08-11 10:55:02,85248628,000000000514ca747fb002289b0881bee4c2236e8ac0cbe94d9c46dd3c97177d,97177d,7,单,大
2026-08-11 10:55:12,85248632,000000000514ca7892a6fa589f411d98d12e82b4d20f8770fdd7eea0c752d0b2,52d0b2,2,双,小
2026-08-11 10:55:22,85248634,000000000514ca7a996c85ef8268ae57934b049417c953d046602113d01a1bb0,1a1bb0,0,双,小
2026-08-11 10:55:31,85248638,000000000514ca7e2c52aed713bb815c800d7786e5ef1b013c7e335f89c5a2d2,c5a2d2,2,双,小
2026-08-11 10:55:41,85248640,000000000514ca801a5c2606ea124a30aa46c20527a9bca957146bbd0fbbf664,bbf664,4,双,小
2026-08-11 10:55:51,85248644,000000000514ca8424a2b7c714b76fc76b3d5d3522f839ee669cd83c8cf1ff0d,f1ff0d,0,双,小
2026-08-11 10:56:01,85248648,000000000514ca88efc996e91778aa9889be602f6060d2c3fceb419eb91b0491,1b0491,1,单,小
2026-08-11 10:56:10,85248650,000000000514ca8a066ea5340ba934992f485ee4c4980803c1cb3b6c46e98a0b,e98a0b,0,双,小
2026-08-11 10:56:20,85248654,000000000514ca8e187f8e1692795118ee35424eca05315a26a976cce049ad3a,49ad3a,3,单,小
2026-08-11 10:56:30,85248658,000000000514ca9211618b1a4e2d8813ecdf8e95afa97ecafe462b9a793bf685,3bf685,5,单,大
2026-08-11 10:56:40,85248660,000000000514ca945dba47658df7bad30cd5bbf78492bcbcdf388a73ecea8ea9,ea8ea9,9,单,大
2026-08-11 10:56:50,85248664,000000000514ca984e1a5695c5f692d497fb55b0128fda275688365fb9e9e1a5,e9e1a5,5,单,大
2026-08-11 10:56:59,85248666,000000000514ca9a2068992ab2cb73a7e711337b5de86a7e8d76258870e73c05,e73c05,5,单,大
2026-08-11 10:57:09,85248670,000000000514ca9ea1e7d9b1858fb1179840422080d505420a78a2530d661f13,661f13,3,单,小
2026-08-11 10:57:19,85248674,000000000514caa225b722e339bdd424ba73a226e77b5db3d4ff7cc78ce50c8b,e50c8b,8,双,大
2026-08-11 10:57:29,85248676,000000000514caa4982ca864d00434418867464145e0a2ad4bcb741c58c47a96,c47a96,6,双,大
2026-08-11 10:57:38,85248680,000000000514caa8840edddc780b7562705f0039f70b2346eac58630f2883f8b,883f8b,8,双,大
2026-08-11 10:57:48,85248682,000000000514caaacd23ce6557c3af06a472f1dfb7a3bee24d595b0a81460d79,460d79,9,单,大
2026-08-11 10:57:58,85248686,000000000514caaed9c610b589c4e1d5720d4abaf5b1decae534950a754d4136,4d4136,6,双,大
2026-08-11 10:58:07,85248690,000000000514cab28cea1a214e5a70f91ede77426ce6bf7deaafcb9b413f12d2,3f12d2,2,双,小
2026-08-11 10:58:17,85248694,000000000514cab6b9bc24e392f0ba8523d45f3a921efa8e5ed71f6955aaf4db,aaf4db,4,双,小
2026-08-11 10:58:27,85248696,000000000514cab82fded5fecf4ef5ca27648a1200e8d94a5e0ddb23c8ecd439,ecd439,9,单,大
2026-08-11 10:58:37,85248700,000000000514cabcb33c7695ad77b2e0e5dbace7517d766d47780418c220cf92,20cf92,2,双,小
2026-08-11 10:58:47,85248704,000000000514cac066c86689f4a2b35e6ae7808ed1ba1b8c4ff85536a2cb48e7,cb48e7,7,单,大
2026-08-11 10:58:56,85248706,000000000514cac2a48765eeda0ffcd3c71c265ff8d0813da146881172ee8f6e,ee8f6e,6,双,大
2026-08-11 10:59:06,85248708,000000000514cac48dce13e9d6ca4764d6c0c22eec885688bd09242e36dcff26,dcff26,6,双,大
2026-08-11 10:59:16,85248712,000000000514cac8d2f0e7cc09c8172df69923fe4c3fe096bd7c64ed84ba61a0,ba61a0,0,双,小
2026-08-11 10:59:26,85248716,000000000514cacc68540546d92a9e13abcdf8d48961a28bc0501f656bfe9162,fe9162,2,双,小
2026-08-11 10:59:35,85248720,000000000514cad080bf7292aaf06baeba7ac0bbd66fb9883ae8f91f7316ebbc,16ebbc,6,双,大
2026-08-11 10:59:45,85248722,000000000514cad204b08a3c137759d9022b4e23b3bbfad9822eafaa3034991a,34991a,1,单,小
2026-08-11 10:59:55,85248726,000000000514cad64d842ded3f81196bea3526dcfa62de37f9338785057300c3,7300c3,3,单,小
2026-08-11 11:00:05,85248728,000000000514cad83c0980afa568b4da700af989175701ed03cd3cf44217f92d,17f92d,2,双,小
2026-08-11 11:00:14,85248732,000000000514cadc52cf860b0c510bcf6fac0718f7e28eab3f4a46e9b09b56ba,9b56ba,6,双,大
2026-08-11 11:00:24,85248734,000000000514cade3bdec0c1298812019cded66501f116db5b260c642fc4f748,c4f748,8,双,大
2026-08-11 11:00:34,85248738,000000000514cae2b80be296cc9a389a0f2eaaece705971df5b0538087bf9790,bf9790,0,双,小
2026-08-11 11:00:44,85248742,000000000514cae628bdaf9ec9ddae457ae8135162b871c175a69ba8976834da,6834da,4,双,小
2026-08-11 11:00:54,85248746,000000000514caea8af038e418feac6c4781a793f6af262d40f3f596eec75e10,c75e10,0,双,小
2026-08-11 11:01:03,85248748,000000000514caec4b5c7562f844bbf37fee87382ffc010b77eb1b0e2769ddfc,69ddfc,9,单,大
2026-08-11 11:01:13,85248752,000000000514caf052e1bd61359a692faa9f9b5ea39304c489692c4a427b7184,7b7184,4,双,小
2026-08-11 11:01:23,85248754,000000000514caf285a23aa85cdd6969a0c607c01f3e86dd469b49cdd12d0825,2d0825,5,单,大
2026-08-11 11:01:33,85248758,000000000514caf6f3d58290986f8b50d0ae42e6fedd1f7f6a33dd1a930e6b21,0e6b21,1,单,小
2026-08-11 11:01:43,85248762,000000000514cafab9030ebda841b1d93e96addd1d7706c746902bec1e0ce738,0ce738,8,双,大
2026-08-11 11:01:52,85248764,000000000514cafc91e71377b1a03d7a6dd6541bb2aaeeaea236c3305542b3a2,42b3a2,2,双,小
2026-08-11 11:02:02,85248768,000000000514cb007d3b228a52b4dab6e43b709d7846da8d1062363969978a68,978a68,8,双,大
2026-08-11 11:02:12,85248772,000000000514cb04d53b83291d9a865f53721896ef27383c8016174060a0ea93,a0ea93,3,单,小
2026-08-11 11:02:22,85248774,000000000514cb061c4e6838c447937ee99da247e8d5672d93e9078e8e52fec4,52fec4,4,双,小
2026-08-11 11:02:32,85248778,000000000514cb0a172f9ac3b6eb586ac1b4b70f4b573a61371bb1e2cd6de748,6de748,8,双,大
2026-08-11 11:02:42,85248780,000000000514cb0cf3fd5fcc30a6ac61dbccbf7eddff10e74b3e6b2c7ca17ba2,a17ba2,2,双,小
2026-08-11 11:02:51,85248784,000000000514cb109dafdf90ad560f6891a9c1ad1dbd33c8e4339d85ee2bb77a,2bb77a,7,单,大
2026-08-11 11:03:02,85248788,000000000514cb14b5d13ae25b6c2b2be7f2f99688071b3ac24e99280788c1d8,88c1d8,8,双,大
2026-08-11 11:03:12,85248792,000000000514cb18f238f2b6817d6307e58c9499d24cc191c9c9a2d214be6ace,be6ace,6,双,大
2026-08-11 11:03:22,85248794,000000000514cb1a30ea36482bac14a46aa511d2654afbcead2bcd297e4b6226,4b6226,6,双,大
2026-08-11 11:03:32,85248798,000000000514cb1e169ee25a8fb5c177f31de04c8547d2f6ad6b6afd116b19ad,6b19ad,9,单,大
2026-08-11 11:03:42,85248800,000000000514cb20aff38219bd00cae02318db42a566625a061f7ea4cdd2dd8d,d2dd8d,8,双,大
2026-08-11 11:03:51,85248804,000000000514cb24939f804905d5492908e4b31bb92b3989b0b4e21c7f00412c,00412c,2,双,小
2026-08-11 11:04:01,85248808,000000000514cb288b1394a89d03d02159458df83dd261e43564112809204879,204879,9,单,大
2026-08-11 11:04:11,85248810,000000000514cb2a62e9fd04f6cbebfd4a5a2ae3c9958388b95b0491dc6f9c45,6f9c45,5,单,大
2026-08-11 11:04:21,85248814,000000000514cb2e3c41e8f83592e5bc71ef357e9b64b9b6167ca61d2142b4b1,42b4b1,1,单,小
2026-08-11 11:04:30,85248818,000000000514cb329c2d171407a26de46747106c4e7a1509a44f0ed9d1aa62a5,aa62a5,5,单,大
2026-08-11 11:04:40,85248820,000000000514cb3468de7ee22cd487ddb3571a350899a5b09ba892b029a32249,a32249,9,单,大
2026-08-11 11:04:50,85248824,000000000514cb38d31cb1ea9067c560312e15ca1c34f6ba6250149484d06d1d,d06d1d,1,单,小
2026-08-11 11:05:00,85248826,000000000514cb3a48fbba19459833c57a6a3c938f0bb1b79ced1ffa2c583101,583101,1,单,小
2026-08-11 11:05:10,85248830,000000000514cb3e7feabed731453fb1b971c42dab910bea4b556eca01b08841,b08841,1,单,小
2026-08-11 11:05:20,85248834,000000000514cb42d9c3761107c9a7282c1e07c634357e2d58ab34cfc3217c9d,217c9d,9,单,大
2026-08-11 11:05:30,85248836,000000000514cb4473552e4e6287ddec12749b98408e4554b554a66f0791d179,91d179,9,单,大
2026-08-11 11:05:40,85248840,000000000514cb4845b7eebc1519fd8f65c8dd5bac2836e7152954fe4c98e25a,98e25a,5,单,大
2026-08-11 11:05:49,85248844,000000000514cb4c9477c7138842d87ce554d2638dce13d3c971f3c7c1e3a022,e3a022,2,双,小
2026-08-11 11:05:59,85248846,000000000514cb4e8af4a6f8064f31214d3efbe3f8826f8b92b545a95444b164,44b164,4,双,小
2026-08-11 11:06:09,85248850,000000000514cb5200e48acc285c57316ab726aad82fcf2d6de8e8ebc0317a44,317a44,4,双,小
2026-08-11 11:06:19,85248854,000000000514cb56b6f81f1c5ed153e5c04c0eb181b84b1d98e9ca7c686f2a83,6f2a83,3,单,小
2026-08-11 11:06:29,85248856,000000000514cb58b041c3d47a19c69e867d12641edab80e1a64f06849ecce01,ecce01,1,单,小
2026-08-11 11:06:39,85248860,000000000514cb5c816fe127526c513383b6424d354d046198e7cce2e0e6ce69,e6ce69,9,单,大
2026-08-11 11:06:49,85248864,000000000514cb60b5e4bd4ee04a36f5048cca5c6fc61c0d113a752c17ada1b6,ada1b6,6,双,大
2026-08-11 11:06:59,85248866,000000000514cb62d1f841bd277f2f16495dd7abb461deea156c595cff2b7896,2b7896,6,双,大
2026-08-11 11:07:08,85248870,000000000514cb6624f329fef3f41fa97d85c568a2e52ddfd24cd6929c3370c3,3370c3,3,单,小
2026-08-11 11:07:18,85248872,000000000514cb6895350d55772fbd1e089112cfd410e8e0d4245684a5261730,261730,0,双,小
2026-08-11 11:07:28,85248876,000000000514cb6c18ce3b0953e0500ae37bc8203fc954cb73613e83757db9f9,7db9f9,9,单,大
2026-08-11 11:07:37,85248880,000000000514cb70094304cb5afa27557e8878d1045f0244a55495e5f391f814,91f814,4,双,小
2026-08-11 11:07:47,85248882,000000000514cb721363875cc2add9750e5a3907d854a8cafc4ce1c4a6262b3e,262b3e,3,单,小
2026-08-11 11:07:57,85248886,000000000514cb76c2b50aba6186f0d1243cec386c60c2994818a1e9d8e85bdf,e85bdf,5,单,大
2026-08-11 11:08:07,85248890,000000000514cb7ab43c86d482198ae2a02bc7c3ccb9ad725e4dcf468d80a07e,80a07e,7,单,大
2026-08-11 11:08:17,85248892,000000000514cb7ca0e8d1b478309b65f96fd9b8e97294957a90273f7685fce3,85fce3,3,单,小
2026-08-11 11:08:27,85248896,000000000514cb80a4985de14561df6a107b51604d12fc0001343e11a3d6bc73,d6bc73,3,单,小
2026-08-11 11:08:36,85248898,000000000514cb8264073acd28319c6cbb3ff6e29d0949bc559580da23bc7ad6,bc7ad6,6,双,大
2026-08-11 11:08:46,85248902,000000000514cb869f98788683b1a50887b8420ae222074ea3b9bf9dcc5b9a36,5b9a36,6,双,大
2026-08-11 11:08:54,85248906,000000000514cb8a0c7c743d03c646c901c19d2a91dda0661d998027efbd3a88,bd3a88,8,双,大
2026-08-11 11:09:04,85248908,000000000514cb8c8dbe0f7868aa6546ba93a78e948fbd065f3e8aa59dae2190,ae2190,0,双,小
2026-08-11 11:09:14,85248912,000000000514cb90b39481bcb25b89b2a54783d649029851ff4c8ea2a4912221,912221,1,单,小
2026-08-11 11:09:24,85248916,000000000514cb942d8b1ff8e8ab6ecd2966ee453a02cb821a26215f3bae3d13,ae3d13,3,单,小
2026-08-11 11:09:34,85248918,000000000514cb96f69cab818709817396295c486a6ad83b0a45aab5720e9a79,0e9a79,9,单,大
2026-08-11 11:09:43,85248922,000000000514cb9a4ba4c3e88ab38fac308c5ab11052702eda49b2808add1734,dd1734,4,双,小
2026-08-11 11:09:53,85248926,000000000514cb9e886de5104cf4b11aa41780160d2aa8c4a5e542b466e13588,e13588,8,双,大
2026-08-11 11:10:03,85248928,000000000514cba094c9132c13c04ed4d287a40d19228469eac806ee7c1fa427,1fa427,7,单,大
2026-08-11 11:10:13,85248932,000000000514cba4b8eac2b87d09d6e8cd40983147a82eb23dcf48b04ed97cad,d97cad,7,单,大
2026-08-11 11:10:23,85248934,000000000514cba6aeb650d4dad48b039e09564bbf5c5eeb9b12442c00086aac,086aac,6,双,大
2026-08-11 11:10:33,85248938,000000000514cbaaf54c3bb6d921dfa93f98fb76cceaf610f72981110d6a25f9,6a25f9,9,单,大
2026-08-11 11:10:42,85248942,000000000514cbae90faab234f0d4dc0566d5477b24d89c1b83937672523c030,23c030,0,双,小
2026-08-11 11:10:52,85248946,000000000514cbb266c96e6c6a57e6b4dd38f5424c035e0a3cc041bb46111cc8,111cc8,8,双,大
2026-08-11 11:11:02,85248948,000000000514cbb4aca7505e4ce062df1e983300a2613bed024bae0db27c3d75,7c3d75,5,单,大
2026-08-11 11:11:12,85248952,000000000514cbb8ea1770756e5b028e290d5c38f697db02686c20dd965107d5,5107d5,5,单,大
2026-08-11 11:11:21,85248956,000000000514cbbc1b91e86ebf3dcfe3b95f195b132b89db0ea74684af881fb7,881fb7,7,单,大
2026-08-11 11:11:31,85248958,000000000514cbbe7a183d39e027a69528946c15220da3044c307651b3c0aec7,c0aec7,7,单,大
2026-08-11 11:11:41,85248962,000000000514cbc25c2eb6c2067799b22d0ba33b3c4e3dc3270b8b2104b6c4de,b6c4de,4,双,小
2026-08-11 11:11:51,85248964,000000000514cbc49b877fddc0711a8b064c5d0cdf2d4780b7f63a587f551dd7,551dd7,7,单,大
2026-08-11 11:12:01,85248968,000000000514cbc824e87a1ea4803773cd6f0b4b52748539e75b447006de860b,de860b,0,双,小
2026-08-11 11:12:11,85248970,000000000514cbcacfd62f803a54b4559dd49569ebf4d198d19bdf9a00749d47,749d47,7,单,大
2026-08-11 11:12:20,85248974,000000000514cbcef22f1ae8cae875cac8b34b65585fe63f718ef5e1088c67af,8c67af,7,单,大
2026-08-11 11:12:30,85248978,000000000514cbd2721c30c3972424d05149bbcb77c23a99b8146229c86e8b09,6e8b09,9,单,大
2026-08-11 11:12:40,85248982,000000000514cbd64f35ec8863cc65b15922b68e6124ef1bafa28b28c6a3b150,a3b150,0,双,小
2026-08-11 11:12:50,85248984,000000000514cbd8626d4e72d4e32d968eb35109cb98bdeee90cc848bbbf8da5,bf8da5,5,单,大
2026-08-11 11:13:00,85248988,000000000514cbdc42003e63fc2cb4ebd210671c41b01d7694f2fd00514ce90c,4ce90c,0,双,小
2026-08-11 11:13:10,85248992,000000000514cbe0112033649e5392c1218a5de174e8bf8906f49f646dfbd141,fbd141,1,单,小
2026-08-11 11:13:20,85248994,000000000514cbe29b1f88b701ba7dba99a1a6dad4db650f5d8b24b86230fa10,30fa10,0,双,小
2026-08-11 11:13:30,85248996,000000000514cbe46cc35f388c195c5c14e516feac44cff165ddf821ddfafaa6,fafaa6,6,双,大
2026-08-11 11:13:39,85249002,000000000514cbea7eb05491035ed8aad08120867e5cc34ce3586acfc4a2121d,a2121d,1,单,小
2026-08-11 11:13:49,85249004,000000000514cbec51f3ea3196e9867277b93abf4bbf39cfd2ce3c8df4711faa,711faa,1,单,小
2026-08-11 11:13:59,85249006,000000000514cbeec999ad801be2ab3060e51c598c3d525ad66337b02063909e,63909e,9,单,大
2026-08-11 11:14:09,85249010,000000000514cbf2203288d7ee21d7baa0cc397d2c0f15e0e7465863183d8f81,3d8f81,1,单,小
2026-08-11 11:14:19,85249014,000000000514cbf6fa60e7a2b4cfcffadc3df3a9d6326cf99007b6e5bff7e9cf,f7e9cf,9,单,大
2026-08-11 11:14:28,85249016,000000000514cbf8f73219883da3a6d857db9f236fd7703507161a6f5b011d19,011d19,9,单,大
2026-08-11 11:14:38,85249020,000000000514cbfc7c9c16dc93d7d005cb5a33d186bf6373c2e53958453bac37,3bac37,7,单,大
2026-08-11 11:14:48,85249024,000000000514cc00707bd042b8f6fda477e0a737217c541a3d7f9f091be47c26,e47c26,6,双,大
2026-08-11 11:14:58,85249026,000000000514cc02cd5eb5d88a02a8a8c9c054ed977ef2b5f80bd75fd4069b38,069b38,8,双,大
2026-08-11 11:15:08,85249030,000000000514cc062b1d538627d7c27a7585770f3be0b2faf3175239488182cd,8182cd,2,双,小
2026-08-11 11:15:17,85249034,000000000514cc0a42eee49b05fa5feeebb54a2aa403214d65a45652ce348bd4,348bd4,4,双,小
2026-08-11 11:15:27,85249038,000000000514cc0e684a3c481bdd6bbdf238bdbf92456cc4e407f984dd31a270,31a270,0,双,小
2026-08-11 11:15:37,85249040,000000000514cc1071fc74863a5bc96a56cc990dbe69e75284f8fa1a76ed4109,ed4109,9,单,大
2026-08-11 11:15:47,85249042,000000000514cc1282ee7512edf80a6df8be662bf4ebb4537213fa8dd00c5727,0c5727,7,单,大
2026-08-11 11:15:56,85249046,000000000514cc16684549f9da6bc68ded72dd0fe3e740a1d1f3d203940e0dd8,0e0dd8,8,双,大
2026-08-11 11:16:06,85249050,000000000514cc1a96f41da7f3fee01562d0b4bbfbb5688a57b4b10cf992ec3a,92ec3a,3,单,小
2026-08-11 11:16:16,85249052,000000000514cc1ce37b261781fec0ca1f7dd10f950491a53fcc83eec434803f,34803f,3,单,小
2026-08-11 11:16:26,85249056,000000000514cc2058e2de53bf62c29fa8af66f7cf30287f07baa894c39b58b6,9b58b6,6,双,大
2026-08-11 11:16:36,85249060,000000000514cc241eb1aaf504a80b35bf9d4f247aafdf34517acdeacbbd2f63,bd2f63,3,单,小
2026-08-11 11:16:45,85249062,000000000514cc264d45f2c26888ed09fa13dc7de66573786a3b7dfc4889ab6f,89ab6f,6,双,大
2026-08-11 11:16:55,85249066,000000000514cc2aaa07f7b9b70d31c659d54115f2b73e847af3d34604ecc52f,ecc52f,2,双,小
2026-08-11 11:17:05,85249070,000000000514cc2e67205763a76cf731e8d5032b4a7b604675fb4d33fa5e9df2,5e9df2,2,双,小
2026-08-11 11:17:15,85249074,000000000514cc323d5c25c8f8ca6d1e11ab3c0aa47258cb6b492761e4470116,470116,6,双,大
2026-08-11 11:17:25,85249076,000000000514cc34b4e48ad7f4b73dc286e64287b5809c5f393913a612d7f167,d7f167,7,单,大
2026-08-11 11:17:34,85249078,000000000514cc3698ac4e9698cf9ac86099cce36a62bc3edc09444a435c7b6e,5c7b6e,6,双,大
2026-08-11 11:17:44,85249082,000000000514cc3a4402f043843d626d9239e38c0edb4c04634372bd3dc62554,c62554,4,双,小
2026-08-11 11:17:54,85249086,000000000514cc3e3df16f2db12e051feaa33a5e0f87b0240591ce65df820122,820122,2,双,小
2026-08-11 11:18:04,85249088,000000000514cc408866aed4f8bd5c5c7d61623eab2763680adb96d8395936ed,5936ed,6,双,大
2026-08-11 11:18:13,85249092,000000000514cc449a5b37931ac32266970cc589cb0b0eafc6a3461bd619ee02,19ee02,2,双,小
2026-08-11 11:18:23,85249096,000000000514cc48685b5b552ab369a6e9d8e4f91d8ab0a66503d510694298ff,4298ff,8,双,大
2026-08-11 11:18:33,85249098,000000000514cc4a98ccbb4c7c8fae55ddce9cdb85cbad5dbf6d08f918f68b16,f68b16,6,双,大
2026-08-11 11:18:43,85249102,000000000514cc4e7d8fb652d66a33d6efdf12baeb166f8bad5231cf698631f9,8631f9,9,单,大
2026-08-11 11:18:53,85249104,000000000514cc507b398e2fdd87376aa07ec3c2b74c7a27475875344a6a8765,6a8765,5,单,大
2026-08-11 11:19:03,85249108,000000000514cc54b0caf768dd3f986b382465570ffccc55cd11dcf6633024a0,3024a0,0,双,小
2026-08-11 11:19:12,85249112,000000000514cc5867cec3a6b2e6e8c5922fdc9250f989379979cb51970febdb,0febdb,0,双,小
2026-08-11 11:19:22,85249116,000000000514cc5c1bda040f4966a5d090c85165428e847b1b3ea40a91a594f7,a594f7,7,单,大
2026-08-11 11:19:32,85249118,000000000514cc5e30074d49e02e81601f1f13c6ac77276724c45400a8649fcf,649fcf,9,单,大
2026-08-11 11:19:42,85249122,000000000514cc62b17da6a788c5f06fb39238c722f04162ae36a6ee9cf3e9d5,f3e9d5,5,单,大
2026-08-11 11:19:52,85249126,000000000514cc661992b2dfcd6dcea75e767459ac802f541e5c2df45227ea9f,27ea9f,9,单,大
2026-08-11 11:20:01,85249128,000000000514cc680aa44b25a12aa7c7633b67a61c603dc188142556b6012fe7,012fe7,7,单,大
2026-08-11 11:20:11,85249132,000000000514cc6c10636304670acf80bc05e9b457d1c23a9bfe794748a8f09b,a8f09b,9,单,大
2026-08-11 11:20:21,85249134,000000000514cc6ebbd47d2789f63b1e7b637aefec45e0a7b62e4f29707e656b,7e656b,6,双,大
2026-08-11 11:20:30,85249138,000000000514cc7253fe468fbb1f8f05e969cdf095c69ff439a4d29dd76879f0,6879f0,0,双,小
2026-08-11 11:20:40,85249140,000000000514cc741c42e1126a15373e6613e9896935ca582ecd26f48ff62442,f62442,2,双,小
2026-08-11 11:20:50,85249144,000000000514cc785b62d58fbd695e3913ce00fe062a460935eb1a0ff23c57d3,3c57d3,3,单,小
2026-08-11 11:21:00,85249148,000000000514cc7c565ff8e20f7ca882f0c9b53c6b27a9c452f1ba07c3ddde04,ddde04,4,双,小
2026-08-11 11:21:09,85249150,000000000514cc7e32b734278494ac8704def7775e86404cef27034184553a1a,553a1a,1,单,小
2026-08-11 11:21:20,85249154,000000000514cc825dd45b56cf16297c18740841a1ee0d0e2b7e6855aefe98f1,fe98f1,1,单,小
2026-08-11 11:21:29,85249158,000000000514cc86fdb10ed84cad631002ecc845300d4ad66c02894d3bb84768,b84768,8,双,大
2026-08-11 11:21:40,85249160,000000000514cc8823705b2bac892a3ccdde2441c1b4e3b339c3e697c40934f7,0934f7,7,单,大
2026-08-11 11:21:50,85249164,000000000514cc8c4ecb2342443fcf5655e0985cb14118b2c14beeaab18d417d,8d417d,7,单,大
2026-08-11 11:21:59,85249168,000000000514cc900b1a9405b792a48988f595d4712c79f7d7ac46d656385869,385869,9,单,大
2026-08-11 11:22:09,85249172,000000000514cc94d0d9d5286c8e5100c7ed07263e7d71a152ec49f57e041767,041767,7,单,大
2026-08-11 11:22:19,85249174,000000000514cc96eece92a1ef03595ba236b95da2192611e18bb8fec6a4c2a4,a4c2a4,4,双,小
2026-08-11 11:22:29,85249176,000000000514cc98b29bf4f16a34cbf115bcdb012933c2817116730b21ef3276,ef3276,6,双,大
2026-08-11 11:22:39,85249180,000000000514cc9c411b82816044b5ff405755386a92873ac1a830faf9ac41fd,ac41fd,1,单,小
2026-08-11 11:22:48,85249184,000000000514cca08c0eeba5fd949fe2f2803acf1cf70a86c0a600307e9ea65a,9ea65a,5,单,大
2026-08-11 11:22:58,85249186,000000000514cca24b6935271e7703f5b7b984234fbd55c7b2c9652c878a26d1,8a26d1,1,单,小
2026-08-11 11:23:08,85249190,000000000514cca631308c309b6fd2a45e4b173ccafb18d8ef1875c3104159ab,4159ab,9,单,大
2026-08-11 11:23:18,85249194,000000000514ccaa7906cd54bb2ecd68ff219b007129555d6d14fd9d0848a5f9,48a5f9,9,单,大
2026-08-11 11:23:28,85249198,000000000514ccae512b19d9062d024f271eec94cce0829a190121665ee6f3f1,e6f3f1,1,单,小
2026-08-11 11:23:38,85249200,000000000514ccb0f0e660f2034dcc4628a460fb2fdd33b5c6dd9b3f9157d306,57d306,6,双,大
2026-08-11 11:23:48,85249204,000000000514ccb401ffd56484d9bb545a4f332045f730c1353d95b72d8afcd4,8afcd4,4,双,小
2026-08-11 11:23:58,85249206,000000000514ccb6dc87f91fd2cd84f6e31cce13fa466a763e708f027be2b72c,e2b72c,2,双,小
2026-08-11 11:24:07,85249210,000000000514ccbab7f6e2a20cbd590a5a9f3dc8e866613578375d3cf854f805,54f805,5,单,大
2026-08-11 11:24:17,85249214,000000000514ccbe17cad1e967a015d15fccaec8048782262f483e6dda98d942,98d942,2,双,小
2026-08-11 11:24:27,85249216,000000000514ccc04f3ad80bd6aad107cbd7c9cbdddcc165f205e8dbccb26625,b26625,5,单,大
2026-08-11 11:24:37,85249220,000000000514ccc41fbf0d0b71d64b6bb3e6b39639428c1f88fcdba32277823e,77823e,3,单,小
2026-08-11 11:24:46,85249222,000000000514ccc653d6b2b950f361fb6a3b44175cd5d61190523d952c56872f,56872f,2,双,小
2026-08-11 11:24:56,85249226,000000000514cccaf7829986d5d3da0ae72e82ce6705a7d6574d1cdd76144b52,144b52,2,双,小
2026-08-11 11:25:06,85249230,000000000514ccce8216d945d553171e83cda2d83d08915ed2ba7206e01e5ef4,1e5ef4,4,双,小
2026-08-11 11:25:16,85249232,000000000514ccd0478d8274c3f787700626f7c30a5050fe485e1e919c4330a3,4330a3,3,单,小
2026-08-11 11:25:25,85249236,000000000514ccd47546c26e989ac06ccd630a63e6c0f64bbb3d5df3a4e8d389,e8d389,9,单,大
2026-08-11 11:25:35,85249240,000000000514ccd8fac6cf194b62c7d76c5ba193005597e40900e60526695c78,695c78,8,双,大
2026-08-11 11:25:45,85249242,000000000514ccdae724ff960fc746811d47e9b38a57d3b15db3870f5ef136aa,f136aa,6,双,大
2026-08-11 11:25:54,85249246,000000000514ccde193abf9491410bed768eafc370bcb74e3393074eaa6134ef,6134ef,4,双,小
2026-08-11 11:26:04,85249248,000000000514cce097724440396b78327da784e3ad553368e4201d11e8f38016,f38016,6,双,大
2026-08-11 11:26:14,85249252,000000000514cce414e5429624052da785b5675d6e05baf7ad40c2b026d327d5,d327d5,5,单,大
2026-08-11 11:26:24,85249256,000000000514cce879770f4ad99201212d179ab85029a597ec8db294d3249eba,249eba,9,单,大
2026-08-11 11:26:34,85249260,000000000514ccecf9bce5a5e65865e04c09ae11b3e6896544f92e124a2689ad,2689ad,9,单,大
2026-08-11 11:26:43,85249262,000000000514ccee0e11d8c62ef4cfaa0718f7b2369bd3c37097c59544babdc9,babdc9,9,单,大
2026-08-11 11:26:53,85249266,000000000514ccf27af46b8fe9c66907084cc0348aed9538fa4ccb7bb952dab5,52dab5,5,单,大
2026-08-11 11:27:03,85249268,000000000514ccf410ef881b8a7ccd086132076cbd2051dbc71ff0eac17573c5,7573c5,5,单,大
2026-08-11 11:27:13,85249272,000000000514ccf8bbb69e93888a3481e41e944b2af2866ba8dbb6f6fcdbed72,dbed72,2,双,小
2026-08-11 11:27:22,85249276,000000000514ccfc0c706a59aaadbe9b641d3415b977fb13c09da2ea4ecae322,cae322,2,双,小
2026-08-11 11:27:32,85249278,000000000514ccfeae2a8d7cfc24b659920ad6d796afdad485e976a5380505a5,0505a5,5,单,大
2026-08-11 11:27:42,85249282,000000000514cd02291e9cf639eccf641e7e9e6c1cea341eed448c840ebd1f28,bd1f28,8,双,大
2026-08-11 11:27:52,85249286,000000000514cd064ef4dd5067d35d863d4e16ce32a14ef7ab0f958dfc1c1ef5,1c1ef5,5,单,大
2026-08-11 11:28:01,85249288,000000000514cd08797154249a8fac08a3ba581092ed6a54da45c52bd9944c55,944c55,5,单,大
2026-08-11 11:28:11,85249292,000000000514cd0ce1189cd40907eedc3082e0504b21c55cd81647f68eede1d5,ede1d5,5,单,大
2026-08-11 11:28:21,85249294,000000000514cd0e20c4b1f58d1726fd94d9497ceb640d15cf091f5dcdf5cf10,f5cf10,0,双,小
2026-08-11 11:28:31,85249298,000000000514cd12a81a1e0af9569e8b6d06126e7e467d93600b937dece0b36b,e0b36b,6,双,大
2026-08-11 11:28:40,85249300,000000000514cd14be60830234593d82088523879a5b6af5520dcf5e8f735bc8,735bc8,8,双,大
2026-08-11 11:28:50,85249304,000000000514cd184cb5af74dda7e79e80a6c9dfdba316ab74f0ea322385c9e9,85c9e9,9,单,大
2026-08-11 11:29:00,85249308,000000000514cd1cd9fd10830b364b9e3f1766e519d744b95af9acb7f59f42d1,9f42d1,1,单,小
2026-08-11 11:29:10,85249310,000000000514cd1e7027b5f4b4333472b899cc9a9de2567ceed4a3d911a0eb3c,a0eb3c,3,单,小
2026-08-11 11:29:19,85249314,000000000514cd22d1f142db6fe762554db85774b7a346d5a3f22d040ed002a5,d002a5,5,单,大
2026-08-11 11:29:29,85249318,000000000514cd26ca89ee094d112292106fd24fac03cb717a0e0186e2d61cdd,d61cdd,1,单,小
2026-08-11 11:29:39,85249322,000000000514cd2a5c2a7c670af6580261030cade90ce13c8fb0233eef8cd085,8cd085,5,单,大
2026-08-11 11:29:49,85249324,000000000514cd2c34494c9128c514c8afca65f1404c2460c5f8fd64368addeb,8addeb,8,双,大
2026-08-11 11:29:59,85249328,000000000514cd309c53c2edbc28c0e3c9217d9e650ae2eab627cb5c942f3a07,2f3a07,7,单,大
2026-08-11 11:30:09,85249330,000000000514cd3279c3268acaa3672678533f1aa750f8288d28d1e54ce9e6c7,e9e6c7,7,单,大
2026-08-11 11:30:19,85249334,000000000514cd36b922d6bdd91291c9768806122076b143b08ccb7a2139d9f0,39d9f0,0,双,小
2026-08-11 11:30:29,85249338,000000000514cd3ab852882243b6b4289cc2aa80b44825aeafaa4b296be6a276,e6a276,6,双,大
2026-08-11 11:30:39,85249340,000000000514cd3ceae3531fe4d110127a16003e93c91492561a34198224b4f2,24b4f2,2,双,小
2026-08-11 11:30:48,85249344,000000000514cd40cf7a400a93fbcbb521684f8515a7e784abec133a3e66a371,66a371,1,单,小
2026-08-11 11:30:58,85249346,000000000514cd42615b5048c6465bee36f186c47f24351d499b50463590d1d8,90d1d8,8,双,大
2026-08-11 11:31:08,85249350,000000000514cd463226a7b2f9501f6361c181913f58f1f9e3b00b7fa0dd5aa9,dd5aa9,9,单,大
2026-08-11 11:31:17,85249354,000000000514cd4ae5f39a6f98fec98edb47af6f22b7b95c75666c0d465cf053,5cf053,3,单,小
2026-08-11 11:31:27,85249356,000000000514cd4c80a9f614c311d588ae57d8a0a90196ead7f81b8a930dde0c,0dde0c,0,双,小
2026-08-11 11:31:37,85249360,000000000514cd506cf80669b37390bbbf242ddecdcc4f1a48f0f687517b7fb8,7b7fb8,8,双,大
2026-08-11 11:31:47,85249364,000000000514cd5431589db125ed380937c5cccd50cc6664c6f1cd07245f474f,5f474f,4,双,小
2026-08-11 11:31:57,85249366,000000000514cd56bc861c2d2c50ff73b7d0b6522732d644eea6386b72d5003c,d5003c,3,单,小
2026-08-11 11:32:06,85249370,000000000514cd5a07c9cbc008f341e2bf3b4cb318cc4768e671880a6c594e35,594e35,5,单,大
2026-08-11 11:32:16,85249372,000000000514cd5ca997ab1122fa5ecb4d22d0023bff9f647d1d61f73f5b13a8,5b13a8,8,双,大
2026-08-11 11:32:26,85249376,000000000514cd60247e65711f3f3c9d660965f955d675eea5ffcea85e63f6b6,63f6b6,6,双,大
2026-08-11 11:32:35,85249380,000000000514cd6471ec457f973369e32a5bef649740eeacdcddf019e487e10f,87e10f,0,双,小
2026-08-11 11:32:45,85249384,000000000514cd68030c021ec4f011364afeda0ac4b3d24c0e13191fdcaeb6e5,aeb6e5,5,单,大
2026-08-11 11:32:55,85249386,000000000514cd6aaa9a2aa399fa6a8cc72a5aeabc79544059daa48e93804010,804010,0,双,小
2026-08-11 11:33:05,85249388,000000000514cd6ced625fb367d88c752b652b448501307b0c38cde2d4038d4a,038d4a,4,双,小
2026-08-11 11:33:15,85249392,000000000514cd70a3d339a9a0d5e491dc9a67af922bd86c75448a32069bd010,9bd010,0,双,小
2026-08-11 11:33:25,85249396,000000000514cd748c996da2ab19c40d089de3101865309b4ddf63ed0d4607a9,4607a9,9,单,大
2026-08-11 11:33:34,85249398,000000000514cd767b3f9e49fc18fff5da993af56abc5041114ec93aa66c9ee0,6c9ee0,0,双,小
2026-08-11 11:33:44,85249402,000000000514cd7aa5c5a010a1fdc03e11848c144fdf3cf4e60e965285b096d2,b096d2,2,双,小
2026-08-11 11:33:54,85249406,000000000514cd7e20a6b2e1333ae39e300624950a86d1209696b75980bdbb53,bdbb53,3,单,小
2026-08-11 11:34:04,85249410,000000000514cd8221851ba07ba200ec320ad3cee4aaefc73d3bca84162a2dc8,2a2dc8,8,双,大
2026-08-11 11:34:14,85249412,000000000514cd847b4ccfd81cf7e9208b2782244ae1ebec005c8441a67efa95,7efa95,5,单,大
2026-08-11 11:34:23,85249416,000000000514cd8846bfdfd25dfde608066543da14263a582df2ef3b65489abd,489abd,9,单,大
2026-08-11 11:34:33,85249418,000000000514cd8a039a82fb757fd9dc66b2ee38ec209b44a619a0ddabdc5e83,dc5e83,3,单,小
2026-08-11 11:34:43,85249422,000000000514cd8e95938ca4ebe6b38164c8a94c10c3d023551945adc8c5b850,c5b850,0,双,小
2026-08-11 11:34:53,85249424,000000000514cd90eb46e48ca93b308e31ec7403bab85c946708665e43e9321a,e9321a,1,单,小
2026-08-11 11:35:03,85249428,000000000514cd949647fe31e0549bf6bb8cfae55cf4965872a66ebf89b35222,b35222,2,双,小
2026-08-11 11:35:12,85249432,000000000514cd98398a7b43b44d75797c3560cb62d92bdd025f285c6993ab2a,93ab2a,2,双,小
2026-08-11 11:35:22,85249434,000000000514cd9ac00ec9d2b778db695dd92a93c2ebf5583ee09d5d2f4ac03c,4ac03c,3,单,小
2026-08-11 11:35:32,85249438,000000000514cd9ec93e89c5711f3e3f5e0484facd3dcd1c3ff1a22198f62df3,f62df3,3,单,小
2026-08-11 11:35:42,85249442,000000000514cda2a8b25ad9d47129f2141c04e24176c6c355e2b6763d301e97,301e97,7,单,大
2026-08-11 11:35:51,85249444,000000000514cda49131280b4efb45618123cb96324edff4df1e3a7f19bec0a2,bec0a2,2,双,小
2026-08-11 11:36:01,85249448,000000000514cda882d8e074dd063b00d44d53a6a340f0f394cbff37d3a25493,a25493,3,单,小
2026-08-11 11:36:13,85249452,000000000514cdacff248f802cd9d868112f7ba5e7b280d6fb14bf8197ac1e73,ac1e73,3,单,小
2026-08-11 11:36:23,85249456,000000000514cdb02b8fef52b5a7c6adf22e6a887282bb20f070bec7cc9a8380,9a8380,0,双,小
2026-08-11 11:36:33,85249458,000000000514cdb22ab3e3f4fc5501ee70634ce3dcc74f66a3b9a16f2ec5ea50,c5ea50,0,双,小
2026-08-11 11:36:43,85249462,000000000514cdb6dafd9215efba7f95f375d627a94af9266530f577dda6aea4,a6aea4,4,双,小
2026-08-11 11:36:53,85249466,000000000514cdba6db5b3bf62aeb11af3e4d144829407f8b1ff4c04b6439895,439895,5,单,大
2026-08-11 11:37:02,85249468,000000000514cdbcd4435c1c1e9e1417e37203a8da9b384d065b98be4f1ef42a,1ef42a,2,双,小
2026-08-11 11:37:12,85249472,000000000514cdc094be5ec9e4f80b21dcd9e3e127cba0d67a79dd2cd2f00a95,f00a95,5,单,大
2026-08-11 11:37:22,85249476,000000000514cdc46c404ae46fe4feac677c1196c34e69a2cf613b5ec45c4c9e,5c4c9e,9,单,大
2026-08-11 11:37:32,85249478,000000000514cdc6f50601770ef04a25a98849d4f760464654a6ac08d8ad2cbf,ad2cbf,2,双,小
2026-08-11 11:37:42,85249482,000000000514cdcac1de18191fb41bea054d477cd34c6046f2e2681ef669cf89,69cf89,9,单,大
2026-08-11 11:37:51,85249484,000000000514cdccbb3689445fb1c43b6760d63e62bf016cf76912ce3c2cfe56,2cfe56,6,双,大
2026-08-11 11:38:01,85249488,000000000514cdd0ecae04aa94fc489cf0f4fb7a2ffe050b2fffaa00eb357bba,357bba,7,单,大
2026-08-11 11:38:11,85249492,000000000514cdd44f3e9a0f7c1ae4a7bb3d20b2e7a023a5173939be6fe5e00e,e5e00e,0,双,小
2026-08-11 11:38:21,85249494,000000000514cdd6b7c7b58898c1b714c5f1791d3180e965fce2d0f63a6f122f,6f122f,2,双,小
2026-08-11 11:38:31,85249498,000000000514cdda8c855c60d006fce3b3dee88af4e0c992c873bbca6eb1ebb0,b1ebb0,0,双,小
2026-08-11 11:38:41,85249502,000000000514cdde6f923bff7686356b6b6f2395b0d36e684436087f28b0b609,b0b609,9,单,大
2026-08-11 11:38:51,85249504,000000000514cde0f60dae3757b43943ba062b24139db522ef54eaa082c3a140,c3a140,0,双,小
2026-08-11 11:39:01,85249508,000000000514cde43c61beadc6f0c422b02c53e8f3522d3f1284a231e8b69c6f,b69c6f,6,双,大
2026-08-11 11:39:10,85249510,000000000514cde67210a50f017ad2996a132f349e3bed5b021d9a1c4b437af4,437af4,4,双,小
2026-08-11 11:39:20,85249514,000000000514cdeaa0ac4dc98191ee966e2cf4f430ae302657a0e29d7fa951e5,a951e5,5,单,大
2026-08-11 11:39:31,85249518,000000000514cdeeb4445d898d750a14050ad3c580681a8b3ded1db752d35e10,d35e10,0,双,小
2026-08-11 11:39:40,85249522,000000000514cdf2e79ab0f6de999ddc8f108375ef81b4b00e544bc216b1f249,b1f249,9,单,大
2026-08-11 11:39:50,85249524,000000000514cdf401e55ec2b28d603e27b870df620f258ee8b8dc87ca2b3add,2b3add,3,单,小
2026-08-11 11:40:00,85249526,000000000514cdf6448fa9d6d04085285a9a84a91b735866c868e44407f4b375,f4b375,5,单,大
2026-08-11 11:40:10,85249530,000000000514cdfa3a16b7360cbd3ba0c74f3fe7dda85935ba67eaf6ebf702e6,f702e6,6,双,大
2026-08-11 11:40:19,85249534,000000000514cdfe84a01265eb56ac8d63adb40860b419ad92cca1f8461804ae,1804ae,4,双,小
2026-08-11 11:40:29,85249536,000000000514ce00933331ce5f17aee5a5aad3d23b021aed730e9889e8881951,881951,1,单,小
2026-08-11 11:40:39,85249540,000000000514ce04c0479dd616e4fac44449b8f8d4a47fcd050f7a38e476aab7,76aab7,7,单,大
2026-08-11 11:40:48,85249544,000000000514ce08a2b9a012b236543a717444b0bdc7f949ed0b2d2bd49d5baa,9d5baa,5,单,大
2026-08-11 11:40:58,85249546,000000000514ce0a76c9f3eeef4f47e4c1fd4fef597cbb797a568863eb2215f5,2215f5,5,单,大
2026-08-11 11:41:08,85249550,000000000514ce0e1704d8cc32c87d7ac046843ce945068384f90ecc2a329895,329895,5,单,大
2026-08-11 11:41:18,85249554,000000000514ce1287053dff6260fe79d3b722342fff6da14d6dcc945ce61557,e61557,7,单,大
2026-08-11 11:41:27,85249556,000000000514ce14da51d93b8b5a28e1941ecec86e00897fa68fbe2749d34fcf,d34fcf,4,双,小
2026-08-11 11:41:37,85249560,000000000514ce18ee1e6d46fdd8b0bcc406cfdf0cd302a77661b7a02ce3ca3a,e3ca3a,3,单,小
2026-08-11 11:41:47,85249564,000000000514ce1cc28c5de9f86710bbba64ec7cf5fe74e13302cc6314f134c0,f134c0,0,双,小
2026-08-11 11:41:57,85249566,000000000514ce1eedfb7b220995f93a0a973148fd74472a6b7ebc6e1970783c,70783c,3,单,小
2026-08-11 11:42:06,85249570,000000000514ce22aaca66e09e45eacea823f984fc3006d1a14e85508dd35818,d35818,8,双,大
2026-08-11 11:42:16,85249572,000000000514ce2487758801574be6b893f17f8eb88771467b5271cd4a91c006,91c006,6,双,大
2026-08-11 11:42:26,85249576,000000000514ce286d342ba0bd6a0b9227c506ba6084d99af7e2b433b9664a77,664a77,7,单,大
2026-08-11 11:42:36,85249580,000000000514ce2c78c50790e8cb0965c82f0c2e248df0da610f71b22cf3a15c,f3a15c,5,单,大
2026-08-11 11:42:46,85249582,000000000514ce2ebdf0a235325acb5fc25613a3db23f26837b175fcfd578831,578831,1,单,小
2026-08-11 11:42:56,85249586,000000000514ce32176bde918f1ee070fefddb92330a69e6eccec070c50df98e,0df98e,8,双,大
2026-08-11 11:43:05,85249590,000000000514ce36f7d69861c78d483b7b4e0df7a3b3d02d26da40278f2aea87,2aea87,7,单,大
2026-08-11 11:43:15,85249592,000000000514ce38970dda1be09b736c8b0119a306c50171d43a958deeea3860,ea3860,0,双,小
2026-08-11 11:43:25,85249596,000000000514ce3c8dddee5503d2dd21053188f4d6e73cfa268b81437a48828b,48828b,8,双,大
2026-08-11 11:43:35,85249598,000000000514ce3e587774524d2d4ad5c2d01496b67ec8642de247c79ed58a2e,d58a2e,2,双,小
2026-08-11 11:43:44,85249602,000000000514ce421b699112e951364c0fc7b5516da868e7589b17d36d1c9b91,1c9b91,1,单,小
2026-08-11 11:43:54,85249606,000000000514ce460898f9f65c45f9366a0743400d79f5359f45ca2f28d30acb,d30acb,0,双,小
2026-08-11 11:44:04,85249608,000000000514ce48948c6657b3196e66314a88a7f57a0b1958234590a9d3ed8f,d3ed8f,8,双,大
2026-08-11 11:44:14,85249612,000000000514ce4c12e06e05f90e130fb00d9eef8c42f0d94591aa03121ff839,1ff839,9,单,大
2026-08-11 11:44:23,85249616,000000000514ce50c59a8f5178cfce75345b367e1fdb7bf88572572088222356,222356,6,双,大
2026-08-11 11:44:33,85249618,000000000514ce52ecdb467ba647304ebd8ef5894c0ff4011ee201024e4e81e9,4e81e9,9,单,大
2026-08-11 11:44:43,85249622,000000000514ce56314dcdf15b19f583ee52ae23bb482f0bd6808e6fba4997fd,4997fd,7,单,大
2026-08-11 11:44:53,85249624,000000000514ce589bf44796993ebfd5623a9574adebb84671e814597cf77fc9,f77fc9,9,单,大
2026-08-11 11:45:02,85249628,000000000514ce5c5d2d091f8f8d8ebbf3779ec31d6b707177e1b9c3250a7373,0a7373,3,单,小
2026-08-11 11:45:12,85249632,000000000514ce602bf54587b752974c7aa34fd90af2a7338f6d01b0a2e888ef,e888ef,8,双,大
2026-08-11 11:45:22,85249634,000000000514ce620dc26130a68f3680f69a3c8fe17608aa8d1b750931e5697d,e5697d,7,单,大
2026-08-11 11:45:31,85249638,000000000514ce6600954620758559c6ce999cf506e02dee2af342780acb0aa5,cb0aa5,5,单,大
2026-08-11 11:45:41,85249642,000000000514ce6a33e125653672efca11b8228730e7caa7b3154964a3f90403,f90403,3,单,小
2026-08-11 11:45:51,85249644,000000000514ce6ca3eba870a637d68732f3029c69d7ee13ca18dca6ef74b604,74b604,4,双,小
2026-08-11 11:46:01,85249648,000000000514ce7021b3c1cf9c1416713f47bcecde5c4eb2d2618fafa2dbeed5,dbeed5,5,单,大
2026-08-11 11:46:10,85249650,000000000514ce72e29a3f17ad22a749df239c6b62cf4c19080a0b0198b7756b,b7756b,6,双,大
2026-08-11 11:46:20,85249654,000000000514ce760a691e37e37334fc4c0ee4d08f94a8827debaee73d0626f8,0626f8,8,双,大
2026-08-11 11:46:30,85249658,000000000514ce7a97e28ac8caec6f36cd7766acf85b57c4d66bf0e2565c4ad0,5c4ad0,0,双,小
2026-08-11 11:46:40,85249660,000000000514ce7ca927f67ca5b63af3a23f9b3e0043ffc0a1b65122ebde72ea,de72ea,2,双,小
2026-08-11 11:46:50,85249664,000000000514ce80d1f9d51bb0c8a535d86525f48dd9ff04754925c29873b021,73b021,1,单,小
2026-08-11 11:46:59,85249668,000000000514ce84513869fa92043d98dc82c5b110090ca963f0b7fb79b36dca,b36dca,6,双,大
2026-08-11 11:47:09,85249670,000000000514ce86c2c48b6d67761db54ec2c49e8c4c12f1fed2b7aced02986b,02986b,6,双,大
2026-08-11 11:47:19,85249674,000000000514ce8add2e10d3739b43acb5dfdf1bb952f85945131451a55402db,5402db,2,双,小
2026-08-11 11:47:28,85249678,000000000514ce8e7be87b67dc8ff6f54804abc2a66b4590ada8a5bad5da2552,da2552,2,双,小
2026-08-11 11:47:38,85249680,000000000514ce90324f10ca81d41c737509283077cedafe95e782a1321ebdf3,1ebdf3,3,单,小
2026-08-11 11:47:48,85249684,000000000514ce943dade42e944db51fbdc012c617cd2a527b97bd8d3b63198c,63198c,8,双,大
2026-08-11 11:47:58,85249686,000000000514ce961a5a5098719e51a6c3048b12739beaf7a6f05be21f69eac8,69eac8,8,双,大
2026-08-11 11:48:07,85249690,000000000514ce9a20407784b3fdb6f06f2c488275a00ae4f67b94eac31183db,1183db,3,单,小
2026-08-11 11:48:17,85249694,000000000514ce9e6c71a2996e0bb2522c12786c5365abfad5d597d0f7067208,067208,8,双,大
2026-08-11 11:48:27,85249696,000000000514cea0bef129c823a72761b7b67c44c17b2f3cc885b2de7b50a57d,50a57d,7,单,大
2026-08-11 11:48:37,85249700,000000000514cea4c2808abdab76d957ee67626d3dbe80e78f6a0a1afe3b1d8b,3b1d8b,8,双,大
2026-08-11 11:48:47,85249704,000000000514cea8a9e16e2bc87c1cb84531cc96e67c3e4abadcc91560969ac3,969ac3,3,单,小
2026-08-11 11:48:57,85249706,000000000514ceaaf5043aacf735745e455d45b832967aa13bb0370cb46405a4,6405a4,4,双,小
2026-08-11 11:49:06,85249710,000000000514ceae12446b54d1e1585fafae748ee010d8e33572c07b10269e74,269e74,4,双,小
2026-08-11 11:49:16,85249712,000000000514ceb0ccfc447b1f391bc478a54e73142e3d56fba38536c94fbb2c,4fbb2c,2,双,小
2026-08-11 11:49:26,85249716,000000000514ceb451a5929e0d8f39e47141af996e7d8985710e9074f69eef1a,9eef1a,1,单,小
2026-08-11 11:49:36,85249720,000000000514ceb8709efe5488008e576d3db22380db4cfe98d512f9a2682256,682256,6,双,大
2026-08-11 11:49:45,85249722,000000000514cebaba8b2b936d2b5d790c102b6961205c8ea558229499e8f139,e8f139,9,单,大
2026-08-11 11:49:55,85249726,000000000514cebe42902dd0d211c101f9d07db908179c54bf345d3322df0730,df0730,0,双,小
2026-08-11 11:50:05,85249728,000000000514cec06a5940d062799a9781233bbb8208d353971da6ab1d39b7ac,39b7ac,7,单,大
2026-08-11 11:50:14,85249732,000000000514cec40d15dcb57c285bf43179dda435702806e0571c404db9472c,b9472c,2,双,小
2026-08-11 11:50:24,85249736,000000000514cec885b5df7cf22088a6b1d79ba0bd1145e4db0f25a4b61af565,1af565,5,单,大
2026-08-11 11:50:34,85249738,000000000514cecaaa848624d6486cc1de68824b03ad718a056f5bed65e49742,e49742,2,双,小
2026-08-11 11:50:44,85249742,000000000514cece7749adcf9a9e063002554967f580f24907b8a53b3d51b6ba,51b6ba,6,双,大
2026-08-11 11:50:53,85249746,000000000514ced296a0c83c6ca3ab6d46808c055f8a295098901880b73404e1,3404e1,1,单,小
2026-08-11 11:51:03,85249748,000000000514ced417dbb0d648a1a876ce52b90ceb613530fccd834cd29c0851,9c0851,1,单,小
2026-08-11 11:51:13,85249752,000000000514ced88296f8f4bf9720f30d7a4c34a471a324bd5dbb0785293b1e,293b1e,1,单,小
2026-08-11 11:51:23,85249756,000000000514cedcd9b969b9dec68c7b6fb9a54cc3c93a6b03cc9382f2ea7386,ea7386,6,双,大
2026-08-11 11:51:33,85249758,000000000514cede1607dbd3d69edfc9ce1a40c7369d8b9e384ed7e99ce75613,e75613,3,单,小
2026-08-11 11:51:43,85249762,000000000514cee2895116ad44dd540aeae503307a42fc8cd4ef4054508277e2,8277e2,2,双,小
2026-08-11 11:51:53,85249766,000000000514cee667c23752c6f96df3b52b125a20d9dd8a515ae5550f09d49b,09d49b,9,单,大
2026-08-11 11:52:02,85249768,000000000514cee80061be838eefec1f102e7ecd2f9dbe47dbc8303a78d6a934,d6a934,4,双,小
2026-08-11 11:52:12,85249770,000000000514ceea23fb5c141b631741a9424625d6726979b4de85e541aaa88d,aaa88d,8,双,大
2026-08-11 11:52:22,85249774,000000000514ceee02943f382ab98ed8a0fe126f3d65a28167cd16c27bc2aa23,c2aa23,3,单,小
2026-08-11 11:52:31,85249778,000000000514cef243f97abc9993bb9f432d690711eb710d04d447432daa9ec1,aa9ec1,1,单,小
2026-08-11 11:52:41,85249782,000000000514cef6eeea368191e22059e068dc34897e6a1a86c4dbbe6fa6befb,a6befb,6,双,大
2026-08-11 11:52:51,85249784,000000000514cef8af21ea8eb88f30a387d92f1f7da1d5628a74bfd6710ac6f8,0ac6f8,8,双,大
2026-08-11 11:53:01,85249788,000000000514cefca955dc5b76c9eb62ba8d9f8398cb74f7de73f3c10eb3b019,b3b019,9,单,大
2026-08-11 11:53:11,85249792,000000000514cf0018db411a8e2f00b8f0e229ab8b3ea16c62dd43dd0f2ad764,2ad764,4,双,小
2026-08-11 11:53:21,85249794,000000000514cf02535c54444755fc130011aaede9eaec79a1862fd12fbea288,bea288,8,双,大
2026-08-11 11:53:30,85249798,000000000514cf0698823ad6eb330bc905fe21f2b2e5dbe5b89830b3baa6d5cf,a6d5cf,5,单,大
2026-08-11 11:53:40,85249800,000000000514cf08fc2c6eb5985e15a3d7687096c6c367690f69b017a2ccafb8,ccafb8,8,双,大
2026-08-11 11:53:50,85249804,000000000514cf0c2b6592baff7b4cb66364eb1245453f3d3397a09a180ed622,0ed622,2,双,小
2026-08-11 11:54:00,85249808,000000000514cf10d092205d89f254816b2f0774e8229ca324e4b40e2d4770d0,4770d0,0,双,小
2026-08-11 11:54:09,85249810,000000000514cf1263b32196d17fdc0ae2a9c6ef6604cd4e7d42eed7f99f0e33,9f0e33,3,单,小
2026-08-11 11:54:19,85249814,000000000514cf16358d707e99044ffa1b29e4fb35007a5454ecb1f477b653e6,b653e6,6,双,大
2026-08-11 11:54:29,85249818,000000000514cf1aaf1bb3e5d33affd39064a254582d583da33759be490ec936,0ec936,6,双,大
2026-08-11 11:54:39,85249820,000000000514cf1c363e3f27dce0ce9ca4f60afab387537fc44a65d370a5920c,a5920c,0,双,小
2026-08-11 11:54:49,85249824,000000000514cf20a2b39b5329a6230bc8fe0f5ecc6dd59e2572efc095d0a83a,d0a83a,3,单,小
2026-08-11 11:54:58,85249826,000000000514cf22fe5fb5b8be8a7211907ef973b3cbbfea185b493cb701d88d,01d88d,8,双,大
2026-08-11 11:55:08,85249830,000000000514cf26629d005499b11ae6a8ae192af156a475e735ef13f6235015,235015,5,单,大
2026-08-11 11:55:18,85249834,000000000514cf2ac441d1bc109612c27955b17ce20d4883d5098dd59cf25ba5,f25ba5,5,单,大
2026-08-11 11:55:28,85249836,000000000514cf2c707c61aba6049abe59732549cfece3ce9427ca1de6bd80e6,bd80e6,6,双,大
2026-08-11 11:55:37,85249840,000000000514cf30e1257bf73b09aac508b2900a083c94b7d536fecd9f5220ce,5220ce,0,双,小
2026-08-11 11:55:47,85249842,000000000514cf32ad35181d5978058bbb5eb30131c1d5fa409f21258986b537,86b537,7,单,大
2026-08-11 11:55:57,85249846,000000000514cf3694ba3c59d4380f6ba5dd4d2bfb45f60c302962c27ea660c5,a660c5,5,单,大
2026-08-11 11:56:06,85249850,000000000514cf3a7e2f927d399b150a47276a3d465e67f3471e258d574e4fda,4e4fda,4,双,小
2026-08-11 11:56:16,85249852,000000000514cf3c8c68decce8cfab76325ec85d44ec739824315547fb520ef5,520ef5,5,单,大
2026-08-11 11:56:26,85249856,000000000514cf408b5a3e5dc16b6c405c9f3809b192bb13aa62d7adebe86adb,e86adb,6,双,大
2026-08-11 11:56:36,85249860,000000000514cf442442b7edc74926e8dcaf79ef436c22a9090bf84bb43c1a98,3c1a98,8,双,大
2026-08-11 11:56:46,85249862,000000000514cf460cf685679bd99534ffd27747498cddd4b7392078d12569a1,2569a1,1,单,小
2026-08-11 11:56:56,85249866,000000000514cf4a6c340c96898fc29d808246ef0868e08506afa0f86bf6a202,f6a202,2,双,小
2026-08-11 11:57:06,85249870,000000000514cf4e5c37f8902d348150700207672d8f50e98df6ecce9b513b88,513b88,8,双,大
2026-08-11 11:57:16,85249872,000000000514cf5076697da76cf7a7ff7e642cf1d37e050c67cf69d2441957b8,1957b8,8,双,大
2026-08-11 11:57:26,85249876,000000000514cf54c948d9ec922eedb15c98161afa94cb86b75ac823f78aea48,8aea48,8,双,大
2026-08-11 11:57:35,85249880,000000000514cf5892f611e3c72f5e88fe21cc9fa512f5a0d1172f6b5f4befc5,4befc5,5,单,大
2026-08-11 11:57:45,85249884,000000000514cf5c139acf1635a00526655eddbfa0a17e4ffdad0bf83a56ea7d,56ea7d,7,单,大
2026-08-11 11:57:55,85249886,000000000514cf5ead08e5e23c079ba372afefce1a4d78b6dba83d1e7228846f,28846f,6,双,大
2026-08-11 11:58:05,85249888,000000000514cf60866f304b42a8cc91b030c6dcd387aff176aea9cadf5474d9,5474d9,9,单,大
2026-08-11 11:58:15,85249892,000000000514cf6452f646e02a82b2bc7d57e67bafd6b61dab34f7c004985985,985985,5,单,大
2026-08-11 11:58:24,85249896,000000000514cf68c940cee46a7c9fe5deaf52c35b10b2090c57708ae731745b,31745b,5,单,大
2026-08-11 11:58:34,85249900,000000000514cf6c7e9d46a90fa531fc077d6b6d67f410f915d07fddc646cef1,46cef1,1,单,小
2026-08-11 11:58:44,85249902,000000000514cf6eff44763357f3f7ca44db8759aeb91cf7ebb521df54febf38,febf38,8,双,大
2026-08-11 11:58:54,85249906,000000000514cf72dffc5a56a97fce7e8d9eed4999699ca65be0e9ff0924ee2d,24ee2d,2,双,小
2026-08-11 11:59:03,85249908,000000000514cf7444901517c9c36a0f530fb040cf5afc5303ff25d64c2aab93,2aab93,3,单,小
2026-08-11 11:59:13,85249912,000000000514cf78b77208cb978a56d8fc21cae650400b29405d0f606239cd0e,39cd0e,0,双,小
2026-08-11 11:59:23,85249916,000000000514cf7c2e278213ac0bf3db5dc6e4cc1b2d236ef9c126bbeb493ab0,493ab0,0,双,小
2026-08-11 11:59:33,85249918,000000000514cf7e3fb00e2462d215d161a7f502ed14b0f305963d21a0b14cc7,b14cc7,7,单,大
2026-08-11 11:59:42,85249922,000000000514cf82ba9c6c6101354b0f3f355316f0a9e96c7b84383a7a7c8e56,7c8e56,6,双,大
2026-08-11 11:59:52,85249924,000000000514cf8417c4202a0064fd89fd62f96d318e5acde187c7f23c27e281,27e281,1,单,小
2026-08-11 12:00:02,85249928,000000000514cf88e5cdecf9dc93c4a7a3a30cbe894e5e6c92782ba2121bf1d8,1bf1d8,8,双,大
2026-08-11 12:00:11,85249932,000000000514cf8cff71a5f21666e886cbc57921e05d4ee839ec28f23c6c96a9,6c96a9,9,单,大
2026-08-11 12:00:21,85249934,000000000514cf8edf099b32404914c990f83ac1e6cf9222b4bae458892edee5,2edee5,5,单,大
2026-08-11 12:00:31,85249938,000000000514cf92fd8b8550b5e590a349f4e562b6c239b9165a5d0009cb0f2e,cb0f2e,2,双,小
2026-08-11 12:00:41,85249940,000000000514cf943cfa32d54593155a71a326e87bb3603ca540916c62c65805,c65805,5,单,大
2026-08-11 12:00:51,85249944,000000000514cf98d4023d83e7bf50dd7d424fd450adcebcc75eef12612abac7,2abac7,7,单,大
2026-08-11 12:01:01,85249948,000000000514cf9c4d323e29165a3ebefe4d28a029d4015895cf05b1f8a22b52,a22b52,2,双,小
2026-08-11 12:01:11,85249952,000000000514cfa0118bfd5890109b282185832170cd18ee7159232b6748d5bb,48d5bb,5,单,大
2026-08-11 12:01:21,85249954,000000000514cfa2ab9d43cb994ea5e64430c6763c0b50b21129ca8be6a2ea6a,a2ea6a,6,双,大
2026-08-11 12:01:30,85249958,000000000514cfa60e2f6a476f325ede4ad93bbabc683299dc6298dbf50fdbf2,0fdbf2,2,双,小
2026-08-11 12:01:40,85249962,000000000514cfaa9a2ba3a5cbb06d760ee6d58193861f6602630e02965720a6,5720a6,6,双,大
2026-08-11 12:01:50,85249964,000000000514cfac516de0ca7ce24129e02464dad769d0868d5beed5ee6dfcb2,6dfcb2,2,双,小
2026-08-11 12:02:00,85249968,000000000514cfb09f2877e1df786490d3b3a4f1bf795eb6abb483b86604e884,04e884,4,双,小
2026-08-11 12:02:10,85249970,000000000514cfb2a9c9d3b87b191997e9122dd1141214b99ab62f47191e997c,1e997c,7,单,大
2026-08-11 12:02:19,85249974,000000000514cfb6939fa13fe36413a1fa5566e768f9b1ce7333c15b7b31eeb9,31eeb9,9,单,大
2026-08-11 12:02:29,85249978,000000000514cfba02736a89470b61aa60b35b83c843c646fbfaff4ac93d7fd2,3d7fd2,2,双,小
2026-08-11 12:02:39,85249980,000000000514cfbc71be689a7dc22d39890a9e7031c57d34bd6d3bcd459cd47d,9cd47d,7,单,大
2026-08-11 12:02:49,85249984,000000000514cfc052c23e182bb2c9192bdd387431d63e6e1eefc3449165eb04,65eb04,4,双,小
2026-08-11 12:02:58,85249986,000000000514cfc245e1cef83539d6cd0169157e6b4a49bcb658fec4a04ffc48,4ffc48,8,双,大
2026-08-11 12:03:08,85249990,000000000514cfc6620f8948c39d059220c448b555050bcb9e2afeb922cf7164,cf7164,4,双,小
2026-08-11 12:03:18,85249994,000000000514cfcafbb6321934bf34043d7682c63b297bd29e5eab3f186abefc,6abefc,6,双,大
2026-08-11 12:03:28,85249998,000000000514cfce6dc1d6b08f1a1541531a63edf4cfd719133d405ef7d8c033,d8c033,3,单,小
2026-08-11 12:03:38,85250000,000000000514cfd03e2066b2080ccd66cefe8a3a833c96e1c05112ab67021175,021175,5,单,大
2026-08-11 12:03:48,85250004,000000000514cfd4ff102769c403775459416d76a6a833747eb137661ca56756,a56756,6,双,大
2026-08-11 12:03:58,85250006,000000000514cfd61818802e129d71d834f743196b52da9ee0e7645125498e0e,498e0e,0,双,小
2026-08-11 12:04:08,85250010,000000000514cfda5a3b97b0789841e2d7b365678c79404ff587ec593919f692,19f692,2,双,小
2026-08-11 12:04:17,85250014,000000000514cfde35f81cd7813945516af78fdbb10ea8873c25d6e4d0064376,064376,6,双,大
2026-08-11 12:04:27,85250016,000000000514cfe0957b520619ef6c80a0db6adfa3880aeba0492dc9a05ba63b,5ba63b,3,单,小
2026-08-11 12:04:37,85250020,000000000514cfe487e53e87e476c0d8c6608ad8219fba478e2ebc16db26f2fb,26f2fb,2,双,小
2026-08-11 12:04:47,85250024,000000000514cfe8e01d3e0ff4db5c7d8adf85a7f707e64c00da4c920b67675f,67675f,5,单,大
2026-08-11 12:04:56,85250026,000000000514cfead74fd02eb9a2d72ad5029fe4688678f78ce06eaa93e9303c,e9303c,3,单,小
2026-08-11 12:05:06,85250028,000000000514cfecef59754b947e636312826f5ae38f7db5db5089ca3db56423,b56423,3,单,小
2026-08-11 12:05:16,85250032,000000000514cff0b4de46f013cbeacc24e5c959bfd875f450ef35e3dc6fc7c8,6fc7c8,8,双,大
2026-08-11 12:05:26,85250036,000000000514cff46b0045d2bb8f98d0ee772c4aa1e2d509e035c7a4f13cf989,3cf989,9,单,大
2026-08-11 12:05:36,85250040,000000000514cff8dd3d44a2025d9eb7e5b482fbf42c0b7c2803134f148c0df9,8c0df9,9,单,大
2026-08-11 12:05:46,85250042,000000000514cffa7055ba20e54f89cf1ba0c7263e3dcbd875af01b12115e065,15e065,5,单,大
2026-08-11 12:05:56,85250046,000000000514cffef4d932958f99934ff81bc97da2b32d552012dbe0421ef8cf,1ef8cf,8,双,大
2026-08-11 12:06:06,85250050,000000000514d002c50153f29ce23892818fd4a19b04cc71093535ed3bb7c4d3,b7c4d3,3,单,小
2026-08-11 12:06:15,85250052,000000000514d0046f5b64e22ece42784aea3cea629fbb32ef0bc77f02eef20b,eef20b,0,双,小
2026-08-11 12:06:25,85250056,000000000514d0086566f2c487510d98bcfc86bbf5654a1e7b240e46de74d16c,74d16c,6,双,大
2026-08-11 12:06:35,85250060,000000000514d00c0cc7a3746acd6de54c36d9d3f8ccd33f35c72a71447daa96,7daa96,6,双,大
2026-08-11 12:06:45,85250062,000000000514d00ed2652979affd072a23d406e09cc542cc6970b5056087d335,87d335,5,单,大
2026-08-11 12:06:55,85250066,000000000514d01229da193f8ed40ff6876e6693775ccac085b8d6769fed7ba7,ed7ba7,7,单,大
2026-08-11 12:07:05,85250070,000000000514d0168b5d7a49817be95df8923c8e84dac26b5bdcc1b41769d9de,69d9de,9,单,大
2026-08-11 12:07:15,85250072,000000000514d018d8b9f430df8ab725cc3e42f2d0f543879cc10d63402beb53,2beb53,3,单,小
2026-08-11 12:07:25,85250076,000000000514d01caf58c0e015414455d57ea5a4fd26d70d539d9e9c9e521523,521523,3,单,小
2026-08-11 12:07:35,85250080,000000000514d020f0e35d04f19162ef6dbf61fe907b2057f22afd177f0a265a,0a265a,5,单,大
2026-08-11 12:07:45,85250082,000000000514d022a68cb03f68e2f143e0cdbde78a6d20b0bb652b52b1c9829e,c9829e,9,单,大
2026-08-11 12:07:54,85250086,000000000514d026315e2c5a97e648a9b8021acf55a63db704d2f98f02826f06,826f06,6,双,大
2026-08-11 12:08:04,85250090,000000000514d02a6bad49caa5208026d151067019f001cf36dff29fdda2d007,a2d007,7,单,大
2026-08-11 12:08:14,85250092,000000000514d02cfd5bc220ead50e8dc4b75862b48a15607d1da0feb6398c78,398c78,8,双,大
2026-08-11 12:08:24,85250096,000000000514d03069922a834989720528d3a9f1e4239f93e3ee9aade27e28d8,7e28d8,8,双,大
2026-08-11 12:08:33,85250098,000000000514d032b1b73170fcdb579487780833e338aa6f36e967528eabf8c3,abf8c3,3,单,小
2026-08-11 12:08:43,85250102,000000000514d036e5aa3e0991102b927931638866c17985ebc26964cce5c910,e5c910,0,双,小
2026-08-11 12:08:53,85250106,000000000514d03add8b0ba7163f58f668fd46506bbcf70f66315128ab91aea3,91aea3,3,单,小
2026-08-11 12:09:03,85250108,000000000514d03c3618e92d3df8404a67d4a24aa2d48e09a12da873c7511051,511051,1,单,小
2026-08-11 12:09:13,85250112,000000000514d0401809389a946b5b11dee987d08661c37faf021bb771347123,347123,3,单,小
2026-08-11 12:09:22,85250114,000000000514d04201b5adb6ac0189ad76b01c9ad077ede0244c70420d3502b0,3502b0,0,双,小
2026-08-11 12:09:32,85250118,000000000514d0463ac8c6d67f51e74b0717343a886c9afd2b5f33466a4a3b0a,4a3b0a,0,双,小
2026-08-11 12:09:42,85250122,000000000514d04a19c3a77c0e2a36bf1d419e6cddb8695669e31631a489e359,89e359,9,单,大
2026-08-11 12:09:52,85250124,000000000514d04cd03b6cd5f72fee02dba6125cd5c2e9e5bd5bd3518a86a4a8,86a4a8,8,双,大
2026-08-11 12:10:01,85250128,000000000514d0501fad4792551a290d21304a3f8cbfb682816e60002577da91,77da91,1,单,小
2026-08-11 12:10:11,85250132,000000000514d054cadabbbad2a01b6a6a0e21ec288731ea9d22f1b17d44e92d,44e92d,2,双,小
2026-08-11 12:10:21,85250134,000000000514d05608dca7ec9c4e433f94a4dfd4365afc077e87f11cf9673771,673771,1,单,小
2026-08-11 12:10:31,85250138,000000000514d05a8823480dd22297bd7eb5f46641f217e04d2dcf31273c1eb0,3c1eb0,0,双,小
2026-08-11 12:10:41,85250140,000000000514d05c40880ffa82f065a22f694b28a582928781faf938ef08cc92,08cc92,2,双,小
2026-08-11 12:10:51,85250144,000000000514d0603ff87f799543dbc1170552d1d3898c1ace9f5c5d3342a25e,42a25e,5,单,大
2026-08-11 12:11:00,85250148,000000000514d0645028825cb36bd99c96cd819a16ba6d8f4c6fd89445d52562,d52562,2,双,小
2026-08-11 12:11:10,85250152,000000000514d068e5302b7d8975303fa1cb6090c1b78c83cd6e1f5190ffe34c,ffe34c,4,双,小
2026-08-11 12:11:20,85250154,000000000514d06a7136e0f299edbcd79b0788d80825a024a5cf6350a3a08faa,a08faa,8,双,大
2026-08-11 12:11:30,85250158,000000000514d06eaac2809f9380151abbe829cb4d534e982d69a8b088eb9d8c,eb9d8c,8,双,大
2026-08-11 12:11:40,85250160,000000000514d070032ac81c29c316aa428cdeb25e9b6277da6c15d791e321d7,e321d7,7,单,大
2026-08-11 12:11:50,85250164,000000000514d074a23e471ce0849e6bd9fcf43c12af6716523847f77e77a43e,77a43e,3,单,小
2026-08-11 12:11:59,85250168,000000000514d07829f34ead198a7611d97a8fc4d9d33600b9984b35c5bf1aa5,bf1aa5,5,单,大
2026-08-11 12:12:09,85250172,000000000514d07ccdacb7a11db338d3329b07abc6dd53fe85ab0567c4872622,872622,2,双,小
2026-08-11 12:12:19,85250174,000000000514d07e836d65bf83cb568dc07bcb5f563fa97f611fdc130c3aca55,3aca55,5,单,大
2026-08-11 12:12:29,85250178,000000000514d08252998756687b3ce62055e697101669e562d02d630c0fd3c3,0fd3c3,3,单,小
2026-08-11 12:12:39,85250180,000000000514d084ef3ccafb196caa40fea050d7019e7a0f0d64adb41664b185,64b185,5,单,大
2026-08-11 12:12:49,85250184,000000000514d088388858fe7ee46defa058e192cbaa5fa93be39a76f3880e0f,880e0f,0,双,小
2026-08-11 12:12:59,85250186,000000000514d08a53ee8c8de3f76f9e966fe747b3a9b0e951bd6b167e509dd8,509dd8,8,双,大
2026-08-11 12:13:09,85250190,000000000514d08ef406eea44c007236d0df7ad5fb5a680733b135b3ae7b4745,7b4745,5,单,大
2026-08-11 12:13:18,85250194,000000000514d092a717853befe060dd6394e755e5cef759970168ff56fe8431,fe8431,1,单,小
2026-08-11 12:13:28,85250196,000000000514d094622edb7b9ce1ef437809720c5fc3f3ae1141472d892d308c,2d308c,8,双,大
2026-08-11 12:13:38,85250200,000000000514d098cde7fcd723d9b09a5cd91d62b22d8c011db46d34ed18f3f7,18f3f7,7,单,大
2026-08-11 12:13:48,85250204,000000000514d09cc3696b633ea63d221febd8a235cf23b8c0cf73edb4ca465a,ca465a,5,单,大
2026-08-11 12:13:58,85250206,000000000514d09e3d804860379fd4adcb73301e2d2c9d1c5a45a86f0b9d9549,9d9549,9,单,大
2026-08-11 12:14:08,85250210,000000000514d0a25f3d55da538a1c85875216eedd495e1a6e94651150bef8a1,bef8a1,1,单,小
2026-08-11 12:14:18,85250214,000000000514d0a610d5c80c1f713466b56ef9d576e99523e9cd7fafdfd0bfb3,d0bfb3,3,单,小
2026-08-11 12:14:27,85250216,000000000514d0a8869082f729f10982cbf2b94622d5aafbc4b1b1417c555049,555049,9,单,大
2026-08-11 12:14:37,85250220,000000000514d0ac2fa90db6b26bde5ccb631bc061965c8efc9a38ac5281856d,81856d,6,双,大
2026-08-11 12:14:47,85250224,000000000514d0b0c9daea7b9486b9b9e8484688a130b88421bad2f291f3fe0d,f3fe0d,0,双,小
2026-08-11 12:14:57,85250226,000000000514d0b2fb37331d864607aaaf48b18578428356ba436abe668fb9f1,8fb9f1,1,单,小
2026-08-11 12:15:07,85250230,000000000514d0b620353f6e5c01a492503b128a315d7d878cf61a96fbe4b6a9,e4b6a9,9,单,大
2026-08-11 12:15:17,85250234,000000000514d0baf080a0585aa908719ef8e1da73b3ad60899dae2e6f5ad2ae,5ad2ae,2,双,小
2026-08-11 12:15:27,85250236,000000000514d0bc3e3717f2f1ee3ff25e1b0e3b4678d2793099b8007627630d,27630d,0,双,小
2026-08-11 12:15:37,85250240,000000000514d0c0049c948220fb479328905b85e509f6f5636a7afdcc377b0e,377b0e,0,双,小
2026-08-11 12:15:47,85250242,000000000514d0c2894abda69b4d3caa5f0395c42f2898174fa20d000fcd6ae3,cd6ae3,3,单,小
2026-08-11 12:15:56,85250246,000000000514d0c6b3de88cd426a215c0ba657aeeb08c2746acc4acce73df844,3df844,4,双,小
2026-08-11 12:16:06,85250250,000000000514d0ca81980eb8d2cd77787d9288eb9c34895a80adc46935b60393,b60393,3,单,小
2026-08-11 12:16:16,85250252,000000000514d0cca7a230865901afa1c2c652c88d968ea16c144dd0b678495d,78495d,5,单,大
2026-08-11 12:16:26,85250256,000000000514d0d0d17548a61e00acb1e7c5f4ee344c7493edafcb18643d4a9e,3d4a9e,9,单,大
2026-08-11 12:16:36,85250260,000000000514d0d4d52a4696fdc6d90455720a76b0f89d246a0f15c2d16b7585,6b7585,5,单,大
2026-08-11 12:16:46,85250262,000000000514d0d6382559fada64ab267839f0d2f5635dca8fd864280b73781e,73781e,1,单,小
2026-08-11 12:16:56,85250266,000000000514d0da556e365feeb203a4f6cefc46aa7d7219e686c834701ad5b6,1ad5b6,6,双,大
2026-08-11 12:17:05,85250270,000000000514d0de1b8d68100412e1a0412fad829183aae420fa44c16d02e9e9,02e9e9,9,单,大
2026-08-11 12:17:15,85250272,000000000514d0e009d1a4394e8f1a35e1a912432ebdd3f1efb19c2eac521fe3,521fe3,3,单,小
2026-08-11 12:17:25,85250276,000000000514d0e4b136413fe103dac21cbd1df775e303f547feefb6123d7013,3d7013,3,单,小
2026-08-11 12:17:35,85250278,000000000514d0e6d7db4172e02e8072aa5640f10e97a56c9abd88b503762e70,762e70,0,双,小
2026-08-11 12:17:45,85250282,000000000514d0ea7fc9c05e0b50a23ba00414a586d55a623be24acdba28e064,28e064,4,双,小
2026-08-11 12:17:55,85250286,000000000514d0ee90a330a1334d4c189df18dfe13bbecf1b2d788fb49ab7d60,ab7d60,0,双,小
2026-08-11 12:18:05,85250288,000000000514d0f0c8122d357132ec4b9ca2b41dfbb7922691a106aad70a991f,0a991f,1,单,小
2026-08-11 12:18:14,85250292,000000000514d0f4ce1a569b7608175e71b7a3e898c001a1b28a1b555df90934,f90934,4,双,小
2026-08-11 12:18:24,85250296,000000000514d0f8619b7b56d7530c5d5251f45f376015164b3a83c672ecce9b,ecce9b,9,单,大
2026-08-11 12:18:34,85250298,000000000514d0fa5b33b5e058bd435931b4aae0bfddcfda9594dccd78d13748,d13748,8,双,大
2026-08-11 12:18:44,85250302,000000000514d0fe3fd0e63ca633f9249f5638de6082b8dfce5ec4e15461d76e,61d76e,6,双,大
2026-08-11 12:18:54,85250306,000000000514d102ef1bbf40f25c1671af1a3da41b84ce530683f381e8c387af,c387af,7,单,大
2026-08-11 12:19:04,85250308,000000000514d1048bbfc96fda4b7b1cddbf32ef176a05263e643e0e32257e17,257e17,7,单,大
2026-08-11 12:19:14,85250312,000000000514d108abad16690a10a41aa8ee54b337a96450ca5df4f2582e6e4e,2e6e4e,4,双,小
2026-08-11 12:19:24,85250316,000000000514d10c3e2ff936c9a4415c0df7af2f07467a884ebce7705da9309e,a9309e,9,单,大
2026-08-11 12:19:34,85250318,000000000514d10e7ee1d611c6d687a49956acbfc23f4383dbbe1148d404a878,04a878,8,双,大
2026-08-11 12:19:44,85250322,000000000514d112c0bb76441069fa156b65ed469cc1d51e34d980fc36cf6e6a,cf6e6a,6,双,大
2026-08-11 12:19:54,85250326,000000000514d116c69245c36092135f7e664cd84e71ccf0f40b4f76df381676,381676,6,双,大
2026-08-11 12:20:04,85250330,000000000514d11a132924edeb98d6276a03d60e19ea854d594606f470b66230,b66230,0,双,小
2026-08-11 12:20:14,85250332,000000000514d11cd8a6dc3fdc4dbc4abc287de668c3d40cee096781f0302c3e,302c3e,3,单,小
2026-08-11 12:20:24,85250336,000000000514d12087a8bba6890c4ab75dea714985cc7565c3ce23be43999ad2,999ad2,2,双,小
2026-08-11 12:20:34,85250338,000000000514d122658e847a254d309975856bb9df3574c94759dcff50a7d32d,a7d32d,2,双,小
2026-08-11 12:20:44,85250342,000000000514d1262ca9c85a85ae3a297cce052f9595052547842d6df9b349f4,b349f4,4,双,小
2026-08-11 12:20:53,85250346,000000000514d12a7db57680e86f6eb998293e6158af1c8b738402df54dd00e8,dd00e8,8,双,大
2026-08-11 12:21:03,85250348,000000000514d12cebd3d766d52eabcc05e1e7643a034ed88249428adb50c9aa,50c9aa,9,单,大
2026-08-11 12:21:13,85250352,000000000514d130b4c3f7bb7ebdc6197417d084e5b6df2f80bd1a8e086fc3fa,6fc3fa,3,单,小
2026-08-11 12:21:23,85250354,000000000514d1325b720439b7a88133cd730b4b2747aac9a609b116b4c359e0,c359e0,0,双,小
2026-08-11 12:21:33,85250358,000000000514d1362c1a971d65ec1c44ae4cc374b324cdaf6c480002aee4fbb7,e4fbb7,7,单,大
2026-08-11 12:21:42,85250362,000000000514d13ac50e50605fa6c8b4450decbc87d6cd160cac4130bc674ea1,674ea1,1,单,小
2026-08-11 12:21:52,85250364,000000000514d13ce9ebb63f14ff73d0e790937a874e407c7cd14069f1aa7191,aa7191,1,单,小
2026-08-11 12:22:02,85250368,000000000514d140262ad5b184c292a1871f7e91d0a140314921f0914a659417,659417,7,单,大
2026-08-11 12:22:12,85250372,000000000514d144f9201b73fce6640978fb5b2605be37e09056a7ad4fb6389a,b6389a,9,单,大
2026-08-11 12:22:21,85250376,000000000514d148413dec98525b47b757221f3655ad910b2d2684abeecfc784,cfc784,4,双,小
2026-08-11 12:22:31,85250378,000000000514d14a4d80921fbe53e569cc1ddda68971fa044a9a2dd28d297151,297151,1,单,小
2026-08-11 12:22:41,85250382,000000000514d14e0f47c0ad4945c9de865eb2c55f8b638d8c99d137ab9e145f,9e145f,5,单,大
2026-08-11 12:22:51,85250384,000000000514d150df72b527fbc5ece17b887c1ec33598b93dadb6566c07454f,07454f,4,双,小
2026-08-11 12:23:01,85250386,000000000514d1526350974c31d1156b867ee46ae0103afde75b417859803512,803512,2,双,小
2026-08-11 12:23:11,85250390,000000000514d1568d89ce73a64c8fe55d685c9438b1bd51f956bd358c8c2eeb,8c2eeb,2,双,小
2026-08-11 12:23:21,85250394,000000000514d15ac3dc9f3fe7dfc5eb03ff3688dd40f9143ae1d70156c0439c,c0439c,9,单,大
2026-08-11 12:23:31,85250398,000000000514d15e4ffb74ef560fdbcffdd6c3ed85b30cbfcb43eb747347e781,47e781,1,单,小
2026-08-11 12:23:40,85250402,000000000514d1629b619728be0a376b397c7899c6e1fd90e2bd90cdde6ac381,6ac381,1,单,小
2026-08-11 12:23:50,85250404,000000000514d164cf78c571af8317e42d9079aeefd9b2aea998c807034efdca,4efdca,4,双,小
2026-08-11 12:24:00,85250408,000000000514d1680d8d49875c0aea6e36574b075efeaee42fa2602f30229b84,229b84,4,双,小
2026-08-11 12:24:10,85250410,000000000514d16a56c5db54a98340a984a600fe0513d67dd5bd24f7a93e3f3f,3e3f3f,3,单,小
2026-08-11 12:24:20,85250414,000000000514d16e32e53db9f3d9ef6ad22dbdf57b89398d8ced2ab1f2ca3f4c,ca3f4c,4,双,小
2026-08-11 12:24:29,85250418,000000000514d172b7b83aee0994c27f2dd6fd7288540ec6c67b231e962abf25,2abf25,5,单,大
2026-08-11 12:24:39,85250420,000000000514d174269963da933338d45387fbbc6b88b883b98e98bbd2586105,586105,5,单,大
2026-08-11 12:24:49,85250424,000000000514d1784a1c0ee54e60e2e59f80f496068a0b08ceb06772941fb0f1,1fb0f1,1,单,小
2026-08-11 12:24:59,85250426,000000000514d17a7663beaa1e295f5c583310ccd972b1fb6a7d853654ea4838,ea4838,8,双,大
2026-08-11 12:25:08,85250430,000000000514d17ec1ad9408144f778c342f97c2b7bec68dd6de7fcbc6e5ffec,e5ffec,5,单,大
2026-08-11 12:25:18,85250434,000000000514d1826295c92cbbf04691bc8a723e90e04d336ba084cb3dda61f1,da61f1,1,单,小
2026-08-11 12:25:28,85250436,000000000514d184ba9b752ee8ca29eab18704716b33bbb9040a661514864793,864793,3,单,小
2026-08-11 12:25:38,85250440,000000000514d1881b255a50c45cf04cc29ff9b27937e6587ee2d872942242cf,2242cf,2,双,小
2026-08-11 12:25:47,85250444,000000000514d18cf31297a0a4ba6d2553521cedd8a874d330cc9fbe92623c36,623c36,6,双,大
2026-08-11 12:25:57,85250446,000000000514d18eed6549082e3f09d10914fadfa311404c1ae33845d90f338e,0f338e,8,双,大
2026-08-11 12:26:07,85250450,000000000514d1921b82a1d4a55d4c35767ed645b5c7c8010c2d80d2fda5bf94,a5bf94,4,双,小
2026-08-11 12:26:17,85250454,000000000514d1961eb51d664ce657935d4bcfb0ab5880ab5f8b654a646b06fc,6b06fc,6,双,大
2026-08-11 12:26:27,85250456,000000000514d1982c5dd70961f37ce432f17d910ad2cbcefa7f6485c28621d7,8621d7,7,单,大
2026-08-11 12:26:37,85250460,000000000514d19c46c6c690aa0acc9e611b655a107924796bed152ab95eb4fc,5eb4fc,4,双,小
2026-08-11 12:26:46,85250462,000000000514d19ec26c6f578bd48348bb7210ac317c8f2711cbf98d5574772b,74772b,2,双,小
2026-08-11 12:26:56,85250466,000000000514d1a27d19c7f5d5deec492d5c854eb9536642659faa7564082f25,082f25,5,单,大
2026-08-11 12:27:06,85250470,000000000514d1a6144ef88a46c1dd891e9a0cac15803376fb6f4e49ee72ffc0,72ffc0,0,双,小
2026-08-11 12:27:16,85250472,000000000514d1a8c7e7185dffa86aa0caab181e6536456f0e0275c7fa7f9627,7f9627,7,单,大
2026-08-11 12:27:26,85250476,000000000514d1ac9f84b3fdfb323c3ea00a80ea09db2246f6ad589669b02099,b02099,9,单,大
2026-08-11 12:27:36,85250480,000000000514d1b069846c37a17ca370e506071d653d546e216f663eb9ed6034,ed6034,4,双,小
2026-08-11 12:27:46,85250482,000000000514d1b23dc7277be38a3c444817753fb3acbe785e7e9582aec7d22e,c7d22e,2,双,小
2026-08-11 12:27:55,85250486,000000000514d1b6e8a2a56798d9e0de402080762d82e68be804238281fe0875,fe0875,5,单,大
2026-08-11 12:28:05,85250490,000000000514d1bafc31c988a86b10d376510e809998804a3d83acfa5d681b25,681b25,5,单,大
2026-08-11 12:28:15,85250492,000000000514d1bcb99673007dc56d428121991dbcdb4d1c40a94754f5ae97d1,ae97d1,1,单,小
2026-08-11 12:28:25,85250496,000000000514d1c0f70e95fafb898aa1148b01356ef723b5ca922b239f927ce9,927ce9,9,单,大
2026-08-11 12:28:35,85250500,000000000514d1c4662958400eca6968331ea84623dd568e4e90e527824fd754,4fd754,4,双,小
2026-08-11 12:28:45,85250502,000000000514d1c63b951fc68614078f0cc76615843801df5ac28f3530139b5d,139b5d,5,单,大
2026-08-11 12:28:55,85250506,000000000514d1cacd7560a44ae3177d4a5e10c446b4090413d35c89abaf1223,af1223,3,单,小
2026-08-11 12:29:05,85250508,000000000514d1ccbeb485521c5e8bb7de343e2a3c3ff9da3ef80051b37df4ac,7df4ac,4,双,小
2026-08-11 12:29:15,85250512,000000000514d1d0ac04b9d6edee495ba938a8851c59af1aa29668821e1aea06,1aea06,6,双,大
2026-08-11 12:29:24,85250516,000000000514d1d406264a61ab5380a51282d5b081b3690a1d642e6ae1773bdf,773bdf,3,单,小
2026-08-11 12:29:34,85250518,000000000514d1d6ffd74de45cec07f04d69ae75e9da76e3cd97c8f9c8a6a268,a6a268,8,双,大
2026-08-11 12:29:44,85250522,000000000514d1da606be4476d9f20e6533f42d9faea65d0f4f2cfdc6d6f000b,6f000b,0,双,小
2026-08-11 12:29:54,85250526,000000000514d1de1ed07651fac29a94b875d9bf2bdfa27bda91ae99af92868f,92868f,8,双,大
2026-08-11 12:30:04,85250528,000000000514d1e0159dc12380ac3b40ca7868bd506bd1f8c4143140d19d14f1,9d14f1,1,单,小
2026-08-11 12:30:14,85250532,000000000514d1e45a18f5678e93cb9f65f3c18ea0697d69555094bc6fd7f616,d7f616,6,双,大
2026-08-11 12:30:24,85250536,000000000514d1e8a46629ceeb36ee6459ff980656fe5a0558f37a6a8bb7f22f,b7f22f,2,双,小
2026-08-11 12:30:34,85250538,000000000514d1eadf22e1fa343cbde204e15a533c84e795ef430194ecd0d8d3,d0d8d3,3,单,小
2026-08-11 12:30:44,85250542,000000000514d1ee34561653de740dc77e9276654a98f4813562104860471900,471900,0,双,小
2026-08-11 12:30:54,85250546,000000000514d1f2b7bfec4e26bf6afb1c92220b37a3378cd4d8f83d23b2e8ba,b2e8ba,8,双,大
2026-08-11 12:31:04,85250550,000000000514d1f67aec348db758ccf534df62f3f569e6b9be377fa358b28dda,b28dda,8,双,大
2026-08-11 12:31:14,85250552,000000000514d1f86ece2e5091d8a9d336aaa988cc4be0b687b7a8139f48262c,48262c,2,双,小
2026-08-11 12:31:24,85250556,000000000514d1fc9e5899011958f98990455f47e2cc95db78e640414734fb37,34fb37,7,单,大
2026-08-11 12:31:34,85250558,000000000514d1fe292ebfaa91b2cdc7079c05d0f4182e2042ad61a41bda72e8,da72e8,8,双,大
2026-08-11 12:31:44,85250562,000000000514d202bf1fe1550835995fccca18c65ef6732c7cc8fb95991115f1,1115f1,1,单,小
2026-08-11 12:31:54,85250566,000000000514d206aa2756315bda402fdf634aee0b389585d05059315bbd85f0,bd85f0,0,双,小
2026-08-11 12:32:03,85250568,000000000514d20853b604a58d1d0f5a008ea29e4d9ba1725e39e808a50ea185,0ea185,5,单,大
2026-08-11 12:32:13,85250572,000000000514d20c3da320f3c79a2c769e50a8908e09212e38977f1d6dc07eac,c07eac,7,单,大
2026-08-11 12:32:23,85250576,000000000514d2105603255ea0a1338069cc02d0134f72eddc430dd29287af34,87af34,4,双,小
2026-08-11 12:32:33,85250578,000000000514d21229ee124484dcbcc2f6ab91e7cad72523e36f3ccc4671711d,71711d,1,单,小
2026-08-11 12:32:43,85250582,000000000514d216d5208f6e6a0746f557089cc97f8043a6b3e8cbfcdf7214c1,7214c1,1,单,小
2026-08-11 12:32:53,85250586,000000000514d21a5041d29661539025ec3f95b91e8366b96b949721c64b6478,4b6478,8,双,大
2026-08-11 12:33:03,85250588,000000000514d21c4b9171560e9797a1062c3d300ea0a6ad3b6e52333b1d87bc,1d87bc,7,单,大
2026-08-11 12:33:13,85250592,000000000514d220bbea512c50de5cab77faab55795d5a335d76090fa98aded1,8aded1,1,单,小
2026-08-11 12:33:23,85250596,000000000514d2242ea6b84ccdc3982bf9c0b84e6649da2ad50a332753cbb31c,cbb31c,1,单,小
2026-08-11 12:33:33,85250598,000000000514d226a5c8f08ef8e5b5ecd91d23ba15c2a836b83882a5c59933a2,9933a2,2,双,小
2026-08-11 12:33:43,85250602,000000000514d22a70746e2e525c7ce1ec2e680971a2cbee174b965157799431,799431,1,单,小
2026-08-11 12:33:53,85250606,000000000514d22e7af752886bb17a7442157e2fac717f750873e18a2207e983,07e983,3,单,小
2026-08-11 12:34:03,85250608,000000000514d23078d2588e89f38c5b63fbf655fe6aecf7915ba27d0edc2032,dc2032,2,双,小
2026-08-11 12:34:13,85250612,000000000514d23451ed8d680c7b93bc835fa1a8ff19c2b2aefc712723252420,252420,0,双,小
2026-08-11 12:34:23,85250614,000000000514d236c19e7503c28dc97218affa48c72c38d1b9ee5ecef075c220,75c220,0,双,小
2026-08-11 12:34:32,85250618,000000000514d23a5e35c468af47b6cbef9bb745fe0565f8941089f2bcae9ef4,ae9ef4,4,双,小
2026-08-11 12:34:42,85250622,000000000514d23e162a83b471a1a23373443daba5b5b9bc454832b313c1868a,c1868a,8,双,大
2026-08-11 12:34:52,85250624,000000000514d2402b47169ea00289936457e96e81fe8cd41fe947198df390c5,f390c5,5,单,大
2026-08-11 12:35:02,85250628,000000000514d244667de8b40c2a7ea213bbb067bd5b9d6e082124837daa6e50,aa6e50,0,双,小
2026-08-11 12:35:12,85250632,000000000514d2482be4718ae207db77afabfbf962e4d54f600b8100720ee839,0ee839,9,单,大
2026-08-11 12:35:22,85250634,000000000514d24a61c3ad93c2a91ab65d8efcf1d75ffca58d7b67f67171742f,71742f,2,双,小
2026-08-11 12:35:32,85250638,000000000514d24e1dcd9a3251c44d900f71ff582b5abc9166ab0616c9cf425b,cf425b,5,单,大
2026-08-11 12:35:41,85250642,000000000514d25226e52660038d8329651b79e5b20ea5eaad55731de3c34647,c34647,7,单,大
2026-08-11 12:35:51,85250644,000000000514d2546622fa309ffb5f23b7aee502dde4e90cacf0217feeb8be1c,b8be1c,1,单,小
2026-08-11 12:36:01,85250648,000000000514d2588a54529b503eaf9984be76df0cf9bd0511abf4db44102537,102537,7,单,大
2026-08-11 12:36:11,85250652,000000000514d25ca34e9607fe1bdbf92b2a77de7dc52869c753139eb1217e51,217e51,1,单,小
2026-08-11 12:36:22,85250654,000000000514d25e1df494809fbd5f568ce5ccca268916fa06acb3e97f015bce,015bce,5,单,大
2026-08-11 12:36:31,85250658,000000000514d26261c34bdf87ab488ef66dda6736b867e8677b2331e997bf5a,97bf5a,5,单,大
2026-08-11 12:36:41,85250662,000000000514d266b9296beb5f29d92dc15927a7e7e95270e6de98d53ae56bac,e56bac,6,双,大
2026-08-11 12:36:51,85250664,000000000514d26893b6aebdcc0596e753b72b1d117e929ac013ec7682f23d98,f23d98,8,双,大
2026-08-11 12:37:01,85250668,000000000514d26cf42bb0efb6873b9d1a7bbaca008c67f36e68a7b3426038b8,6038b8,8,双,大
2026-08-11 12:37:11,85250672,000000000514d270a332944cce5091cc953eec23f0c33c53b61d754b5ecf986a,cf986a,6,双,大
2026-08-11 12:37:21,85250674,000000000514d2725a34a5894f8e39541a5abaafa99124311c2b8c5c3cf0c2a7,f0c2a7,7,单,大
2026-08-11 12:37:31,85250678,000000000514d2760d5d9f02cd7d8c6381802322d28de911c777f07984dbd27c,dbd27c,7,单,大
2026-08-11 12:37:40,85250682,000000000514d27a95d379e1842e14c3ed456971222f55fbfdc4b23c9cdc6fe9,dc6fe9,9,单,大
2026-08-11 12:37:50,85250684,000000000514d27c5c94f735d882595de9178950ffb0353aca6a18f952d818cd,d818cd,8,双,大
2026-08-11 12:38:00,85250688,000000000514d2808a1227b10561e7c84a2ac1dfa46866d148041eaac026f36a,26f36a,6,双,大
2026-08-11 12:38:10,85250690,000000000514d282bbf18ba205995e6bd4ff3e26eeb1fc716578b4dde8773ced,773ced,3,单,小
2026-08-11 12:38:20,85250694,000000000514d286f767e2952c7c54fdfe6200951b19c69b05559e704ea3f504,a3f504,4,双,小
2026-08-11 12:38:30,85250698,000000000514d28aea98c7d873a1154932bf88bc9c115018f5503c3f5b9801a3,9801a3,3,单,小
2026-08-11 12:38:41,85250700,000000000514d28c1d58c6354506d179bf6d3609c1346dc26e02acbfec0f1a33,0f1a33,3,单,小
2026-08-11 12:38:51,85250704,000000000514d29049f8148343f43d27b5d6dc63fbc2b12805a18682d09815df,9815df,5,单,大
2026-08-11 12:39:01,85250708,000000000514d294a889f25933532928867c1e13216b794636c34cb78922df4f,22df4f,4,双,小
2026-08-11 12:39:11,85250710,000000000514d2965e1acfe786dc116109798af26fd56eea70a07ebde527a1ea,27a1ea,1,单,小
2026-08-11 12:39:20,85250714,000000000514d29a9164218ee18a985534599fa9fc80049e0b8c033896bb1c14,bb1c14,4,双,小
2026-08-11 12:39:30,85250718,000000000514d29e0a1c082f2107448ce0840ef1e1cb73b7213f5dc438499542,499542,2,双,小
2026-08-11 12:39:40,85250720,000000000514d2a001264f0069d241996c59e96ff5207db60ff1e5893da5e8da,a5e8da,8,双,大
2026-08-11 12:39:50,85250724,000000000514d2a4da6f2458fbe5364b831238b46b767e993fabb944aa81fff5,81fff5,5,单,大
2026-08-11 12:40:00,85250728,000000000514d2a8bc59020db48f48f29b623bfcdc33cfc9cf9c6829788c6254,8c6254,4,双,小
2026-08-11 12:40:10,85250730,000000000514d2aa2fcfe038621611a25759a3af89fcf40e44f85b949c5358d6,5358d6,6,双,大
2026-08-11 12:40:20,85250734,000000000514d2ae1136c92cf602cea3060f757a7e371851e8986692cb24c0a1,24c0a1,1,单,小
2026-08-11 12:40:30,85250738,000000000514d2b2f9e5658fddc67ee5200c6246103d3f43d1931ba091e6a71e,e6a71e,1,单,小
2026-08-11 12:40:40,85250742,000000000514d2b6cbb4bafa5d0210f6d0176e27a14cb497eb685f9d7c9233b1,9233b1,1,单,小
2026-08-11 12:40:50,85250744,000000000514d2b8dca66fe46efc3d858b21ffd1331c72c25d00f78d85c021f3,c021f3,3,单,小
2026-08-11 12:41:00,85250748,000000000514d2bc5f6411b5f67c75942190c456f60e5618faf69ec8f09e85e5,9e85e5,5,单,大
2026-08-11 12:41:10,85250750,000000000514d2be2119b10337d1d91da0be0c3ff497314d492e49e0e8a25c46,a25c46,6,双,大
2026-08-11 12:41:19,85250754,000000000514d2c2d8181cce7a9efbc880bbd26c227a3836c463ae2fce07c66c,07c66c,6,双,大
2026-08-11 12:41:29,85250758,000000000514d2c65b3e825738a59546422497d5f1fbfa04e38b0cb1fece3f76,ce3f76,6,双,大
2026-08-11 12:41:39,85250760,000000000514d2c8fdd9b0a8b8db8ab31a48ead222205156cb9322744a5eb538,5eb538,8,双,大
2026-08-11 12:41:49,85250764,000000000514d2ccdd21200a390fe651ea24cad2a6e9bde549273e3aa9f45bd4,f45bd4,4,双,小
2026-08-11 12:41:59,85250766,000000000514d2cec61c7ee4204ff4ca5e302d9bf164cf39d9ecbb840b413b3b,413b3b,3,单,小
2026-08-11 12:42:09,85250770,000000000514d2d27aa92dd2e378777dcc691af7df5e0dfa844a2146cd8d41f3,8d41f3,3,单,小
2026-08-11 12:42:19,85250774,000000000514d2d62d4126ea1890fe7002432412c7b2e2cacfcb33bfdab232d2,b232d2,2,双,小
2026-08-11 12:42:29,85250776,000000000514d2d8be95bb716a621a17d89a69e08cdb1aa1a8a0b3b9c787d0e4,87d0e4,4,双,小
2026-08-11 12:42:39,85250780,000000000514d2dc2ddc9267915b1763c2d74a92f602b07da798ed11265fd16d,5fd16d,6,双,大
2026-08-11 12:42:49,85250784,000000000514d2e0d41ec03c14a29fd2341e202735caab0d158646af7a23e231,23e231,1,单,小
2026-08-11 12:42:59,85250786,000000000514d2e2774548aa93672adaf079534a9c777a5006248dbe4ce2a0bb,e2a0bb,0,双,小
2026-08-11 12:43:09,85250790,000000000514d2e6fce0b7ab06f47f47380f91e89b00480d247db2cb12b63b9f,b63b9f,9,单,大
2026-08-11 12:43:19,85250794,000000000514d2ea6b3fd16b1a1fbc5f65bbc62e02f70640425caea2bbef62a2,ef62a2,2,双,小
2026-08-11 12:43:29,85250798,000000000514d2eecad2e2838f70095ef80bad8dd798503bd8fe4e2774945738,945738,8,双,大
2026-08-11 12:43:39,85250800,000000000514d2f0e7ad2e0a051a0b1adeff37edad9855a1e9f04c61ed93a41f,93a41f,1,单,小
2026-08-11 12:43:49,85250804,000000000514d2f4e2fd29fce279325f0207f6995a5d91f4d9df87787e494d06,494d06,6,双,大
2026-08-11 12:43:59,85250806,000000000514d2f6ed5a4fd4ee8faa06e443d403621dde6eb54653450aae2236,ae2236,6,双,大
2026-08-11 12:44:09,85250810,000000000514d2fabd1020c78fbc271808251b44d5f7d2da357069049a69967a,69967a,7,单,大
2026-08-11 12:44:19,85250814,000000000514d2fee08e33d67a6f096d31fd33c8a4873870fec5712482543415,543415,5,单,大
2026-08-11 12:44:29,85250816,000000000514d3005dfda24157c63cea619f8cb2f2501b54271eb60431b55cdf,b55cdf,5,单,大
2026-08-11 12:44:39,85250820,000000000514d304f42b9e1106ad6fc582da61101c12dd2e1c8caadeb23af6eb,3af6eb,6,双,大
2026-08-11 12:44:49,85250824,000000000514d30887d41d0a61299e9349ac4025e4f9150630e36e806d464293,464293,3,单,小
2026-08-11 12:44:59,85250828,000000000514d30c1812dc1e70477152e2cb336e7fa388980f81d0a73462231d,62231d,1,单,小
2026-08-11 12:45:09,85250830,000000000514d30e03eac528d3e3b3b31197190f5c222561d99ae4593059503b,59503b,3,单,小
2026-08-11 12:45:19,85250834,000000000514d31298aef6f213cea138d3bbe52c2fb554d370d1d32c7761dc07,61dc07,7,单,大
2026-08-11 12:45:29,85250838,000000000514d316cf2550382695f29c3d98b3fec880ee41cd17e9d85760e796,60e796,6,双,大
2026-08-11 12:45:39,85250840,000000000514d318b33052e797af9403e5ac00986ea4b10d909737145e137642,137642,2,双,小
2026-08-11 12:45:49,85250844,000000000514d31c13717efe6bf413b970dd32e8aff468b798fe222782084ba2,084ba2,2,双,小
2026-08-11 12:45:59,85250846,000000000514d31efab763c46239400f585544aa13ee65434a526a05d66ed3c5,6ed3c5,5,单,大
2026-08-11 12:46:09,85250850,000000000514d32251ae52bb816d44eca266aaa96add2d0064adff27faf72015,f72015,5,单,大
2026-08-11 12:46:20,85250854,000000000514d326632fcee9b2f198ba534a89c724bb977aab6a77a4f93e42b6,3e42b6,6,双,大
2026-08-11 12:46:30,85250858,000000000514d32a528c3da269df879d84fc298823d578c345b82f24f7f33609,f33609,9,单,大
2026-08-11 12:46:40,85250862,000000000514d32e23e80b69e7109067341a05c0c9962be37363c683e6a02f68,a02f68,8,双,大
2026-08-11 12:46:50,85250864,000000000514d3302b8211c2e1e9c409566f543beb2663c196c3af02b766c1a1,66c1a1,1,单,小
2026-08-11 12:47:00,85250868,000000000514d334a2537579b092ead26ffbff831d8e7b31e4595595162f10af,2f10af,0,双,小
2026-08-11 12:47:10,85250872,000000000514d338588cb6302c606b816d7b0c8bc20d4d2c66e839fb71e1fc49,e1fc49,9,单,大
2026-08-11 12:47:20,85250874,000000000514d33aa7838a8cad1c520e4e96af9ea44a5b8745e456348775d1f4,75d1f4,4,双,小
2026-08-11 12:47:30,85250878,000000000514d33ec83333eb29b0ec79fc4c4e629978abd4da89299dc4517371,517371,1,单,小
2026-08-11 12:47:40,85250880,000000000514d340a46a323683f7bf9631a6e376bb8e449b641b02a01aef7092,ef7092,2,双,小
2026-08-11 12:47:50,85250884,000000000514d344074b051581edcce9c3a2e4371c5c5e2ce7e5c57de5449abd,449abd,9,单,大
2026-08-11 12:48:00,85250888,000000000514d34834a29ab1695b20d5612ab87d3f452e8db7792067d3003fe4,003fe4,4,双,小
2026-08-11 12:48:10,85250892,000000000514d34ca4efd3e675dcbea8bc6dd59623f460f753347f344679bab7,79bab7,7,单,大
2026-08-11 12:48:20,85250894,000000000514d34e1428426df89fe02a626600376687748c8f6788dfbcac52d0,ac52d0,0,双,小
2026-08-11 12:48:30,85250898,000000000514d35215fb9b032c428df6ca0d6b60c83ecbf22e33f91fc6c8c8a3,c8c8a3,3,单,小
2026-08-11 12:48:40,85250900,000000000514d354322c34ad35c374cf50cbd9c5df00041073ea8384068c74e5,8c74e5,5,单,大
2026-08-11 12:48:50,85250904,000000000514d3582210fc7c4984cb9b6e292120f555fa320b6b3268b7af13c1,af13c1,1,单,小
2026-08-11 12:49:00,85250908,000000000514d35c222ffca0eef487cc09ea9cad31986d6ac9c77e96f7f1bd89,f1bd89,9,单,大
2026-08-11 12:49:10,85250910,000000000514d35ea94a8e4b42402af114c46567595b7b1556b8e74af57b4224,7b4224,4,双,小
2026-08-11 12:49:20,85250914,000000000514d36277f45abe098f6f440fdef88e8a9181dc5877bddaf3dfcb85,dfcb85,5,单,大
2026-08-11 12:49:30,85250918,000000000514d366652c4159b5067310ae3a8655ef2981d8b3aa5998b565d523,65d523,3,单,小
2026-08-11 12:49:39,85250920,000000000514d368b6367e51e84cf167e68cd823532554980886c4a16183601a,83601a,1,单,小
2026-08-11 12:49:49,85250924,000000000514d36c28c22717e69cb0414eca09f3c9e69701b14867653591d639,91d639,9,单,大
2026-08-11 12:49:59,85250926,000000000514d36ea5ce9e5a0696d015f64334fd0da17b83b17bb3cd20867e78,867e78,8,双,大
2026-08-11 12:50:09,85250930,000000000514d3726e8d9cd6919fb675e1ff2fa090cefe18a74d3d66b45b62e5,5b62e5,5,单,大
2026-08-11 12:50:19,85250934,000000000514d376c6c771d7ff8ab3c65aafece7f024a186cf501bc4c9cd6c3a,cd6c3a,3,单,小
2026-08-11 12:50:30,85250936,000000000514d378bcac502b446d0994d19c51f172a4afcce744011f2dfd548b,fd548b,8,双,大
2026-08-11 12:50:40,85250940,000000000514d37cea69f947850812ebbe2bfb21624375a8838a0419675ff5a0,5ff5a0,0,双,小
2026-08-11 12:50:50,85250944,000000000514d38048df52219d63c96cb07dbab54f015880c9fa78da8a1b2992,1b2992,2,双,小
2026-08-11 12:51:00,85250948,000000000514d38441f0986df0a36441285602b6338af0f6efc62657b2a80bb7,a80bb7,7,单,大
2026-08-11 12:51:09,85250950,000000000514d386a275596e754c28fb88a5656ac8aa58f33a7897e7d72fc677,2fc677,7,单,大
2026-08-11 12:51:19,85250954,000000000514d38a1c21f669e58d7b227d62a9c5ca76d4ee0098466960a3081d,a3081d,1,单,小
2026-08-11 12:51:29,85250956,000000000514d38cd789a3058267fae6a2c772109b378aa2aad9f671fd9477df,9477df,7,单,大
2026-08-11 12:51:39,85250960,000000000514d39089f0df6f5147ab1889c8d83a19af3ce506f32742f8ede201,ede201,1,单,小
2026-08-11 12:51:49,85250964,000000000514d3941f957cccfd58845a432577cdb9e38efb8ccd6624844630af,4630af,0,双,小
2026-08-11 12:51:59,85250966,000000000514d3961c5699acb9d4fc9d4ca3c4b26adae41650ef7c3eef0c3336,0c3336,6,双,大
2026-08-11 12:52:10,85250970,000000000514d39a805e1e3362cf3741e7da8264960b34eed9e8c3e8594b10a7,4b10a7,7,单,大
2026-08-11 12:52:20,85250974,000000000514d39e8881e5f45dbe725f844f70ceafcd4dea96c824b0bc6e67a5,6e67a5,5,单,大
2026-08-11 12:52:29,85250978,000000000514d3a253387a76ca2d5f4697eeb7f4a161619be887b9a6d431e2a2,31e2a2,2,双,小
2026-08-11 12:52:39,85250980,000000000514d3a42d76e927624dfb542ba95c825a3af2fe84131dc22cc6cf1f,c6cf1f,1,单,小
2026-08-11 12:52:49,85250984,000000000514d3a89368d680eea79cefa90350b40858268fe87364d374fc59d8,fc59d8,8,双,大
2026-08-11 12:52:59,85250986,000000000514d3aacefb6144a3a8efa9542227073cca444f9f312874acedae8e,edae8e,8,双,大
2026-08-11 12:53:09,85250990,000000000514d3aec0a73af006034f0e7847f1e6787b1229d39061417c313f29,313f29,9,单,大
2026-08-11 12:53:19,85250994,000000000514d3b2b2c17b1a766f066281939122c9ed3456afedb5db40ce3468,ce3468,8,双,大
2026-08-11 12:53:29,85250998,000000000514d3b6301c7111b0e4bdf76529943a53c31f5b863fef13e4cd19f7,cd19f7,7,单,大
2026-08-11 12:53:39,85251000,000000000514d3b80a6f68040f9613ece9def19b4781fe113a14be61abdc5363,dc5363,3,单,小
2026-08-11 12:53:49,85251004,000000000514d3bc9fad2b468ac12ec2f0dacbed1468e94eaa498e77dd85dbc9,85dbc9,9,单,大
2026-08-11 12:53:59,85251006,000000000514d3be07cde2a4e80c97c041fb2b8103dd9300106e14d9be77cb7f,77cb7f,7,单,大
2026-08-11 12:54:09,85251012,000000000514d3c43a325dd9362787aed0344e1d03048865b60d4355154119b4,4119b4,4,双,小
2026-08-11 12:54:19,85251014,000000000514d3c62f30b3374f2c61a38385ddcff97d3cb1420aa002e301656c,01656c,6,双,大
2026-08-11 12:54:29,85251018,000000000514d3ca9aead6377aef5cf837853eb876fcfcac9d05c23085619ca2,619ca2,2,双,小
2026-08-11 12:54:39,85251020,000000000514d3cc436614985cb8aacd113908e6dc5248370bacf7c5402c6fbd,2c6fbd,6,双,大
2026-08-11 12:54:50,85251024,000000000514d3d057a3b6587212c5ed69b50ed1b1f0a304f8ea2434c369234b,69234b,4,双,小
2026-08-11 12:55:00,85251028,000000000514d3d4c77b70a79732e8fc7aff75366ac59a1dc73ed4d85b005f5a,005f5a,5,单,大
2026-08-11 12:55:10,85251032,000000000514d3d81d18603ce76ac65607c415b0776fe5afe4e8e7792a887b85,887b85,5,单,大
2026-08-11 12:55:20,85251034,000000000514d3da91fda2f5e43786610c862afaadc06333f74df612fad53a05,d53a05,5,单,大
2026-08-11 12:55:29,85251038,000000000514d3dea756513a3dfbffc6583a9e17fa0a153b44ef4d0c55cd1d56,cd1d56,6,双,大
2026-08-11 12:55:39,85251040,000000000514d3e0c0e926a81fcb36a2fdc6407fc93ee1c74a2cd086c8db9f85,db9f85,5,单,大
2026-08-11 12:55:49,85251044,000000000514d3e4d7d1f7fb62980d704662e44aa71d4841ea1fd9a503572bc9,572bc9,9,单,大
2026-08-11 12:55:59,85251048,000000000514d3e869bd8bc4e06c2786a1e217026db13b26d16fc90c5ed7e824,d7e824,4,双,小
2026-08-11 12:56:09,85251050,000000000514d3eaa590f33c480f80d31b8efae183a8aba9a1af883d2f0a4a5f,0a4a5f,5,单,大
2026-08-11 12:56:19,85251054,000000000514d3ee8ad14cf01aad614f89b39fb1197bde3fb30c695714b27f55,b27f55,5,单,大
2026-08-11 12:56:29,85251058,000000000514d3f25ee6b76f36b3cfdb43337f18110142969b64b5173576b9ca,76b9ca,9,单,大
2026-08-11 12:56:39,85251060,000000000514d3f41f2bd8bf905ac1b983578b3162f7b105ba7ce4504a4a2a2b,4a2a2b,2,双,小
2026-08-11 12:56:49,85251064,000000000514d3f8f66ded4b45e2e3b0a1dfff5ba0ab4baded46c8a937745cb1,745cb1,1,单,小
2026-08-11 12:56:59,85251066,000000000514d3facdd6ec6bebc4bc68d1ac2592fa71edb2fec662141cd47c91,d47c91,1,单,小
2026-08-11 12:57:10,85251070,000000000514d3febbc8fe4ce0880b37b06fd48c03952cfa794270c4a61d55ca,1d55ca,5,单,大
2026-08-11 12:57:20,85251074,000000000514d402d3ddf03eed3e2a1ba93ecdaa79b8206afc62abf9b050248b,50248b,8,双,大
2026-08-11 12:57:30,85251078,000000000514d4067ca862a6eb43b3a8de9bf7890959c1c20a99bf1d094efbc4,4efbc4,4,双,小
2026-08-11 12:57:40,85251080,000000000514d408c3e44b4be30023d2b1c1f2bbe15189b29f5e9fb1d4128f9b,128f9b,9,单,大
2026-08-11 12:57:50,85251084,000000000514d40ce4f823458c211d74555cdd54fc1f8fa5f9b25ba79179629b,79629b,9,单,大
2026-08-11 12:58:00,85251088,000000000514d410b26af65ecd14bd1283b8487d99f692d1beb922e9166bd443,6bd443,3,单,小
2026-08-11 12:58:09,85251090,000000000514d412e1d3a7abdf7111d681683a1c3c17f5cf3e8956bd3b164229,164229,9,单,大
2026-08-11 12:58:19,85251094,000000000514d416682f2fd7821094dd50db4d31bd9263ff9ed3d08777c4245d,c4245d,5,单,大
2026-08-11 12:58:29,85251096,000000000514d418f35219186e46799bb500360c1940879b4eed4da87ec51671,c51671,1,单,小
2026-08-11 12:58:39,85251100,000000000514d41cb2c8f33f623ca47e035e3b72ba744fd57bb42eda776cffb0,6cffb0,0,双,小
2026-08-11 12:58:49,85251104,000000000514d420de715f82167fd8922b259bf55d7524c237be962ddc236ab5,236ab5,5,单,大
2026-08-11 12:58:59,85251106,000000000514d422270f2df4c247b29841bb230ec646f609594f50e31918f7e5,18f7e5,5,单,大
2026-08-11 12:59:09,85251110,000000000514d4267cfe08f6dca1c88eb3a4582e7d340464ed250060b97b1020,7b1020,0,双,小
2026-08-11 12:59:19,85251114,000000000514d42abf0722d3e326fb76132ad368c5731982196f8a2f8b83a0d7,83a0d7,7,单,大
2026-08-11 12:59:29,85251116,000000000514d42c46ddfdd376f38c98c1e8b668a5830302397f5222fb5ad0ec,5ad0ec,0,双,小
2026-08-11 12:59:39,85251120,000000000514d430470cd70217e1f767f00fcd8ad9d0dc49c26e0218652e9084,2e9084,4,双,小
2026-08-11 12:59:49,85251124,000000000514d43492784c0ced2e5db1d46a4671146df2e443fe18c14b184349,184349,9,单,大
2026-08-11 12:59:59,85251126,000000000514d43611a37acd64c5ae73a6eaaf149080f8ff2c9ba0322ab984b5,b984b5,5,单,大
2026-08-11 13:00:08,85251130,000000000514d43ae04cee9f7bf79f514cdde7a5222830aca9cd44733c7f31d9,7f31d9,9,单,大
2026-08-11 13:00:18,85251134,000000000514d43e7e76aad9bbdf9682ece218f79ce391a4b80ad9cb2e7b0d02,7b0d02,2,双,小
2026-08-11 13:00:28,85251136,000000000514d44026bebd034a74d8fe522d150f5f319958d23379353a4f3873,4f3873,3,单,小
2026-08-11 13:00:38,85251140,000000000514d444c58c9df148e0c9674026e422df162f2de2275d80d7ac756c,ac756c,6,双,大
2026-08-11 13:00:48,85251144,000000000514d448733d162c991e52006de04278e5effb5ee391c00c5a8c7245,8c7245,5,单,大
2026-08-11 13:00:58,85251146,000000000514d44a19805be4e9e7097e0b430c3c10266663449ca359f0f5a3fe,f5a3fe,3,单,小
2026-08-11 13:01:08,85251150,000000000514d44e53488d7c8dce652acf0137be58b23699dd6a3f95181af360,1af360,0,双,小
2026-08-11 13:01:18,85251154,000000000514d452638d9eefe3953a72e6813a2408728420fd57a675284be037,4be037,7,单,大
2026-08-11 13:01:28,85251156,000000000514d45498cf0b58106505b30112270f745864b55f98fb833b4500a6,4500a6,6,双,大
2026-08-11 13:01:38,85251160,000000000514d4587d0ef092b06b58ad25fb515410f8e7e19d12949adfcd89f5,cd89f5,5,单,大
2026-08-11 13:01:48,85251164,000000000514d45c6dd8b0176f7bbe00edc09f9ae0b3d9a74b57bba259dfdf98,dfdf98,8,双,大
2026-08-11 13:01:58,85251166,000000000514d45e9aa2f641bd5ba0f206f86f0675f6e21402bd8928bd7ec79a,7ec79a,9,单,大
2026-08-11 13:02:08,85251170,000000000514d4623057ff9fd7060c342f222ab35557f0bb9db7b0a6fc439deb,439deb,9,单,大
2026-08-11 13:02:19,85251174,000000000514d466e13d6500203fae524392fe38a0dde9d674d5c7e076b74c35,b74c35,5,单,大
2026-08-11 13:02:29,85251176,000000000514d468e099ee25e892e3a340b06fbf53389d2d284df6b37fd6ea9d,d6ea9d,9,单,大
2026-08-11 13:02:39,85251180,000000000514d46ca46b703ad3fcd93e0a03830a9e66bca0ebbd5bf2606a1cdb,6a1cdb,1,单,小
2026-08-11 13:02:49,85251184,000000000514d470f34172107608f5a205d325b2a8a6ff5fba59bbb2571798f6,1798f6,6,双,大
2026-08-11 13:02:59,85251188,000000000514d474fe6c7118f037ab65d00fc68eb7ba97eecc6fb614667712a1,7712a1,1,单,小
2026-08-11 13:03:09,85251190,000000000514d47602a06e8f1d9ea65393ae77ec4c50e7fbedca474702acd731,acd731,1,单,小
2026-08-11 13:03:19,85251194,000000000514d47a3d3ece1f09ee67ec62f990bc3de225be7dc525545b705a1c,705a1c,1,单,小
2026-08-11 13:03:29,85251198,000000000514d47e2ffd62fcc9dd2ba51f517f349bdfd36befc7bc9dba1eb1dd,1eb1dd,1,单,小
2026-08-11 13:03:39,85251200,000000000514d48047240e6c2d56f3b3143c810f279de9e0658e55860d3cd8d5,3cd8d5,5,单,大
2026-08-11 13:03:50,85251204,000000000514d48422c9bb206d79c6bcc601365f9fe372717e27aa50a4d6740e,d6740e,0,双,小
2026-08-11 13:04:00,85251208,000000000514d488a381ce9976d791f9e6a3e67db402832533596af1dcc90e00,c90e00,0,双,小
2026-08-11 13:04:10,85251210,000000000514d48aed2fb6895b8079d47217e8310bd675caa0876c38acf93fcc,f93fcc,3,单,小
2026-08-11 13:04:20,85251214,000000000514d48e3683570a0b764d3b3cad9c8129efa4483d24dbfbbc7fc5cb,7fc5cb,5,单,大
2026-08-11 13:04:30,85251218,000000000514d492366b21e66f7d8b0e419ebfcc4c70d312b98350be7c055011,055011,1,单,小
2026-08-11 13:04:40,85251220,000000000514d494cdde789fb16145d64b0f21290479ed5966b9599db5dc1a32,dc1a32,2,双,小
2026-08-11 13:04:50,85251224,000000000514d49837842a0d32f8d8ee95ca15bccb31c573dee42ab0eca771d0,a771d0,0,双,小
2026-08-11 13:04:59,85251228,000000000514d49cfb5e1d5d7416434f7fc59ff461d27fdbbdf091b6e91e0b02,1e0b02,2,双,小
2026-08-11 13:05:09,85251230,000000000514d49e147cda56c92a4507a96b82d05d9a3597e46dd02c6ce55a43,e55a43,3,单,小
2026-08-11 13:05:19,85251234,000000000514d4a2928be0484f5b07cdc1870ae808ccb97d3b8fdae6bc40ab5b,40ab5b,5,单,大
2026-08-11 13:05:29,85251238,000000000514d4a6b4ea88341e4a7d4ea990f82ccf3d03ba46944c8076080965,080965,5,单,大
2026-08-11 13:05:39,85251240,000000000514d4a847f7e243847e0b0e2af625e303e0112829fe2511ff464394,464394,4,双,小
2026-08-11 13:05:49,85251244,000000000514d4ac1417ddffcf4305aee6d6b92fbf433e48ee22ccc770b6f599,b6f599,9,单,大
2026-08-11 13:05:59,85251248,000000000514d4b0acec19caa7d189b791e101b1f2e285424153c683326d348b,6d348b,8,双,大
2026-08-11 13:06:09,85251250,000000000514d4b295c3fc1b5b3238f01b57527bf82fcdffb48f0e08568f0bfd,8f0bfd,0,双,小
2026-08-11 13:06:19,85251254,000000000514d4b69338b83b6f6cb252d6714c3ccea6816f6006f2c6b4effac3,effac3,3,单,小
2026-08-11 13:06:29,85251258,000000000514d4ba79ed67512beb6bdad90c8a5e50e4a9f1ecb56211cf2068f4,2068f4,4,双,小
2026-08-11 13:06:39,85251260,000000000514d4bc664289c869fdc03c097a51fd7d87b5a3de6699d1305e550a,5e550a,0,双,小
2026-08-11 13:06:49,85251264,000000000514d4c0e56a405d73f687d1a13927ce5333f62ef43fe5ff533150ae,3150ae,0,双,小
2026-08-11 13:06:59,85251268,000000000514d4c45bab5debd59d8edca41c8242036ca3e0a3b97ed25dcbaccb,cbaccb,5,单,大
2026-08-11 13:07:09,85251270,000000000514d4c6f49c4691e372ffe882e4d4183aea5e97ea244ef2cf9f9e34,9f9e34,4,双,小
2026-08-11 13:07:19,85251274,000000000514d4ca3842bc9674a5b79c2222aa3065599b99f13318fa1b3b851f,3b851f,1,单,小
2026-08-11 13:07:29,85251278,000000000514d4ced855028f00679c2832788f25c3dfd9d57a87e7cb4004cebe,04cebe,4,双,小
2026-08-11 13:07:39,85251280,000000000514d4d06a99ee780e68247be3ef79735e641576663166f01f8c5ca9,8c5ca9,9,单,大
2026-08-11 13:07:49,85251284,000000000514d4d447ab3d87e6a5103250d8bee2e3a8eddbcb9c2f47eaa7b122,a7b122,2,双,小
2026-08-11 13:07:59,85251288,000000000514d4d8731f4ecb37e57fa6ae032b60beb93b12cdc9ab2ef39de6c3,9de6c3,3,单,小
2026-08-11 13:08:09,85251290,000000000514d4dadca2e40e5c99d2e6bff3a94054726af9b7e80072f08c2b71,8c2b71,1,单,小
2026-08-11 13:08:19,85251294,000000000514d4de176658c046ebe0bcd482ba567ac4a07703d72edaba616841,616841,1,单,小
2026-08-11 13:08:29,85251296,000000000514d4e068e16cf2ff187c2e336d5a42cb60e2a9b259568aeac29dd1,c29dd1,1,单,小
2026-08-11 13:08:39,85251300,000000000514d4e4ebea59bb0d0d6c164151418f377538e3085dc5de6d6586cd,6586cd,6,双,大
2026-08-11 13:08:49,85251304,000000000514d4e8a94f238ce771b5ef7061f6359ca448bf34dc545a18c3a18a,c3a18a,8,双,大
2026-08-11 13:08:59,85251306,000000000514d4ead46aaf331cc84a2db12e6cf90f7661f8bd232e231c66cade,66cade,6,双,大
2026-08-11 13:09:09,85251310,000000000514d4ee7fd31f8881e39e112033a71616bdbc56dd067a80aa36a605,36a605,5,单,大
2026-08-11 13:09:19,85251314,000000000514d4f2d4494e13cd9335047c41dec45e273b40c906f2ea49d355f9,d355f9,9,单,大
2026-08-11 13:09:28,85251316,000000000514d4f417a342ba9636291b3aef636ec8b6e8ecdc1e0ebf8d18ddcb,18ddcb,8,双,大
2026-08-11 13:09:38,85251320,000000000514d4f8b6af07473f9d2098e85fdb6b3dae51d64c5d354bfac4e430,c4e430,0,双,小
2026-08-11 13:09:48,85251324,000000000514d4fc4d93cbdd8e9142167b21bb04cc8bfc75417eb48013dcf9d2,dcf9d2,2,双,小
2026-08-11 13:09:58,85251328,000000000514d5002355c00cc789f5535d2ee7dd644cb7bca94570c315123f68,123f68,8,双,大
2026-08-11 13:10:08,85251330,000000000514d502848cbdc6e9a5f0a3717efe3b00001b9a8a04911ba9efa3a7,efa3a7,7,单,大
2026-08-11 13:10:18,85251334,000000000514d506528ad521db9291270773118cad5e47a9997cc01a6cbf4297,bf4297,7,单,大
2026-08-11 13:10:28,85251336,000000000514d5083b682aa516a6dfa79c9a8394a3bde5eead77c611df593063,593063,3,单,小
2026-08-11 13:10:37,85251340,000000000514d50cf064a63022f662eebd6ad44e648698bdf41df81edfe051aa,e051aa,1,单,小
2026-08-11 13:10:47,85251344,000000000514d510a3ca5220310c7c4f82c8419b265fbaac7dd55138945d755d,5d755d,5,单,大
2026-08-11 13:10:57,85251346,000000000514d512774364df3c32ea515e3a8f0fde7bed479824a0339354fbe2,54fbe2,2,双,小
2026-08-11 13:11:07,85251350,000000000514d516c8e9239ceeb023b836c938096dc1c2913391ff2922eabf44,eabf44,4,双,小
2026-08-11 13:11:17,85251354,000000000514d51a3d4d1926f84f7913acd5035a4cded3eaf6fb3801a32b98dc,2b98dc,8,双,大
2026-08-11 13:11:27,85251356,000000000514d51c7e0ee6573b51f55d5ae0cff9c20853fcaa7c3f4d6e2ed42f,2ed42f,2,双,小
2026-08-11 13:11:37,85251360,000000000514d52007e1823fad3a00a395b8e37bec2f76fe0fb237bb09e07b5d,e07b5d,5,单,大
2026-08-11 13:11:47,85251364,000000000514d5247ed46ef269946c44f0211f8bdaeaaf4edb366a526f8edeba,8edeba,8,双,大
2026-08-11 13:11:57,85251366,000000000514d52666bdc778a33cd3d36df2dac1c6f2203a9eea6d450cc4fbe3,c4fbe3,3,单,小
2026-08-11 13:12:07,85251370,000000000514d52a1402bbe732bae97361c05344cb6d397204b4c8ef5443220d,43220d,0,双,小
2026-08-11 13:12:17,85251374,000000000514d52e24d161e6c7f152ebb197fe3b980a6e2e71890dd4007b6677,7b6677,7,单,大
2026-08-11 13:12:27,85251376,000000000514d530e6135db6dc38651e50e2ed5ed2e5fd90563cce17b01a0c71,1a0c71,1,单,小
2026-08-11 13:12:37,85251380,000000000514d534b921826e9d66c9f3a82df859cc7846138d8c3220b65674e3,5674e3,3,单,小
2026-08-11 13:12:47,85251384,000000000514d53803d01925e0647e896043288794de31a5d2d17cf2d8c71f14,c71f14,4,双,小
2026-08-11 13:12:57,85251386,000000000514d53ae373e04b835f91611b87b01fdcb64b5f265bc15be1d01b80,d01b80,0,双,小
2026-08-11 13:13:07,85251390,000000000514d53e067136af9908eb8d27d5c9b6faafc769880c3a2c91d1fb20,d1fb20,0,双,小
2026-08-11 13:13:17,85251394,000000000514d542af03760e796d2bc5e924701deb1b55456446f2edbe2b349f,2b349f,9,单,大
2026-08-11 13:13:27,85251396,000000000514d54461559b100545363ef03c2dfb4582bb32efc2e118739bf0cb,9bf0cb,0,双,小
2026-08-11 13:13:37,85251400,000000000514d548fde17bca96645110ac77c17de9d95a94799de5cb282333db,2333db,3,单,小
2026-08-11 13:13:47,85251402,000000000514d54a30ee02b3f75ff2654daea03f3ea7e0657e961ba49297523c,97523c,3,单,小
2026-08-11 13:13:57,85251406,000000000514d54e55b920521ad12fc58ebc11eff194bb3fbed2fde0c39d5a6a,9d5a6a,6,双,大
2026-08-11 13:14:07,85251410,000000000514d552b6bb6545d0a19dc974095a88c458837f59ae372d9308ec17,08ec17,7,单,大
2026-08-11 13:14:17,85251414,000000000514d556ed0cca032ba36516ca8ffd585490ea30593414c5acc5a628,c5a628,8,双,大
2026-08-11 13:14:27,85251416,000000000514d55887db4fb4e2701d7966c7a8a68c16a1a9184a2441a0a19689,a19689,9,单,大
2026-08-11 13:14:37,85251420,000000000514d55c31a143d5ee9784cca8b0620a3e476a97f1c5041aa801d5a4,01d5a4,4,双,小
2026-08-11 13:14:47,85251422,000000000514d55e65ba93a40a2dc262e6e04c9fd0640b6bcb7ce92d98f56b67,f56b67,7,单,大
2026-08-11 13:14:56,85251426,000000000514d56203f30f7250eaf5641d6d238df9aa8cde48d08ca0ac72bd63,72bd63,3,单,小
2026-08-11 13:15:06,85251430,000000000514d566c894078dfed7190ed4fea593a8c58f7aff421c5fad79877a,79877a,7,单,大
2026-08-11 13:15:16,85251432,000000000514d568eca7c1bce41387f0ffd2c615ee8099c40928c05f7131fe00,31fe00,0,双,小
2026-08-11 13:15:27,85251436,000000000514d56ced3de6e79b6f9c2b1d8f04fa10a5a2fdff55c5544330b868,30b868,8,双,大
2026-08-11 13:15:37,85251440,000000000514d570febb7cd09c7c498ceee23e2eaa9e5df46e66d9bd4348037d,48037d,7,单,大
2026-08-11 13:15:47,85251442,000000000514d5726519cee1667af24f5bbbe8e5a889faca1788005bb2a3143d,a3143d,3,单,小
2026-08-11 13:15:57,85251446,000000000514d576b0963abc9a0d57c7fa2d121ca0663515d402fe441d62d960,62d960,0,双,小
2026-08-11 13:16:07,85251450,000000000514d57abf1ed6e0f4b35935a2d3509c54767df1229d54057258dd94,58dd94,4,双,小
2026-08-11 13:16:17,85251452,000000000514d57c3c10a6b7856ff11fbf9cddd54c48499814a7a02f1913e130,13e130,0,双,小
2026-08-11 13:16:27,85251456,000000000514d58089fdfb0186b81a400a441b8e965af1c8c7e3fa7449a51586,a51586,6,双,大
2026-08-11 13:16:37,85251460,000000000514d5844cf2c1a981917afc418dcd1674cf04b94a212a5d685f5fb0,5f5fb0,0,双,小
2026-08-11 13:16:47,85251462,000000000514d586202c8f330497f3275503ab48edfe0233f399c8fef986276b,86276b,6,双,大
2026-08-11 13:16:56,85251466,000000000514d58ae1dbb20bd39010146ba212130f0e2252fc898d0b7054e46c,54e46c,6,双,大
2026-08-11 13:17:06,85251470,000000000514d58ef4de2ad710719eb52c23c810b30193129d725823b503e50e,03e50e,0,双,小
2026-08-11 13:17:16,85251472,000000000514d59081c234822ed71b5d530687f6342e668664b7153c61e48e81,e48e81,1,单,小
2026-08-11 13:17:26,85251476,000000000514d59456a39a9127c249fab7ee5fb57694404a8cc6a48b9fd31fbf,d31fbf,1,单,小
2026-08-11 13:17:36,85251480,000000000514d598574f814a28d873244439e23c6e4cc498d38a14f8e4406bec,406bec,6,双,大
2026-08-11 13:17:46,85251482,000000000514d59a730dd86522a957505d6907f8d12e0d91d12632aa8c044125,044125,5,单,大
2026-08-11 13:17:56,85251486,000000000514d59e3065af76bd8a1052e298cdb05d179170bc867c3aabc72805,c72805,5,单,大
2026-08-11 13:18:06,85251490,000000000514d5a2e21f12508fad8a74d478fd572f020d8e739112cbfe5f76e6,5f76e6,6,双,大
2026-08-11 13:18:16,85251492,000000000514d5a45a57749e0cd7ef9a565eb15e9dc8fa2504485cda1b57684e,57684e,4,双,小
2026-08-11 13:18:26,85251496,000000000514d5a8e00a3a8d8525c6c8d2182f803b2e2907b5ce63c21dcdd09e,cdd09e,9,单,大
2026-08-11 13:18:36,85251498,000000000514d5aaed35b41f7322fb8e15292e75f3a19049b9e899cc1efa69cf,fa69cf,9,单,大
2026-08-11 13:18:46,85251502,000000000514d5ae8b663cdb7444c5537ee60dc5bef566a41a7078bddd422247,422247,7,单,大
2026-08-11 13:18:56,85251506,000000000514d5b2f94254a3a4eb15309e6059fb3e0acb5926eb5aa619c57180,c57180,0,双,小
2026-08-11 13:19:06,85251510,000000000514d5b621711c56c8a0119a40d51e7dd47459d144c7927c97958c33,958c33,3,单,小
2026-08-11 13:19:16,85251512,000000000514d5b8ddeeea216328166ff13c29968bd79a768fab2650a0b26ea8,b26ea8,8,双,大
2026-08-11 13:19:26,85251516,000000000514d5bcaa2b44f91e7b66328d9be088a925a62c2648e24e3087cb5b,87cb5b,5,单,大
2026-08-11 13:19:36,85251520,000000000514d5c025d9c0c443fab506d0410377a70f59d2a8779844c141f746,41f746,6,双,大
2026-08-11 13:19:45,85251522,000000000514d5c2c7a1b6b5add00b3b647b9307f0d534e19630d1d60a6e9581,6e9581,1,单,小
2026-08-11 13:19:55,85251526,000000000514d5c638de0a1d9ecb62be9d2bb44a6907dec84806822da542dc2d,42dc2d,2,双,小
2026-08-11 13:20:05,85251530,000000000514d5cadc20347a42ab7cf752c19cc3d75fe08b1c85a72af827f437,27f437,7,单,大
2026-08-11 13:20:15,85251532,000000000514d5ccb06e4d1b9f977b139fa3c2362848e5793b83f25b7d014b15,014b15,5,单,大
2026-08-11 13:20:25,85251536,000000000514d5d012b913c00fc3bf2413a5a6425dcf6106741c64804218e37b,18e37b,7,单,大
2026-08-11 13:20:35,85251540,000000000514d5d4531c025542e641c49b86c862fc3a41ede69ddff78b98d28c,98d28c,8,双,大
2026-08-11 13:20:45,85251542,000000000514d5d6b39be9fe8b7843e3e04625e0ca134103acd3164396bbb7ee,bbb7ee,7,单,大
2026-08-11 13:20:55,85251546,000000000514d5da730e87084d5cc33c66e43c0d8636065f450c20ba55ec6f43,ec6f43,3,单,小
2026-08-11 13:21:05,85251548,000000000514d5dc04404c399561f5df66f64ed293edc3b714a0acc8793ea080,3ea080,0,双,小
2026-08-11 13:21:15,85251552,000000000514d5e0ed59e84fc3a1bbc78735ad10a22aa6dee34c41c0f07acb4a,7acb4a,4,双,小
2026-08-11 13:21:25,85251556,000000000514d5e44263e38c9f03e6aec4dd3ce829377f6743773ca097f98381,f98381,1,单,小
2026-08-11 13:21:35,85251560,000000000514d5e88ade3e2debcccade51a2bfd29b91b479571c328d2996323f,96323f,3,单,小
2026-08-11 13:21:44,85251562,000000000514d5ea9610f8e73eda4bc45be7a9771d9aa8e0ef032bc67176f0ff,76f0ff,0,双,小
2026-08-11 13:21:54,85251566,000000000514d5ee01578535a4dc823dbffdc3ed4550faeb02c667d3bc4e5d80,4e5d80,0,双,小
2026-08-11 13:22:04,85251570,000000000514d5f2752084ff8bfa262b6e1f71c0e70b19bb63f11226caba1dff,ba1dff,1,单,小
2026-08-11 13:22:14,85251572,000000000514d5f41a7f8055f29248214e16f7b72b4819058de4f4edddf62782,f62782,2,双,小
2026-08-11 13:22:24,85251576,000000000514d5f853d06ad5735e76c854f4e23dcf2e92fb3fd3863eac356cd8,356cd8,8,双,大
2026-08-11 13:22:34,85251578,000000000514d5fa85aa2f2e20ca924da4ece3cd0cb5ef9602c255ec85d12f86,d12f86,6,双,大
2026-08-11 13:22:44,85251582,000000000514d5fea22ec244614b53645bded38287af3e56ee6f9b309911a2df,11a2df,2,双,小
2026-08-11 13:22:54,85251586,000000000514d6024f097b6d096cb00ad889a6a000e8518c5c4060953f4e7819,4e7819,9,单,大
2026-08-11 13:23:04,85251588,000000000514d604fcb11f320b5a60978ace94915785f96839b20d3653a7c6a3,a7c6a3,3,单,小
2026-08-11 13:23:14,85251592,000000000514d608d979f7deb64c8136fd28c8afcb6446c0d39a5dec89219c5e,219c5e,5,单,大
2026-08-11 13:23:24,85251596,000000000514d60c04433fa4303d9addce64c90658007b9d209cde1a40a19822,a19822,2,双,小
2026-08-11 13:23:34,85251598,000000000514d60eeeeaa3622ae010c57af29495396440ca39adefd8ccef18eb,ef18eb,8,双,大
2026-08-11 13:23:44,85251602,000000000514d6128c61306a4386437f85cc726823990406a9d051fe690d4b7d,0d4b7d,7,单,大
2026-08-11 13:24:19,85251614,000000000514d61e61e186109149753f620e6f174b8f4082ed27af0d6c7e8bf0,7e8bf0,0,双,小
2026-08-11 13:24:27,85251616,000000000514d620076e2a5220ffe264b7ef333d357a16f5ac89107833827914,827914,4,双,小
2026-08-11 13:24:36,85251620,000000000514d6249b381184399a115eff9d6998c0429139463762bc405e468d,5e468d,8,双,大
2026-08-11 13:24:46,85251624,000000000514d628a00f093a2d499b35538e8cdddfdfb224305eaa52c5991371,991371,1,单,小
2026-08-11 13:24:56,85251626,000000000514d62af5c261ec9fa1429c2d595c2cf673c7f2d28485e60ca2a528,a2a528,8,双,大
2026-08-11 13:25:06,85251630,000000000514d62e8d1a6b5eac9f2c1db205336be05eafacc6bfafc29aa47878,a47878,8,双,大
2026-08-11 13:25:16,85251632,000000000514d630d8b6b76fea6c757950f0bfe3b41ad2f43570f9ab0258e7ae,58e7ae,7,单,大
2026-08-11 13:25:26,85251636,000000000514d6343519f036eed27cc3732e093ce4a0a4d299b92c9b3b55256d,55256d,6,双,大
2026-08-11 13:25:36,85251640,000000000514d63872049e325813968af253cc1938f3ce607c7812034f73cccc,73cccc,3,单,小
2026-08-11 13:25:46,85251642,000000000514d63acae41f6dc08f01a0823762d29561395d855a5c1c92212531,212531,1,单,小
2026-08-11 13:26:08,85251650,000000000514d64287bbecc7b4523323f8106e3cf1e6cba32dda3aefecc5de54,c5de54,4,双,小
2026-08-11 13:26:24,85251656,000000000514d6483b03c6f9d80bf773c3f30fcb7fa00913963a6fd0bdc23c9b,c23c9b,9,单,大
2026-08-11 13:26:34,85251658,000000000514d64a549bd3f4cd2ff6ccd5892b9a4ef6e84576a1ac443eff2d9e,ff2d9e,9,单,大
2026-08-11 13:26:44,85251662,000000000514d64e27f1f989d38f36f1321dd7f481bda52d2d745ef46540cbbf,40cbbf,0,双,小
2026-08-11 13:26:54,85251666,000000000514d652e964750d176235cdd56576f9877795ac02bb9cbc54ad064f,ad064f,4,双,小
2026-08-11 13:27:11,85251672,000000000514d65897a5e60504c388cf6cb3bc439c070ebf208a3cf58178e175,78e175,5,单,大
2026-08-11 13:27:21,85251674,000000000514d65a43084818c7aa59e36734b4877b63b482402ded16d4ef8efd,ef8efd,8,双,大
2026-08-11 13:27:38,85251680,000000000514d66028a681cf57bc76b0b49ca240027b916c3debf3184c87aefc,87aefc,7,单,大
2026-08-11 13:27:48,85251684,000000000514d6649b6935009e8117d9b7cd7775ce6d62a0d31bf78c9b3526ca,3526ca,6,双,大
2026-08-11 13:27:58,85251686,000000000514d66630b08f61ab2f121fe1bb475e0c6f41b3495887e9f60b549e,0b549e,9,单,大
2026-08-11 13:28:08,85251690,000000000514d66a1c7c683addf675b767b294c8475e192a2d4b898d58c7bbb8,c7bbb8,8,双,大
2026-08-11 13:28:18,85251694,000000000514d66e7996f1dcdd73a4fabb0ddcd4732325a0207b52203afb717a,fb717a,7,单,大
2026-08-11 13:28:28,85251696,000000000514d670176b8318e2bbdc779a0180332755ab8d3002ab10d52e5435,2e5435,5,单,大
2026-08-11 13:28:37,85251700,000000000514d67478db307444083a93fa989f68a889a9c879f03d5b8bdc9305,dc9305,5,单,大
2026-08-11 13:28:47,85251704,000000000514d678db6cc053fbc51bec51c2b9829e3e8a5a5a79d0162ae476c0,e476c0,0,双,小
2026-08-11 13:28:57,85251706,000000000514d67af1ebe1812f7264cffcd2ee9e806e6bad8193a5452079c6c2,79c6c2,2,双,小
2026-08-11 13:29:07,85251710,000000000514d67e63b52d7ce61c05b8abd3500edd19685e4556a76753c79f32,c79f32,2,双,小
2026-08-11 13:29:17,85251714,000000000514d682b50a785f9a719b01e2b4c062f23e884ed4a534a721b12a0b,b12a0b,0,双,小
2026-08-11 13:29:33,85251718,000000000514d68602795b10df9e63b800e9431a065085177eb9d14293b1044d,b1044d,4,双,小
2026-08-11 13:29:43,85251722,000000000514d68a4070fde1829267722918eca0192499339f68c983f9d67ee1,d67ee1,1,单,小
2026-08-11 13:29:59,85251728,000000000514d69062a8ef7e08c30d682163e83e1cd8e6dca85934cfb144862f,44862f,2,双,小
2026-08-11 13:30:09,85251730,000000000514d692ed90cfade4714d593f3c25f1e3723d91bae99c060772af69,72af69,9,单,大
2026-08-11 13:30:19,85251734,000000000514d696fe5fdfc552b0d7f5bb44e7efeb40928324900d87a131eb50,31eb50,0,双,小
2026-08-11 13:30:29,85251738,000000000514d69a98ed0953bd4280361eda98d9f6e7d84a0841c4d718f94188,f94188,8,双,大
2026-08-11 13:30:39,85251740,000000000514d69cb96c130948fd597d29dca358ce6a16acfe6493a842846786,846786,6,双,大
2026-08-11 13:30:49,85251744,000000000514d6a095ef59a0bbd70c7abb4a4dc084b337af05c1d924b75a8650,5a8650,0,双,小
2026-08-11 13:30:59,85251748,000000000514d6a43947c32410c4e2a8fee316dd6d39c96663d0c4bab4de5746,de5746,6,双,大
2026-08-11 13:31:09,85251750,000000000514d6a65688a54055dbca0003254834b099f8658000cacf21bef42b,bef42b,2,双,小
2026-08-11 13:31:19,85251754,000000000514d6aa1051349c557c95f8219e89eeaa06ec0b8a7e2b9972d6b327,d6b327,7,单,大
2026-08-11 13:31:29,85251758,000000000514d6ae9a3914af58d6047ee5452e458be38f7daa947bf16b91b465,91b465,5,单,大
2026-08-11 13:31:39,85251760,000000000514d6b01dad7b9a645b86173d6fac78ad5f55848012bbedb6efa300,efa300,0,双,小
2026-08-11 13:31:49,85251764,000000000514d6b4f0e7efb6a93a486c4e7361ee04b063788d2e40c4724c38c3,4c38c3,3,单,小
2026-08-11 13:31:59,85251766,000000000514d6b64f8eacb5b8975a0063bae138989d67be97a4f6ee06c45528,c45528,8,双,大
2026-08-11 13:32:09,85251770,000000000514d6ba5a429b20ae50c8a8ea82c4214ba1cf928a5e5b443ea46c26,a46c26,6,双,大
2026-08-11 13:32:19,85251774,000000000514d6bef630f6ecaf24691f4d8fd7386330b58191ac8e514adb1a24,db1a24,4,双,小
2026-08-11 13:32:28,85251776,000000000514d6c086bf23a013bc572f9f1086dca4194b91aebbbdea765313e7,5313e7,7,单,大
2026-08-11 13:32:38,85251780,000000000514d6c4a939d3705bf27f5ef1cf92da3d8061aeecd65d9458db6220,db6220,0,双,小
2026-08-11 13:32:48,85251784,000000000514d6c866590c224c8a383b2b947e464488204c704f10793e720d20,720d20,0,双,小
2026-08-11 13:32:58,85251786,000000000514d6ca678c79b028539d26bbc8a72d93d7e1bc31ecdc8bc8de38c6,de38c6,6,双,大
2026-08-11 13:33:09,85251790,000000000514d6cee0a9da7b72bc3654834daf2b5b37edb4e6eee386158a7941,8a7941,1,单,小
2026-08-11 13:33:19,85251794,000000000514d6d2300d48ee482a6265dae2087ab361a717c7aa0767ca3f7470,3f7470,0,双,小
2026-08-11 13:33:29,85251798,000000000514d6d627907c89e9eb9594544ee85162f5e201113d1b4694d6b2e2,d6b2e2,2,双,小
2026-08-11 13:33:39,85251800,000000000514d6d8f2b29c7170fca0572d62be92756f38178660f6e874d1eb2a,d1eb2a,2,双,小
2026-08-11 13:33:49,85251804,000000000514d6dc96cf637173aacb604d83c0272062f86865ee6ca16a5e5725,5e5725,5,单,大
2026-08-11 13:33:59,85251808,000000000514d6e0a5d8a0ef6b83ffc22443bce31a36f02f6dbdeee3236d4c33,6d4c33,3,单,小
2026-08-11 13:34:15,85251812,000000000514d6e4ba41c49c80e0b5b7fa51bb298d0fc5a7dac5baffc63e9447,3e9447,7,单,大
2026-08-11 13:34:25,85251816,000000000514d6e83871e33d218f67d69de123a51bf4b499dbac53a27b79da32,79da32,2,双,小
2026-08-11 13:34:35,85251820,000000000514d6ec16f9fb807ec3c2a1dc9640385ea2b6d0f15b0465b224ff6a,24ff6a,6,双,大
2026-08-11 13:34:45,85251822,000000000514d6ee2d1672f1f9df47d9bb870c7f373cdcf86d9b5aa84e878073,878073,3,单,小
2026-08-11 13:34:56,85251826,000000000514d6f2196ba133597e7fc1274095dc616f793c61f1453f652df776,2df776,6,双,大
2026-08-11 13:35:06,85251830,000000000514d6f6a1f93c03d7e115dfd65771b004cc32764474d52edca45880,a45880,0,双,小
2026-08-11 13:35:16,85251832,000000000514d6f8dd0aba4e56fea188577b103aa2aa55d632d11e4a9c0daa5b,0daa5b,5,单,大
2026-08-11 13:35:26,85251836,000000000514d6fcf3057b4920d25076beb487200f6c5c9249ef2335f9f105ca,f105ca,5,单,大
2026-08-11 13:35:36,85251840,000000000514d700f28a4a5f62060c281573552c9cfb00c13ed0aca78f90ab5f,90ab5f,5,单,大
2026-08-11 13:35:46,85251842,000000000514d7026bba457c334248d6c0466ea431135458598cdf003ffa3609,fa3609,9,单,大
2026-08-11 13:35:56,85251846,000000000514d70645a7da637d6d0c11be8b3e89a3c1c631910eb89dc1f775b9,f775b9,9,单,大
2026-08-11 13:36:06,85251850,000000000514d70a76fa031bd72ed0c66b911c14618541220a82061174193479,193479,9,单,大
2026-08-11 13:36:17,85251852,000000000514d70cc8cac3d306d3cf94e38092e22d7b81a1700aa08d17114a5a,114a5a,5,单,大
2026-08-11 13:36:27,85251858,000000000514d712e7f3ad51c684aa9bbc10e855349e6a1d2407f0f6c8236f4a,236f4a,4,双,小
2026-08-11 13:36:37,85251860,000000000514d71491a102c7526357b84312bcbd19a2b7d4599530a6666b0b1c,6b0b1c,1,单,小
2026-08-11 13:36:47,85251864,000000000514d718ff09b572544b68324fc8f449b7c0e01766aebf743551aedc,51aedc,1,单,小
2026-08-11 13:36:58,85251866,000000000514d71a2d45eaa26a8fa0bf0d602f153c343ac4ba6925955ce81a3d,e81a3d,3,单,小
2026-08-11 13:37:08,85251870,000000000514d71ecd862f222a34375638e0cbb21eedd4252dc3d0bb44f25ea0,f25ea0,0,双,小
2026-08-11 13:37:18,85251874,000000000514d722f5b0543b78703b22e4187532cfba7419aa6ad7ca5b37846b,37846b,6,双,大
2026-08-11 13:37:29,85251876,000000000514d724b8c17037b0bbdcec839d83129907943e910f4154da72ac79,72ac79,9,单,大
2026-08-11 13:37:39,85251880,000000000514d7288560cb05f197bd08fa8436e285b494e09dbb3fa5f8e73b5e,e73b5e,5,单,大
2026-08-11 13:37:49,85251884,000000000514d72c3e5771ef48c57717400207f5e0f7c919a7ff2ff48ae9d53f,e9d53f,3,单,小
2026-08-11 13:38:00,85251888,000000000514d7302e1316153345bf58b1c6f164145f67807cd742a6ff14469b,14469b,9,单,大
2026-08-11 13:38:11,85251890,000000000514d73253e771fe13b9ea739e687801654053e32977eba4a76bdbc8,6bdbc8,8,双,大
2026-08-11 13:38:21,85251894,000000000514d736a44422bb4c2bebd35bd2451aeda428a0b90d68d7af12fafa,12fafa,2,双,小
2026-08-11 13:38:32,85251898,000000000514d73a0bec116f71e2fb2adf82132052a109b2dc17694912e06494,e06494,4,双,小
2026-08-11 13:38:42,85251902,000000000514d73e18d39a95a05ebbfcdb8bf5814817fc186fd0ba81236d4c27,6d4c27,7,单,大
2026-08-11 13:38:52,85251904,000000000514d7402916440900ffc3197034eb851aeddd9f8f7d579247e52f80,e52f80,0,双,小
2026-08-11 13:39:03,85251908,000000000514d7441a51453f6cad9d028a0a4c604244f7dfe725863e1c67a6cc,67a6cc,6,双,大
2026-08-11 13:39:13,85251912,000000000514d748514b765a37bb4eec529abc87b45a5fa1d8b3acfcff82d563,82d563,3,单,小
2026-08-11 13:39:23,85251914,000000000514d74a8c2833c1354583a1f942a0f15565f30ef7377fcf60ba1e29,ba1e29,9,单,大
2026-08-11 13:39:34,85251920,000000000514d7506dddd716783d614dc36d925862f8568bd7945a0f93353623,353623,3,单,小
2026-08-11 13:39:45,85251922,000000000514d752bc09eb5edeae08c0c5eff79168a646e26466efe0fecba162,cba162,2,双,小
2026-08-11 13:39:55,85251926,000000000514d756e47b5686385a554766ec29303596d325e1fe4543391555fd,1555fd,5,单,大
2026-08-11 13:40:05,85251928,000000000514d7581c9d04468a3ea1fcdf2d755fc6ef4ff0ce6b0a3bb482df70,82df70,0,双,小
2026-08-11 13:40:15,85251932,000000000514d75c31c91b1bd738ad853f9f8e149f671b07597a0024fe053043,053043,3,单,小
2026-08-11 13:40:25,85251936,000000000514d760930a27a0d887d9ed7997a2a310a0ba61ad76efe6301c94a5,1c94a5,5,单,大
2026-08-11 13:40:35,85251938,000000000514d762c833516e81ab289cd4fdbba5ef3ca70a19c83b656146eefa,46eefa,6,双,大
2026-08-11 13:40:45,85251942,000000000514d76624baec4bdb9c7fcce06b106edbcdfad53144f40db32ba34a,2ba34a,4,双,小
2026-08-11 13:40:55,85251946,000000000514d76afe0e55184b41ae67e9ecd5fe41b6416be61274f680afa2f6,afa2f6,6,双,大
2026-08-11 13:41:05,85251950,000000000514d76e60207c7a07c473cd4a0f20479132989c9f01f4b767f2de44,f2de44,4,双,小
2026-08-11 13:41:15,85251952,000000000514d7708391818d1295e3640c6d016c4d6b2b2e87e5c0eda8853354,853354,4,双,小
2026-08-11 13:41:25,85251956,000000000514d774d2d6e023bfe1457796c23384a911d98bce1b82dcabbcbf72,bcbf72,2,双,小
2026-08-11 13:41:35,85251960,000000000514d778e0a6d3d64add1bb289f0c577bc5b4b12d176edb6b265e9cd,65e9cd,9,单,大
2026-08-11 13:41:45,85251962,000000000514d77a548e87d26d1b9fd518eac6628436bed8f38e8078eebfbd44,bfbd44,4,双,小
2026-08-11 13:41:55,85251966,000000000514d77efe725edefb68620a2017eeb34083b46dfd264f96f0b3dc67,b3dc67,7,单,大
2026-08-11 13:42:05,85251970,000000000514d782123b8bde58b922e3f2aa7e11f2d062041fcda096429251f0,9251f0,0,双,小
2026-08-11 13:42:16,85251972,000000000514d784a70a164a1c2d28669dae4399df15f0ade8020e33509764f9,9764f9,9,单,大
2026-08-11 13:42:26,85251976,000000000514d788796aaba6255bb7e1ece9f19ef47a249224b04244a61c3982,1c3982,2,双,小
2026-08-11 13:42:36,85251980,000000000514d78c05ce9c6a64e0ea8411ad02e9d934bb456156815c2f9923b4,9923b4,4,双,小
2026-08-11 13:42:46,85251984,000000000514d79009b92e77b99d987341ed24ce5deff0d7c4a68f403242da69,42da69,9,单,大
2026-08-11 13:42:56,85251986,000000000514d792c75e6a4e2148deca3179bc8c9983817b5da9cd3f3a406413,406413,3,单,小
2026-08-11 13:43:06,85251990,000000000514d796f01fded0bf9090d5437233e664e45ca05a12b4f1937e2c2d,7e2c2d,2,双,小
2026-08-11 13:43:16,85251992,000000000514d79809cb6ceac9564a093a3007b72960e0a3299aea549fab361c,ab361c,1,单,小
2026-08-11 13:43:26,85251996,000000000514d79c67fb031ba94e605f79b9539a46b8792e22714be7aa243bc3,243bc3,3,单,小
2026-08-11 13:43:36,85252000,000000000514d7a0114ac32418ecedc22ee58c09b9c5483ec662a44c372d17ba,2d17ba,7,单,大
2026-08-11 13:43:53,85252006,000000000514d7a6e73315dda4774b08d92581b39739908513329df896a141f4,a141f4,4,双,小
2026-08-11 13:44:03,85252008,000000000514d7a8852c77d1a06b60b4af4dd9f96217ad26f6e3f87a8be1e3b0,e1e3b0,0,双,小
2026-08-11 13:44:13,85252012,000000000514d7ac37fe948cd0735bc55969b721553f9ee1b37f4afc357ec0a3,7ec0a3,3,单,小
2026-08-11 13:44:23,85252016,000000000514d7b0f45493bc838bdb0cd316965d45af6c7d021a7ab4a3785b00,785b00,0,双,小
2026-08-11 13:44:33,85252018,000000000514d7b28d0381428ccd577237bdf6dfda35d4418c19960ea69042aa,9042aa,2,双,小
2026-08-11 13:44:43,85252022,000000000514d7b6cb859224c72001fbdcc962e04cfec572d7e86a82288deb70,8deb70,0,双,小
2026-08-11 13:44:53,85252026,000000000514d7bac2bb19b72d48d00b56066d367d4909229b4a1e757a1602e4,1602e4,4,双,小
2026-08-11 13:45:03,85252028,000000000514d7bcee56974270b023f1086ca46467c5ce0df8c6ce4c0ec11990,c11990,0,双,小
2026-08-11 13:45:13,85252032,000000000514d7c0fd61731e1796daafe6053f9c910d7a0284d77f8d54187ccb,187ccb,7,单,大
2026-08-11 13:45:24,85252036,000000000514d7c44ea33ba101f3022f59f4f19eaa034a180ec5d0c3d3857624,857624,4,双,小
2026-08-11 13:45:34,85252038,000000000514d7c674b820cb12df9390860027570b8dbcc0e96eeb6852db930b,db930b,0,双,小
2026-08-11 13:45:44,85252042,000000000514d7cab968cacdf06ec6bc0f365f9befeb9efd1dd86bc847c1218f,c1218f,8,双,大
2026-08-11 13:45:54,85252046,000000000514d7ce534f747035bcc8841659033a75b4b9d026642881c63c0553,3c0553,3,单,小
2026-08-11 13:46:04,85252048,000000000514d7d0b421cc93460d5d7e802ee40612a6694ea45ca0c5b49cfbd6,9cfbd6,6,双,大
2026-08-11 13:46:11,85252052,000000000514d7d47b2edd8f867a22984c43080bca7483cd339dc7e70a7ce9cb,7ce9cb,9,单,大
2026-08-11 13:46:21,85252054,000000000514d7d660448871487b10d98cd49704ad9fc38b805fa4090619c690,19c690,0,双,小
2026-08-11 13:46:32,85252058,000000000514d7da3b3463a299dcf0fda94ec955da752e25f4610b8257dedf5a,dedf5a,5,单,大
2026-08-11 13:46:42,85252062,000000000514d7de53113b44aae5563157512480c2fa0921277f26332ad5cad8,d5cad8,8,双,大
2026-08-11 13:46:52,85252064,000000000514d7e08253277277113ce51004f4e18f2ef16ddc1ea683287adb99,7adb99,9,单,大
2026-08-11 13:47:02,85252068,000000000514d7e44024f159c3571f824b589d935791ea10188f98c435928af5,928af5,5,单,大
2026-08-11 13:47:12,85252072,000000000514d7e8d0b2456e6216745e9ec3d324a30427a0153c96e0740759e9,0759e9,9,单,大
2026-08-11 13:47:23,85252074,000000000514d7ea5c2aa35a337b1f97df93c4703c6f0bd5cca83beb008ceff1,8ceff1,1,单,小
2026-08-11 13:47:33,85252078,000000000514d7ee7f0d462dffd1fc22946303225433e20f28bffd3ae29cacf4,9cacf4,4,双,小
2026-08-11 13:47:43,85252082,000000000514d7f2519ac234b2357e614d2324ed01eb50054ab22b4018ed6500,ed6500,0,双,小
2026-08-11 13:47:53,85252084,000000000514d7f435f18d1c6283df147b0337cc31d6850625c5a2056df75f9d,f75f9d,9,单,大
2026-08-11 13:48:03,85252088,000000000514d7f854d4c5f56dacb6c4d1ddca8b343e4c314aa49565646c93a5,6c93a5,5,单,大
2026-08-11 13:48:13,85252092,000000000514d7fc6a6ed2a389107e7241c47414ea505a43fb08ec06fd54761d,54761d,1,单,小
2026-08-11 13:48:23,85252096,000000000514d800dfa343723f59982e7a5e20804eba4cf03c486dc005b2ac3a,b2ac3a,3,单,小
2026-08-11 13:48:33,85252098,000000000514d80295b0a04614a19f8f0d431de8c8d811fc63bd92ae529ff09d,9ff09d,9,单,大
2026-08-11 13:48:43,85252102,000000000514d806fae64528849f2dd6e8f7f7e05828e31524a72d5ce9c22ffb,c22ffb,2,双,小
2026-08-11 13:48:53,85252104,000000000514d80830ea1a3c569d5e0c905c099c483b601bf8cd5165c8d6ebcb,d6ebcb,6,双,大
2026-08-11 13:49:03,85252108,000000000514d80cbb1b1f973e0aa37d68d34ba601e1620047c0dae293edbd2b,edbd2b,2,双,小
2026-08-11 13:49:13,85252112,000000000514d810da11a2ad6cb08c9c8016854afce6d6d378e4faef3c71120a,71120a,0,双,小
2026-08-11 13:49:23,85252114,000000000514d812ade105c918e9b2b9d5140e485f667bd99e5ff95477975eca,975eca,5,单,大
2026-08-11 13:49:33,85252118,000000000514d8160e0f09913ab7d55db8349b276a2d58b050eb18dbf45ad70f,5ad70f,0,双,小
2026-08-11 13:49:43,85252122,000000000514d81aa5fd4f3155e3d9bde1164deca5cfc492f6f609d86dff3f55,ff3f55,5,单,大
2026-08-11 13:49:53,85252126,000000000514d81e9fd24d0d15e24c0e3ba32a07b4d17be575f544e0ab09b42f,09b42f,2,双,小
2026-08-11 13:50:03,85252128,000000000514d8208ff2e10e01e9161638ecf8b35c567436badb3deb7d05f89d,05f89d,9,单,大
2026-08-11 13:50:13,85252132,000000000514d824ed98ddddfa3a4ae22fae060d42d0a1d7b611ac42b9f515a7,f515a7,7,单,大
2026-08-11 13:50:23,85252134,000000000514d826419f070c0ccccc394fcf4e07ac181a70f828722d7c51f112,51f112,2,双,小
2026-08-11 13:50:33,85252138,000000000514d82a1e2107c1cc6a8e8ddd2bfa2f08abc7b0d48aa86b10d2de6f,d2de6f,6,双,大
2026-08-11 13:50:43,85252142,000000000514d82e4a98de3c9ef6eb59b67baa3cafed43c7f077317429f762a4,f762a4,4,双,小
2026-08-11 13:50:53,85252144,000000000514d830a7697ca15bede2770ce994c2515947ba9e417e90f890b3d4,90b3d4,4,双,小
2026-08-11 13:51:03,85252148,000000000514d834226584bac6476653df9d007cd3521589577eaf80311a06de,1a06de,6,双,大
2026-08-11 13:51:13,85252152,000000000514d8384669bf7370e14061747a7b560e9b6a53723500a93a135d99,135d99,9,单,大
2026-08-11 13:51:23,85252156,000000000514d83c368f4a6ede35930ad6dff27f2dd4f50edf1153bb306dd63b,6dd63b,3,单,小
2026-08-11 13:51:33,85252158,000000000514d83e71ff27ef163fdcda594c624ab1924fe5aa16cd6558112166,112166,6,双,大
2026-08-11 13:51:43,85252162,000000000514d84276d7ad6a05e995ce24a3245200008dda18a942acd020e750,20e750,0,双,小
2026-08-11 13:51:53,85252166,000000000514d846e46b5a3263c356373a38d718568aeb9447be8951ce94b274,94b274,4,双,小
2026-08-11 13:52:03,85252168,000000000514d848666e59989fc0f1b66f3740aecdf62fb7551b405c5ad0e01e,d0e01e,1,单,小
2026-08-11 13:52:13,85252172,000000000514d84c12fd0812ffcce3ba045e8b6f4894b9e05085ce83a790cb95,90cb95,5,单,大
2026-08-11 13:52:23,85252174,000000000514d84e1465345b0c3f91f233e3f9d7e0e093a60a972893cf6d4b0b,6d4b0b,0,双,小
2026-08-11 13:52:33,85252178,000000000514d85278524bcf2206e9ee4290ca806370b9f3c9be13bf022265a2,2265a2,2,双,小
2026-08-11 13:52:43,85252182,000000000514d8562d6e90b6feb6c11c55725f672167134310f2b0da6f1ed520,1ed520,0,双,小
2026-08-11 13:52:53,85252186,000000000514d85a524795ff1a65cd0724cd3f36aebdb9a5e186e26549b7f09b,b7f09b,9,单,大
2026-08-11 13:53:03,85252188,000000000514d85c8a1b79a40b1a5d54ebcd907b359031e87c3943d69bd5ef21,d5ef21,1,单,小
2026-08-11 13:53:14,85252192,000000000514d8607ed924703b9a83113fa4417e519cea00cd51c153c5ccf732,ccf732,2,双,小
2026-08-11 13:53:24,85252196,000000000514d86472c39bf12a1e10593d44fad5a04fe104520e02fc0bba2db0,ba2db0,0,双,小
2026-08-11 13:53:34,85252198,000000000514d866acd75872217751d67b7475e1cea4ef7f4dbb4ea4f3a1c0fb,a1c0fb,0,双,小
2026-08-11 13:53:44,85252202,000000000514d86aba414cc75ba204c6c55a09bdb65782dabfe786b9f9719cca,719cca,9,单,大
2026-08-11 13:53:54,85252206,000000000514d86e730590268439dc016d7c38217bf010cd2472b82b5741c465,41c465,5,单,大
2026-08-11 13:54:04,85252208,000000000514d870cd3a35327fe3397f8a56eee411e0061ebeb2d92058718eb2,718eb2,2,双,小
2026-08-11 13:54:14,85252212,000000000514d874c1904c728a6191d8b97921777dfd10a567fc1449a3f9293d,f9293d,3,单,小
2026-08-11 13:54:24,85252216,000000000514d878892a43aa7b120d24b1f15d16cb0c7b55aa29d0bfa3e16b4e,e16b4e,4,双,小
2026-08-11 13:54:34,85252218,000000000514d87a9e51aa02715c83b18e9620fecf712354372ba5f0b7affda8,affda8,8,双,大
2026-08-11 13:54:44,85252222,000000000514d87ece7abbf3739cecfb0d3bb56854ab51718a9462b996fe15b3,fe15b3,3,单,小
2026-08-11 13:54:54,85252226,000000000514d882f2e00b519de10d86ec7db8ecd4352339920a78b180321b76,321b76,6,双,大
2026-08-11 13:55:03,85252228,000000000514d8847ad82262c52f89ef6d74e6a29cd2cd6b2e244229940d68e5,0d68e5,5,单,大
2026-08-11 13:55:13,85252232,000000000514d888c247083cf456493fe0bf0d6a2ec22ede7ef174c69c07bbdf,07bbdf,7,单,大
2026-08-11 13:55:23,85252236,000000000514d88c64d2a4fff9df41ee127f8719d9bd020d8676d1bd12f05c86,f05c86,6,双,大
2026-08-11 13:55:33,85252238,000000000514d88ee40c80280b42f08adfa3214cf953b70d0f687ea8bd3d1f8e,3d1f8e,8,双,大
2026-08-11 13:55:43,85252242,000000000514d89243ac58bd90b0c7e2ccc7bcd5a81958bd2d0584195b0448e4,0448e4,4,双,小
2026-08-11 13:55:54,85252246,000000000514d8964d3b44c31b49c315afb10ecb222f4e772bdb48a32e937049,937049,9,单,大
2026-08-11 13:56:04,85252248,000000000514d898ac60337631905a5fa33afbc69c5df3b0bb2601aa54530066,530066,6,双,大
2026-08-11 13:56:14,85252252,000000000514d89c89165e8b08c16b8296289b80865bb8d23827be008f378c86,378c86,6,双,大
2026-08-11 13:56:25,85252256,000000000514d8a08f4a82e7e495ffbc6c2708c1f8914b7372301ad99a419bf1,419bf1,1,单,小
2026-08-11 13:56:35,85252258,000000000514d8a22225c998b2041f2f8475e3521f5d5affbf29f41c882c3604,2c3604,4,双,小
2026-08-11 13:56:45,85252262,000000000514d8a6d672766a64379f38c0268bb993e395de25ffd7c2a53df218,3df218,8,双,大
2026-08-11 13:56:55,85252266,000000000514d8aa25b6fdc8d8a4ae4d23134cb5cf56ab1c091cb1b064e8f611,e8f611,1,单,小
2026-08-11 13:57:05,85252270,000000000514d8ae6b6608e5af1e6472a58ce94d120c5ac4442799f53dc228f2,c228f2,2,双,小
2026-08-11 13:57:15,85252272,000000000514d8b0227e415f4d10da7292821b00d440e60a9e5703358085e0e7,85e0e7,7,单,大
2026-08-11 13:57:25,85252276,000000000514d8b4d3eb7fc78352a2157bbec81d63670cc1a4fbd790240414b2,0414b2,2,双,小
2026-08-11 13:57:35,85252280,000000000514d8b8918c66eeceaf0aee9e1299541604aca43757822a41651a67,651a67,7,单,大
2026-08-11 13:57:45,85252282,000000000514d8ba2b15600220c22103aa6c7ed04307f2a78b8fe66e4c8b79f9,8b79f9,9,单,大
2026-08-11 13:57:55,85252286,000000000514d8beb9f2c380c61fb3b26b1af9beb5878d0aca2f4e4aa30e7d2b,0e7d2b,2,双,小
2026-08-11 13:58:05,85252288,000000000514d8c017a90908d400fb2bb294247465c0d88e3747ceae3d82626b,82626b,6,双,大
2026-08-11 13:58:15,85252292,000000000514d8c4b462e03d0e737daddecd7425253585e0c746e99b74a930ec,a930ec,0,双,小
2026-08-11 13:58:25,85252296,000000000514d8c8994815e5f0f536d7d9c6d2d5b39ed5500f266d10fee8eee2,e8eee2,2,双,小
2026-08-11 13:58:35,85252300,000000000514d8cc102750085082431197459f3053aa247d0c81ebfcf783c674,83c674,4,双,小
2026-08-11 13:58:45,85252302,000000000514d8ce5d5c500657b1d2f6097af879cf12259a696f2e6988c3f7af,c3f7af,7,单,大
2026-08-11 13:58:55,85252306,000000000514d8d2c0e22d970b4bae6445f0e777196ab62ba71d43c271c4faf9,c4faf9,9,单,大
2026-08-11 13:59:05,85252310,000000000514d8d68b5caa23408273d72c9f845e97c829597ed65f392e67a4e1,67a4e1,1,单,小
2026-08-11 13:59:15,85252312,000000000514d8d8c3d4ceded01cd8362d2a0a556bd80937a35571e92fc8551d,c8551d,1,单,小
2026-08-11 13:59:25,85252316,000000000514d8dcc48e6c8c891a3f7c318b5db2cdeda8e13389f8b85758c1e3,58c1e3,3,单,小
2026-08-11 13:59:35,85252320,000000000514d8e0fda03ceaadb2e85fa85cf88c5213293e2fe5a2062df7f83d,f7f83d,3,单,小
2026-08-11 13:59:45,85252322,000000000514d8e289356c6697f7948c42b9b3f17d03f50d86ad73f3d23b03c3,3b03c3,3,单,小
2026-08-11 13:59:55,85252326,000000000514d8e6e02a7665c80bfe46bfac83ad64913bdd9fbba677eff34057,f34057,7,单,大
2026-08-11 14:00:05,85252328,000000000514d8e8838468a9affcd36c2482aa2e3fc8a46b07d45a375db28c47,b28c47,7,单,大
2026-08-11 14:00:15,85252330,000000000514d8ea3f12d41328d073777cb76eb912c33e82cb7e85e53409a7ca,09a7ca,7,单,大
2026-08-11 14:00:25,85252334,000000000514d8ee233d2f4a32aadeec337756137b86257b4b74435d2c170025,170025,5,单,大
2026-08-11 14:00:35,85252338,000000000514d8f24c437d01d29a94b03509a4196c7b0752d1288cbb6adc8293,dc8293,3,单,小
2026-08-11 14:00:45,85252340,000000000514d8f49cb2af5c022e394e87e46c13f30f43d0de3d2071f565b616,65b616,6,双,大
2026-08-11 14:00:55,85252344,000000000514d8f8018990786d016fe3bf9e629b54b66282bb8c8bf8478f401b,8f401b,1,单,小
2026-08-11 14:01:11,85252348,000000000514d8fc22fc4189b41fcba571d091c4bb2a4ca5b9b7a381db6b7f92,6b7f92,2,双,小
2026-08-11 14:01:21,85252352,000000000514d90075c15a947edc6e0f30a250d2ce9942f3a1fd5d0aa2ca00ec,ca00ec,0,双,小
2026-08-11 14:01:32,85252356,000000000514d904767ad7d2aa7fad5e62c717fa8901e3e2060140c3aa26b66e,26b66e,6,双,大
2026-08-11 14:01:42,85252360,000000000514d908671f2294075b5ed3bd246ac3c410f133d1c67af2d4ae6c33,ae6c33,3,单,小
2026-08-11 14:01:52,85252362,000000000514d90a107a0c7a5cb6fb19c43b35d400194b8e5e08b37bac80b31f,80b31f,1,单,小
2026-08-11 14:02:02,85252366,000000000514d90e8016bfc43a17788f507498938edb65ccbc1ad60162777c90,777c90,0,双,小
2026-08-11 14:02:12,85252370,000000000514d912d34000b34172f3174009d1250291de8d2bc7ce0f6b7dbaf3,7dbaf3,3,单,小
2026-08-11 14:02:22,85252372,000000000514d914d971cc51c16cfb64d9cf1caeed9fe3342f0fad0f0e711c6b,711c6b,6,双,大
2026-08-11 14:02:32,85252376,000000000514d918f247d0e5077ec02cf94726edf0138e2c38a0961120e0a8b0,e0a8b0,0,双,小
2026-08-11 14:02:43,85252380,000000000514d91c444fdcf587f27689798812bbb51cbe5c16e04674335144dd,5144dd,4,双,小
2026-08-11 14:02:53,85252384,000000000514d92094b0c016f2d2faefadb32d2c9100325e5e6c5a6d149ce548,9ce548,8,双,大
2026-08-11 14:03:04,85252386,000000000514d9228bb3febc2929ff395a149360d5bf7a1017f77ffd0dc8ce7b,c8ce7b,7,单,大
2026-08-11 14:03:15,85252390,000000000514d926f558827732761cfda20dddc9d3ff6821c1b4b87f7d239960,239960,0,双,小
2026-08-11 14:03:25,85252394,000000000514d92a9266343f3a747d3e750c50b63a1e6351634d5ba512d5c559,d5c559,9,单,大
2026-08-11 14:03:35,85252396,000000000514d92c215f73ffbda327564331e1a7317f5a9f16b6ac3d638679b8,8679b8,8,双,大
2026-08-11 14:03:45,85252402,000000000514d932b450ae7cb1487dfd3945820c9e771d84ed0ded4cfcc234c6,c234c6,6,双,大
2026-08-11 14:03:56,85252404,000000000514d934e1b5b01b3714771c8130723dfb669a6fc307f1a5432ad5c0,2ad5c0,0,双,小
2026-08-11 14:04:06,85252408,000000000514d9384134fe70594a1898e5615eeeb96f5fbd74df962a3029f67f,29f67f,7,单,大
2026-08-11 14:04:17,85252410,000000000514d93a60362c9c0e18192caa15c34458424d92758c9638c38c1529,8c1529,9,单,大
2026-08-11 14:04:27,85252416,000000000514d9404f57274123916a7370ddea8c8784f1e1121e53e7a981f724,81f724,4,双,小
2026-08-11 14:04:38,85252418,000000000514d942cc75b1316988fc31a8b97ad61d6656b319daca8b53654ffe,654ffe,4,双,小
2026-08-11 14:04:47,85252422,000000000514d946f8af72418c478c646bfbb6cb79fccb3a4c916f806060000c,60000c,0,双,小
2026-08-11 14:04:58,85252424,000000000514d948d713a53bee352d19e2987bcbb0a89a79948333136c332540,332540,0,双,小
2026-08-11 14:05:08,85252426,000000000514d94a587c427a43d8a226606011fd1fa9675322eb51c215ffb61d,ffb61d,1,单,小
2026-08-11 14:05:18,85252432,000000000514d950b34dbd21476d1c9cec7b63831fc7516f601d57e5d2808809,808809,9,单,大
2026-08-11 14:05:28,85252434,000000000514d95218c4da563215e668b9bc4835515b2c058ab2a48839923917,923917,7,单,大
2026-08-11 14:05:38,85252438,000000000514d956bedfbd6db5def77ad9b5f2737b6ccafeb439fdb1093974da,3974da,4,双,小
2026-08-11 14:05:48,85252442,000000000514d95ae07344f0cce21e5541ecba8c02d652077188592f3877cacb,77cacb,7,单,大
2026-08-11 14:05:58,85252444,000000000514d95c5cc0768ef3f7042b3c83976e7fbbf39283b1050de4d5bda6,d5bda6,6,双,大
2026-08-11 14:06:08,85252448,000000000514d960ec28ded867ed7699feab9b81bc2a3955b5a6a31de1016f58,016f58,8,双,大
2026-08-11 14:06:19,85252452,000000000514d964b340a9689333228302b86319a3878dad26dcd110408914b0,8914b0,0,双,小
2026-08-11 14:06:29,85252454,000000000514d966e71347fc377ee0ddc4408c750a7d6244e2e901bf6911a878,11a878,8,双,大
2026-08-11 14:06:39,85252458,000000000514d96a3b2de704d0298fd80dfe568a32d834b102e40043061e18c9,1e18c9,9,单,大
2026-08-11 14:06:49,85252462,000000000514d96ecc11c8352daf161350399291a712f2e8a9e0b6bfeeae7534,ae7534,4,双,小
2026-08-11 14:07:00,85252466,000000000514d972d0ef9c95a392a830dd883531ba10e31b2950708b48f466c4,f466c4,4,双,小
2026-08-11 14:07:11,85252468,000000000514d974445345e22b937da1d23d2f908e662a220645b76c2710b719,10b719,9,单,大
2026-08-11 14:07:21,85252474,000000000514d97a94ac772bb5270f44bc215c76fcdcbd0607b9e2cc84943bc6,943bc6,6,双,大
2026-08-11 14:07:31,85252476,000000000514d97cca1ff67f2f867dcd9444f71c6ffc55dbffd517414fff2c0d,ff2c0d,0,双,小
2026-08-11 14:07:42,85252480,000000000514d980a288330f1099bdd5b6eaa08577d30c11b30042bc32d38fe8,d38fe8,8,双,大
2026-08-11 14:07:52,85252482,000000000514d982ca46bf4c69595e9663a4d620230aed7f4c390e3ad90d544b,0d544b,4,双,小
2026-08-11 14:08:02,85252486,000000000514d986d847c73e4624caf329911ac21aaa39ce4e9e3773ed886548,886548,8,双,大
2026-08-11 14:08:13,85252490,000000000514d98a845ab6929c3e14675ca7a2ac71a14c5cc36a3a9cf4d23a76,d23a76,6,双,大
2026-08-11 14:08:23,85252492,000000000514d98c5b1950813960f2acc8c09ea3d335e49f371b5a308f7010f3,7010f3,3,单,小
2026-08-11 14:08:33,85252496,000000000514d99049900356000facdb74f5785f5a0991c2b5fe612e0953d85f,53d85f,5,单,大
2026-08-11 14:08:43,85252500,000000000514d994aa8a4f4cb3c28c117ffd0253b1c7f4e92492286e9f6aa94f,6aa94f,4,双,小
2026-08-11 14:08:53,85252504,000000000514d998d71b813ac7a25c57a03f7a7edc77a34cc476b9003256ad0f,56ad0f,0,双,小
2026-08-11 14:09:03,85252506,000000000514d99aa2b89735c122d29c4dcbe6eb93d2582ec63e725fb7490fdc,490fdc,0,双,小
2026-08-11 14:09:14,85252510,000000000514d99e1f18dd1f7f743106e929e30393e57942dde68c8c8b8e3e83,8e3e83,3,单,小
2026-08-11 14:09:24,85252514,000000000514d9a21cc7b90f6183ad3d53b84b16e221c2412cffe7552ce877c5,e877c5,5,单,大
2026-08-11 14:09:34,85252516,000000000514d9a4afefe31d5edf55d4dd715ea046651ab682e0d95374ab99bb,ab99bb,9,单,大
2026-08-11 14:09:44,85252520,000000000514d9a81d0946ed0a063b21a083e8a84c6ba1b9683d03f96e086258,086258,8,双,大
2026-08-11 14:09:54,85252524,000000000514d9ac094383b9ec7dc090f391a198a44f10f9cef6d0c031002c26,002c26,6,双,大
2026-08-11 14:10:04,85252526,000000000514d9ae5c17b97c39909adab03c285a2b93952c90691ab62685ef8c,85ef8c,8,双,大
2026-08-11 14:10:15,85252530,000000000514d9b20905c20138674f0b299cbf10e0e5a26f001d36852b6fe488,6fe488,8,双,大
2026-08-11 14:10:25,85252534,000000000514d9b6a5861c33fcfbbadaf0eca495133a77358c78e9f27714a91a,14a91a,1,单,小
2026-08-11 14:10:35,85252536,000000000514d9b8902794e285eba337aee37dcbc6af5843a1d1b124cb476aa6,476aa6,6,双,大
2026-08-11 14:10:45,85252540,000000000514d9bc3531822c79254af94379c28e2811d2b526b613c5528bba7c,8bba7c,7,单,大
2026-08-11 14:10:55,85252544,000000000514d9c0cdd54d8cc3f1e5044746388027f11b526097decba24b1a9b,4b1a9b,9,单,大
2026-08-11 14:11:06,85252548,000000000514d9c4240a8844b9cd436b100c6bbf8457cd943fcec7466ade6f0c,de6f0c,0,双,小
2026-08-11 14:11:16,85252550,000000000514d9c6cdf903efc697e11f8c9a3f27feed6df5181f19da91f0f773,f0f773,3,单,小
2026-08-11 14:11:26,85252554,000000000514d9ca9f4ca1e17e610ee29f6c9303e8fc1ea464a6ff6cd1be83ff,be83ff,3,单,小
2026-08-11 14:11:36,85252558,000000000514d9ce95bbd8d2e794bda5698abd896f5914135abe2014832b7561,2b7561,1,单,小
2026-08-11 14:11:46,85252562,000000000514d9d2034b7204da076bff606519f3d998081bf3bb2a12c3615ea5,615ea5,5,单,大
2026-08-11 14:11:56,85252564,000000000514d9d4c6a8ee57c585c24943d8528664b5817dec714c32c8500e32,500e32,2,双,小
2026-08-11 14:12:06,85252568,000000000514d9d80eae1b7b695a4bbe3e71f35837027130d41667a89f411a83,411a83,3,单,小
2026-08-11 14:12:17,85252570,000000000514d9da584cdfe0c80ad6f4deb0765e4b0e6ed1cca01deba69dc1bb,9dc1bb,1,单,小
2026-08-11 14:12:27,85252574,000000000514d9de6f6d9e9811dbd41f85d45fc79c1d71226effd4a28e11b36a,11b36a,6,双,大
2026-08-11 14:12:37,85252578,000000000514d9e20e7a5471fc3b376b27b52fe5888c4f244d64e0ce5327166a,27166a,6,双,大
2026-08-11 14:12:47,85252582,000000000514d9e62ea157a779037b87999d627736ece327b4284d93a768d412,68d412,2,双,小
2026-08-11 14:12:58,85252584,000000000514d9e8652e650eaa219804e3ce6b1aa45783647be8fcc6a464c958,64c958,8,双,大
2026-08-11 14:13:08,85252588,000000000514d9ec39cf15f1f96a2310a63753ecc8b39591e4847a3e8ea63c69,a63c69,9,单,大
2026-08-11 14:13:19,85252592,000000000514d9f0d5ac7b13730fa098ef8a838b0315eea26063faa0d7c20cec,c20cec,0,双,小
2026-08-11 14:13:29,85252596,000000000514d9f41fc5840bfc7de3b5a4767458f8de1e9f8bbb221af3a3a848,a3a848,8,双,大
2026-08-11 14:13:39,85252598,000000000514d9f60b6cf8c692d4e19b7e9a1e6bb024fdea95dcb0e4a858d8c4,58d8c4,4,双,小
2026-08-11 14:13:49,85252602,000000000514d9fa99995223dd916ebdac5e32cae6b48449ad57552e13eb9ffd,eb9ffd,9,单,大
2026-08-11 14:14:00,85252604,000000000514d9fc7b7489bce14b373b2a425758ee5436035f2f7e194d601f11,601f11,1,单,小
2026-08-11 14:14:10,85252608,000000000514da00a6b022b21b8a57ef823037cf3c21116fd477c42d95ebffa2,ebffa2,2,双,小
2026-08-11 14:14:20,85252612,000000000514da040e5bf139ed5a9e82470735b958cfb17cff03eb1aaf863929,863929,9,单,大
2026-08-11 14:14:30,85252616,000000000514da081b9de059bdd463b75f709238103e8aa72eea22452f7af473,7af473,3,单,小
2026-08-11 14:14:40,85252618,000000000514da0a9feb7f6ee430c6ba3e5ce760727107ca8f2624c637842bc3,842bc3,3,单,小
2026-08-11 14:14:50,85252622,000000000514da0e44d622384d0bec8997579064c2ce0e5d3f7c9cb8fb9e76e3,9e76e3,3,单,小
2026-08-11 14:15:00,85252626,000000000514da122f478e47707f27ddfa503e44667599041f26c5a74364c072,64c072,2,双,小
2026-08-11 14:15:09,85252630,000000000514da1672c834ddd0bc35cc7a1f68c8b2d6dfcab31a1749d34748cd,4748cd,8,双,大
2026-08-11 14:15:20,85252632,000000000514da18f96de35a1832e6630bac128768c8ba51b9e683561207b9fb,07b9fb,9,单,大
2026-08-11 14:15:30,85252636,000000000514da1cb5dfd09f7653211452bb74da3e46c16c85092fe7c85abe39,5abe39,9,单,大
2026-08-11 14:15:39,85252638,000000000514da1ea90f5c42e5f7b5b7d5d1992bfae23482bfbaee1877582624,582624,4,双,小
2026-08-11 14:15:49,85252642,000000000514da229f76b261044a755a5b86c48c6be1d29db995b6c1a1f7b548,f7b548,8,双,大
2026-08-11 14:15:59,85252646,000000000514da26c306da75750bf30e78215881a845e2e701e6bae5bc93d9e8,93d9e8,8,双,大
2026-08-11 14:16:10,85252648,000000000514da28f5fce2a530793f8a1ea28706d1522fd9e0303ce1fb3cb7c7,3cb7c7,7,单,大
2026-08-11 14:16:20,85252652,000000000514da2cd77d78537cddc7c94b7df87c431fe3bdca35f63cc81ef2c8,1ef2c8,8,双,大
2026-08-11 14:16:31,85252656,000000000514da30f762b122c8826f77c424efebf42757c2c008056ea51b7ee6,1b7ee6,6,双,大
2026-08-11 14:16:41,85252658,000000000514da32b8479d1a21fcd7ad1b3b12c8b58fa660e0f048d22f38e288,38e288,8,双,大
2026-08-11 14:16:51,85252662,000000000514da363ef61ed883a74649a7ff537e499bfd811c866883688a05a9,8a05a9,9,单,大
2026-08-11 14:17:02,85252666,000000000514da3a4e52aaf16a3ec1db5af2c65682802660fc97023e214877e4,4877e4,4,双,小
2026-08-11 14:17:12,85252670,000000000514da3e596dc6ed3f1d11403e1397c75791928247b1ca931978d864,78d864,4,双,小
2026-08-11 14:17:22,85252672,000000000514da40aa9ca2650208deb8491fc1033541eb7c61599dfb4dc3b530,c3b530,0,双,小
2026-08-11 14:17:32,85252676,000000000514da44e0f7286043eaf2ae202df5043b7c4df1b7e8684cd9df2e15,df2e15,5,单,大
2026-08-11 14:17:42,85252680,000000000514da486a762935ee1d25f1730c970bc9c347264b530b7fd2cb8a61,cb8a61,1,单,小
2026-08-11 14:17:52,85252682,000000000514da4a416fb978bb09e3582208a4b8b8f2e344a8082bad4fc637e1,c637e1,1,单,小
2026-08-11 14:18:02,85252686,000000000514da4e800b7120dcfe1c9bb430038244cc81e71e508e4df060077f,60077f,7,单,大
2026-08-11 14:18:12,85252690,000000000514da52c3ac690037270968d12097b8a64bed61f41c7e5f9435de64,35de64,4,双,小
2026-08-11 14:18:22,85252692,000000000514da54f4c1330c35fe052a30a5cc4d4c75bb3e15fb95684ca1cb95,a1cb95,5,单,大
2026-08-11 14:18:32,85252696,000000000514da5810ce6dc26961ce1e979c41d38ac9368935838c1b31121e6a,121e6a,6,双,大
2026-08-11 14:18:42,85252700,000000000514da5cdfe53d5e9f64b49a7e38b3017cea8e7645b7392a60c5cda8,c5cda8,8,双,大
2026-08-11 14:18:52,85252702,000000000514da5e7a48c3f3442d514fadf45d0a1f79c2dc6566b7c5e0784c12,784c12,2,双,小
2026-08-11 14:19:02,85252706,000000000514da62cdeb5511941cab974ee877d18540db627a5e26df18ad958c,ad958c,8,双,大
2026-08-11 14:19:12,85252710,000000000514da6675dac89961678a28afb6c572cdad809d9bacb271c4c65546,c65546,6,双,大
2026-08-11 14:19:22,85252714,000000000514da6aa7beeced4524ee4866d187f8aaea0655c5613ca630c2ef52,c2ef52,2,双,小
2026-08-11 14:19:32,85252716,000000000514da6cb189578518c769b6086376ab11b9999a7cac3403a64b4180,4b4180,0,双,小
2026-08-11 14:19:42,85252720,000000000514da7005047d354135ff50e9076b06b427349b23e752a96802ada4,02ada4,4,双,小
2026-08-11 14:19:52,85252722,000000000514da72fb46b01e06aeca28e23fdab61a26a35d0624cdb3dc2aafdb,2aafdb,2,双,小
2026-08-11 14:20:03,85252726,000000000514da76fc53d8d0be1ee956e06106e606e54524fa1947f3fe5a3675,5a3675,5,单,大
2026-08-11 14:20:13,85252730,000000000514da7abbf734963a9f54fc3868dbf150c130b99cddc0195ed5aad9,d5aad9,9,单,大
2026-08-11 14:20:23,85252734,000000000514da7e6759e0653f30442c8495b8f9b9254efc86a2cc701f6b210b,6b210b,0,双,小
2026-08-11 14:20:33,85252736,000000000514da80518c1bb42f732b39abd2541546f29cf382355576d9f7b058,f7b058,8,双,大
2026-08-11 14:20:44,85252740,000000000514da84dc424db10435adc0dece5cd9a11db9d11f9828bf40ee0f02,ee0f02,2,双,小
2026-08-11 14:20:54,85252744,000000000514da889b43fe646f75bc37b25de2aa90b5cc45835f0bc4051d5251,1d5251,1,单,小
2026-08-11 14:21:04,85252746,000000000514da8a5ff780c27d443e2a2b093ce258c3fe47060fad448fdf7cba,df7cba,7,单,大
2026-08-11 14:21:14,85252750,000000000514da8e4ebebfde2083fd1167eac1587fd9630bac6d57b7e8b230ad,b230ad,0,双,小
2026-08-11 14:21:25,85252754,000000000514da92e2cc2f91338155869234098ad7a27b9ec7b06e569fd764e4,d764e4,4,双,小
2026-08-11 14:21:35,85252756,000000000514da94592cb9100e2693be982a86e8a9807cbd73eb87f606685440,685440,0,双,小
2026-08-11 14:21:45,85252760,000000000514da980214f6eebd834b46d0b88cf39508ad4de2eef8dd6364fbc8,64fbc8,8,双,大
2026-08-11 14:21:55,85252764,000000000514da9c4901c9a86cd1f687434e79005d4959fc9ee399ffe2bb31bf,bb31bf,1,单,小
2026-08-11 14:22:05,85252768,000000000514daa028e224a67025d8af3cad18c5bb82145fd1edf7475843bb0b,43bb0b,0,双,小
2026-08-11 14:22:15,85252770,000000000514daa2d1301b57b83b05a1ae0f0244ea41c1e368141bd3cea31d79,a31d79,9,单,大
2026-08-11 14:22:25,85252774,000000000514daa6bb86a9e261bb074c96a16a8a57825d3b8d3ba8ad5513d943,13d943,3,单,小
2026-08-11 14:22:36,85252778,000000000514daaa679421acfde79d56a43bd1c76a9ca4d765dfb434bf905325,905325,5,单,大
2026-08-11 14:22:46,85252780,000000000514daac4181fdfa3d0cadc6eb58946a16a89ccd859c77a35de15927,e15927,7,单,大
2026-08-11 14:22:56,85252784,000000000514dab0e5c1f24ee0add20f9471dde19fa846c4c7d1bc283c63ab46,63ab46,6,双,大
2026-08-11 14:23:06,85252788,000000000514dab4be51ef768a736052bc990532c4c200b68a4aa277415bdb4f,5bdb4f,4,双,小
2026-08-11 14:23:17,85252790,000000000514dab60417c249886b802ddbca2a28936b0f640568a6ced5bc8023,bc8023,3,单,小
2026-08-11 14:23:27,85252794,000000000514daba0a11b3a70637e3ce419f9432b909d16e1a1d8f98ef81ccb8,81ccb8,8,双,大
2026-08-11 14:23:37,85252798,000000000514dabe49a8896cc6d02065370a5268ba6bc3df3d26ad68bfdd3d50,dd3d50,0,双,小
2026-08-11 14:23:47,85252802,000000000514dac221ad5b92673149c10c1f7594ac5e39fe838b03627a2498dd,2498dd,8,双,大
2026-08-11 14:23:57,85252804,000000000514dac4325a0c62b350680fc3140060937efaa7db5f955350cd4302,cd4302,2,双,小
2026-08-11 14:24:08,85252808,000000000514dac8307721fb66a973b5a58cffd31dc269008eba24136bf9486b,f9486b,6,双,大
2026-08-11 14:24:18,85252812,000000000514dacca553b79d2e2733790fbba8d91893140a183b3dd1d33f026a,3f026a,6,双,大
2026-08-11 14:24:28,85252814,000000000514dace0dad1f57db1205cf219f54472cad34d2574166b8f10ed2d5,0ed2d5,5,单,大
2026-08-11 14:24:38,85252818,000000000514dad24da8ba387f4697136d7035b5012fdb339b9c006ca89749c7,9749c7,7,单,大
2026-08-11 14:24:48,85252822,000000000514dad638cc4bd0af0a2ab859c0e977966f0f9a4317c5191bddfbc2,ddfbc2,2,双,小
2026-08-11 14:24:58,85252824,000000000514dad86c96bc6a1c2a298f06a4a60050cc0798c8f9e1741d540b23,540b23,3,单,小
2026-08-11 14:25:08,85252828,000000000514dadcb4d6d06c03614bd6ee4a95365dbeea1524afac8739c89aa2,c89aa2,2,双,小
2026-08-11 14:25:18,85252832,000000000514dae0a18b2d131589c8958876801817f9a4a1c91536eaa87abf27,7abf27,7,单,大
2026-08-11 14:25:28,85252834,000000000514dae274562284a19bf776ce5042a3bd13b2959a8d5422052c4d70,2c4d70,0,双,小
2026-08-11 14:25:38,85252838,000000000514dae63e123c816bb46dc90b10a7c5668172964a6e4067c9db2a71,db2a71,1,单,小
2026-08-11 14:25:48,85252842,000000000514daea628c4b7d49c382a07371759aa51825fbf767dba2d784b16a,84b16a,6,双,大
2026-08-11 14:25:58,85252844,000000000514daec9ee36bc549238bfdbd6183f9949188a2ddcf0d0f84112372,112372,2,双,小
2026-08-11 14:26:08,85252848,000000000514daf092334b66b492d5e63c5908b507739d01dd0c56fba8621fe2,621fe2,2,双,小
2026-08-11 14:26:19,85252852,000000000514daf490aec6c49924be60bba1a594484bc061b0d0f84ad093d3ba,93d3ba,3,单,小
2026-08-11 14:26:30,85252856,000000000514daf8fb96935018dc93462c2bafc87db77533565ed5f4256bc3ad,6bc3ad,3,单,小
2026-08-11 14:26:40,85252860,000000000514dafcdfeb023216497e5938e1036536b2f5c1d70e39afe703fc12,03fc12,2,双,小
2026-08-11 14:26:50,85252862,000000000514dafe2a319615f961359051a06b989388f8265cf34f7acedadbdd,dadbdd,7,单,大
2026-08-11 14:27:00,85252866,000000000514db023694340aeb75b16bf775f69300a4741d178274380a614487,614487,7,单,大
2026-08-11 14:27:10,85252870,000000000514db06a1b01aec0dd53df37a30e52326066cd09eb80d2c40e530c0,e530c0,0,双,小
2026-08-11 14:27:20,85252872,000000000514db08e8ca7857fb2b365b5a6d3521c26abecc554390501805d27e,05d27e,7,单,大
2026-08-11 14:27:30,85252876,000000000514db0c034e674693676670cae72e84748073ddd0b96fe3be759c67,759c67,7,单,大
2026-08-11 14:27:40,85252878,000000000514db0e9fe43b9b2526725628534d6181a9795a8ef6f311eb72a632,72a632,2,双,小
2026-08-11 14:27:50,85252882,000000000514db122e4eededf0e06e42567fde0465c3eec850f339a9e6fd5f46,fd5f46,6,双,大
2026-08-11 14:28:00,85252886,000000000514db16842e428af475ab83853f8d4f014bb97a9cd9f390cee98474,e98474,4,双,小
2026-08-11 14:28:10,85252888,000000000514db182e67d2c170ea016104cb0cf1c9bbdb17c38421182a49a8c8,49a8c8,8,双,大
2026-08-11 14:28:20,85252892,000000000514db1cf1d95bc4fc81b23228e4b6450681209d830ec0142b6999c5,6999c5,5,单,大
2026-08-11 14:28:30,85252896,000000000514db207a52d6022470436ca5b8327865a3b5a6ca1834dc30547dae,547dae,7,单,大
2026-08-11 14:28:40,85252898,000000000514db226ac0aae25cb5941f91654a37a5663f7f632fe3add5b1b5f0,b1b5f0,0,双,小
2026-08-11 14:28:50,85252902,000000000514db26ff4e74e1e9b83aa811e5a83f5775adfb5e6679f4614add8c,4add8c,8,双,大
2026-08-11 14:29:00,85252906,000000000514db2a284b4618d7a6c0ea413ab19d9f9621527d017f001e023f07,023f07,7,单,大
2026-08-11 14:29:10,85252908,000000000514db2c8f74827070448be72bf4af0ce96c2b517401fdd7afb1606e,b1606e,6,双,大
2026-08-11 14:29:21,85252912,000000000514db30d4509af630f62ae72c2b54a922b8f6b95e4b06192cf32006,f32006,6,双,大
2026-08-11 14:29:31,85252916,000000000514db346cd73beab2cecc761216cfb421e3cda9c4e72f9fb9b6d918,b6d918,8,双,大
2026-08-11 14:29:41,85252918,000000000514db369cf89df81cec7d28623766b6a7c24dc9cc23719235b6e5ff,b6e5ff,5,单,大
2026-08-11 14:29:51,85252922,000000000514db3a98777ed46de750d9ac5ae7fb22f0265b218a899f287247d6,7247d6,6,双,大
2026-08-11 14:30:15,85252930,000000000514db42353c0c7fe0e802e074d56b21d7e1db52fd282d69b25df20d,5df20d,0,双,小
2026-08-11 14:30:26,85252934,000000000514db4696bad8855db531de36af8822b3dc16b4e4c2278d9888a345,88a345,5,单,大
2026-08-11 14:30:36,85252938,000000000514db4afb22ac8d52021ccb0a8e20e29b3c498352576069dfcfc7ae,cfc7ae,7,单,大
2026-08-11 14:30:46,85252940,000000000514db4c19f10b80f81fa3a5ac0b8385766306364f8b84f762d61ed6,d61ed6,6,双,大
2026-08-11 14:30:56,85252944,000000000514db5045216c246076de2bcb9f0ee93a511240966b237a413c97af,3c97af,7,单,大
2026-08-11 14:31:06,85252948,000000000514db5439870c7240282081253cd1625b8d8915b98c0fc7cb9530c3,9530c3,3,单,小
2026-08-11 14:31:16,85252950,000000000514db56392fe69718b41e1e4bdcf5a96056323460c05c03bdf6cc9d,f6cc9d,9,单,大
2026-08-11 14:31:27,85252954,000000000514db5ab965a870e31ea36fbf72b06d1b2cbb6e1c529ff538f0ac68,f0ac68,8,双,大
2026-08-11 14:31:37,85252958,000000000514db5e9292ba1bbcba60eda1393783bee015d09f1f3a52fdb79605,b79605,5,单,大
2026-08-11 14:31:47,85252960,000000000514db60e8d0b6a2b112b7ff73d677848db082b57312aebf1d59efc0,59efc0,0,双,小
2026-08-11 14:31:58,85252964,000000000514db6414b1d85244dc31cfcd8cd871687701e0a23dd0fdc212148f,12148f,8,双,大
2026-08-11 14:32:08,85252968,000000000514db68e0f6eb5e6e172147d946f94ea4e2b435c7365f2b5b595a97,595a97,7,单,大
2026-08-11 14:32:19,85252972,000000000514db6cdc1c047c78d795ab50814ea4c0a677a02dab6756d294f5a1,94f5a1,1,单,小
2026-08-11 14:32:29,85252976,000000000514db70472134cc234c1e25319e96d581c211a6690e789e5e8bcb22,8bcb22,2,双,小
2026-08-11 14:32:39,85252978,000000000514db720e0ee8c34524945add0d523d4981097bba3241d5b1c9f99c,c9f99c,9,单,大
2026-08-11 14:32:50,85252982,000000000514db769850dbf35090caa3b8ef1051cb2f045c57eca4cf8c812ebb,812ebb,2,双,小
2026-08-11 14:33:00,85252986,000000000514db7aa15f97c16cbd2db274a54e0614b06c639b30e4c8928eb717,8eb717,7,单,大
2026-08-11 14:33:11,85252988,000000000514db7c66f9cbc0aa34111a4ff4159f424da02bf2f7bc85979ffa75,9ffa75,5,单,大
2026-08-11 14:33:22,85252992,000000000514db802a33134826abd32b6177537269791884f8fa5fc5999cdc59,9cdc59,9,单,大
2026-08-11 14:33:32,85252996,000000000514db84c870d5c58a06ce049b0e6c3b312cd29b47c02d6e3e001901,001901,1,单,小
2026-08-11 14:33:42,85253000,000000000514db88b9e0dd80948567f454bb43a1f0da601a6773100b74badbab,badbab,4,双,小
2026-08-11 14:33:53,85253002,000000000514db8a1fef45aa09c7f8b6b9e4679561d52f7d012d26a5a381475e,81475e,5,单,大
2026-08-11 14:34:03,85253006,000000000514db8e53f8fb4a814b6bf623304e9dd1aa30a777ca7ac468d407ed,d407ed,7,单,大
2026-08-11 14:34:14,85253010,000000000514db9273dcae55f0db211669e008d74b3793937abc740e2b050479,050479,9,单,大
2026-08-11 14:34:24,85253014,000000000514db9647e0446e6769d7d77f44ca56579131351372443e441d364c,1d364c,4,双,小
2026-08-11 14:34:34,85253016,000000000514db985a883a7d41ac28f8dd252825214aed8a46e48d3bbaf69c26,f69c26,6,双,大
2026-08-11 14:34:45,85253020,000000000514db9cb6954659096128c1742322832480c669fe2eea58895f4107,5f4107,7,单,大
2026-08-11 14:34:55,85253024,000000000514dba0a35b587362c3c5417023366a443bb01780a9fe87606cfd06,6cfd06,6,双,大
2026-08-11 14:35:05,85253028,000000000514dba47cff4bc27d3393217a65a200663a6638142bacee7d8fe989,8fe989,9,单,大
2026-08-11 14:35:15,85253030,000000000514dba6e501d2b2954587564a656125f24f126f414d75c14491c102,91c102,2,双,小
2026-08-11 14:35:26,85253034,000000000514dbaa7538cd8392299e66d235b6c6f6c5fb4be7b2b07b8d467617,467617,7,单,大
2026-08-11 14:35:36,85253038,000000000514dbae8e07fdf2acae33c70f33efe674ee7572296f3246f55aa033,5aa033,3,单,小
2026-08-11 14:35:46,85253040,000000000514dbb0fdec01156ca916efcb13ba03331e7e8c4544bbd2936bbf72,6bbf72,2,双,小
2026-08-11 14:35:56,85253044,000000000514dbb45f8b8618bf2fba0f39f3a9ca6b05a0f384ca62f06fd90a18,d90a18,8,双,大
2026-08-11 14:36:06,85253048,000000000514dbb859f42c42f171e3b893e7440e3ef426c396280467cf0db9be,0db9be,9,单,大
2026-08-11 14:36:17,85253052,000000000514dbbc611866949dddcd121c0aa46e07c394bdbb0f1ea7cf127644,127644,4,双,小
2026-08-11 14:36:28,85253054,000000000514dbbe229114ffd0373c0621b7d8d43b4dfc7bd5c1db44f26853ef,6853ef,3,单,小
2026-08-11 14:36:39,85253058,000000000514dbc20e385957ab63b087faac4f61e9d922306b80234d78b357f7,b357f7,7,单,大
2026-08-11 14:36:49,85253062,000000000514dbc6a07568e990463e4b4f970194da7bb89b58ec817c1073a611,73a611,1,单,小
2026-08-11 14:37:00,85253064,000000000514dbc8a9f143360dbf60c3a5b14e8ec40b61789016eb39a4f487eb,f487eb,7,单,大
2026-08-11 14:37:10,85253068,000000000514dbcc2c964e509c83b811233752fa3c149e41cfa620560509b315,09b315,5,单,大
2026-08-11 14:37:21,85253072,000000000514dbd084ad6953304f4ffb48ddd427d7dad5cff7efced2e874ba7c,74ba7c,7,单,大
2026-08-11 14:37:31,85253076,000000000514dbd4092c06d9202c67041855300d85cb7822ccdf69079b328db8,328db8,8,双,大
2026-08-11 14:37:42,85253080,000000000514dbd86a3bad52005383439ab2c95cf2de5ecc5212b42637476944,476944,4,双,小
2026-08-11 14:37:52,85253084,000000000514dbdcc6fb93a1885c15d06fff7b49977a8d03b674246458d26583,d26583,3,单,小
2026-08-11 14:38:02,85253086,000000000514dbde455e81d161df05cb65d05fba1f00b1b2fe571dfba73c4cc3,3c4cc3,3,单,小
2026-08-11 14:38:13,85253090,000000000514dbe28691a61f86461bc948d9ea037eaa6fbf89dc32f8195a86b6,5a86b6,6,双,大
2026-08-11 14:38:23,85253094,000000000514dbe62c01ef244aa4e3d91ee4ab0c0399643fd903af9612d835da,d835da,5,单,大
2026-08-11 14:38:34,85253096,000000000514dbe892c27c345bbcb86c694fd040143b535edf38e81f89e617af,e617af,7,单,大
2026-08-11 14:38:44,85253100,000000000514dbec38c7c74ba6413966d65bdccb8938e57f31a94435e5ae0a96,ae0a96,6,双,大
2026-08-11 14:38:55,85253104,000000000514dbf079eae7c609b472fed522f474cdda3e785c44eabb44364d19,364d19,9,单,大
2026-08-11 14:39:06,85253108,000000000514dbf4a3f5b50dea6c59196aa380ccec19dfd33a180fde3de5a414,e5a414,4,双,小
2026-08-11 14:39:16,85253110,000000000514dbf68f76af922f360badfeb94a243affc254b3545aba13de6d66,de6d66,6,双,大
2026-08-11 14:39:26,85253114,000000000514dbfab9fd8ad51504b12df18aa18d461e200dbac353cb4a44825b,44825b,5,单,大
2026-08-11 14:39:37,85253118,000000000514dbfe6f067858bf82cc0aca2af69ac3d0558f602b33436d6a57e1,6a57e1,1,单,小
2026-08-11 14:39:47,85253122,000000000514dc02054936e4a68d365abbf84da30b32f3b2a248678cf46a4375,6a4375,5,单,大
2026-08-11 14:39:57,85253124,000000000514dc04ad07a20fe333219caf5d25e19690bd0ff528003174c336b4,c336b4,4,双,小
2026-08-11 14:40:08,85253128,000000000514dc08cdb485f8d51fe68c48aee28263af88384e725080f9ce0ec8,ce0ec8,8,双,大
2026-08-11 14:40:18,85253132,000000000514dc0caa925769a2fe0d396078e2b57f934d1a8062bf26b520021b,20021b,1,单,小
2026-08-11 14:40:29,85253136,000000000514dc10f3fbef5a4a8e654ad0b8c89a683726c20e69776ccc6f8945,6f8945,5,单,大
2026-08-11 14:40:39,85253138,000000000514dc126636ca4a6637fa619428b578c8d555b878df201b932cd1fd,2cd1fd,1,单,小
2026-08-11 14:40:49,85253142,000000000514dc16e9301cb00e6ce1842ebb7948a5281b50dc9d705422a179f9,a179f9,9,单,大
2026-08-11 14:40:59,85253146,000000000514dc1a8dfdb03997bf977c9fbe635f2658028ecf3fb130ee50c5ad,50c5ad,5,单,大
2026-08-11 14:41:09,85253148,000000000514dc1c53cdff0fa51490a361a021956e5e9ab8b433d5f1b208789f,08789f,9,单,大
2026-08-11 14:41:19,85253152,000000000514dc20eb2ba779db0ddf7cd1adda9ca821ef1eadf67f4ea03d8b04,3d8b04,4,双,小
2026-08-11 14:41:29,85253156,000000000514dc24963078cd6be4b67e93428395717ca1e42751725bf7747f6f,747f6f,6,双,大
2026-08-11 14:41:39,85253158,000000000514dc269cd352e9575f6546c14df1cbb17c6b2cd66c794c3808b0cc,08b0cc,0,双,小
2026-08-11 14:41:49,85253162,000000000514dc2a0d7c7623598fe47dfac86a9c008478ff4f87d2ac7ee07140,e07140,0,双,小
2026-08-11 14:41:59,85253166,000000000514dc2eccd743610b2a4a59631f7e192713dd83ec34b2055b8f59d9,8f59d9,9,单,大
2026-08-11 14:42:09,85253168,000000000514dc301bef3bc87dea3ccfb2ebdd229b79db08a10b31c7105ccd3c,5ccd3c,3,单,小
2026-08-11 14:42:20,85253172,000000000514dc34639d86c226faea7d53bd688911616293bb58cd1517e77151,e77151,1,单,小
2026-08-11 14:42:30,85253176,000000000514dc387740750e8545fc883ef84abb0443b241112f83a64a6353fb,6353fb,3,单,小
2026-08-11 14:42:41,85253180,000000000514dc3c0b8e57a548d3516d8c902f5d920c88314b98cf433e071c08,071c08,8,双,大
2026-08-11 14:42:51,85253182,000000000514dc3e41574b66ae5928a3cff3a9f503091c183899d4ca363d224b,3d224b,4,双,小
2026-08-11 14:43:01,85253186,000000000514dc42bce07d405419b90b0a173571ea4c30991e2906f2ab6d36fa,6d36fa,6,双,大
2026-08-11 14:43:11,85253188,000000000514dc4487f0b0374a007204c33a9789a8f665ccb88aeb913ee53d8b,e53d8b,8,双,大
2026-08-11 14:43:22,85253192,000000000514dc48bc2f1d56c026b307d2c5ad3d670ea73af3c02665807155a2,7155a2,2,双,小
2026-08-11 14:43:32,85253196,000000000514dc4c2cd29e09ec3bc1014e6ecadd511c485f9840e47b86e76782,e76782,2,双,小
2026-08-11 14:43:42,85253200,000000000514dc50131509a45060e782603e326ac4ef43044370cd1d70a41f76,a41f76,6,双,大
2026-08-11 14:43:52,85253202,000000000514dc52de6389dafc9d6b64b5ff3953ac312e19ff3fdc51415f310c,5f310c,0,双,小
2026-08-11 14:44:02,85253206,000000000514dc568a39c2a2051fdda84c8cf4c635f3343885860b74e86888e4,6888e4,4,双,小
2026-08-11 14:44:12,85253210,000000000514dc5a7479aed0423c510fcf0666b4583e59ee7b4725ee6053b02c,53b02c,2,双,小
2026-08-11 14:44:22,85253214,000000000514dc5e2e8adc6e0384096f3add3e35319223d90b5dead0f0798ec0,798ec0,0,双,小
2026-08-11 14:44:32,85253216,000000000514dc608d37ce7ca722eb90fc82d31a475404f7d997b80e851979e8,1979e8,8,双,大
2026-08-11 14:44:42,85253220,000000000514dc64ca1637bef96c2ef31ef0d788356ce253e925fe291cb25d18,b25d18,8,双,大
2026-08-11 14:44:52,85253222,000000000514dc66cd3de309a17fdca898f2264d52519ee768fd3d3a03e3e415,e3e415,5,单,大
2026-08-11 14:45:02,85253226,000000000514dc6a53310d26b8758f6969c9e8a071c90d53f47a4787d0dcbdf0,dcbdf0,0,双,小
2026-08-11 14:45:12,85253230,000000000514dc6ec4a71c2e9b5176fd86ff0e54e2d15a7f0da8cc746d5a02bc,5a02bc,2,双,小
2026-08-11 14:45:22,85253234,000000000514dc721b638b69d139ac3457ca5ca17f278d258c3e7b32008b3d3f,8b3d3f,3,单,小
2026-08-11 14:45:33,85253236,000000000514dc74bbf82f573441fd1ac1dc456354a3791c420e20e85f7085aa,7085aa,5,单,大
2026-08-11 14:45:42,85253240,000000000514dc785bba959024c284b84245d0748ec0a3dec2d069cae8999dba,999dba,9,单,大
2026-08-11 14:45:53,85253242,000000000514dc7afb0188678bba19b23e5704cb67f1fbf982306a406be67427,e67427,7,单,大
2026-08-11 14:46:04,85253246,000000000514dc7e1d91dfbf8581b1717cfcf510a56da6308b74709751be16ea,be16ea,6,双,大
2026-08-11 14:46:14,85253250,000000000514dc82d17b03d4f22fa89902582f05cfcfb08c4d7bbc0e4915c0a3,15c0a3,3,单,小
2026-08-11 14:46:25,85253254,000000000514dc86c3d1731f4d2f07c4bbb0f4eaafc2ef150f4dd8a912258cb6,258cb6,6,双,大
2026-08-11 14:46:36,85253258,000000000514dc8a35211d61b3773aa51c82122b60b11d3e8f26d10c9662c5c8,62c5c8,8,双,大
2026-08-11 14:46:46,85253260,000000000514dc8c8813558a1319c31abc2effc6b7132c8061cf3b1fb2b2e0ce,b2e0ce,0,双,小
2026-08-11 14:46:56,85253264,000000000514dc908a8565b7f3616410f5c17e787febfa1a14f2ee8283073d75,073d75,5,单,大
2026-08-11 14:47:06,85253268,000000000514dc9434cd2231bde1f4e54e391ca480531f586eace7a6ec78822f,78822f,2,双,小
2026-08-11 14:47:16,85253270,000000000514dc9651a836744dd9021ae3ea5c97f7ee3dd29bd1a7d988e9f748,e9f748,8,双,大
2026-08-11 14:47:26,85253274,000000000514dc9a998d2a0e31c4301153434e1415d8e4d823e0cd08eb3d643f,3d643f,3,单,小
2026-08-11 14:47:37,85253278,000000000514dc9e7a960220c568894d35b8c42af110b6f33551faf9b7a1f809,a1f809,9,单,大
2026-08-11 14:47:47,85253280,000000000514dca0cca890b7787e32c3956e05f51ab799e12560003415cdb87f,cdb87f,7,单,大
2026-08-11 14:47:57,85253284,000000000514dca4a29c1c529606dedfc899ad1e73a7137794082325260051d7,0051d7,7,单,大
2026-08-11 14:48:07,85253288,000000000514dca8733138877eb874a8b085afcfba4099258ffe28039fe570f0,e570f0,0,双,小
2026-08-11 14:48:17,85253292,000000000514dcac918c47bd89a3346d313a7f20d885c3e151bc9ab074fc50d3,fc50d3,3,单,小
2026-08-11 14:48:28,85253296,000000000514dcb0f2701824882c27bbda6f5887b7214bd668c2b5434e722a19,722a19,9,单,大
2026-08-11 14:48:38,85253298,000000000514dcb2e747f9a03e346b15709033ba712c4cfa5db33ae3acc21c22,c21c22,2,双,小
2026-08-11 14:48:48,85253302,000000000514dcb669f8545c4569cb863d8ea8f8ac940e65ee8706fce069e6fb,69e6fb,6,双,大
2026-08-11 14:48:59,85253306,000000000514dcbaaaac95d1e533f8e4035039015686ca6f73b843c38212f0f9,12f0f9,9,单,大
2026-08-11 14:49:09,85253310,000000000514dcbe8477456f1b678ebdcfd946df28c4fa8a704515586875ef22,75ef22,2,双,小
2026-08-11 14:49:20,85253312,000000000514dcc02f0f9fb4541c94a1d878f3055ededd55812c93557e33af2b,33af2b,2,双,小
2026-08-11 14:49:30,85253316,000000000514dcc46f6bfaa5afed89bcda7210c860bbfa5a78c3dd8b5acb2953,cb2953,3,单,小
2026-08-11 14:49:40,85253318,000000000514dcc6f718898028ec3a822a6cff993ac5ce51237485a06098c94c,98c94c,4,双,小
2026-08-11 14:49:50,85253322,000000000514dcca7a5234fb7942c382665e63aca6e2843fd343c8fce8c89136,c89136,6,双,大
2026-08-11 14:50:00,85253326,000000000514dcce746f8599972d78f242e76989c8f96ade721365c7b9b66943,b66943,3,单,小
2026-08-11 14:50:10,85253328,000000000514dcd09fcd45728cfab8750bd816a28e1ad8594df2515bf40e87a9,0e87a9,9,单,大
2026-08-11 14:50:20,85253332,000000000514dcd4f4e856c9dc7cfe089840207a256d536e4a66e768abf5a136,f5a136,6,双,大
2026-08-11 14:50:30,85253336,000000000514dcd8ba5e113de18bac4c5ba65d47d1d28d60d6ddf5dad5fa4f24,fa4f24,4,双,小
2026-08-11 14:50:40,85253340,000000000514dcdc31f3c27ddb8ce41ce0d0edc6c320a132c78ecadb8766b296,66b296,6,双,大
2026-08-11 14:50:50,85253342,000000000514dcded5c88f88b39b62dd8fa801f7001e5fff00a1d447c899a73c,99a73c,3,单,小
2026-08-11 14:50:59,85253344,000000000514dce0ec9d0eca97a0d7a42c8e4fccbd7e66c2365dd9b0bf658160,658160,0,双,小
2026-08-11 14:51:09,85253348,000000000514dce499c73c2670983f87d359650d51958980ed464eddc30f2876,0f2876,6,双,大
2026-08-11 14:51:19,85253352,000000000514dce84802f6bf1f6ce355c3eedcd84ef6b63a06f2b2d01c84335a,84335a,5,单,大
2026-08-11 14:51:29,85253354,000000000514dcea17ef01740a5c280e2eb05bb9aa24061414f7ce26c1b21e24,b21e24,4,双,小
2026-08-11 14:51:39,85253358,000000000514dceef14deead17e9ee62a6dbc3b2970bae3c8e5e0e5bb3453cba,453cba,3,单,小
2026-08-11 14:51:49,85253362,000000000514dcf2a06d4aab95d282366541d3857c72e2554abc6e0fdb739678,739678,8,双,大
2026-08-11 14:51:59,85253366,000000000514dcf688931ea81a8990ac82e9c17d9d8e170b1f5490d5ff878d45,878d45,5,单,大
2026-08-11 14:52:09,85253368,000000000514dcf858402e35f7364eb1584844efcdfb03b2a99b8c1a1919c640,19c640,0,双,小
2026-08-11 14:52:19,85253372,000000000514dcfccc02219d49094845df49483b3ad05d11f8ee8a273bb6ad04,b6ad04,4,双,小
2026-08-11 14:52:30,85253376,000000000514dd00a095e9461fde8e4fd1d832cc265e4bc51bff3549b5fc3eae,fc3eae,3,单,小
2026-08-11 14:52:40,85253378,000000000514dd028e3bbcd5cb5f10d700d4560e680767505f4ff2a79b2d5d04,2d5d04,4,双,小
2026-08-11 14:52:50,85253382,000000000514dd06592129383187850e6e6d276926b5b07dc29616ab026e9aa8,6e9aa8,8,双,大
2026-08-11 14:53:01,85253386,000000000514dd0a212a71a5bc8b7165ce2b10c8d28c113fe61bdb2d06cb02bc,cb02bc,2,双,小
2026-08-11 14:53:12,85253390,000000000514dd0eb63ea3c92ab3797704a6d33f3131b9fd3f9417a66ce96061,e96061,1,单,小
2026-08-11 14:53:23,85253392,000000000514dd104f3194b205b30160a61b51852934ed31a4e76371b61838d6,1838d6,6,双,大
2026-08-11 14:53:33,85253396,000000000514dd143d5de77cf86f18c779b31f29db0d9c2aada056cb1c76a087,76a087,7,单,大
2026-08-11 14:53:44,85253400,000000000514dd18320c49a0a342f997723a0ca163e8e590c2fd9e69e7844f94,844f94,4,双,小
2026-08-11 14:53:54,85253404,000000000514dd1c959c2fd3c83b6efdf2817e2334aff48396ec10b35ad83a88,d83a88,8,双,大
2026-08-11 14:54:05,85253408,000000000514dd20c4cc659ceb60d86cc8891dd7b5df2e57f6a68d7489dec330,dec330,0,双,小
2026-08-11 14:54:15,85253412,000000000514dd2496513d1aff7bab9bd41306b61996a2db22b0a3f600b19273,b19273,3,单,小
2026-08-11 14:54:26,85253414,000000000514dd26828f6407b977b477210c77cb781779d492b19835ff8dcc86,8dcc86,6,双,大
2026-08-11 14:54:36,85253416,000000000514dd289cd7abd13657a9791c131c1526910cac128cb1c125c49750,c49750,0,双,小
2026-08-11 14:54:46,85253420,000000000514dd2cf11e077242f6fb046bc261eb45a1dfe3b3f16a126ac0eb40,c0eb40,0,双,小
2026-08-11 14:54:56,85253424,000000000514dd3084e93002b75105aefee522c8b700f1fb5e909cd23b063199,063199,9,单,大
2026-08-11 14:55:06,85253428,000000000514dd34c837d2576dd423f41d5ef05a4cfc6d68c340982fa1f5a745,f5a745,5,单,大
2026-08-11 14:55:17,85253430,000000000514dd36391df0d48e422f49653421e2b14fd6a6967efe77d0fb2da5,fb2da5,5,单,大
2026-08-11 14:55:27,85253434,000000000514dd3a8d9845d0f4d998d8ce8544acbd646d339bf5e745dea2e89b,a2e89b,9,单,大
2026-08-11 14:55:37,85253438,000000000514dd3e9576e257e780ce995f594d48f93efff4bc4e1afd9a85ef5e,85ef5e,5,单,大
2026-08-11 14:55:47,85253442,000000000514dd4244f999485ad757aee78b0bcb9c2f79efe14b4870bac78996,c78996,6,双,大
2026-08-11 14:55:57,85253444,000000000514dd4414167de79bfed806dea70cea00e59f2eb684aee3cc467603,467603,3,单,小
2026-08-11 14:56:07,85253448,000000000514dd488b5d2c5a586e79c7fe59cb4de68e17ee27d9369b7c332fc2,332fc2,2,双,小
2026-08-11 14:56:17,85253452,000000000514dd4c2bceffb1a838ad02f1d30af3ba8b7aa2d319d5498e95009d,95009d,9,单,大
2026-08-11 14:56:28,85253454,000000000514dd4ebbee39fbf059a6f30008767376d5923d019da4b2d03dad17,3dad17,7,单,大
2026-08-11 14:56:38,85253458,000000000514dd5251a6f8b6a48f4bab5fbc4e104efb941699fdc58fb817dae1,17dae1,1,单,小
2026-08-11 14:56:48,85253462,000000000514dd563ddbf13cba22f07eb8590aa3997ae4b0ce7158763c300c13,300c13,3,单,小
2026-08-11 14:56:58,85253464,000000000514dd582cf8f2fce9dccaa0ea5266b0b12a927d291f42bee9e5d137,e5d137,7,单,大
2026-08-11 14:57:08,85253468,000000000514dd5c1cc554cdcfac901cf22ecab7389968f165e55613bf0d0e9e,0d0e9e,9,单,大
2026-08-11 14:57:18,85253472,000000000514dd6051f163eb62b76a3ee348127f27be03834bce6db0d366416d,66416d,6,双,大
2026-08-11 14:57:28,85253474,000000000514dd624ffbd2a4ccd3b1fc909bae6763e018abfa182ae2e974df76,74df76,6,双,大
2026-08-11 14:57:38,85253478,000000000514dd66f456aee4d092dee769bfb96f49e0188022a4e7b0290d03aa,0d03aa,3,单,小
2026-08-11 14:57:48,85253482,000000000514dd6af9b60d84905d7f3ade1ce7ddd9a0e1f6915c9245148500b2,8500b2,2,双,小
2026-08-11 14:57:58,85253484,000000000514dd6c7f8b650770c80aa082f374a8c503653a643a8e947d659a1a,659a1a,1,单,小
2026-08-11 14:58:08,85253488,000000000514dd7057307dbd0af28ef82840363bc745e3436696aa05b8485af2,485af2,2,双,小
2026-08-11 14:58:19,85253492,000000000514dd742093069c7e7aae2b2d0adcf10b122c298a59f9ae6ba1ed2c,a1ed2c,2,双,小
2026-08-11 14:58:29,85253494,000000000514dd7653d72a35275f2d6dd9cbc6b708426b487e52e8eae53394fb,3394fb,4,双,小
2026-08-11 14:58:39,85253498,000000000514dd7a7260a6b245f57477e203d23020c9110e67dc9d8f114f43a2,4f43a2,2,双,小
2026-08-11 14:58:49,85253502,000000000514dd7e929dcd1d7a239b4f42e3811eb79fdcc9260c04a3766c5a07,6c5a07,7,单,大
2026-08-11 14:58:59,85253504,000000000514dd80a39da15e39b7a6704c427fcacf3a4b0bdc8d95ec37540f42,540f42,2,双,小
2026-08-11 14:59:08,85253508,000000000514dd843ed2c4ebcfdc48e066f1d54a45f70ff86a6f810dd23f9878,3f9878,8,双,大
2026-08-11 14:59:18,85253512,000000000514dd88bbd6c14441191f12e90d5d4e25a882ff8893271edb92f55c,92f55c,5,单,大
2026-08-11 14:59:29,85253516,000000000514dd8c3271f4bb3ac60ead38228101fb23565f626cfe5d5af2ad27,f2ad27,7,单,大
2026-08-11 14:59:39,85253518,000000000514dd8e1b61577dea1873803f6bf16cf2ff752f511f00c38f9a76e1,9a76e1,1,单,小
2026-08-11 14:59:49,85253522,000000000514dd92ee66748724cfe86bea073e793f4bf85d333e3199cb7b11db,7b11db,1,单,小
2026-08-11 15:00:02,85253526,000000000514dd967f25e209a7ebd2813107f5f35ebb94546c50fac86ec6df06,c6df06,6,双,大
2026-08-11 15:00:13,85253530,000000000514dd9a7563ac15459e893d51e4a9a26fcea2412c5c2090f432530c,32530c,0,双,小
2026-08-11 15:00:23,85253534,000000000514dd9e0944ed5590ba532f4e1f2e80dd127d2bbfebc2ffcd8de7e7,8de7e7,7,单,大
2026-08-11 15:00:34,85253536,000000000514dda0f23e27b26ddf75d57ac25d1c5accc08a1190e5f520ec97fe,ec97fe,7,单,大
2026-08-11 15:00:49,85253542,000000000514dda6dac5349dbe9d4aaafa68eb2f941c2d309a39311cd15dc152,5dc152,2,双,小
2026-08-11 15:01:00,85253546,000000000514ddaaadb0d94a90139adb7867360415ddcc9ee35cac028cac04f5,ac04f5,5,单,大
2026-08-11 15:01:10,85253548,000000000514ddacb24c7e2a19fb2e493f6994d77316e613a81d3a29f010c1a4,10c1a4,4,双,小
2026-08-11 15:01:21,85253552,000000000514ddb02a6612db8bb287ab1622d79076841984d3566999c8ea4ec4,ea4ec4,4,双,小
2026-08-11 15:01:31,85253556,000000000514ddb445040b0646384cd5ff4848d60d3cb395c8bb42fd1d2e438f,2e438f,8,双,大
2026-08-11 15:01:41,85253558,000000000514ddb685aa19e1a655d24aecc6ff69056fd2347bbc33507c7e108c,7e108c,8,双,大
2026-08-11 15:01:51,85253562,000000000514ddba05252e6c2bc25f12abc92ff5de8efd1c2e9bbb230954f802,54f802,2,双,小
2026-08-11 15:02:01,85253566,000000000514ddbee743567e1044a30818529464aff1e04105280e527ec4ab9c,c4ab9c,9,单,大
2026-08-11 15:02:11,85253568,000000000514ddc05bfe23f9787eb7ab09a1131bfc2a9aecc9511ad1dea9430e,a9430e,0,双,小
2026-08-11 15:02:22,85253574,000000000514ddc647e5d7614102dc046a55eb335ce058314028dda614099345,099345,5,单,大
2026-08-11 15:02:32,85253576,000000000514ddc8757125c9b43c9c3991be8cec96a04cb0b4ba2cfb09ccda15,ccda15,5,单,大
2026-08-11 15:02:42,85253580,000000000514ddcca29f51624000877cd1bb21d7a5aab833b79b7ff961872b4d,872b4d,4,双,小
2026-08-11 15:02:53,85253582,000000000514ddcef1d438008c450efc69db417fcdd83b8d4300377af63aa878,3aa878,8,双,大
2026-08-11 15:03:04,85253586,000000000514ddd2d34664b9600ec44dc9eef5b53c9a967c12afaedf9e16e2b6,16e2b6,6,双,大
2026-08-11 15:03:15,85253590,000000000514ddd66b81c7acc690035865f1dce34f8ce061ec1573d94616e9d4,16e9d4,4,双,小
2026-08-11 15:03:25,85253594,000000000514dddaf1edc7cbb65a10a1f8d24e207fc842d9a6b27a8960b783e2,b783e2,2,双,小
2026-08-11 15:03:35,85253598,000000000514ddde161d11b2b9db93ef11449622930d42c3221d1f303e67c692,67c692,2,双,小
2026-08-11 15:03:46,85253600,000000000514dde0a34f440b9733a798044db55cb62684feba1a4ca63d427319,427319,9,单,大
2026-08-11 15:03:56,85253604,000000000514dde436f5ba87362e4c2f0a8db76854976787d6b1569764138a6d,138a6d,6,双,大
2026-08-11 15:04:06,85253608,000000000514dde8aa36f489b4c3d664de4d77755f3a717441b50aac90d34f3d,d34f3d,3,单,小
2026-08-11 15:04:17,85253610,000000000514ddea00e228712e36145f8386ca15d51f440e268c38c6eaea3a05,ea3a05,5,单,大
2026-08-11 15:04:27,85253614,000000000514ddee7c0af1269ddbbd1886d41a5a21028a5d23a6b6e0bd00bd84,00bd84,4,双,小
2026-08-11 15:04:37,85253618,000000000514ddf2335d92d9791d39ea7fe1171e07c8935d049b943779b73ac2,b73ac2,2,双,小
2026-08-11 15:04:48,85253622,000000000514ddf6229ea5d2e2bf454585431af84278cf76b6af726710858602,858602,2,双,小
2026-08-11 15:04:58,85253624,000000000514ddf8395797217385a4cdae20f75a8307fdf8bfefc384cd400aaa,400aaa,0,双,小
2026-08-11 15:05:09,85253628,000000000514ddfc8ff8b0ab359e7394f3c5579a77d884862bc22bed7d07b3d7,07b3d7,7,单,大
2026-08-11 15:05:19,85253632,000000000514de0046f1632e7cbb7e24d7f28aee632bfa266a284d63b157d492,57d492,2,双,小
2026-08-11 15:05:30,85253636,000000000514de04735990783369bcdfbc3c4278ebb55bef4755f2a599926805,926805,5,单,大
2026-08-11 15:05:40,85253640,000000000514de080bf0a8bde6e69e10aceffb906de258dd41bfd70bf8d945ea,d945ea,5,单,大
2026-08-11 15:05:50,85253642,000000000514de0a615f176d86ba363d59cbff15e3a8d916209d884acbc6e37c,c6e37c,7,单,大
2026-08-11 15:06:00,85253644,000000000514de0ce1e671fbaf6a7c1b62b7cd2f841daf93af32748d2b65af68,65af68,8,双,大
2026-08-11 15:06:11,85253648,000000000514de10b6ed901cba06307de0f4c9e946cb627347f37ad68752751f,52751f,1,单,小
2026-08-11 15:06:22,85253652,000000000514de140e8cf15eae84a90dfb53341a60f0900b16faec001e0556e6,0556e6,6,双,大
2026-08-11 15:06:33,85253656,000000000514de18d933114ff56dcd62caf93e45a3b34e5f69c8f01be093579c,93579c,9,单,大
2026-08-11 15:06:44,85253660,000000000514de1c73a117b368dd2e9dc6620f7c4e434454cfd744262af08561,f08561,1,单,小
2026-08-11 15:06:54,85253664,000000000514de20f8e91ceadee6093405286bfb300fb7acf31a66bea4bf1c5c,bf1c5c,5,单,大
2026-08-11 15:07:05,85253668,000000000514de2407c3b69823e3c6117b487c03df24078e3554429b4a4b3c3d,4b3c3d,3,单,小
2026-08-11 15:07:16,85253670,000000000514de26183071b5cea81579e0da293342e993120de2b41a839985b1,9985b1,1,单,小
2026-08-11 15:07:26,85253674,000000000514de2a5fd118aef2876c8c58ef1117d456cf824495ed303afb8fff,fb8fff,8,双,大
2026-08-11 15:07:37,85253678,000000000514de2eab82789f80ba80f744326671fc372267171687d558fea4d3,fea4d3,3,单,小
2026-08-11 15:07:48,85253682,000000000514de32ceee5cee225a7f83698a7cfb7b261993e9ca68ff86dd787d,dd787d,7,单,大
2026-08-11 15:07:58,85253684,000000000514de344674f8dc03c08fc57ad9a06a1be9d1b239a4fa1732db3259,db3259,9,单,大
2026-08-11 15:08:09,85253688,000000000514de380f2ee6240da998c255531648a9b7819227f5b13b95bd72e0,bd72e0,0,双,小
2026-08-11 15:08:19,85253692,000000000514de3c7c871d47363dd8d4d264eb99b03d246914b347e1698f577e,8f577e,7,单,大
2026-08-11 15:08:30,85253696,000000000514de40599bf8f2f5241072fac0ac95a323984852cf4ee701658024,658024,4,双,小
2026-08-11 15:08:41,85253698,000000000514de4265cdf5e88923c3ac7cfecaceecc950f949d429aa233350ad,3350ad,0,双,小
2026-08-11 15:08:51,85253702,000000000514de464dc575ceab3ee7ff33bcbdd561b98742cd92fc27a35e3978,5e3978,8,双,大
2026-08-11 15:09:02,85253706,000000000514de4a6e08299c0004a02e77210faba2f4575a51885be51d499da9,499da9,9,单,大
2026-08-11 15:09:13,85253710,000000000514de4edef85670f734ed592575dba3d403297d333174f1e19ce802,9ce802,2,双,小
2026-08-11 15:09:23,85253714,000000000514de52f5ae9d6a0f4551a239f82e67add99c2baaa0b6c5919b7bde,9b7bde,7,单,大
2026-08-11 15:09:34,85253716,000000000514de548db3af902c11812f4b8cbc910c7dba8985ced7fb1193627a,93627a,7,单,大
2026-08-11 15:09:45,85253720,000000000514de58680e979f0a153606fd0d944e93849945cec4749ef9921cf7,921cf7,7,单,大
2026-08-11 15:09:58,85253724,000000000514de5c1b1ae3ff92b6fbc3732a0481e7c17f05076564dc6c9405d3,9405d3,3,单,小
2026-08-11 15:10:10,85253728,000000000514de609a0abcb279772d11eaeb38de20ce5fe7601fd1ecbffc4fd1,fc4fd1,1,单,小
2026-08-11 15:10:20,85253732,000000000514de6413f0219fb2b7a2926b17229d5fb50182203e3ae8e85c4ae0,5c4ae0,0,双,小
2026-08-11 15:10:31,85253736,000000000514de6891b2ad46c48b4de0a6a8add19a0857d690a707962cc2669e,c2669e,9,单,大
2026-08-11 15:10:41,85253740,000000000514de6c8b27ff5701ab1f06e971916bbde992cac3a7afc240eecf96,eecf96,6,双,大
2026-08-11 15:10:51,85253742,000000000514de6e34e1bbc8fb08f14180f045b64056284c3114408456aba33f,aba33f,3,单,小
2026-08-11 15:11:01,85253746,000000000514de72a72e81522a7675b1945dffdb1db61de1e4de479620e2565a,e2565a,5,单,大
2026-08-11 15:11:12,85253750,000000000514de76d65288f6da390218e75d7c3b11449864e0459317a3f59f7f,f59f7f,7,单,大
2026-08-11 15:11:22,85253752,000000000514de78969db4347f08bb6ca71208d7ccc4ec1572c10f3530133488,133488,8,双,大
2026-08-11 15:11:33,85253756,000000000514de7c9b22e6522f17a2a019046a775a7fd6c1ae2ee0beaabe43d9,be43d9,9,单,大
2026-08-11 15:11:43,85253760,000000000514de80209d26948282dd41f88da81ed30b4dce33d112a40b56f7bb,56f7bb,7,单,大
2026-08-11 15:11:53,85253762,000000000514de82d7589b33145fa4c5e989773338a3068d25924a2943e10902,e10902,2,双,小
2026-08-11 15:12:03,85253766,000000000514de867e95c97ef86e34a7a9da2b5b8376d8e2df012f683440b95b,40b95b,5,单,大
2026-08-11 15:12:13,85253770,000000000514de8a842d16b3a6dcd114a77a191db077bba16611a3c35fa64261,a64261,1,单,小
2026-08-11 15:12:24,85253772,000000000514de8cab10ed2fdb38d301c67822167e92cd23bb77e4cbb1403be4,403be4,4,双,小
2026-08-11 15:12:34,85253776,000000000514de9022f6deaf1a649956ca9e56439fe8604a6f1d4c38f98e04d5,8e04d5,5,单,大
2026-08-11 15:12:45,85253780,000000000514de94c493aec3444c3902edfc7501c001356d83ba5a946f067006,067006,6,双,大
2026-08-11 15:12:55,85253784,000000000514de984e38a19524fca18a66e6787ace91a0a5826de70e0d7cc81b,7cc81b,1,单,小
2026-08-11 15:13:05,85253788,000000000514de9c4df0c88ea8b29481600c19388ea95aa25f5db5469f0456b9,0456b9,9,单,大
2026-08-11 15:13:16,85253790,000000000514de9e595385ebc63a8f998a9172fcf052cc0871ae6e0c067e84c7,7e84c7,7,单,大
2026-08-11 15:13:27,85253794,000000000514dea2d62f11f4c2daa617cec5a6deb2ba41b5c9ac92edbafe67a3,fe67a3,3,单,小
2026-08-11 15:13:37,85253798,000000000514dea624559d89e513443aeff85b8d7897a61ef0a148ae170c4811,0c4811,1,单,小
2026-08-11 15:13:47,85253800,000000000514dea892121afef2bf61fcb03d463df26b18070b886d93a205837c,05837c,7,单,大
2026-08-11 15:13:57,85253804,000000000514deacbbdfeed46ebb5a779f2e2492876fcb7fb53d4a82199caca9,9caca9,9,单,大
2026-08-11 15:14:07,85253808,000000000514deb0fccdae0868a36981a8ae7addbaf77f5a60dbc8077bc99cf8,c99cf8,8,双,大
2026-08-11 15:14:18,85253812,000000000514deb4ac1abfc810dfbf47f9dd4b7fba29dbd50ab863bf94f10a9a,f10a9a,9,单,大
2026-08-11 15:14:28,85253814,000000000514deb65e6991ea10917005aa8248f92f70a1296064f01282e65f32,e65f32,2,双,小
2026-08-11 15:14:39,85253818,000000000514deba99fb727ff57b9be5cd792f8ac0183d9430871d1867494990,494990,0,双,小
2026-08-11 15:14:49,85253822,000000000514debeb01e3321e47b9a174cec15b75f07de1864effcdf81c2da81,c2da81,1,单,小
2026-08-11 15:14:59,85253824,000000000514dec04626d42acc2317f2ac9a8d374e1e6a510cfd11c83bb87896,b87896,6,双,大
2026-08-11 15:15:09,85253828,000000000514dec4cd0e998054dac8febcb1928b8cf17b4ded4016da85922749,922749,9,单,大
2026-08-11 15:15:19,85253832,000000000514dec8a66d8835adb03a058996cf0d9327b98eb2f5de66e16e82f8,6e82f8,8,双,大
2026-08-11 15:15:30,85253836,000000000514decc126592bf2e59f871c86051be3c03067fe6ced35ece4c8c68,4c8c68,8,双,大
2026-08-11 15:15:40,85253838,000000000514dece5e140edd65f23e9d66ef1d1842ef2966b1ccdd400d91abca,91abca,1,单,小
2026-08-11 15:15:50,85253842,000000000514ded29ad1c0974cdb9b2780af977f71c6ddde8788036baf35addc,35addc,5,单,大
2026-08-11 15:16:00,85253846,000000000514ded6ab7e9c52a2d8c196fa5ace76a9b3fc9b37b439521e1e0d8f,1e0d8f,8,双,大
2026-08-11 15:16:11,85253848,000000000514ded8e32a96a5ce70f81f7f893ff7062c7524be3f27b2da0e4c79,0e4c79,9,单,大
2026-08-11 15:16:22,85253852,000000000514dedc53327a69647176fa79ce675629f644e984322b7b278591d6,8591d6,6,双,大
2026-08-11 15:16:33,85253856,000000000514dee0ee1c43d4ba08771cc27c51bb83c43070185a0db65f60a16f,60a16f,6,双,大
2026-08-11 15:16:43,85253860,000000000514dee44355fc0ddb99406036941ce5ed052627bf9dc15021e9a9e3,e9a9e3,3,单,小
2026-08-11 15:16:54,85253864,000000000514dee8ba6fc183cb5e84bcb01e078f99d3da66ab604b4de9b54810,b54810,0,双,小
2026-08-11 15:17:04,85253866,000000000514deea414e6944de67c4d58ca9dd1e5f2c79fce6afd48c87b6b943,b6b943,3,单,小
2026-08-11 15:17:15,85253870,000000000514deeee032d958060b7a55046abd336b8f466bb9f2f662704cb7bb,4cb7bb,7,单,大
2026-08-11 15:17:25,85253874,000000000514def2b1f9c2c96c8cc6f561b398d364309589b6e7566476a38e53,a38e53,3,单,小
2026-08-11 15:17:36,85253878,000000000514def621ae8c12e871ff8fc29fdd99e5e645c970c7300c60f0a13b,f0a13b,3,单,小
2026-08-11 15:17:46,85253880,000000000514def849019a90ecd799eab5e1008bf77613573ce437ed72b2bc3d,b2bc3d,3,单,小
2026-08-11 15:17:57,85253884,000000000514defcc39f8ad7169286b8fd5f0a0a0e723bb913df96890a682eea,682eea,2,双,小
2026-08-11 15:18:07,85253888,000000000514df0039f31ace88ff11ea038756c4d59dec516578c2022e89b575,89b575,5,单,大
2026-08-11 15:18:18,85253890,000000000514df027eb95eb3877716651406cd0125db70f0c70a6873c4012d94,012d94,4,双,小
2026-08-11 15:18:28,85253894,000000000514df0670ba87c81c4ae2f13d013c818a966b1f439356145295d0b1,95d0b1,1,单,小
2026-08-11 15:18:39,85253898,000000000514df0a19e84f774526f06ab9fb7a6e624dcafb0662e30154a1b256,a1b256,6,双,大
2026-08-11 15:18:49,85253902,000000000514df0e0ce834a98e792ffb716b7822ec169e91e36a557a098e066f,8e066f,6,双,大
2026-08-11 15:18:59,85253904,000000000514df10eeaa6eba8ab8661fdbf14bccc31bdaf18499a0967bdcbc32,dcbc32,2,双,小
2026-08-11 15:19:09,85253908,000000000514df1493502b0520e32c5e9c8d7ddd3cd094268c71b5236abeabb9,beabb9,9,单,大
2026-08-11 15:19:19,85253912,000000000514df18d7f24b2c52caf589a4f65ee9fb76100d38b65d4a1f13d1a3,13d1a3,3,单,小
2026-08-11 15:19:30,85253916,000000000514df1cbb305b6e11bed1b680ac02be61780ff07836b657eabfca90,bfca90,0,双,小
2026-08-11 15:19:40,85253918,000000000514df1efc71c3cf03988eaa104cb24af2ee0e88e1f3a5543ab1714f,b1714f,4,双,小
2026-08-11 15:19:50,85253922,000000000514df226c8383132e63c9398a3de02208aa528ae00304eab21b41f1,1b41f1,1,单,小
2026-08-11 15:20:00,85253926,000000000514df264446602dae784667d38413e92eca6161840710ce6a74929c,74929c,9,单,大
2026-08-11 15:20:10,85253928,000000000514df288861f234443a28176630ca6315ed0e7acf9304662a86d67f,86d67f,7,单,大
2026-08-11 15:20:21,85253932,000000000514df2c8c0e950734b1ee27ba32d3323ee8327206a1c065cd4a224e,4a224e,4,双,小
2026-08-11 15:20:32,85253936,000000000514df3059ccbef39d011af98020e41c553ec865b09f24596573b426,73b426,6,双,大
2026-08-11 15:20:42,85253940,000000000514df34518705a146cad5bec3675093aec447d30d4a37450b2d5c2e,2d5c2e,2,双,小
2026-08-11 15:20:52,85253942,000000000514df36027a0fceac5094572024323d9a8676dcc7cd2f45eafbaae6,fbaae6,6,双,大
2026-08-11 15:21:03,85253946,000000000514df3aca40a81261ab098719b75620f40e07dd2ca939de98ea1163,ea1163,3,单,小
2026-08-11 15:21:14,85253950,000000000514df3ef2878a92f10e129ced5c1764b8cd4b764d76050a91c41598,c41598,8,双,大
2026-08-11 15:21:24,85253954,000000000514df4202b9600e526c1b7ee38636e60a13b9d4970426d960191529,191529,9,单,大
2026-08-11 15:21:35,85253956,000000000514df44ff00e6f5cc11fdf01f96509251fac3a4814a8389a77c1a07,7c1a07,7,单,大
2026-08-11 15:21:45,85253960,000000000514df48be82e1dbcb8634283e03bd856c5691d36b0534939680e610,80e610,0,双,小
2026-08-11 15:21:55,85253964,000000000514df4cf0584ece01a2855b2f20d41595dc01c720785a031368ec76,68ec76,6,双,大
2026-08-11 15:22:06,85253968,000000000514df50ceb1e821ece6afeef53dedbc707016aa5d3a47094412eaed,12eaed,2,双,小
2026-08-11 15:22:16,85253970,000000000514df528dd981b50a52a2460504c24a4ccf814e1a705b8cc7e74e58,e74e58,8,双,大
2026-08-11 15:22:27,85253974,000000000514df56c45dce135623f5afd50599027e81b4ec2685af9b7eedc383,edc383,3,单,小
2026-08-11 15:22:37,85253978,000000000514df5a2b63fda61d3a61573a982d2555b4b16f042e6e95661d2aaf,1d2aaf,2,双,小
2026-08-11 15:22:47,85253980,000000000514df5c106f80b0471e1238a7b07e04bcc8f478a104b59c487b17a5,7b17a5,5,单,大
2026-08-11 15:22:57,85253984,000000000514df6019854a0137297bdad09f7d207e3ac263a441dca6c5a17907,a17907,7,单,大
2026-08-11 15:23:08,85253988,000000000514df649a1545f79174d65211d2d3a4910765d1cf4c26d9015a4867,5a4867,7,单,大
2026-08-11 15:23:19,85253992,000000000514df684e4963d83cff6bee3d56293b425aee2d4487413c503b9fca,3b9fca,9,单,大
2026-08-11 15:23:29,85253994,000000000514df6a7d7de4e57da1cfe93ce896b3d7e0b5395f5e39b66699c73e,99c73e,3,单,小
2026-08-11 15:23:40,85253998,000000000514df6e4efa8b0b4d5a98397d2ce658ece94fd09d3df2b5a86ee057,6ee057,7,单,大
2026-08-11 15:23:50,85254002,000000000514df723c79996699b2049a2d6de647945ae26859b8b75b0afc0ef3,fc0ef3,3,单,小
2026-08-11 15:24:00,85254006,000000000514df76ae2828018adb1c0866eba2f7d4131129676ee46a53093a11,093a11,1,单,小
2026-08-11 15:24:11,85254008,000000000514df7842ebce560a9aa7c2c71963c10dca61c52d2601e9b4e6464b,e6464b,4,双,小
2026-08-11 15:24:21,85254012,000000000514df7c5e17cb2512a2fe387ec40b6fb6939a2977b5a07746caf9de,caf9de,9,单,大
2026-08-11 15:24:32,85254016,000000000514df80544d37932c51a5c209fac036ea516ed103191e78915ca960,5ca960,0,双,小
2026-08-11 15:24:42,85254020,000000000514df84d5793af58730f68747b2aa614a8cb0c1a6a8f73cf759d757,59d757,7,单,大
2026-08-11 15:24:53,85254024,000000000514df885d22dccf65fb458010a28bf64465fe309ac4be8a99a05493,a05493,3,单,小
2026-08-11 15:25:03,85254026,000000000514df8a4e0a8c79012f5d4fc209f575ba1997d95ddc1f6bc29dda3f,9dda3f,3,单,小
2026-08-11 15:25:14,85254030,000000000514df8ea37f4872866842ffd9950d7e891d1edab2ff9dd407dee775,dee775,5,单,大
2026-08-11 15:25:24,85254034,000000000514df9206d4280b5b4ae45d1d24b4a2f34a667da337105740b0cf4e,b0cf4e,4,双,小
2026-08-11 15:25:35,85254038,000000000514df96d111965f0ebb53636904adc92598f088a2e94ed44eaabeda,aabeda,4,双,小
2026-08-11 15:25:45,85254040,000000000514df98fea3caac58dc1ac493d3e271e13d87ad859e4b1b46fad3e3,fad3e3,3,单,小
2026-08-11 15:25:56,85254044,000000000514df9c07fccaa2d75bbd229c84acf02e080d0510406ac436951a78,951a78,8,双,大
2026-08-11 15:26:07,85254048,000000000514dfa000a585ec16368ed78602f3a5bfc3e3f8fadd0fc9da869cce,869cce,9,单,大
2026-08-11 15:26:17,85254052,000000000514dfa4e2464f0a4ef9d5d47064073b4122e858c4e513031201654c,01654c,4,双,小
2026-08-11 15:26:29,85254054,000000000514dfa6512def5ce3c9835e140df7db106d5f81ec72db1fc417bc82,17bc82,2,双,小
2026-08-11 15:26:39,85254058,000000000514dfaae3c4e686ce003a1b5ccd2c82346acf644d76788354962ee1,962ee1,1,单,小
2026-08-11 15:26:50,85254062,000000000514dfae4e7931f83e183f91d4df51c717b7814c18e6f4fa6bd4c1a3,d4c1a3,3,单,小
2026-08-11 15:27:01,85254066,000000000514dfb2371fa5f01756ced1a0dd8028ff21065846d0ef85ddb37921,b37921,1,单,小
2026-08-11 15:27:11,85254070,000000000514dfb638368b41b093f960a9565d63d4f5c081eb12faea0d4e8141,4e8141,1,单,小
2026-08-11 15:27:21,85254072,000000000514dfb8627ad6cdcb90f59215c764698bc50d3d919bb563b277bb9c,77bb9c,9,单,大
2026-08-11 15:27:31,85254076,000000000514dfbc3304525cafd0509a2a98e4f9285c52c961bd98fb40a456f2,a456f2,2,双,小
2026-08-11 15:27:42,85254080,000000000514dfc089431853a3dcc7a8c04647d567f2f4f0d04f9c7b6e9e825c,9e825c,5,单,大
2026-08-11 15:27:52,85254084,000000000514dfc4d1dc62f3094ce83253cfa927c573cf9764d8494352c4d3c3,c4d3c3,3,单,小
2026-08-11 15:28:03,85254086,000000000514dfc600f30edbcb925fdb7b048293b17bcdd0b0f35edaa2e93779,e93779,9,单,大
2026-08-11 15:28:13,85254090,000000000514dfca21c22a20b87bdd50a0898555ebe0637c0ae499be9e1ac93f,1ac93f,3,单,小
2026-08-11 15:28:23,85254094,000000000514dfced16ad4122a808a4076b7278b58a055c413024074d75dec29,5dec29,9,单,大
2026-08-11 15:28:34,85254098,000000000514dfd2cdf70378a57f7e67d13348bd8858d6b466604975aaf654b9,f654b9,9,单,大
2026-08-11 15:28:44,85254100,000000000514dfd40685590793885f36c956fd302608673ce97d919ff3a24690,a24690,0,双,小
2026-08-11 15:28:54,85254104,000000000514dfd8a8ae26a77335f99a4483e15ba37e5a47dee78f46bf91575a,91575a,5,单,大
2026-08-11 15:29:05,85254106,000000000514dfda5f03c24b9efce19b417d1b715cd52fa22886ff06a4d7f670,d7f670,0,双,小
2026-08-11 15:29:15,85254110,000000000514dfdecc81401b7090f144c65a4752e7af9d22159e53d2435badfb,5badfb,5,单,大
2026-08-11 15:29:25,85254114,000000000514dfe22d408a9aa27f040944443395d4061e282277c67a6a420644,420644,4,双,小
2026-08-11 15:29:36,85254118,000000000514dfe662e75db9b63a28312012009fcf5108da6d8a8ceb271c4517,1c4517,7,单,大
2026-08-11 15:29:46,85254120,000000000514dfe86d88e57e89034189b755bcbe6a393b33a036f9de61aa9822,aa9822,2,双,小
2026-08-11 15:29:56,85254124,000000000514dfec638bdac1d081097d13f234b412d8fc13a0dcd67338a3e442,a3e442,2,双,小
2026-08-11 15:30:06,85254128,000000000514dff0519b1afa1962a43d0eed2095122e4a9d98495b6426ffb446,ffb446,6,双,大
2026-08-11 15:30:17,85254130,000000000514dff2b1fbb4580766cb087d87d923f7b500488f3ef3ce2090dbce,90dbce,0,双,小
2026-08-11 15:30:28,85254134,000000000514dff6db11b1ddce7459c3e1908f3d7bf2d5a4f8fc73657dabf9c7,abf9c7,7,单,大
2026-08-11 15:30:38,85254138,000000000514dffa7839db6c7299f4edf8dd7c848e2891f99807464c147c7a06,7c7a06,6,双,大
2026-08-11 15:30:48,85254142,000000000514dffec66f7b98c5d563957da1624a82e3915d4bfd854149851a9a,851a9a,9,单,大
2026-08-11 15:30:58,85254144,000000000514e000af1c19ebfb91f9a41ac8c3f6d92a7a35ab08da52fc40a967,40a967,7,单,大
2026-08-11 15:31:08,85254148,000000000514e004ed2a0aaca41768058a677cf6b2b0833c663b214b4eb2dd95,b2dd95,5,单,大
2026-08-11 15:31:19,85254152,000000000514e008722e557f1a92b687979bc4e3cf8cea65de3f5e89316acbfe,6acbfe,6,双,大
2026-08-11 15:31:30,85254156,000000000514e00cd43f81bae7dc28fa60cc22c0771ffc7681de94e59f7b0732,7b0732,2,双,小
2026-08-11 15:31:40,85254158,000000000514e00ee85de016ece295c6e4628d44d6290f41ff45336b978aca50,8aca50,0,双,小
2026-08-11 15:31:50,85254162,000000000514e0129053f8734086a8f1216f039fc721694fcaea22ac025c6721,5c6721,1,单,小
2026-08-11 15:32:01,85254166,000000000514e016e5ff8082b4598a51546205583ed7e99943ed68c9719a5329,9a5329,9,单,大
2026-08-11 15:32:11,85254170,000000000514e01a6ba2dff9a45b4db990b23666c7767016c0048e69f7d2a299,d2a299,9,单,大
2026-08-11 15:32:22,85254172,000000000514e01c5ea66f7734a9e002361480989e3b3de45168e48ab0204ae6,204ae6,6,双,大
2026-08-11 15:32:32,85254176,000000000514e0209e98e046cf4a4ca18c7a221c4974a514e5cda93bc979da44,79da44,4,双,小
2026-08-11 15:32:43,85254180,000000000514e0247823eaeb4bac295b5e344bfd17a371dfb43d5c6636e21ec2,e21ec2,2,双,小
2026-08-11 15:32:54,85254184,000000000514e0288bf78d7f4db85e45ffb7ad2ec9615d960c734960391e58c9,1e58c9,9,单,大
2026-08-11 15:33:05,85254186,000000000514e02a62566f9a6565e280b3ca5131f618fc4814d0dcf833bd6f7b,bd6f7b,7,单,大
2026-08-11 15:33:16,85254190,000000000514e02ed1004cda189e1a392bd5f0f8ace826a3670df86964ad7c43,ad7c43,3,单,小
2026-08-11 15:33:26,85254194,000000000514e03232fbbb3169a11f63c2fc494118929141ce6cb1049347dd0e,47dd0e,0,双,小
2026-08-11 15:33:37,85254198,000000000514e036e3f82911136ed2c8e5aac0dd32b7ec0a5f07f37917d10061,d10061,1,单,小
2026-08-11 15:33:49,85254202,000000000514e03a2bfde5af03cbd40a0ae212f5d558dbd13342aebf1336f21c,36f21c,1,单,小
2026-08-11 15:34:00,85254206,000000000514e03ee5254ffd528db2294e9a4232270315c71b1ac3b6538df64d,8df64d,4,双,小
2026-08-11 15:34:11,85254210,000000000514e04229d33af7c3550d9dc8dc284c2d3a89a5541ee774f43b6542,3b6542,2,双,小
2026-08-11 15:34:22,85254212,000000000514e0449c96c344f06713595d0820f9759167d0d732b14a65d69131,d69131,1,单,小
2026-08-11 15:34:32,85254216,000000000514e048c3de2bda9453da8742c89a21242058044e27cb92dd393bf2,393bf2,2,双,小
2026-08-11 15:34:43,85254220,000000000514e04c34a91a1171844e0644a0c9c997098aa0ec0533c94709fe93,09fe93,3,单,小
2026-08-11 15:34:54,85254224,000000000514e050d5ceee86cfe78403ef778019d94465c8b91ac727324f0fc5,4f0fc5,5,单,大
2026-08-11 15:35:04,85254226,000000000514e052c9fa57f1f8015dfd596888b66e94c944c61851c54866a713,66a713,3,单,小
2026-08-11 15:35:14,85254230,000000000514e056234b7ea26966db11aababcbb41455515a56d34beea1e2602,1e2602,2,双,小
2026-08-11 15:35:25,85254234,000000000514e05a7819636ffa1a3aefa15b0c07db297c038149dff9b618a2fd,18a2fd,2,双,小
2026-08-11 15:35:35,85254236,000000000514e05cba62d864e8215e69a163d8bd5e67526bbc937ce2e813f18c,13f18c,8,双,大
2026-08-11 15:35:46,85254242,000000000514e06284043233ce6c7ff4a758007a597fefb9444acd4270e73733,e73733,3,单,小
2026-08-11 15:35:57,85254244,000000000514e064b1d3972c42fb90ec33fbec72f26dcfda4a3e458e48ea02fd,ea02fd,2,双,小
2026-08-11 15:36:07,85254248,000000000514e068d4bad5c3437826819c9336d728c8e5cb2765f7cd081c1936,1c1936,6,双,大
2026-08-11 15:36:18,85254252,000000000514e06c111d4dcb95ec3d664306359dfa94dcdc4322f05a15364cfc,364cfc,4,双,小
2026-08-11 15:36:29,85254254,000000000514e06ec4d23fe9566fc30b9d5d8f8e59e6aa1d6a194134a33bcbdf,3bcbdf,3,单,小
2026-08-11 15:36:40,85254258,000000000514e0726ffdb8a04e7c27e8118d27c1ed97c1c09c28d33ef80c571c,0c571c,1,单,小
2026-08-11 15:36:51,85254262,000000000514e076ec80d1fe3b72fa237c30ca3642c0bb0448f4b20c57b0ab84,b0ab84,4,双,小
2026-08-11 15:37:02,85254266,000000000514e07a0280daa894b17856411fad66a226371cd0302c67a33f275a,3f275a,5,单,大
2026-08-11 15:37:13,85254270,000000000514e07e40f044b18a24ec3a809cfcf59e6dbfbcda1d92b437f9b020,f9b020,0,双,小
2026-08-11 15:37:24,85254274,000000000514e082498603a8a056ebf118a56cd675db4f768c22d491dd948f36,948f36,6,双,大
2026-08-11 15:37:35,85254276,000000000514e08499970d26fec44e405eaf563c61bed0daaab4a710b174155d,74155d,5,单,大
2026-08-11 15:37:46,85254282,000000000514e08a2e74762f6e75eb33bd55c654efe789e113a8a9288b6ecdc2,6ecdc2,2,双,小
2026-08-11 15:37:57,85254286,000000000514e08e7ed28b5c9033faec8e483a697526da45c6c9d205cc2c6cf3,2c6cf3,3,单,小
2026-08-11 15:38:08,85254288,000000000514e0906bb434904c818a8cc2afb0ec6f2b656835ed18ee8f337f7f,337f7f,7,单,大
2026-08-11 15:38:18,85254292,000000000514e094800ac220b58034fd7f1a50102fbfc687226dc35d3226ca08,26ca08,8,双,大
2026-08-11 15:38:29,85254294,000000000514e096879bcf897070034c494ea2e72b70ea614bddeb5a9b60f93d,60f93d,3,单,小
2026-08-11 15:38:40,85254298,000000000514e09a8001e657a9fa57c61c7421073688e9ef8dd7b3592fc9a4ec,c9a4ec,4,双,小
2026-08-11 15:38:51,85254302,000000000514e09e8f6c00fd4d1cd40670ae88448b5d6fb4857b1e73ed6496eb,6496eb,6,双,大
2026-08-11 15:39:02,85254306,000000000514e0a20c28cff42d196b143f4c42318e13151c0fd9379c9c1d714e,1d714e,4,双,小
2026-08-11 15:39:13,85254310,000000000514e0a60370fb3592a24e7f5abf9bd6f4756e714c50a19d5ed5794e,d5794e,4,双,小
2026-08-11 15:39:24,85254314,000000000514e0aa5dce794be2d099c4a2e59a89a5a33441acabb273b7333694,333694,4,双,小
2026-08-11 15:39:35,85254316,000000000514e0ac6649b92df613f7a4d1a8d702733dbc4b03ad49fac41c89a3,1c89a3,3,单,小
2026-08-11 15:39:45,85254320,000000000514e0b0736c12c3a82c72d81535fcb523e167d6427d2456f7e70059,e70059,9,单,大
2026-08-11 15:39:56,85254324,000000000514e0b459ff995358c2d7a83cf73293cdf91502a9fa97b6d0030a11,030a11,1,单,小
2026-08-11 15:40:07,85254328,000000000514e0b8ea67bb29a40ee0b0b01e02cde3758a52fb6120a2f000fd8f,00fd8f,8,双,大
2026-08-11 15:40:23,85254332,000000000514e0bc77cb5c5d6676c691fcdac9cb957891dcfdc589a709a8db8c,a8db8c,8,双,大
2026-08-11 15:40:34,85254338,000000000514e0c28f1dd05ea4d146d7a5e192c5ba972ccd436ab52fd9bbbeac,bbbeac,9,单,大
2026-08-11 15:40:44,85254340,000000000514e0c4bc203dbafbe504f13ddb3085599c87393e5c5077cd2b454a,2b454a,4,双,小
2026-08-11 15:40:55,85254344,000000000514e0c854002c13e74027181ceab9e67c2b36756c3299518461ea1f,61ea1f,1,单,小
2026-08-11 15:41:06,85254348,000000000514e0cc1ca582e94d329ba0ef358112ca4ef49ecacf485e05c2a6f8,c2a6f8,8,双,大
2026-08-11 15:41:16,85254350,000000000514e0ce3594b26d43b17f97eebc556067db5ada7faf9a78ace7f037,e7f037,7,单,大
2026-08-11 15:41:27,85254354,000000000514e0d25eaf6a45c2ffb72e25fd81a8f28b9b7337eb2c6f2b4cd446,4cd446,6,双,大
2026-08-11 15:41:37,85254358,000000000514e0d6aa6d0fe81cd33c1edcebc671d5b4f26e6ca272298fa9eb83,a9eb83,3,单,小
2026-08-11 15:41:53,85254364,000000000514e0dcacae0890b8b0b170988a7754472cba56032cb446107136c5,7136c5,5,单,大
2026-08-11 15:42:03,85254366,000000000514e0def77b1d639bf4f62ec0a574a8843190307341bca02a2e7327,2e7327,7,单,大
2026-08-11 15:42:14,85254370,000000000514e0e2cc309676b9dc60946f7514b47b4069711100e987e7dd60f4,dd60f4,4,双,小
2026-08-11 15:42:25,85254374,000000000514e0e6d90f42db1dfc2f06326e472bc1b845fa92dc4532b5f66fcb,f66fcb,6,双,大
2026-08-11 15:42:35,85254378,000000000514e0eaa631f6d5593654c1f3834ee82b27c0449376f4eaaf442406,442406,6,双,大
2026-08-11 15:42:53,85254382,000000000514e0ee913770016e1400d2422b4f9ec95054ac3d2b96f3b06876c2,6876c2,2,双,小
2026-08-11 15:43:03,85254386,000000000514e0f2e8b5b04ccd38b58f7d5dd7364904bacf2cf4132621e54934,e54934,4,双,小
2026-08-11 15:43:14,85254390,000000000514e0f69c42858ee9ff06287c2f9bf7ed4400a77cfc901f2fae5659,ae5659,9,单,大
2026-08-11 15:43:25,85254394,000000000514e0faee226dd1398a303153510a0c23fb3e186ac46af7e00f228f,0f228f,8,双,大
2026-08-11 15:43:35,85254398,000000000514e0feb94d9af99fc4e619d748eb4fc9935cc5cec1dbcaba9fa38d,9fa38d,8,双,大
2026-08-11 15:43:52,85254402,000000000514e102629d98d8400a22d054aa1552dc08ee0019e805bf085cd5c2,5cd5c2,2,双,小
2026-08-11 15:44:02,85254406,000000000514e106d2a8ba7d28de56face5998f0b9edb162366ba22b211f8731,1f8731,1,单,小
2026-08-11 15:44:13,85254410,000000000514e10a04265f6449a373ed966770c56e301be10be453ec25706266,706266,6,双,大
2026-08-11 15:44:23,85254412,000000000514e10c57fe1e78f66e51eaad24916607168c1a23ffbc83a06aaf70,6aaf70,0,双,小
2026-08-11 15:44:33,85254416,000000000514e1105249382ce8e72ff53585ebd8ce3972bc29e99d324dce7c83,ce7c83,3,单,小
2026-08-11 15:44:43,85254420,000000000514e114e33d720e9977cd750da8a4b44bbb91ee4aa71a3466672500,672500,0,双,小
2026-08-11 15:44:54,85254424,000000000514e118829729122e64bdd9b9673c143548e25be5516af4a0dd8d68,dd8d68,8,双,大
2026-08-11 15:45:04,85254426,000000000514e11ad24ddac9b3012e9dbee81da43640a1202a7fc91599ab12df,ab12df,2,双,小
2026-08-11 15:45:14,85254430,000000000514e11ec2685c45ccaf33237b10f9e062dbb5853f63de722c4d075c,4d075c,5,单,大
2026-08-11 15:45:25,85254434,000000000514e1223e4f4045453b940cf093965629009aec50e5b613ed676aef,676aef,6,双,大
2026-08-11 15:45:35,85254436,000000000514e1249543a40db823407978ca0fab42d0e2ae650f00baf33b6286,3b6286,6,双,大
2026-08-11 15:45:45,85254440,000000000514e128df63f603331aebc183789d595586a7d025f3e9d7bccc1a89,cc1a89,9,单,大
2026-08-11 15:45:55,85254444,000000000514e12cf42dee1e7e6697f80cd8c7706af3612b110547d10d913b6d,913b6d,6,双,大
2026-08-11 15:46:06,85254448,000000000514e130f16068d9433d0509240b539b14ea194ed4e22c1ff92f6a4e,2f6a4e,4,双,小
2026-08-11 15:46:17,85254450,000000000514e13239d467b21aa3f2618d7744da0e22bc0b13588cd59bdc2d05,dc2d05,5,单,大
2026-08-11 15:46:28,85254454,000000000514e1365f054c9d94fe2d562c5eb12d811488301960fcd4ed9db23e,9db23e,3,单,小
2026-08-11 15:46:39,85254458,000000000514e13a057cd12eea0acc9e01c44391a4db0c298ad066d3e1b3e31e,b3e31e,1,单,小
2026-08-11 15:46:49,85254462,000000000514e13e632aa827065b5e16ad63904e2e80cb4207695a4f2ed683d7,d683d7,7,单,大
2026-08-11 15:46:59,85254464,000000000514e140d5363ce89fc0c9a5edfb527e12a3f6ce155abb8cc05984a9,5984a9,9,单,大
2026-08-11 15:47:09,85254468,000000000514e14455394faeaa260b29b23a7539f708b4df1648d0206be5e58e,e5e58e,8,双,大
2026-08-11 15:47:19,85254472,000000000514e148970ecef4937a11b2c61e9a433966b5c56a1cf5c330685e4a,685e4a,4,双,小
2026-08-11 15:47:29,85254476,000000000514e14cce125e3de4dd96bfedecae5bcd5a1c49d72794ef3bccd927,ccd927,7,单,大
2026-08-11 15:47:40,85254478,000000000514e14e561976945db88fd1703720350e90ef221c9d1e302bbe18e7,be18e7,7,单,大
2026-08-11 15:47:50,85254482,000000000514e152268d8cb1440872e298ae7162fbbb9ba91da2b7b7d2998937,998937,7,单,大
2026-08-11 15:48:00,85254486,000000000514e156d0037aac668fa1b475ecb5b7681b886088f6e56d513e1f36,3e1f36,6,双,大
2026-08-11 15:48:11,85254490,000000000514e15a2f2a566bcd47165a130271e59583665fdfcfe11d3d63dac6,63dac6,6,双,大
2026-08-11 15:48:21,85254492,000000000514e15cd4ad3d2f8d94e5afa0454e2dc0cf757f3beb7312614c22a2,4c22a2,2,双,小
2026-08-11 15:48:32,85254496,000000000514e160a9d5c8164089755aa4970a8fdd7853bde2868599677157eb,7157eb,7,单,大
2026-08-11 15:48:42,85254500,000000000514e16489ada3e2250b5470b46e6997a7da006b4ea144b275c40ba5,c40ba5,5,单,大
2026-08-11 15:48:52,85254502,000000000514e166cb292f118169cab9082cacf8dd538119b9544652b7c3c9df,c3c9df,9,单,大
2026-08-11 15:49:03,85254506,000000000514e16a307748efc2412687b262f4c7f839714e948082269b7b73ca,7b73ca,3,单,小
2026-08-11 15:49:14,85254510,000000000514e16ec6c6724598e37c23b2898e04e45e7ac26e9f87cfcbcf89b8,cf89b8,8,双,大
2026-08-11 15:49:24,85254514,000000000514e172112a749ccc914e2fdb0d9a0fc24dd1d9375859efce370ea0,370ea0,0,双,小
2026-08-11 15:49:35,85254518,000000000514e176de8df86c94a3473fe75c134cd3242867e42df6be94a13cce,a13cce,3,单,小
2026-08-11 15:49:45,85254520,000000000514e178d8c705c0434e71ee5568c8b11be808d3adce12878b625ce9,625ce9,9,单,大
2026-08-11 15:49:56,85254524,000000000514e17c9008f1db36d2c0fb80a701fab08354ddb3262669402f7fe9,2f7fe9,9,单,大
2026-08-11 15:50:06,85254528,000000000514e1808369d42aeb470131c8bd0b7a508128517c8e31e87302cd56,02cd56,6,双,大
2026-08-11 15:50:17,85254530,000000000514e182d73ab64163e5d3ff7d5ff5dd200a9fc52e7b9426dfd90f01,d90f01,1,单,小
2026-08-11 15:50:27,85254534,000000000514e186ca867d615ace852bc1abfb35ef97794e923759b71546ab96,46ab96,6,双,大
2026-08-11 15:50:38,85254538,000000000514e18ad4e75eda81ee3a9d493403b8de595e3f08a75361f0cd6d25,cd6d25,5,单,大
2026-08-11 15:50:48,85254542,000000000514e18e5eb18208694f8e264c9246a1732f6b845c1a177441939f6f,939f6f,6,双,大
2026-08-11 15:50:59,85254544,000000000514e19015aaf76823e5b15fe08a8db7f9adea0b3143a39f66490de6,490de6,6,双,大
2026-08-11 15:51:09,85254548,000000000514e1943e9a09fd921072b524eee7bb2a8e0dcc81ceedf6004f365d,4f365d,5,单,大
2026-08-11 15:51:20,85254552,000000000514e1982afb79f5a473feeddf2775d497d835cf67cf6f4b9a931016,931016,6,双,大
2026-08-11 15:51:30,85254556,000000000514e19ca3035a2deb35be69ac8678a20a164573c443c98c4a680dca,680dca,0,双,小
2026-08-11 15:51:41,85254558,000000000514e19e5e6e0923eafff97158d4b8e54b30bd0407c6c32865a02371,a02371,1,单,小
2026-08-11 15:51:51,85254562,000000000514e1a24b9bf95e34c8c0b75b245abb4f8d6f8e12c1cd03ad277f9c,277f9c,9,单,大
2026-08-11 15:52:02,85254566,000000000514e1a69f0f38b28e44732da26e11db0103a2a4ee458617efa4f199,a4f199,9,单,大
2026-08-11 15:52:12,85254570,000000000514e1aae433f0a3114db235941e0401b67281e537af3ed4bf60abdc,60abdc,0,双,小
2026-08-11 15:52:23,85254572,000000000514e1acd995ceec090004da79bb61701b5959900a8624f85a8515b8,8515b8,8,双,大
2026-08-11 15:52:34,85254578,000000000514e1b2c642ca2ecd3e72ab2d188a9297e4d535bd6e77b31af4e0e3,f4e0e3,3,单,小
2026-08-11 15:52:44,85254580,000000000514e1b4b3552c2aaf0c405484d752746ba95136d787494d1f443da5,443da5,5,单,大
2026-08-11 15:52:54,85254584,000000000514e1b8cee627788889050d689ec010cf6303cc2788357c136b1414,6b1414,4,双,小
2026-08-11 15:53:05,85254588,000000000514e1bc12bbb597c618b01fa0964203d2efbbc592a30d9d3aa10afd,a10afd,0,双,小
2026-08-11 15:53:16,85254590,000000000514e1bed043adcca16aea8b65caf91cbd1eb01a0cba65b7f23c3b6a,3c3b6a,6,双,大
2026-08-11 15:53:27,85254594,000000000514e1c2d0be8d59b665d3b7fe7dffc86b6a9559c58b5bac9af0b898,f0b898,8,双,大
2026-08-11 15:53:37,85254598,000000000514e1c68244994df2394234f4f60e3aa623013ca253d16edb7995b4,7995b4,4,双,小
2026-08-11 15:53:47,85254602,000000000514e1ca642cce86cc783a9469eaed16ba537774aad4f4b1462678cc,2678cc,8,双,大
2026-08-11 15:53:57,85254606,000000000514e1cee3fdc939918655aa9046dd3abb7245dcd5e368b526c6211c,c6211c,1,单,小
2026-08-11 15:54:07,85254608,000000000514e1d03f53009bb03378329078a69bc6b33211679b3018de19192d,19192d,2,双,小
2026-08-11 15:54:18,85254612,000000000514e1d4ed3f8880b6579b61f8d05222267003f8ab7b21e4d659fa57,59fa57,7,单,大
2026-08-11 15:54:28,85254614,000000000514e1d6798d8f05cde77c1a164416282b6bd2232f9a5ee24d999537,999537,7,单,大
2026-08-11 15:54:38,85254618,000000000514e1da168a8caea73592b040749b0e4af50577e700158a655daf17,5daf17,7,单,大
2026-08-11 15:54:49,85254622,000000000514e1de611a139baa270b67161655c8178e865aeca78903c64e513f,4e513f,3,单,小
2026-08-11 15:55:00,85254626,000000000514e1e2274d597d18986f7bd12e8ea8a41f823783dc6368abd38ac4,d38ac4,4,双,小
2026-08-11 15:55:10,85254630,000000000514e1e6754ae05903e56de34700a04fcf2013c74cd9974807756511,756511,1,单,小
2026-08-11 15:55:21,85254632,000000000514e1e80f774e6bf114bb914b46db94a6a84ceb760d1b990f69c19d,69c19d,9,单,大
2026-08-11 15:55:31,85254636,000000000514e1eceddd2d1cc132d1faf5e2f929d7071ee3b9bd02cdfd89b3d4,89b3d4,4,双,小
2026-08-11 15:55:41,85254640,000000000514e1f07cb7144b66e097e9074bbd2c45b0ab01eb5d149f36c9a948,c9a948,8,双,大
2026-08-11 15:55:51,85254642,000000000514e1f2b00d63174db8ab0df507342f66ca4f134468fc98de2de1d2,2de1d2,2,双,小
2026-08-11 15:56:01,85254646,000000000514e1f6d3a717333b40cbaac723749c58a8f7aa643ba4d6d0c7f800,c7f800,0,双,小
2026-08-11 15:56:12,85254650,000000000514e1fa607f59fffd995b999ab146af43c80415946a024654eeed30,eeed30,0,双,小
2026-08-11 15:56:23,85254652,000000000514e1fce495fc08b253d6862d5527cf1b773eeafbb07d3b719edb17,9edb17,7,单,大
2026-08-11 15:56:34,85254656,000000000514e20005b23c87238e4eed98e50e1d7c498902e76e3fa04f5e7cad,5e7cad,7,单,大
2026-08-11 15:56:44,85254660,000000000514e2048d34cb64b762818dd88d0ddbfef18d0d4515db7916c60aea,c60aea,0,双,小
2026-08-11 15:56:55,85254664,000000000514e208423d61c18b19ea3cefeb8823553327e02164d09cd614a712,14a712,2,双,小
2026-08-11 15:57:06,85254668,000000000514e20cf910bdf3fccf7ee484a01284d97b09bfacaf66098c0f11be,0f11be,1,单,小
2026-08-11 15:57:17,85254670,000000000514e20eae8b29622fc2474de26daa60cad0bfd7c3547646fac0f7da,c0f7da,7,单,大
2026-08-11 15:57:27,85254674,000000000514e2128d084991930b5d31a15379d034904ff5f5b88d87d40fdacf,0fdacf,0,双,小
2026-08-11 15:57:38,85254678,000000000514e2168dccbc01b89ce916b46e25cd8b4520cacc653ead8ad385ea,d385ea,5,单,大
2026-08-11 15:57:48,85254682,000000000514e21a19f012a50a21e36f037aebe1ab7c3350c59e7377a5966104,966104,4,双,小
2026-08-11 15:57:58,85254684,000000000514e21c0f498ae6bc5dac6c8341803cdb35b3a8ef7048b8be924e11,924e11,1,单,小
2026-08-11 15:58:08,85254688,000000000514e2201f25b7d771fb62b9bca4e08ca0dd8230233f280f0ffd630a,fd630a,0,双,小
2026-08-11 15:58:19,85254692,000000000514e2248caddda71490140d0365215153de2ddd821c92b81232c66f,32c66f,6,双,大
2026-08-11 15:58:30,85254696,000000000514e22869e6fef6ad8746eb428473f396f21a461f1945f9c13bd49e,3bd49e,9,单,大
2026-08-11 15:58:40,85254698,000000000514e22afb167bf7dd076b2b2ee0ddc9624074c3498ad00707a75d93,a75d93,3,单,小
2026-08-11 15:58:51,85254702,000000000514e22ecdfbd8a8ff50a92c5a3debe08c34dad1dd6e7c6f7b136003,136003,3,单,小
2026-08-11 15:59:01,85254706,000000000514e2320d2cf1fe5d5ab72fbb6ea3346eb6a34552fb9542b9729560,729560,0,双,小
2026-08-11 15:59:11,85254710,000000000514e236942bd6b6446fe15ba5340c8c7c4ec721ff318dccf482e9fe,82e9fe,9,单,大
2026-08-11 15:59:22,85254712,000000000514e238cd65af29143785950126007342b4d068de5052c02bb32f8a,b32f8a,8,双,大
2026-08-11 15:59:33,85254716,000000000514e23c1875871902dcef9b23af260485d1b8162d60bc18253e963a,3e963a,3,单,小
2026-08-11 15:59:44,85254720,000000000514e24078cec9a147beabed6d06b399ad413d4a29dcdf58949d2c86,9d2c86,6,双,大
2026-08-11 15:59:55,85254724,000000000514e24440aa7d70902268b701fb0963a51096ed56e3aa29997bc209,7bc209,9,单,大
2026-08-11 16:00:05,85254726,000000000514e2461cf71cd95eb44b67569200c6ea58717025d635cd849ed985,9ed985,5,单,大
2026-08-11 16:00:16,85254730,000000000514e24aa0f80bb5acd7a38e1ae966ea15ac3373e8d7e6d318651bc9,651bc9,9,单,大
2026-08-11 16:00:26,85254734,000000000514e24edffb71a32090d5e1579b335547250883071054a6cee52dfa,e52dfa,2,双,小
2026-08-11 16:00:37,85254738,000000000514e2529bdb7c856b6b9554a5f6cc35c0c8bbfae90e3e449f82908d,82908d,8,双,大
2026-08-11 16:00:48,85254742,000000000514e25661b4c9a6c082f17fe7cbded61730d2b2f22306cc02a52a3c,a52a3c,3,单,小
2026-08-11 16:00:58,85254744,000000000514e258cec2b7bc4551761eac2756f7b70bd2c6fb713a704fb402a6,b402a6,6,双,大
2026-08-11 16:01:08,85254748,000000000514e25c586c29ebb541bab44c65d40eb416bca2b068fbb7ba5721fb,5721fb,1,单,小
2026-08-11 16:01:19,85254752,000000000514e260a6c4cd2206d788a0acc3f08e21a4bf4c5d213b2401ffdc44,ffdc44,4,双,小
2026-08-11 16:01:29,85254754,000000000514e2629614c6fceaea41c2530cb7bf594ca53d69a164ce6593108b,93108b,8,双,大
2026-08-11 16:01:39,85254758,000000000514e2668a18b3628ffb5ea327139fcc76b6c4ef3551f936f7ce7710,ce7710,0,双,小
2026-08-11 16:01:49,85254762,000000000514e26ac21ab8b783221b9da917449d9ebbabfcb63673ff5be51228,e51228,8,双,大
2026-08-11 16:02:00,85254766,000000000514e26e9430af152adc646554ee0f292cb693e99b4dbea80e960466,960466,6,双,大
2026-08-11 16:02:10,85254768,000000000514e2709b5920401a5e3acbc3c1c5a93527225e59c12c91ac9a9e41,9a9e41,1,单,小
2026-08-11 16:02:20,85254772,000000000514e274925501077730306d8bcb8f743434445e99514fb34871aeb7,71aeb7,7,单,大
2026-08-11 16:02:31,85254774,000000000514e276e8ce8647385631bfa4464ada22d7a2bbf248b63723d3dc5d,d3dc5d,5,单,大
2026-08-11 16:02:41,85254778,000000000514e27a47e9a85aca7cdac6eb0e4b1aa904881d27e1f9fc727dcdcf,7dcdcf,7,单,大
2026-08-11 16:02:52,85254782,000000000514e27ef700c9ab23ac46111ce1c751d9f9ce3474cfa8434975da7c,75da7c,7,单,大
2026-08-11 16:03:03,85254786,000000000514e282f5aa07ff4288fced6c41480e0f6a0365985c9d1907fbff81,fbff81,1,单,小
2026-08-11 16:03:14,85254790,000000000514e286abed2d23100403878f9d4e84946f9eaf1cfbd6054155fb00,55fb00,0,双,小
2026-08-11 16:03:25,85254794,000000000514e28a5df1024dfafc211e67049d0a51c9b3c8dd6ede2c54d9b9ca,d9b9ca,9,单,大
2026-08-11 16:03:35,85254798,000000000514e28e419852c65e7df3ba81dd985c9c44fa9309831499612c20a4,2c20a4,4,双,小
2026-08-11 16:03:46,85254800,000000000514e290d745376e9efc1c2073c61373f9f3610bada71b33f4d213d6,d213d6,6,双,大
2026-08-11 16:03:57,85254804,000000000514e29461d9e5c1056c168b07b132c2f935ccd2840025e51fabe7ae,abe7ae,7,单,大
2026-08-11 16:04:08,85254808,000000000514e2984560de17a007d4670dd7bd981a4b5899540791fcd125da9a,25da9a,9,单,大
2026-08-11 16:04:18,85254812,000000000514e29ce3c8015b9a64767284f453a8e243202582e518b84d558820,558820,0,双,小
2026-08-11 16:04:29,85254816,000000000514e2a00f6fb408b116cd83506275c9488f51f8523ff43c2362e0f3,62e0f3,3,单,小
2026-08-11 16:04:40,85254818,000000000514e2a2dbb7262ce4a197cb099e6a0d09ae7beabfa174ab4cfd9c3e,fd9c3e,3,单,小
2026-08-11 16:04:50,85254822,000000000514e2a653c9a1a2153adf903c2d02fee024e4f982ecf0b773188c57,188c57,7,单,大
2026-08-11 16:05:01,85254826,000000000514e2aac6cad192c36a8de73ed6b0f358f4dc03053520fcc36e889d,6e889d,9,单,大
2026-08-11 16:05:12,85254830,000000000514e2ae7c26b41985cdd26b8b24d5ed98f37316e6a667404802da5b,02da5b,5,单,大
2026-08-11 16:05:23,85254832,000000000514e2b0bfc35c24778b49ad183b9144a7f85d36dbbc83b6dd0f892e,0f892e,2,双,小
2026-08-11 16:05:33,85254836,000000000514e2b4cebdee59d6f7279324af29ba909c3a9f0fce8cff91055fc4,055fc4,4,双,小
2026-08-11 16:05:41,85254838,000000000514e2b67ca9daa024cb7b7f30ab828891fbe174bc00b825663688a8,3688a8,8,双,大
2026-08-11 16:05:51,85254842,000000000514e2babc39f23384fbbfa3cb0dece864dd0343e057d8b40fb5b7c9,b5b7c9,9,单,大
2026-08-11 16:06:02,85254846,000000000514e2befa359ea5e27b7368546c5a1f1fb0677bec42a0e054876f93,876f93,3,单,小
2026-08-11 16:06:13,85254850,000000000514e2c23a2f04f854987ab093efab52b8d539cd794a691673b11e11,b11e11,1,单,小
2026-08-11 16:06:24,85254854,000000000514e2c6bdaf165fc923533599929d80a0c5724461f5294e264c94f0,4c94f0,0,双,小
2026-08-11 16:06:35,85254856,000000000514e2c8ea26ff5846685ad01e710b57431e69c0eb99a47a675f6175,5f6175,5,单,大
2026-08-11 16:06:46,85254860,000000000514e2cc460711ab4a8b7ae9ed9b3f6bd860c4e0151f0eb6d0820618,820618,8,双,大
2026-08-11 16:06:56,85254864,000000000514e2d0237f110d69e199ee565904179100a9dc988cecd20cbeb1dd,beb1dd,1,单,小
2026-08-11 16:07:07,85254868,000000000514e2d4627e04c2c5360394c256d2e548f3ed774ee5c3b7caba4598,ba4598,8,双,大
2026-08-11 16:07:18,85254870,000000000514e2d6d9dc7af10f89e97744698386d7306b491d3801b2b0a2a811,a2a811,1,单,小
2026-08-11 16:07:29,85254874,000000000514e2da72c026e5037d92ed042bcab347c81194584aac3539d44af6,d44af6,6,双,大
2026-08-11 16:07:45,85254880,000000000514e2e07581f8faa2ffb315725bc7263d51b2b2ea81aa5f4d6383fa,6383fa,3,单,小
2026-08-11 16:07:56,85254884,000000000514e2e4162c1210a10d957b4224fcb5de6a8d1512b87e9bca53b985,53b985,5,单,大
2026-08-11 16:08:07,85254888,000000000514e2e809e6215da9e270c74607d5791b6c246b11b9e300f1d8b3a0,d8b3a0,0,双,小
2026-08-11 16:08:17,85254892,000000000514e2ec2e92333c942237d660ab20a3cca1e3470ea0706b6973a007,73a007,7,单,大
2026-08-11 16:08:28,85254894,000000000514e2eeebcfbbe3fac54822e2f23305f946c3c58f1fd40cd1f32d72,f32d72,2,双,小
2026-08-11 16:08:39,85254898,000000000514e2f2ccf0aae4962cacbd8cc86cdc635527bd185757343d107509,107509,9,单,大
2026-08-11 16:08:50,85254902,000000000514e2f645034389811e085d39dbca6dabbd46335d041313bd28e809,28e809,9,单,大
2026-08-11 16:09:01,85254906,000000000514e2fa62d503b56e3ac1d435b64e0f4ac084b101e6668f8ff9ccb0,f9ccb0,0,双,小
2026-08-11 16:09:11,85254908,000000000514e2fc45b2152bbe9b48a93351794a30595a49c1c2b647c33b20d2,3b20d2,2,双,小
2026-08-11 16:09:22,85254912,000000000514e3002ff5b40e386e32d19c4544c2243fc27fee085d05873add56,3add56,6,双,大
2026-08-11 16:09:33,85254916,000000000514e30461aa76b17ea505a673ac5fe5db5280a90c7ed982069b9fc4,9b9fc4,4,双,小
2026-08-11 16:09:41,85254918,000000000514e30697ea0902814b5213f9ecf857c3466175b80e265cb5790a2f,790a2f,2,双,小
2026-08-11 16:09:51,85254922,000000000514e30a122c73f334f81b7a7c6a7bd37e6248f3f9008de9a55699de,5699de,9,单,大
2026-08-11 16:10:02,85254926,000000000514e30ee99dca33e0b235f054297e2e9c95052e37f1e51d186bdb45,6bdb45,5,单,大
2026-08-11 16:10:13,85254930,000000000514e312cf2b14e973bc59495b8680674618aa8ce97305962c9020e1,9020e1,1,单,小
2026-08-11 16:10:24,85254934,000000000514e316e509db04c85f5ca24cdbd2723bfc3031f5f509a003a20a92,a20a92,2,双,小
2026-08-11 16:10:35,85254936,000000000514e3185a48e02a6fe744ca00aa67ebe52b8a5eee3413f618cb3e65,cb3e65,5,单,大
2026-08-11 16:10:45,85254940,000000000514e31c8154a3fa73a10b6ac7749ee27189ac61950e15c4c37f5d4a,7f5d4a,4,双,小
2026-08-11 16:10:56,85254944,000000000514e3202e2496ed00d75a5c528c1fd0ee795a65a08b5d08352b11e1,2b11e1,1,单,小
2026-08-11 16:11:06,85254948,000000000514e324a6b5d2c610eade8271b33250cfe881a98dbd5dda3635df3e,35df3e,3,单,小
2026-08-11 16:11:16,85254950,000000000514e326a354b71b4093d922eaaada785612b2e587ef6dc832aee1f3,aee1f3,3,单,小
2026-08-11 16:11:26,85254954,000000000514e32a39feb2e63215b4da3853900d95421cb2f803df2f3e711290,711290,0,双,小
2026-08-11 16:11:37,85254958,000000000514e32e0d179972e57a18e98bac2eede303c34035c269238649b25e,49b25e,5,单,大
2026-08-11 16:11:47,85254962,000000000514e332bac2bd485c9ad24885e3a96f0872c6354a2d708076790f99,790f99,9,单,大
2026-08-11 16:11:57,85254964,000000000514e334f32980a2157d1c56257e3716fc5d7fa9ebf275585c61a4c8,61a4c8,8,双,大
2026-08-11 16:12:08,85254968,000000000514e3389646d519ae8988dfdcfafc9e288c88585dd01d085c01a025,01a025,5,单,大
2026-08-11 16:12:19,85254972,000000000514e33ceac4cf901119eec5f4c69a6192534416c7ac433029a87313,a87313,3,单,小
2026-08-11 16:12:30,85254976,000000000514e34013da0805ff19261689608babfeff0ecea93c5239f2a44cff,a44cff,4,双,小
2026-08-11 16:12:40,85254978,000000000514e342a7f1322279757d22b5570344df2c25a50f7301a4a4c642cd,c642cd,2,双,小
2026-08-11 16:12:51,85254982,000000000514e3466c42cb00eaf0bcf396a738d87a84f918a2817dcb4a5b4c89,5b4c89,9,单,大
2026-08-11 16:13:02,85254986,000000000514e34a9c6f51e92a089930fe540f60f5b8a3bff752d61de1c3d756,c3d756,6,双,大
2026-08-11 16:13:20,85254992,000000000514e3506c8c00358464940fecc06952d3e5ee126aea286b16d2abb1,d2abb1,1,单,小
2026-08-11 16:13:31,85254996,000000000514e3542586dc5999f3c5f783c9ffa547a79670351c7423a307f84c,07f84c,4,双,小
2026-08-11 16:13:48,85255002,000000000514e35a3b0fd3a7161cf3f370bdfe9912f4584f0dcfddcf6c39078a,39078a,8,双,大
2026-08-11 16:13:59,85255004,000000000514e35cfa79dd6b9a50c361592112f912d9b434805cb8d2ecfe1251,fe1251,1,单,小
2026-08-11 16:14:17,85255010,000000000514e362a43a7d0fc095acd5a2dfbc3072f7a60aa9d25c046e96ffbb,96ffbb,6,双,大
2026-08-11 16:14:27,85255014,000000000514e366fd31ef29866169389a0cb47a236efefdc99683cf59dfc378,dfc378,8,双,大
2026-08-11 16:14:38,85255018,000000000514e36ac106599ceafbfccf6bc7c1aba992ade78e6e7abca607f254,07f254,4,双,小
2026-08-11 16:14:49,85255022,000000000514e36e48c301d1c96f914482555815d4e3743bab2597c16635abbf,35abbf,5,单,大
2026-08-11 16:15:00,85255026,000000000514e3722bd5491e7f32a6f8ed1535a622c85cc415b7343fbb50eda0,50eda0,0,双,小
2026-08-11 16:15:11,85255028,000000000514e374e5affdce8380e043373ea2f13ea4de4d1a72a6df696248e6,6248e6,6,双,大
2026-08-11 16:15:21,85255032,000000000514e37832607c0165218589168ae49fe26a627baa6264fce2089ff6,089ff6,6,双,大
2026-08-11 16:15:32,85255036,000000000514e37c1c31cd6818caf04f24d36fb065e66876aa4b52d66393310a,93310a,0,双,小
2026-08-11 16:15:43,85255040,000000000514e38015f3b33cf72affa579f2abe8788a41203620f75eb759e021,59e021,1,单,小
2026-08-11 16:15:55,85255044,000000000514e3845899c1e5f999656bcccfb4e8f0288b14c594fbefb60f1dfe,0f1dfe,1,单,小
2026-08-11 16:16:06,85255048,000000000514e388e19c698004628210c622134bdec989d9642e932ca218baed,18baed,8,双,大
2026-08-11 16:16:17,85255050,000000000514e38a719aa10acddfe14cf3142ee829afd428ffcf1283ee132af8,132af8,8,双,大
2026-08-11 16:16:29,85255056,000000000514e390e7b4b58de6a8ce717cb2d11b5bd9e99acbebe9ea6a9615bc,9615bc,5,单,大
2026-08-11 16:16:40,85255058,000000000514e392f7da1133ac1c65120c2c2ec7fc6026fd2a78d28effb435cc,b435cc,5,单,大
2026-08-11 16:16:51,85255062,000000000514e3964c5d08789c3872f2f1ca613dea2896c94d91d5e7dc0883df,0883df,3,单,小
2026-08-11 16:17:02,85255066,000000000514e39a36654b73ac8607d37237118d4d4b312b4cf78e3d0c90d530,90d530,0,双,小
2026-08-11 16:17:12,85255070,000000000514e39e3daff58cdef69dd399e08525793f401813f37109bb582d52,582d52,2,双,小
2026-08-11 16:17:23,85255074,000000000514e3a2d5ae69e8257e37f867062f36bf4ae41436668b8025c411b6,c411b6,6,双,大
2026-08-11 16:17:34,85255076,000000000514e3a473b802c103a949c0edabe813ecf839b0ee3cc970a30e5444,0e5444,4,双,小
2026-08-11 16:17:46,85255080,000000000514e3a8a3ec7026bb4a16eb62c3b0eb98d52abb6efbbb518bd19e4c,d19e4c,4,双,小
2026-08-11 16:17:56,85255084,000000000514e3acb7655a493a33efdc0f51af1b8b7b297ecc72679eff7603b4,7603b4,4,双,小
2026-08-11 16:18:07,85255088,000000000514e3b096b8172212d3cbdff0a40a1920075d3f2458ec6193b39bee,b39bee,9,单,大
2026-08-11 16:18:18,85255092,000000000514e3b414b8f621cb922a37014bf0a4c160b0d818061e350ea1e9fd,a1e9fd,9,单,大
2026-08-11 16:18:29,85255094,000000000514e3b69491b8ce132f5cd23758311741ff640cf6f9c888bcc932b8,c932b8,8,双,大
2026-08-11 16:18:40,85255098,000000000514e3ba7b5e0fcd494d34cbad77ea69ac45573e696632efaada362f,da362f,2,双,小
2026-08-11 16:18:50,85255102,000000000514e3be9e63de4fa7826d27b33900e2e3eb942ce802140e37d8ff2b,d8ff2b,2,双,小
2026-08-11 16:19:01,85255106,000000000514e3c246d474ff88c66779c5d2ac804120837fa102418e57637ca8,637ca8,8,双,大
2026-08-11 16:19:13,85255110,000000000514e3c6f809d46319efac4a15fc0f62a8e8f3543c2c0749aca4f23d,a4f23d,3,单,小
2026-08-11 16:19:23,85255114,000000000514e3caf29f4f503fb74b90c8c71022066371127eb9a9f621362c51,362c51,1,单,小
2026-08-11 16:19:34,85255116,000000000514e3cc31103d142aa95ff651a53268d0d5b537723c3d141f024397,024397,7,单,大
2026-08-11 16:19:44,85255120,000000000514e3d0a2a40c99e3263e500bd4b5acbd8898b32330758f977a8695,7a8695,5,单,大
2026-08-11 16:19:55,85255124,000000000514e3d4925b279236a8ec82659e15d1fcabe00d97cc9bf0312a0525,2a0525,5,单,大
2026-08-11 16:20:06,85255128,000000000514e3d86c52bdc7a24762949b0d4bf1b468268eae5a2506307d24ae,7d24ae,4,双,小
2026-08-11 16:20:16,85255130,000000000514e3da70d370717e9459cbba14a2d31a77cd355dfdbe5160f023b3,f023b3,3,单,小
2026-08-11 16:20:27,85255134,000000000514e3deffc26f3ab95ff92387f89e0779433aedf1484880da066171,066171,1,单,小
2026-08-11 16:20:37,85255138,000000000514e3e237a5e092152362eb214e6a0f1c9c473e599607ce3fb1bbc7,b1bbc7,7,单,大
2026-08-11 16:20:48,85255142,000000000514e3e60f2d4d8591ce5e650ef1b273f6308474824119cee3e85199,e85199,9,单,大
2026-08-11 16:20:58,85255144,000000000514e3e89f833aea20cb9ee383ccc1658205327b2fd5ff9f9d3023ea,3023ea,3,单,小
2026-08-11 16:21:09,85255148,000000000514e3ec184822f3c4d9b9e7f517bc85727982c68995355fa9745c7b,745c7b,7,单,大
2026-08-11 16:21:20,85255152,000000000514e3f0c982493cb3b5a6752c5c309225ee0d34315ab71ed99bf86a,9bf86a,6,双,大
2026-08-11 16:21:31,85255156,000000000514e3f4b5fca30cd0ec51500da4f49ee197aaa68b907ccb1663847d,63847d,7,单,大
2026-08-11 16:21:47,85255162,000000000514e3fae68e281509b29d9d4f92bf3c67e57005e09fc5e27a0833a7,0833a7,7,单,大
2026-08-11 16:21:57,85255164,000000000514e3fc21d50c58509dc850930fdbc109accaaf09d2572c5b39f6ff,39f6ff,6,双,大
2026-08-11 16:22:08,85255168,000000000514e4008a27c58b9abf9b1921eb4a6de2b3ec86b0b11c16759dcfce,9dcfce,9,单,大
2026-08-11 16:22:19,85255172,000000000514e404f207f0311a2350aa54871a2c9d02b3223ba38f090bf070cb,f070cb,0,双,小
2026-08-11 16:22:30,85255176,000000000514e40850f1f269f36cd8bda8432034ec2758908fc310d08ef5b1b1,f5b1b1,1,单,小
2026-08-11 16:22:41,85255180,000000000514e40c2e6c4367ac7139c30ba536d761dffa11fea0fec461671c38,671c38,8,双,大
2026-08-11 16:22:52,85255184,000000000514e410756d4b0a8fa5cc1abc8e0bc3bfd6b39ef3effab32b75a486,75a486,6,双,大
2026-08-11 16:23:03,85255186,000000000514e412b1a752a4b7fcaa7502003ac3479d482d33f4e44726ee0e26,ee0e26,6,双,大
2026-08-11 16:23:14,85255190,000000000514e4163ce93f689a9756b17e08f01ea193be5574c9661cc58c85f0,8c85f0,0,双,小
2026-08-11 16:23:25,85255194,000000000514e41a162d570a4829bfae359457fbb6c9b0e647d932d0541ee47d,1ee47d,7,单,大
2026-08-11 16:23:36,85255198,000000000514e41e4bd90ca7c00d4bdd4251c8cfea74210116260ecc40d9d1b8,d9d1b8,8,双,大
2026-08-11 16:23:47,85255202,000000000514e422001b89227d172c749327210af9055ba464622b043870a6e9,70a6e9,9,单,大
2026-08-11 16:23:59,85255204,000000000514e42430653da85802e3846e00a7acffa3aac7bd95b5c2589903b0,9903b0,0,双,小
2026-08-11 16:24:10,85255208,000000000514e4289ba05bfa667f1dbd491533561268b2736ebe82a282bc97d5,bc97d5,5,单,大
2026-08-11 16:24:21,85255212,000000000514e42c082cb74acd9944678b0eb45c21d500b53dfc8df0b5cae596,cae596,6,双,大
2026-08-11 16:24:32,85255216,000000000514e4305221913f6d9fabf8c45a6e79329e64e0130cdd5cf46dbb43,6dbb43,3,单,小
2026-08-11 16:24:50,85255222,000000000514e43620a9e5e73b2bff81384b7e086a29d6675d9790a1f761aae6,61aae6,6,双,大
2026-08-11 16:25:02,85255226,000000000514e43a7c0a0190c7508d85498d0199253761a812e9acc40451d7d0,51d7d0,0,双,小
2026-08-11 16:25:13,85255230,000000000514e43eb3c517a13d07202de1177d40f10ffbf3f0fc61129af34820,f34820,0,双,小
2026-08-11 16:25:24,85255234,000000000514e442d818a6425347350c2dcc3c2163e0ccd52b01502ea07e38ca,7e38ca,8,双,大
2026-08-11 16:25:41,85255240,000000000514e448e9ba6a4bd9d986dee2502e54851cd94a4c6107a82ead1618,ad1618,8,双,大
2026-08-11 16:25:52,85255242,000000000514e44a11a64666393ff2cfc6318f23bc158d03623845dfbfbab35d,bab35d,5,单,大
2026-08-11 16:35:13,85255430,000000000514e506b3ab110e52c1a70c21c271906f323e26e554688aa3f128e3,f128e3,3,单,小
2026-08-11 16:35:23,85255434,000000000514e50a58e7c620b04aa47c00851f315c39ff722e9a0edf47949128,949128,8,双,大
2026-08-11 16:35:34,85255436,000000000514e50c374fa2ac7a38ec9960ad029ecaf9695196bd57fe7228fe26,28fe26,6,双,大
2026-08-11 16:35:45,85255440,000000000514e510189ff559085a74e852ebee230319295f5b371f288f40d451,40d451,1,单,小
2026-08-11 16:35:56,85255444,000000000514e5145828548edb08f7ec01752f7bc1908c13190ab774154c903b,4c903b,3,单,小
2026-08-11 16:36:07,85255448,000000000514e518dba6ce5c54a4f424daee94f69a8beb06f150da076c02058d,02058d,8,双,大
2026-08-11 16:36:25,85255454,000000000514e51e6b47783d3624f0897a707dff400d43f748c686caf4e29954,e29954,4,双,小
2026-08-11 16:36:36,85255458,000000000514e5222e2328e03f27ba9451036dc9cb56ac2b65ea1c05fcfce846,fce846,6,双,大
2026-08-11 16:36:48,85255462,000000000514e526cac68ff148a3d190a27b3692ae16ff26ea75b180f4f64998,f64998,8,双,大
2026-08-11 16:36:59,85255466,000000000514e52a0c686f6ce50d502060f46b2fa40af5a6e098264ffcae560b,ae560b,0,双,小
2026-08-11 16:37:10,85255468,000000000514e52c7ce3f3484a5ec42b9223ae07127b506feb8350f767590ebf,590ebf,0,双,小
2026-08-11 16:37:21,85255472,000000000514e5301a78f9eeab9ce01a94b80ca9e24de8f29de857a17bf71f96,f71f96,6,双,大
2026-08-11 16:37:32,85255476,000000000514e534970c440dd0c8841b347583950bc33e318e94736cd09aa0bc,9aa0bc,0,双,小
2026-08-11 16:37:43,85255480,000000000514e538a3a3abae81902ad1d4430df22465b041d2043e49c791ec1e,91ec1e,1,单,小
2026-08-11 16:37:55,85255484,000000000514e53ca70c8ae311436bbd880f404ea210913c53b906ae3a957b14,957b14,4,双,小
2026-08-11 16:38:05,85255488,000000000514e540d566202a66978af582980c05f091be9fc3f3ee54609b1880,9b1880,0,双,小
2026-08-11 16:38:17,85255492,000000000514e544bc6aa5a97bb4a92fc7cc767f31fc1a09ef22348b22f3846b,f3846b,6,双,大
2026-08-11 16:38:28,85255494,000000000514e5464fb4847fd567a486c8cc9f86e50efba4c9f60437fccb71f3,cb71f3,3,单,小
2026-08-11 16:38:40,85255498,000000000514e54a094afd26b08fd584ab522f40cb43c977de9039ff38d7f538,d7f538,8,双,大
2026-08-11 16:38:50,85255502,000000000514e54eaea05c71db22ff3bd4ac2731c45281aac7a6441374d3fb90,d3fb90,0,双,小
2026-08-11 16:39:01,85255506,000000000514e552be0cbf88b1e4be14dee50f2c86c3abaaf7a66de1efeb403e,eb403e,3,单,小
2026-08-11 16:39:12,85255510,000000000514e5560fd83fc7869e1fa5cc328c8a4a4829085e6099ef13021d8c,021d8c,8,双,大
2026-08-11 16:39:23,85255514,000000000514e55a839711167b7200a01c221469c5036057a0c0c68e767dde25,7dde25,5,单,大
2026-08-11 16:39:34,85255516,000000000514e55c456a1c38d77936be24012c5ce8db4a4ee2814988f0e4f3fa,e4f3fa,3,单,小
2026-08-11 16:39:45,85255520,000000000514e560594ba0ba6716ed007d7ceb69b9d79a9b888a6dba979161fa,9161fa,1,单,小
2026-08-11 16:39:55,85255524,000000000514e56430240c2232e5620a220deea9a1ca4bf74c2f546fef6a2ad1,6a2ad1,1,单,小
2026-08-11 16:40:06,85255528,000000000514e568268007c9ca94a0b77bbff7feb4a184c4e90be6bfbac56b2e,c56b2e,2,双,小
2026-08-11 16:40:17,85255532,000000000514e56c64dc0e1725a5c3c34055dcc1d687fa5c5806e59a2894dfc9,94dfc9,9,单,大
2026-08-11 16:40:28,85255534,000000000514e56e864114f87501161136c4dfb67c8dd6395bf8e755d36721b2,6721b2,2,双,小
2026-08-11 16:40:39,85255538,000000000514e5721472948f83664d5b1c85d01ce5fe471eb5b9ed4a8d7fd338,7fd338,8,双,大
2026-08-11 16:40:50,85255542,000000000514e5766549ab22b826ba2c6769d7551f52c691e50131ec819f70b7,9f70b7,7,单,大
2026-08-11 16:41:01,85255546,000000000514e57adab82a24ddeaf7adf8692c7f0000459fca1c25f4727f89c8,7f89c8,8,双,大
2026-08-11 16:41:11,85255550,000000000514e57e91e3c9a2791dde12d865ba4cd57c7bb209ac421bc6e3d424,e3d424,4,双,小
2026-08-11 16:41:23,85255552,000000000514e580d070c2e41efde10e9c9d214f52d751790d292c38b2f203e3,f203e3,3,单,小
2026-08-11 16:41:33,85255556,000000000514e584cb56570df2c87132204854d8fad56c5e495f08e8bf8c0770,8c0770,0,双,小
2026-08-11 16:41:43,85255560,000000000514e588d698a76940980125df16f1f50ab57322cfdd4be1e98e5426,8e5426,6,双,大
2026-08-11 16:41:54,85255564,000000000514e58c79c01a4583b080c158b15fcbc581b23354febbdf189488f0,9488f0,0,双,小
2026-08-11 16:42:07,85255566,000000000514e58ee35d98543baa13974e565bcc1ab5cf0145becdfbe93880cd,3880cd,0,双,小
2026-08-11 16:42:28,85255574,000000000514e596fab61bb77b1d292328a0879abbfa6d5e361972b8be31fa69,31fa69,9,单,大
2026-08-11 16:42:39,85255578,000000000514e59ad605d8ca21f3965d8d1ec9311ff10da5ed5e93107895a3a0,95a3a0,0,双,小
2026-08-11 16:42:51,85255582,000000000514e59e50bd477ffb62cec1bcc5d61dd44dc25db47d334ae6e5cbb3,e5cbb3,3,单,小
2026-08-11 16:43:02,85255586,000000000514e5a29114b9dcba4b55c789de2137631c04570dd21cc4939c9d04,9c9d04,4,双,小
2026-08-11 16:43:13,85255590,000000000514e5a6df7ae286c994c490903082aca7edb9d2e49f495037c4c7ca,c4c7ca,7,单,大
2026-08-11 16:43:24,85255592,000000000514e5a8f7158cf415fffba74e33c8f200e508048ccd73190cdda86e,dda86e,6,双,大
2026-08-11 16:43:35,85255598,000000000514e5aead18b72098e1b2241d3ac5e627cdc384277219a80ef3b5d1,f3b5d1,1,单,小
2026-08-11 16:43:45,85255600,000000000514e5b0cee83d78022e3f538d53460526cc33b4e2d81891042992bc,2992bc,2,双,小
2026-08-11 16:43:56,85255604,000000000514e5b404ef12b98ea31504575ed62ac6537f561ceef65fd287c157,87c157,7,单,大
2026-08-11 16:44:06,85255608,000000000514e5b87e70efad56ffd2aa9f7514aeca9df65a1e574a9d8c404ddc,404ddc,4,双,小
2026-08-11 16:44:16,85255612,000000000514e5bc7e36d4c73b23faa8898a98ab2572b223558f088d4f91953c,91953c,3,单,小
2026-08-11 16:45:43,85255640,000000000514e5d8ae564b2f3a2ff1b5e37d2c0266129f9fb94064bc12fcc47e,fcc47e,7,单,大
2026-08-11 16:45:54,85255642,000000000514e5da77e5d2654e036eb6f6affdc7de96feb1ac6bf236ae445547,445547,7,单,大
2026-08-11 16:46:04,85255648,000000000514e5e0f9c81971c6de3cff901102c9405c16116d331146f4e9876d,e9876d,6,双,大
2026-08-11 16:46:15,85255650,000000000514e5e2a7ad2673e3ddffb1939409205c699a06502393defe8c966c,8c966c,6,双,大
2026-08-11 16:46:26,85255654,000000000514e5e6564e71cc8e5d4489ac3e2f0bd5e5b7b462cc006341847778,847778,8,双,大
2026-08-11 16:46:37,85255658,000000000514e5eadc98f6b0f48d78c854b71500c297b58861d12dc3217599df,7599df,9,单,大
2026-08-11 16:46:48,85255660,000000000514e5ecedef3430edd440237535883bef01e33c361f1ee732bc4018,bc4018,8,双,大
2026-08-11 16:46:59,85255666,000000000514e5f2bf541a95d02f8e1f27aaddba1225ffbc25e5706390475d46,475d46,6,双,大
2026-08-11 16:47:09,85255668,000000000514e5f45580a38ce55574518bb345a4450f489abeea4abc2f47d818,47d818,8,双,大
2026-08-11 16:47:20,85255672,000000000514e5f8e427e4a40a7fb6366642cd54490373b8dd2ec164bf77c0de,77c0de,0,双,小
2026-08-11 16:47:31,85255676,000000000514e5fc8591dc799fc2c2d8661f97c8df4c3fe48244b7f6d0d8dca1,d8dca1,1,单,小
2026-08-11 16:47:42,85255680,000000000514e600ca6d739a640bb43de6aa2b6986d4f7eacde1d2a07ee05adc,e05adc,5,单,大
2026-08-11 16:47:53,85255682,000000000514e602079aa09f236777423aa644a635211d0cb86656383c2175e1,2175e1,1,单,小
2026-08-11 16:48:04,85255686,000000000514e60692a723d93ef2b6316115221598aec8010d7972764379d72d,79d72d,2,双,小
2026-08-11 16:48:14,85255690,000000000514e60a3e4dceed647cd3b8cde73416ed6ee8e400dd4ed81709445d,09445d,5,单,大
2026-08-11 16:48:25,85255694,000000000514e60e9fad373b261e3a59b98a747d3540dc6530d6719b8d62c183,62c183,3,单,小
2026-08-11 16:48:36,85255698,000000000514e612c3c2707d49ca8a29593ed0bad9d4b1e143e375490ab7eaa1,b7eaa1,1,单,小
2026-08-11 16:48:47,85255702,000000000514e61648983b4ce18447f413f669f26f790f104b9d4c3bb393efcc,93efcc,3,单,小
2026-08-11 16:48:59,85255704,000000000514e6185025d81af12bf9390f125409ddc879f73c0c552a47155056,155056,6,双,大
2026-08-11 16:49:09,85255708,000000000514e61c5e972ed3de3f94bf4ef2db2cd3e48d1775252ff5a9b2cdd5,b2cdd5,5,单,大
2026-08-11 16:49:20,85255712,000000000514e6205a2c9cd09af30f54341533c1abe6541851bf4aebb4b6468b,b6468b,8,双,大
2026-08-11 16:49:30,85255716,000000000514e6245d1302ca950db9c75a079d8b8ce89c0a61c43d118021865b,21865b,5,单,大
2026-08-11 16:49:41,85255720,000000000514e62815930183793aec46acabd4c1cd8b0cb7e85170e1ba96a263,96a263,3,单,小
2026-08-11 16:49:52,85255722,000000000514e62aef2e9f84c5653857e6a5851f6d27f338cf12e895582f657c,2f657c,7,单,大
2026-08-11 16:50:03,85255726,000000000514e62e1be4d52426905b85d1b0b4460342edd0137f7b459ada9355,da9355,5,单,大
2026-08-11 16:50:13,85255730,000000000514e6321b53a20118b1d693c57cee73da07c30abef6569f2caf6dc7,af6dc7,7,单,大
2026-08-11 16:50:24,85255734,000000000514e6365eb1cb3e47c7371922838ca733160b3ece2405234d617d1e,617d1e,1,单,小
2026-08-11 16:50:34,85255738,000000000514e63a2463e92248de3f2ef9ea223dba1034a9a40c85522c576fe0,576fe0,0,双,小
2026-08-11 16:50:45,85255740,000000000514e63cef16c2cd3fb6e1e1630618312797642c0aae543a6bb974f7,b974f7,7,单,大
2026-08-11 16:50:55,85255744,000000000514e640f1eb6e3ea639e1062e5f24effc66da3a09cb7d4fe872e025,72e025,5,单,大
2026-08-11 16:51:06,85255748,000000000514e644233390db108bb1765a364d0959460c414db6c7c95efab1ee,fab1ee,1,单,小
2026-08-11 16:51:17,85255752,000000000514e6481724ee57b86745570c14f757233de49c29dca36cf6a30be3,a30be3,3,单,小
2026-08-11 16:51:28,85255754,000000000514e64af2b8aac033e70a8f341fb3f06af63541c81d3a0ee2dd0cb1,dd0cb1,1,单,小
2026-08-11 16:51:38,85255758,000000000514e64e452882aa781270901dd8004aea8633112c9298ebad872d2e,872d2e,2,双,小
2026-08-11 16:51:49,85255762,000000000514e6525813550ca3a1e63b30a413e9ac37ccb41fc49a5ab1b2e268,b2e268,8,双,大
2026-08-11 16:51:59,85255766,000000000514e6561e9bdcdff394aede0165b7fbccf3a10e68a95719792311ea,2311ea,1,单,小
2026-08-11 16:52:10,85255768,000000000514e6580f1cc33e47ff6d77161555d285eec7ab3cf3c7ee0e1fe698,1fe698,8,双,大
2026-08-11 16:52:21,85255772,000000000514e65cb8ef966d7b4328b48280352582a5504bde36077e0fb6489f,b6489f,9,单,大
2026-08-11 16:52:32,85255776,000000000514e6607749e9dfef4fbfa7eb2b4320d970295748dcadacc06f4cdd,6f4cdd,4,双,小
2026-08-11 16:52:43,85255780,000000000514e6648ba959e3eb3fd8548349f6d531c6f7e9b99e5a495fbc1826,bc1826,6,双,大
2026-08-11 16:52:54,85255784,000000000514e6689ab9a777074cbd064c75c9e8a1881bf8746ac0f74c7fdfec,7fdfec,7,单,大
2026-08-11 16:53:05,85255788,000000000514e66c8d3fd86921911eb885810e9a3317cf354bbd24b9efae3c03,ae3c03,3,单,小
2026-08-11 16:53:16,85255790,000000000514e66e5f77b935be05e1e7ddb83f6d250aebf284fac848e3d7c7c0,d7c7c0,0,双,小
2026-08-11 16:53:27,85255794,000000000514e672882cd294f57aa0662253f20a31abebf69176ca694a6de341,6de341,1,单,小
2026-08-11 16:53:38,85255798,000000000514e67669789246cfbb451c8a93c712e8e1c219c6cfbfbdcf466859,466859,9,单,大
2026-08-11 16:53:49,85255802,000000000514e67af77beb0badea94a0186b8f2d90c6c735a9b1186df10d4395,0d4395,5,单,大
2026-08-11 16:54:06,85255808,000000000514e6800065425fe101c8c03199d6d50d5bedec2e64325a35abe9af,abe9af,9,单,大
2026-08-11 16:54:16,85255812,000000000514e684fe6d67ca611339471a0bc6d0114a95aaceeea9a05eac9f30,ac9f30,0,双,小
2026-08-11 16:54:27,85255814,000000000514e68640329291cb4fc3a38a8eb482ea274407ec760261da7e999d,7e999d,9,单,大
2026-08-11 16:54:38,85255818,000000000514e68a1717b966ca8f5ee30782e48d647b405ffc8aaafde1750aec,750aec,0,双,小
2026-08-11 16:54:48,85255820,000000000514e68cb23ee5c44fb243e7494125c87885ee1bb0f54b9d70579023,579023,3,单,小
2026-08-11 16:54:59,85255824,000000000514e69060d2486a09e89a9a81d98fe75411c1becdbb6cb21fb00f4e,b00f4e,4,双,小
2026-08-11 16:55:10,85255828,000000000514e69484d0118a3b4e6b96bfb06b2e4b0fbba3d3d2a42909a7fc3b,a7fc3b,3,单,小
2026-08-11 16:55:20,85255832,000000000514e698ff1bba5648faaae21072720fa50e2520b95f9cb1fbd6fb4c,d6fb4c,4,双,小
2026-08-11 16:55:31,85255836,000000000514e69c3ee71648303b4f6191035e3de71bafe4d9afe481d0133ca3,133ca3,3,单,小
2026-08-11 16:55:41,85255840,000000000514e6a00abc8d4e0320abafdc8368ee93af95e5a28065afd641f36d,41f36d,6,双,大
2026-08-11 16:55:52,85255842,000000000514e6a292c844cbc32da9d5218352efa840a7d0832bdc366b16df2e,16df2e,2,双,小
2026-08-11 16:55:59,85255846,000000000514e6a650cc827d2a1f2286b34aecdd3bba489db874a0095cf00342,f00342,2,双,小
2026-08-11 16:56:09,85255848,000000000514e6a8b7d26bf04ff33408ce780dc33360f565c5e9bea4bb63f9fb,63f9fb,9,单,大
2026-08-11 16:56:20,85255852,000000000514e6ac84d7adc7360f1dd60da8dd6c88ebd973efbdb829aee9743a,e9743a,3,单,小
2026-08-11 16:56:31,85255856,000000000514e6b0a4935c673fe0e73de555317d1a0c58084c6876fa6fa8c7fa,a8c7fa,7,单,大
2026-08-11 16:56:42,85255858,000000000514e6b22c3d70b50fbc2bfcc6694af174967b34ef40219b915917f3,5917f3,3,单,小
2026-08-11 16:57:23,85255874,000000000514e6c2cd24e71b09e447a2b7f36a27f757eed9dc1e736c8b1dd47f,1dd47f,7,单,大
2026-08-11 16:57:30,85255876,000000000514e6c42fd1f188086199ac583ddbca24a09ffa09244fc4039228dd,9228dd,8,双,大
2026-08-11 16:57:35,85255878,000000000514e6c62a9d2af4d9b30380f146a61b1236c2593dbe71d8de5d4b1c,5d4b1c,1,单,小
2026-08-11 16:57:40,85255880,000000000514e6c84efb0755182148500763ec2edd2526a9926c467054d4710a,d4710a,0,双,小
2026-08-11 16:57:47,85255882,000000000514e6ca6d105723b4102011a5f19bd5faf825df34cb9aad24fbecaf,fbecaf,4,双,小
2026-08-11 16:57:55,85255884,000000000514e6cceb27e9f4d7109497f7c52d2eec33076c18627bf78596ce6b,96ce6b,6,双,大
2026-08-11 16:57:58,85255886,000000000514e6ce9e85cd8945fa9f16125ad6c97188bb065f3544af9e94edd1,94edd1,1,单,小
2026-08-11 16:58:08,85255888,000000000514e6d057f741e2f4d1bf4b91bc5900def0187d68c0f0f429f5ee7a,f5ee7a,7,单,大
2026-08-11 16:58:11,85255890,000000000514e6d2bf5ccbb461fb87a38c467898dafb85da25cfa042dd19d9bb,19d9bb,9,单,大
2026-08-11 16:58:19,85255892,000000000514e6d4181707bee76ae603ee37c39580357786cc1708e0c73fb6cf,3fb6cf,6,双,大
2026-08-11 16:58:24,85255894,000000000514e6d6c4407b1c4881ced19cafc4f7d40a3210808250a65fbb200a,bb200a,0,双,小
2026-08-11 16:58:29,85255896,000000000514e6d88b4e897b082c73328e80bc9c0dfb405976a9be753506d047,06d047,7,单,大
2026-08-11 16:58:36,85255898,000000000514e6dade54374fdcb9a4dc9b2b5d84705540109b689d6c1ebd71af,bd71af,1,单,小
2026-08-11 16:58:41,85255900,000000000514e6dc29406354fc0aee6d321d08ac78c16feb47c0b81a78a508af,a508af,8,双,大
2026-08-11 16:58:48,85255902,000000000514e6de67db1a69d266e69063a68b818009923365d86826c0414bbc,414bbc,4,双,小
2026-08-11 16:58:53,85255904,000000000514e6e04b70f2fe85809e08919addd84ed2ebd8864d261f601e2fe5,1e2fe5,5,单,大
2026-08-11 16:59:02,85255906,000000000514e6e221997658148ff8ac99c1a6c604d4b2d5d036d12b5927aec3,27aec3,3,单,小
2026-08-11 16:59:05,85255908,000000000514e6e489886ba6f5599b44f5c73026628119f32ec6164632f7f44c,f7f44c,4,双,小
2026-08-11 16:59:12,85255910,000000000514e6e6158fbc65663e898ed9e2e4a320df1b1a5f41a8d88bb4e406,b4e406,6,双,大
2026-08-11 16:59:18,85255912,000000000514e6e8e0a5aab8c1eebdf516bd29cda29ae8d0ce1a769fd1bf92ab,bf92ab,2,双,小
2026-08-11 16:59:22,85255914,000000000514e6ea3d3580c5ae196ef95932f0771e0c90e47bb1288050561140,561140,0,双,小
2026-08-11 16:59:32,85255916,000000000514e6ecf48343a37071d0cfea6a2bd485a692ee441ccd59cb241e02,241e02,2,双,小
2026-08-11 16:59:36,85255918,000000000514e6ee5015e5ba485f21c75a5a2580108b09eaad855fffb113e93f,13e93f,3,单,小
2026-08-11 16:59:41,85255920,000000000514e6f02a59cb58dbbf92fc6e3371e6559488ae35a096d9408b9848,8b9848,8,双,大
2026-08-11 16:59:48,85255922,000000000514e6f2d1f7f95e25f43fc8ebddfcfb632af5b5506166e562c9af2b,c9af2b,2,双,小
2026-08-11 16:59:54,85255924,000000000514e6f485329f254eb3548820bcb592a2f38f1c4acf67c3d51ddbb8,1ddbb8,8,双,大
2026-08-11 16:59:59,85255926,000000000514e6f6a07cf3a1894e83af94f395676a19afa01150a5c8bbb9e6f6,b9e6f6,6,双,大
2026-08-11 17:00:06,85255928,000000000514e6f82b710e5a5c7f05e08ec059050a713ace88ccb2db522d9e1b,2d9e1b,1,单,小
2026-08-11 17:00:15,85255930,000000000514e6fabf17612e230ce187804b6e4e33dfc169b3a51e2accc0f734,c0f734,4,双,小
2026-08-11 17:00:19,85255932,000000000514e6fc8a0d62fb61e1560c8257621d25cb14457fdaf4ede8a26a67,a26a67,7,单,大
2026-08-11 17:00:26,85255934,000000000514e6fecd052b60ea93a364b248fed1bbf304d2c336e8ae55789279,789279,9,单,大
2026-08-11 17:00:28,85255936,000000000514e700c250f7c89a2b18fea930554d20290630b33d020371024926,024926,6,双,大
2026-08-11 17:00:38,85255938,000000000514e702b9918f474ed332554fb284ff2cf1e06f901c4ad0dd2108a1,2108a1,1,单,小
2026-08-11 17:00:41,85255940,000000000514e704522ffa8be14e49e387a0d25f0c1bbf3d475ceab142d7a970,d7a970,0,双,小
2026-08-11 17:00:48,85255942,000000000514e706a5626b9e1d7f940c3213a75ef736036a043c5d834bdb3cd5,db3cd5,5,单,大
2026-08-11 17:00:54,85255944,000000000514e708ca8ccf62e4785d3bb5d7e30b22973a9552069b2835d91590,d91590,0,双,小
2026-08-11 17:00:59,85255946,000000000514e70a4d0a4a8456b015a83abd92ca7d2963796e107f835ecad2f4,cad2f4,4,双,小
2026-08-11 17:01:05,85255948,000000000514e70ca29ed1098e5aefc8afb7932f85130a714daa1ed059834333,834333,3,单,小
2026-08-11 17:01:12,85255950,000000000514e70e0b0c0dcd6fdfc186bc97bd4e552f9b9882385efb7fd8e49e,d8e49e,9,单,大
2026-08-11 17:01:17,85255952,000000000514e71044ef16e35078b202a413072fd5fc8ea6b02d6369912537ea,2537ea,7,单,大
2026-08-11 17:01:26,85255954,000000000514e7121a808666d640ca5e87934d9d7f138efbeaad14d257e9f177,e9f177,7,单,大
2026-08-11 17:01:30,85255956,000000000514e7146fabf247e38020bb121c4817731b303a4ff59cd267733139,733139,9,单,大
2026-08-11 17:01:37,85255958,000000000514e7164dd38779bb7db83ffa314331aaf1474babb15f3eddcef5b9,cef5b9,9,单,大
2026-08-11 17:01:42,85255960,000000000514e718593651763b6a94a346615ab165732f0677890e987ddadd25,dadd25,5,单,大
2026-08-11 17:01:47,85255962,000000000514e71a1fe048ccf14e2cf1dfa5257438806261e6a3c4171195ec4f,95ec4f,4,双,小
2026-08-11 17:02:18,85255972,000000000514e7249ba7c9c1c701302eb06e9f48bd63299888fb93b3eeeb42b5,eb42b5,5,单,大
2026-08-11 17:02:24,85255974,000000000514e726e3c175af199bcb3d4428c7f4108064d6bb9934b54e30af42,30af42,2,双,小
2026-08-11 17:02:30,85255976,000000000514e728a29e95234020ba789ee07d5216751445f689a3809c5e7f3d,5e7f3d,3,单,小
2026-08-11 17:02:37,85255978,000000000514e72a46c77d2a261c20ffa11c65a059c42c3a5814b61bba86f2be,86f2be,2,双,小
2026-08-11 17:02:42,85255980,000000000514e72c8b9a672ce63b189a950efe770234c3324e11138060a8282a,a8282a,2,双,小
2026-08-11 17:02:47,85255982,000000000514e72e4b12187873a8b1a6d0c278523202b75e67500d275b5d4dbc,5d4dbc,4,双,小
2026-08-11 17:02:53,85255984,000000000514e730658435d7e173596dad50e246b9c1f75fd80d0861c7e073c2,e073c2,2,双,小
2026-08-11 17:03:02,85255986,000000000514e73223f381b5639c9f442654974b7b3acd83a78f3877f71f2048,1f2048,8,双,大
2026-08-11 17:03:07,85255988,000000000514e734f4959615959904f37a19efa7e8cebcc8ad7381dfd0eb91b2,eb91b2,2,双,小
2026-08-11 17:03:10,85255990,000000000514e736568837ed7f9e197e5040bbf7a3dc5b2e70e4181d998870a7,8870a7,7,单,大
2026-08-11 17:03:17,85255992,000000000514e738f22540b8c1881933871505b89545c2c15797fb5a379be824,9be824,4,双,小
2026-08-11 17:03:23,85255994,000000000514e73abcff99808870f39d2cbc1b9ab4a4c09fb4d7fd427f5381f4,5381f4,4,双,小
2026-08-11 17:03:31,85255996,000000000514e73c445ab21dd281248e682586413123383cc3d1a4d4ff7baf52,7baf52,2,双,小
2026-08-11 17:03:37,85255998,000000000514e73e949b0931eae70e8fd38ac682dea86e8ea0a075b843794665,794665,5,单,大
2026-08-11 17:03:40,85256000,000000000514e7407252f246f1645bba81c5dd781c74a330e2f129c00bf8eb3e,f8eb3e,3,单,小
2026-08-11 17:03:50,85256002,000000000514e74246be8c42afa8fffcef3779d9dae64db902cdf2af6b812d4b,812d4b,4,双,小
2026-08-11 17:03:56,85256004,000000000514e74403752c5ccc14270e179f028e5022c0adee994a23dff45f59,f45f59,9,单,大
2026-08-11 17:04:02,85256006,000000000514e7462c02ba6e11ed21aac538c9ae835e0511e50fc1755bd81e41,d81e41,1,单,小
2026-08-11 17:04:04,85256008,000000000514e7481ec2cd8679a936d6c494889afac5c1f75298e5a0f6b29ad3,b29ad3,3,单,小
2026-08-11 17:04:11,85256010,000000000514e74ae4400ad2dc76c53772f63ab5fe3f46d452c2b81a76050af8,050af8,8,双,大
2026-08-11 17:04:20,85256012,000000000514e74cc58918ed64a0274d7cd2185783dfcf6ce45f4c2e6b224587,224587,7,单,大
2026-08-11 17:04:25,85256014,000000000514e74eb2df39700f6ed6b2f4313402bfdde72c3e5b28b42d1e4828,1e4828,8,双,大
2026-08-11 17:04:30,85256016,000000000514e75059647692efd70654e52f9449783d8bf6d95a5d42e41a868f,1a868f,8,双,大
2026-08-11 17:04:35,85256018,000000000514e752c0c529c7ca456f6d8ab1a8c272421f58bfa92ec7010e1ec2,0e1ec2,2,双,小
2026-08-11 17:04:42,85256020,000000000514e75407d69e851055a40dbd937b1ee7475ff212a4eff5f2b96888,b96888,8,双,大
2026-08-11 17:04:47,85256022,000000000514e756b57ed66b1afb9205bbaee1f9e7936080259e1e873f0eda9a,0eda9a,9,单,大
2026-08-11 17:04:52,85256024,000000000514e758d0341cdc3ad6dff78129a0f865bdc57c172a8bbba082c382,82c382,2,双,小
2026-08-11 17:04:59,85256026,000000000514e75ab1ca7620aa5529f851a01659f5b9a97afd9af2535b5be6fa,5be6fa,6,双,大
2026-08-11 17:05:05,85256028,000000000514e75c98ecb3a0236d6a95cf8dbe97450d39377c6e9d1155dd6b64,dd6b64,4,双,小
2026-08-11 17:05:14,85256030,000000000514e75e177e82b6a246f76c324cb260510022cadcbc493684bf04a0,bf04a0,0,双,小
2026-08-11 17:05:21,85256032,000000000514e76007399b4976da6ee5459c480c5af603b55beb58b52da78ae6,a78ae6,6,双,大
2026-08-11 17:05:23,85256034,000000000514e7625f2355168add69d11c9f60c97a516b51c25157c9ed6cec3b,6cec3b,3,单,小
2026-08-11 17:05:31,85256036,000000000514e764e48f13b1b50aa015b6e8aa8a4dc697fc97751e2f2ede956c,de956c,6,双,大
2026-08-11 17:05:37,85256038,000000000514e766a2607db6818dac52fabcf2d2c30a236dd1f66e414e5a2274,5a2274,4,双,小
2026-08-11 17:05:43,85256040,000000000514e7685bf7e98d966556b7a869d5cadae8e2b789ee0c4fed75f034,75f034,4,双,小
2026-08-11 17:05:48,85256042,000000000514e76a975b38aef693c39a03b87024dc38191a09419f493fffcfce,ffcfce,3,单,小
2026-08-11 17:05:53,85256044,000000000514e76c676cc65ca2d49a6a6ee207e1bd2a297461f4de547eeef010,eef010,0,双,小
2026-08-11 17:06:01,85256046,000000000514e76e9ef957ed59ee7de0038ac15665ffed067287c3a6b8b0349a,b0349a,9,单,大
2026-08-11 17:06:06,85256048,000000000514e7704a53359ae062d76f59d6cc47fb7e8556061cbaf2a7d8d860,d8d860,0,双,小
2026-08-11 17:06:13,85256050,000000000514e772052fc917760b35fbea0c669c821ffc2c9a39131daddf8586,df8586,6,双,大
2026-08-11 17:06:17,85256052,000000000514e7741f910a7ab46022958af633d7f6a2bfe3bc9b71f187a2a9e4,a2a9e4,4,双,小
2026-08-11 17:06:23,85256054,000000000514e7769bd30a58589cc369df8eb08531cec77913d20c8a61356148,356148,8,双,大
2026-08-11 17:06:30,85256056,000000000514e77816cca185a18de1943292fb5790327ca8e07f3b5a128295d6,8295d6,6,双,大
2026-08-11 17:06:35,85256058,000000000514e77ad7e972d015e8b3a423e3b3d5161a9d7b685019a453632fa8,632fa8,8,双,大
2026-08-11 17:06:42,85256060,000000000514e77cab6fc101427b78b5e55a2346588fba5802916c944be00f6d,e00f6d,6,双,大
2026-08-11 17:06:47,85256062,000000000514e77ece689135dd3d5ca0da65d8cb7a78e118f45ae6bcdfe75c25,e75c25,5,单,大
2026-08-11 17:06:54,85256064,000000000514e780a731be041152d2f945bb13696d876e2eca00262f2029fd6f,29fd6f,6,双,大
2026-08-11 17:07:01,85256066,000000000514e782d0f1a074ca0641bb908b81fd6bcf0602c7e4067de3271484,271484,4,双,小
2026-08-11 17:07:07,85256068,000000000514e7849c006aacb1df96046ca62c55b09f413cf6748ebe756e4cf0,6e4cf0,0,双,小
2026-08-11 17:07:11,85256070,000000000514e78682d467ebb226bb4be3434b6f31d10b6f5698e83798c84f90,c84f90,0,双,小
2026-08-11 17:07:18,85256072,000000000514e788e9547e9ef3561e06881bd412a622dfe37fb1ac2897201f9e,201f9e,9,单,大
2026-08-11 17:07:23,85256074,000000000514e78adf8fcbd9131e06c73f7308524e3ffa931295eb939e3aeb32,3aeb32,2,双,小
2026-08-11 17:07:29,85256076,000000000514e78cb9e59058c5cfd7b17b9081b5316bde78b664bc2120d4c73d,d4c73d,3,单,小
2026-08-11 17:07:36,85256078,000000000514e78e7b69c24adf837299210e8f809a89a3adf20680c4f0759e6d,759e6d,6,双,大
2026-08-11 17:07:41,85256080,000000000514e79029c611b26ee2ee2752767d42cf9eb277605fe43882006985,006985,5,单,大
2026-08-11 17:07:48,85256082,000000000514e792608a8a60932cd22daefbcc7737dd2fe5484615c048ed382d,ed382d,2,双,小
2026-08-11 17:07:53,85256084,000000000514e794e0951e31cac1f911e041126c8ad6b1ff1bcfe2532dec7881,ec7881,1,单,小
2026-08-11 17:08:02,85256086,000000000514e7963b8844844e92194dfd1959cae715c08478e3ea39d1b1a2f9,b1a2f9,9,单,大
2026-08-11 17:08:04,85256088,000000000514e798c60edab80a66120a023ea36b37a7188169416c15577c1b7d,7c1b7d,7,单,大
2026-08-11 17:08:11,85256090,000000000514e79a527d933992fae5843c131f06fb8b17e204236ba3e4fcc11d,fcc11d,1,单,小
2026-08-11 17:08:17,85256092,000000000514e79cfe827a169d50ba69bf6daa1c8a5afc57c387f7bedb01a4ff,01a4ff,4,双,小
2026-08-11 17:08:25,85256094,000000000514e79e33cf1d2870b001d134bb2f2c1fcba4ca403545afb4f20014,f20014,4,双,小
2026-08-11 17:08:29,85256096,000000000514e7a0c736af967d480f315e560e9ebf918ae4bc829a4829c4af7f,c4af7f,7,单,大
2026-08-11 17:08:36,85256098,000000000514e7a2fbf147b4a20617f77c9873ed35a5dd66ddcc72db91beb57c,beb57c,7,单,大
2026-08-11 17:08:42,85256100,000000000514e7a427839f73ef0f78cd3ecabbb7ada90c8118fbe06f04bf05c7,bf05c7,7,单,大
2026-08-11 17:08:49,85256102,000000000514e7a6aaf42b0e3c29730d3477f8ad4327ecc68f5562358b6857de,6857de,7,单,大
2026-08-11 17:08:56,85256104,000000000514e7a831b11e0136809d31029592a2e43845efb10eac5da3b61f18,b61f18,8,双,大
2026-08-11 17:09:01,85256106,000000000514e7aa740298c1c59678dd14a62e2612d01f0ca3122e0d8a4babd2,4babd2,2,双,小
2026-08-11 17:09:08,85256108,000000000514e7ac6bac9eab659998cc7ae26b3d7f265d188d5ab201659affae,9affae,9,单,大
2026-08-11 17:09:10,85256110,000000000514e7aecbbb48145aa36d54520fc049602a6a05171aba53811be0ab,1be0ab,0,双,小
2026-08-11 17:09:21,85256112,000000000514e7b0d19cc06dbb1a0b0c643c221e89e4daa5d6e6966c34f1026f,f1026f,6,双,大
2026-08-11 17:09:24,85256114,000000000514e7b234c40b9f4fbf54211b8849eab9f56c30a195458e5a01c27c,01c27c,7,单,大
2026-08-11 17:09:32,85256116,000000000514e7b4e045d021bff35086650a9f36aa1b6255be21a99450c29d09,c29d09,9,单,大
2026-08-11 17:09:34,85256118,000000000514e7b671b498a3767df406e0b9ab491270fc7d386d00f1f9a56fd2,a56fd2,2,双,小
2026-08-11 17:09:41,85256120,000000000514e7b86c8d7cefb4ab47fa5bfc0482b7ba34627d8862540630be8c,30be8c,8,双,大
2026-08-11 17:09:48,85256122,000000000514e7bacc80b4a9dac6d4cbeafe313dd54ccdb283debd33157e5e66,7e5e66,6,双,大
2026-08-11 17:09:52,85256124,000000000514e7bc496ae8de9dd7a14ad7adfd45b0723c70455e12eeeee59e04,e59e04,4,双,小
2026-08-11 17:10:02,85256126,000000000514e7be7cd484e8283c9880c1f21e0509e60310fcaff705e7757507,757507,7,单,大
2026-08-11 17:10:07,85256128,000000000514e7c08839baa777682c183d8e19c4e11284795418858a7a618f5e,618f5e,5,单,大
2026-08-11 17:10:13,85256130,000000000514e7c22873ace999d9a9bd13337c6f742a367d391d14d12eacb552,acb552,2,双,小
2026-08-11 17:10:20,85256132,000000000514e7c4becfe561c609b6234046091bed4e5b9c2b135cd3b8733153,733153,3,单,小
2026-08-11 17:10:23,85256134,000000000514e7c635ce9ae62150521956315e19039eb0eeb7c7247e9f87839b,87839b,9,单,大
2026-08-11 17:10:30,85256136,000000000514e7c8ccd7a0ac0a8699903d01f28180e5c20517e49409c83ce128,3ce128,8,双,大
2026-08-11 17:10:38,85256138,000000000514e7ca83dff1cf9093b0fba02c85cebf5911d3eea03b68019a0879,9a0879,9,单,大
2026-08-11 17:10:50,85256142,000000000514e7ce77c2a7a737b7ce700cad9c796b84e672d917bba4157c79e6,7c79e6,6,双,大
2026-08-11 17:10:55,85256144,000000000514e7d0a973c79d6a8a00d768bb3165fdc1e60281cf7e7653519f29,519f29,9,单,大
2026-08-11 17:11:01,85256146,000000000514e7d2346c58cc4632e84e5d7de88ec754eb9d0fd5e59c7d30c1ec,30c1ec,1,单,小
2026-08-11 17:11:05,85256148,000000000514e7d4f3d2aaa7e25fd1b7fddf4a23a2807f95b8a6803407e56a48,e56a48,8,双,大
2026-08-11 17:11:11,85256150,000000000514e7d6bd673674b56b0583147a80207ed21169e792fa5698326ff0,326ff0,0,双,小
2026-08-11 17:11:29,85256156,000000000514e7dc49c9f7ae7f5a1de8541d0123180f940ac0913fbd4ef6d029,f6d029,9,单,大
2026-08-11 17:11:35,85256158,000000000514e7de155f72e529c48ac219c40ab39724c63c0aeed595cfce0539,ce0539,9,单,大
2026-08-11 17:11:41,85256160,000000000514e7e093b5ed9bcc9c243c90bdebcabc1b819a37241920c61a9321,1a9321,1,单,小
2026-08-11 17:11:47,85256162,000000000514e7e233581f991e07f6b95925e8bd6c3b92dc29818260b54590ac,4590ac,0,双,小
2026-08-11 17:11:54,85256164,000000000514e7e4a59e51037e1a6b4903af601bf67f7a3b909778c75a6ec6a6,6ec6a6,6,双,大
2026-08-11 17:12:01,85256166,000000000514e7e6ba7afd5f80b16edb31011599f91e2e18a5275b465653e2ce,53e2ce,2,双,小
2026-08-11 17:12:07,85256168,000000000514e7e8b7302915f8b138e03cab4ecac6679042e92cd1f822d54c24,d54c24,4,双,小
2026-08-11 17:12:13,85256170,000000000514e7eadef6adc56b89bce6bba1100e0535efed9df9057fa2dd5105,dd5105,5,单,大
2026-08-11 17:12:17,85256172,000000000514e7ecd9fb5d361aa66ca03ed786614a70882b925a82a52f2bf8ae,2bf8ae,8,双,大
2026-08-11 17:12:25,85256174,000000000514e7eed0b1fe91df2d2a120e9a2355e6e42b1d9b04e464d4f8ba33,f8ba33,3,单,小
2026-08-11 17:12:32,85256176,000000000514e7f0ab3add500ec7b29bd774605b7537a2aa5f3c1d9c76957458,957458,8,双,大
2026-08-11 17:12:38,85256178,000000000514e7f266295fbebb6d0e3dd91b8e89ac8b5c9f1b09dea95a8eb357,8eb357,7,单,大
2026-08-11 17:12:41,85256180,000000000514e7f42cd58852be7c4457720e51688280f8f7d944cd3806fe7565,fe7565,5,单,大
2026-08-11 17:12:48,85256182,000000000514e7f62b710a650608c108db42fdeac8daab35d43a79191c69afbb,69afbb,9,单,大
2026-08-11 17:12:56,85256184,000000000514e7f80be366239a56048d8910f5f746298d7ab787f0587586cc26,86cc26,6,双,大
2026-08-11 17:12:59,85256186,000000000514e7faaf2a71af797e56a81a1e0ba570514d0b01ca18a02b65ecee,65ecee,5,单,大
2026-08-11 17:13:12,85256190,000000000514e7fe535fd96fc13e0314cb8584f8672f057a6734f0fad4dbe66b,dbe66b,6,双,大
2026-08-11 17:13:18,85256192,000000000514e800f987527b4f8fd02887e1fad1da9deafdd9f79a646e11a68f,11a68f,8,双,大
2026-08-11 17:13:24,85256194,000000000514e80279e94fcd49df5910895ae230370912c95d981bbaac930c94,930c94,4,双,小
2026-08-11 17:13:30,85256196,000000000514e804c788897940ea6829c1b247e9efe571ac875d0589174f8dc2,4f8dc2,2,双,小
2026-08-11 17:13:35,85256198,000000000514e8065ecb3da283ba2c87c77f043839fe48a0c97cde7eb7542b05,542b05,5,单,大
2026-08-11 17:13:43,85256200,000000000514e8081edf991333cb10fec593ec95c47ba3ff840cf9613f0aa55d,0aa55d,5,单,大
2026-08-11 17:13:48,85256202,000000000514e80aaa9d8c0df1ac21896dc28729bb13e031bce5fe2a49750145,750145,5,单,大
2026-08-11 17:13:56,85256204,000000000514e80cba6ccf7ecd9ad6873d919120e16427df0edc8710b4ae6fd5,ae6fd5,5,单,大
2026-08-11 17:14:02,85256206,000000000514e80e419a1fecd68515733ba0e3f42d0624106ced4883f829b4dd,29b4dd,4,双,小
2026-08-11 17:14:05,85256208,000000000514e810d3d7cee87ba88801ad18dd797f4c05136ad797f1bd50f764,50f764,4,双,小
2026-08-11 17:14:12,85256210,000000000514e812cf651cdc82b78720c4d91a0756eeccd364571f57f1d0acb6,d0acb6,6,双,大
2026-08-11 17:14:19,85256212,000000000514e81464860df4b89e4aa4c16157211478058b4f1fbcdc524a08c3,4a08c3,3,单,小
2026-08-11 17:14:25,85256214,000000000514e81652dae6903e24f91688910ae1a3a8f3cd2ad0e43200eb2073,eb2073,3,单,小
2026-08-11 17:14:31,85256216,000000000514e8184dc0849a6723056a2d51718b18788163122936143b1a4f0d,1a4f0d,0,双,小
2026-08-11 17:14:36,85256218,000000000514e81a95e72baa992134736939b154aba94d07f3e9997070b99fc7,b99fc7,7,单,大
2026-08-11 17:14:42,85256220,000000000514e81ca4309b54b539ace60396d16c360a26a574b926a239fa4abc,fa4abc,4,双,小
2026-08-11 17:14:47,85256222,000000000514e81e093bdf4114d8ad5a6b5da2a52caacef2c903abca5546463a,46463a,3,单,小
2026-08-11 17:14:56,85256224,000000000514e8206c9590945e52f8e5c17290d47ab6dbb8ece909594c7d892d,7d892d,2,双,小
2026-08-11 17:15:01,85256226,000000000514e822ff3f0534b342f13fddf441a0c6c0ac3d19b7caeed2bfd62f,bfd62f,2,双,小
2026-08-11 17:15:07,85256228,000000000514e824f3e3dfb4efd2c97427525e81c1cdddee60f421e701433021,433021,1,单,小
2026-08-11 17:15:13,85256230,000000000514e826a5acee9c7d03021ab03487d5c0c544e17c04b476434913cf,4913cf,3,单,小
2026-08-11 17:15:17,85256232,000000000514e8283722036e453c59aa173bd74c9367807d7fb926ea1b2b26fc,2b26fc,6,双,大
2026-08-11 17:15:25,85256234,000000000514e82aa3440314fbf9f09318c0a56c00a19f3f2255d05bde8e4a6b,8e4a6b,6,双,大
2026-08-11 17:15:31,85256236,000000000514e82cbc7622ce3b9724606a9831c5483feb698ef84f703ee6fb25,e6fb25,5,单,大
2026-08-11 17:15:36,85256238,000000000514e82e3805bd15a160aa4df273f03e13f4e50ada952f6d454d5a99,4d5a99,9,单,大
2026-08-11 17:15:43,85256240,000000000514e8309ed4e8c41c1f13fd063f352243cf46fc27cc645cc5c75175,c75175,5,单,大
2026-08-11 17:15:49,85256242,000000000514e8327736658442b57e2f64a6671349224ccfe8d008989a09c283,09c283,3,单,小
2026-08-11 17:15:53,85256244,000000000514e834ccffc3da8fb3773a46dfe7ce1760811e6b5e2427ce269680,269680,0,双,小
2026-08-11 17:15:59,85256246,000000000514e836b61480c3996738ebd0bd3a42419cbd6d9ce59f2a2e5887ec,5887ec,7,单,大
2026-08-11 17:16:07,85256248,000000000514e838db57f8e8bb482a3cecbf97ec2873da11e798c7d1d88c0b0f,8c0b0f,0,双,小
2026-08-11 17:16:11,85256250,000000000514e83afec8972521bf6a868f763b6ecbe51fe81619dcddbcef14fb,ef14fb,4,双,小
2026-08-11 17:16:18,85256252,000000000514e83c53086324ed7428b381763eb7975751520a06710ff36456b8,6456b8,8,双,大
2026-08-11 17:16:25,85256254,000000000514e83e886865303842c62bbcbf8cb1923b097f3f9d695bafb3f710,b3f710,0,双,小
2026-08-11 17:16:30,85256256,000000000514e840a4defb8c944b7f58b4245acd32c9a097a7a4493cd370e6e6,70e6e6,6,双,大
2026-08-11 17:16:37,85256258,000000000514e842b50d155fd6f6ec92c1a5f894b1d63731a0f3fade01b1aacf,b1aacf,1,单,小
2026-08-11 17:16:42,85256260,000000000514e844436fdb7b19ba1e80e1be758364b632ec809e4084707dc6aa,7dc6aa,6,双,大
2026-08-11 17:16:49,85256262,000000000514e846350473101d83b8d5c60734e745d73c2467eaa443f45b0256,5b0256,6,双,大
2026-08-11 17:16:54,85256264,000000000514e848adc06c040e75865b0ad1c72cbebdae20a986fd70c32b1668,2b1668,8,双,大
2026-08-11 17:17:01,85256266,000000000514e84a47139d2486c542bdc6103f6795fea425f6d5a36a47745207,745207,7,单,大
2026-08-11 17:17:05,85256268,000000000514e84c91bcacf250f274406e392279645bcc66be9fb10e101662a0,1662a0,0,双,小
2026-08-11 17:17:10,85256270,000000000514e84eeb4a9612b517dafe7d2f48bd6978405c3c8803811cd8840c,d8840c,0,双,小
2026-08-11 17:17:17,85256272,000000000514e8504b939705b2441a101d9fdecd683a689109f0d16bbdf8bb98,f8bb98,8,双,大
2026-08-11 17:17:23,85256274,000000000514e8527648a7a52117f8fcb69a9b222bed8f7436fab288803e81e4,3e81e4,4,双,小
2026-08-11 17:17:30,85256276,000000000514e854fc83008a28b9d5ddcf4a24cc457529c99d633e90ca215e68,215e68,8,双,大
2026-08-11 17:17:35,85256278,000000000514e856f9650ef01446e3bb6c553e637687451141ec470b3b33faf8,33faf8,8,双,大
2026-08-11 17:17:41,85256280,000000000514e85816e126510734edfe38658a63de715a8b4d042228fc75647f,75647f,7,单,大
2026-08-11 17:17:47,85256282,000000000514e85a6a3451f0e2496b4cfefefd79f56afde4fce9c97ac093abf7,93abf7,7,单,大
2026-08-11 17:17:53,85256284,000000000514e85c5bb25f2dc501471a9b2aae2be892effed93bb24773b612da,b612da,2,双,小
2026-08-11 17:18:00,85256286,000000000514e85e7253ef7fd1cc4bef143c9813d830318796bb8ab4fc0a9886,0a9886,6,双,大
2026-08-11 17:18:07,85256288,000000000514e86054dde5b5c4fafd2f9e8689264406c7119a26a69c0b8c4177,8c4177,7,单,大
2026-08-11 17:18:12,85256290,000000000514e8628f357c8740d0674f29eb991ef1d7dab5732c9e4bd1b07f3c,b07f3c,3,单,小
2026-08-11 17:18:20,85256292,000000000514e8642d7c3926864c77b31bc7f9db97cb4e98a853902fd5057aba,057aba,7,单,大
2026-08-11 17:18:23,85256294,000000000514e8666eed1b4ab8dd8183fe306d51639394014bba249111e678bc,e678bc,8,双,大
2026-08-11 17:18:30,85256296,000000000514e868a4610c20f5fe723e4a17a69fe8f01db66fd70d6d295cbfd1,5cbfd1,1,单,小
2026-08-11 17:18:38,85256298,000000000514e86aafaa4ad70136fa7bdef737643e6ee0a2eda4cfc611ab0f77,ab0f77,7,单,大
2026-08-11 17:18:43,85256300,000000000514e86cd899e9354c1861d96ab1fa6c4a3eb9a71c858e5f28952d1f,952d1f,1,单,小
2026-08-11 17:18:48,85256302,000000000514e86eea405864aad6e032b2112ffffb89f1f5a4f53d8ee16cc3ac,6cc3ac,3,单,小
2026-08-11 17:18:53,85256304,000000000514e87087215adb2ec68b6b51b2284937709bd4e273631c8d586bf8,586bf8,8,双,大
2026-08-11 17:19:00,85256306,000000000514e87256f443a5978766d02c3a15faf032cef62e0fcedda657ded4,57ded4,4,双,小
2026-08-11 17:19:05,85256308,000000000514e874e9cc5cbece6af1a80d46db9d720727b411457d5989171d75,171d75,5,单,大
2026-08-11 17:19:12,85256310,000000000514e87646ecd50f71cf84f6410ab1fb0373b3433d5f77baf13fc3db,3fc3db,3,单,小
2026-08-11 17:19:16,85256312,000000000514e878bdfb467d5758b2a5b46832c33c8393aaea1ca74bbc6a347f,6a347f,7,单,大
2026-08-11 17:19:26,85256314,000000000514e87aed0cab5e61b76d4c06b79e43772c1ac7ce905f482f64141d,64141d,1,单,小
2026-08-11 17:19:31,85256316,000000000514e87c277701e02ed46cf549184dabfccd22fbcaa7fddd111b3ca3,1b3ca3,3,单,小
2026-08-11 17:19:36,85256318,000000000514e87e80d09d81a0f4e059fb87d3868400537e133dcf76a6c271a8,c271a8,8,双,大
2026-08-11 17:19:43,85256320,000000000514e880b5cb04c1a9a61c5a4b14b17391b14ad8040670bc9a247ad9,247ad9,9,单,大
2026-08-11 17:19:48,85256322,000000000514e88293eb92214eb78c6eb1fd62a2908774278c1477a60a4b4dbe,4b4dbe,4,双,小
2026-08-11 17:19:53,85256324,000000000514e884a159c7ac59f790c9012851d854ea8115a485fe12db96ec6d,96ec6d,6,双,大
2026-08-11 17:20:01,85256326,000000000514e886916a324a5e2f98dc3bd538256705c07a336fe7b59bd669f7,d669f7,7,单,大
2026-08-11 17:20:05,85256328,000000000514e8886db2f148e47ad8b3523546efbcb65a7539a0e595d8700d8d,700d8d,8,双,大
2026-08-11 17:20:13,85256330,000000000514e88ab1d43c0c0555a959f6cb23c56b51613f7aed7e0abd12e73f,12e73f,3,单,小
2026-08-11 17:20:19,85256332,000000000514e88c8f43ce6057e88f54c3a9916e0a992b0151e8628301b31900,b31900,0,双,小
2026-08-11 17:20:24,85256334,000000000514e88e14026d13d274be2d01406f4dfa7f1bfb71b18e464ed6801f,d6801f,1,单,小
2026-08-11 17:20:29,85256336,000000000514e890c821d3865fc138fd53b033a1afd0c7cb9b02f3706294eea9,94eea9,9,单,大
2026-08-11 17:20:36,85256338,000000000514e892ab353b830d1635a0776e84613a0b8785258b3ec0b521924e,21924e,4,双,小
2026-08-11 17:20:41,85256340,000000000514e894e2b0963fbc65ab6abc946cc3d46e59c2edf85faaeae025ce,e025ce,5,单,大
2026-08-11 17:20:49,85256342,000000000514e896ea70a27742cd040b86bda012054692e13f715390a84c7b5f,4c7b5f,5,单,大
2026-08-11 17:20:54,85256344,000000000514e898dc346fe73c881accb57a8c7a86dab1b5210d6d8ec7ca93e8,ca93e8,8,双,大
2026-08-11 17:21:01,85256346,000000000514e89aadb96e333d18117192e74b0833f002f8ab1d5687346b5cf8,6b5cf8,8,双,大
2026-08-11 17:21:06,85256348,000000000514e89cee7dabe1ae7ecde09c1d9d17312157a520d518403fa1d602,a1d602,2,双,小
2026-08-11 17:21:11,85256350,000000000514e89e4a259410a82ccee5985877cac324c8e938af63fdef8f0278,8f0278,8,双,大
2026-08-11 17:21:17,85256352,000000000514e8a0a859b1cbea76372a6d1149f954f40d1b26d072b8a05f0596,5f0596,6,双,大
2026-08-11 17:21:26,85256354,000000000514e8a26586c309dcbc250e9304322a922888347a305c6639c25ded,c25ded,5,单,大
2026-08-11 17:21:28,85256356,000000000514e8a4afaad2e898208a69a2b58c706dfaf5d8ce535d9f0d3b1c20,3b1c20,0,双,小
2026-08-11 17:21:38,85256358,000000000514e8a6e11b1fffd3f92191dc5d9cea76c996fdab0969de70751b3a,751b3a,3,单,小
2026-08-11 17:21:42,85256360,000000000514e8a80cb2e663c4a6873b5dc5db2f5b6362fa119bcfaa2964590b,64590b,0,双,小
2026-08-11 17:21:49,85256362,000000000514e8aa3e5dd1d44704fcd0eb603f40f11b210ddc585f5b933b09e3,3b09e3,3,单,小
2026-08-11 17:22:01,85256366,000000000514e8ae958ce339e56937b0c9dbe8a7e87809383ff8dceed0a4d22d,a4d22d,2,双,小
2026-08-11 17:22:08,85256368,000000000514e8b07fe0843fb60af191d25957da5ec5bb85ba13286f96155653,155653,3,单,小
2026-08-11 17:22:12,85256370,000000000514e8b2dd53b1a86f3da10fc91a96d22143a69f449ca81eacc0120e,c0120e,0,双,小
2026-08-11 17:22:17,85256372,000000000514e8b4b61dceb567f2e4d9e44e3bd82eb1fd9b0f7588d74d677e1a,677e1a,1,单,小
2026-08-11 17:22:24,85256374,000000000514e8b68da38c2ab6611ba0acd30527580c268b9356a2e591d8ccdb,d8ccdb,8,双,大
2026-08-11 17:22:30,85256376,000000000514e8b8fe407fbdf59bdd07d3841f5fda11f1775e718312cf9dec31,9dec31,1,单,小
2026-08-11 17:22:36,85256378,000000000514e8bab74d2ad14b9f4ff87b90241396763532bb40c6c9d24fc5ca,4fc5ca,5,单,大
2026-08-11 17:22:42,85256380,000000000514e8bcce98f7e9bf96ec4726105f8b1ce2d54fb80ae7983362fce2,62fce2,2,双,小
2026-08-11 17:22:50,85256382,000000000514e8beb3526b6c32ab452ddbcdb2e8a26a48ccb2a39ed3f09f815d,9f815d,5,单,大
2026-08-11 17:22:53,85256384,000000000514e8c0112b9f278545857294d61242972e2fe7bd2c5a199001471f,01471f,1,单,小
2026-08-11 17:23:08,85256388,000000000514e8c43de167d1c432b360ae7839fd9614b600d7f35d7ec3fe7b47,fe7b47,7,单,大
2026-08-11 17:23:11,85256390,000000000514e8c63c61574ff2d42cb0a815c3994c6dc726f035c1445b7f19be,7f19be,9,单,大
2026-08-11 17:23:20,85256392,000000000514e8c8c9e3576cff50c72cc50995e72c648cee2106349bca93a20c,93a20c,0,双,小
2026-08-11 17:23:26,85256394,000000000514e8ca34d91bd3c6d57f77d61887cc571982ebc6b639043bc60c54,c60c54,4,双,小
2026-08-11 17:23:30,85256396,000000000514e8cc0c9ecc21ff05a4518e6a475d856550ab44cbe9bd9b44105a,44105a,5,单,大
2026-08-11 17:23:35,85256398,000000000514e8ce4a64650a1578a4d34ef8fcce16cb5c151c7e3385eaeb04eb,eb04eb,4,双,小
2026-08-11 17:23:43,85256400,000000000514e8d07c5b6eaebccf13ce5e18501bc20c89b7263d204ab0aab5b2,aab5b2,2,双,小
2026-08-11 17:23:51,85256402,000000000514e8d23bf0a5eb1cdf373a69dcf6429508d24fc20cb563d99fa63c,9fa63c,3,单,小
2026-08-11 17:23:56,85256404,000000000514e8d43dcdfcedf4c0da5c91018157fecc6ae8027045249e5fd65d,5fd65d,5,单,大
2026-08-11 17:24:04,85256406,000000000514e8d65422df9144de8be7149026bf46e5c3bdfc2b103e89887ef1,887ef1,1,单,小
2026-08-11 17:24:07,85256408,000000000514e8d849f8c3e5811966b5885fa9a40eaa3c0f0acd034cd6d9aecf,d9aecf,9,单,大
2026-08-11 17:24:12,85256410,000000000514e8da2b2a659a51c46ef1ccba7e62314047bab9c308653e6b8bbc,6b8bbc,8,双,大
2026-08-11 17:24:16,85256412,000000000514e8dc509207d56f49f6b5bc0f7cf4a2b054852a8b13bb4f291470,291470,0,双,小
2026-08-11 17:24:25,85256414,000000000514e8decf295a7b4a3d626c44e6ecb515400aa7f34cede602ac9ad5,ac9ad5,5,单,大
2026-08-11 17:24:29,85256416,000000000514e8e082d52ba68d7cfda38a8034345d3baff33d77a821451edeed,1edeed,1,单,小
2026-08-11 17:24:36,85256418,000000000514e8e2d01e2a940df884b859da2b6e2311f94f6a7e5d1c6381b0e8,81b0e8,8,双,大
2026-08-11 17:24:58,85256424,000000000514e8e8da490674dd3ab8a3f172eccbd3a97061f5652177d1aa8106,aa8106,6,双,大
2026-08-11 17:25:04,85256426,000000000514e8eaa56e4be78c9eb7aee2e2e4715f0086daee83da26ca2757ad,2757ad,7,单,大
2026-08-11 17:25:07,85256428,000000000514e8ecd5c96f62522220af7df4f0cfe5793cae6baa74a3e901889a,01889a,9,单,大
2026-08-11 17:25:11,85256430,000000000514e8eef73ea0d755c15add46d6675bece74ec20977127217f42518,f42518,8,双,大
2026-08-11 17:25:20,85256432,000000000514e8f02a4bbfaeaf6754371c13631682a21b5064c85a0986421c38,421c38,8,双,大
2026-08-11 17:25:23,85256434,000000000514e8f23678e87529aee25a3a1c1ecce578213deda145de75a96f1a,a96f1a,1,单,小
2026-08-11 17:25:30,85256436,000000000514e8f4e30f610b164646d3ea20ef32880c0a86bbf47f140381c63d,81c63d,3,单,小
2026-08-11 17:25:35,85256438,000000000514e8f60825c0f247056b903eb4d662a2fbb58720b85b5455c20c28,c20c28,8,双,大
2026-08-11 17:25:44,85256440,000000000514e8f83e184af5761f81b644ee0705f8ec061ef3611b31bd41cc5d,41cc5d,5,单,大
2026-08-11 17:25:48,85256442,000000000514e8fa5f550a1d9fdf7897e13672daccae97e8b9b7f6b81f3f18ed,3f18ed,8,双,大
2026-08-11 17:25:53,85256444,000000000514e8fc6fc00c4fef4111fe2280934ceaec69b1f2b7e1c61a09e66b,09e66b,6,双,大
2026-08-11 17:26:01,85256446,000000000514e8fedafd7d12339a19035d6326a5666995957ddcc56c17c5514b,c5514b,4,双,小
2026-08-11 17:26:05,85256448,000000000514e900ff3b17687425f38e4aae8a4b87fa2b89cee7f33784833173,833173,3,单,小
2026-08-11 17:26:11,85256450,000000000514e902580f8888acdb84a328ebaca8fba41cb8a48c5d8f88cc16d6,cc16d6,6,双,大
2026-08-11 17:26:18,85256452,000000000514e9043e7d8e62ab5ea84af73e166edb8529dabb0236c053e19f25,e19f25,5,单,大
2026-08-11 17:26:23,85256454,000000000514e906af802d41a90c92546bafa074ce571687ee0aafe8f0bb3062,bb3062,2,双,小
2026-08-11 17:26:30,85256456,000000000514e90867a1f6d1023d3207e834b9262ac52df1c45eaa2d5c469b18,469b18,8,双,大
2026-08-11 17:26:35,85256458,000000000514e90ac28b1fb7de52f06dae8305d9c74c3ab2cc3074b6add859d3,d859d3,3,单,小
2026-08-11 17:26:43,85256460,000000000514e90c76d46468c438978ad02135d71176d5aeea93c11bdae39330,e39330,0,双,小
2026-08-11 17:26:49,85256462,000000000514e90ee238d6d1a305aa763e8bd6211ebe97b2a3579dfa62185653,185653,3,单,小
2026-08-11 17:26:55,85256464,000000000514e910071367acf8d0befef8d3b8b7d2f473175cd67f90dfce17b5,ce17b5,5,单,大
2026-08-11 17:26:59,85256466,000000000514e9120d9d2873f10ad239486ce374a9ba9b35a928c357122ffc9a,2ffc9a,9,单,大
2026-08-11 17:27:07,85256468,000000000514e9143c0720ee8e4bf18f437e91163075bb9e9ec3f01e17e7ce94,e7ce94,4,双,小
2026-08-11 17:27:12,85256470,000000000514e916abc30e883431aac9cebd5019d8d83a2c4040200dbf0d47dd,0d47dd,7,单,大
2026-08-11 17:27:18,85256472,000000000514e9183e752513f3f69fbe0cb2b95a878ab6daa84bd87866f86322,f86322,2,双,小
2026-08-11 17:27:23,85256474,000000000514e91a2be9d7fc9f639d12f563872dabbffea426c6ca8020f535fe,f535fe,5,单,大
2026-08-11 17:27:30,85256476,000000000514e91cc0bc02de3f6e98793bae8e300a525f953b70fa31cf779051,779051,1,单,小
2026-08-11 17:27:34,85256478,000000000514e91eb6083403ed6e4873aae39ca11b60576a94a0edccf4e9ae73,e9ae73,3,单,小
2026-08-11 17:27:41,85256480,000000000514e920b499ec1b009bb7205e6c670252cbf0592ac8a9306172b2a6,72b2a6,6,双,大
2026-08-11 17:27:48,85256482,000000000514e9222c0615a6b0eff1e10e052b4becf77b8cabac37d72881df69,81df69,9,单,大
2026-08-11 17:27:55,85256484,000000000514e9249719380cc374ef3392e4f44bcbbf1233d66d711e2980d519,80d519,9,单,大
2026-08-11 17:28:01,85256486,000000000514e92695f72d6c080fbaa7976209768317368542b43867a8528c5c,528c5c,5,单,大
2026-08-11 17:28:07,85256488,000000000514e928527c2620d01543cb74e74177764519bf37f4196dfe0fbc40,0fbc40,0,双,小
2026-08-11 17:28:13,85256490,000000000514e92ac27b50dc33fe0c6360e22185925f7e10159c9047b9630ff0,630ff0,0,双,小
2026-08-11 17:28:18,85256492,000000000514e92ca0997697172749419f52e8727ebb34be6aca4966c279c8d1,79c8d1,1,单,小
2026-08-11 17:28:24,85256494,000000000514e92efec294ced764114f9440a0a054970d3a003f0abbbaf14d9e,f14d9e,9,单,大
2026-08-11 17:28:29,85256496,000000000514e930e14f48e6197718145c141c26cf0e6275895bc3f77fcfce6a,cfce6a,6,双,大
2026-08-11 17:28:37,85256498,000000000514e93217344aa379fd84d006bf846fc741ed11a1e4a29f8767e774,67e774,4,双,小
2026-08-11 17:28:43,85256500,000000000514e934d43d299094b82a077517e3710fffe92e96a781e6758733ec,8733ec,3,单,小
2026-08-11 17:28:48,85256502,000000000514e936f2155cc42702da646775318922e6501dcd4bf83b2068ed6a,68ed6a,6,双,大
2026-08-11 17:28:53,85256504,000000000514e9380f3bffd7a666f4a1dc3a8c470b02a9e666bc0f027a8246b5,8246b5,5,单,大
2026-08-11 17:29:00,85256506,000000000514e93aba8b4f79f2f34c2b2c4a9500f7b1456c0b4cc29dd1e68981,e68981,1,单,小
2026-08-11 17:29:07,85256508,000000000514e93c057d75f727577bdc81144cb554a137259c87cf3bc14914c3,4914c3,3,单,小
2026-08-11 17:29:14,85256510,000000000514e93ee213c94097629561e3ea84ecbbf0bfc8d8ba14fdf77605a0,7605a0,0,双,小
2026-08-11 17:29:18,85256512,000000000514e94007b6d5a21ef808de57ef7568e6ff567d8b7e74b12f08bb9c,08bb9c,9,单,大
2026-08-11 17:29:23,85256514,000000000514e9427d5bc899779c17416486c18240ea58c42ecf9f9f951f3f68,1f3f68,8,双,大
2026-08-11 17:29:31,85256516,000000000514e9440c815cd558dd18a3b71f902b7919fa86b2f8a586df61aa9a,61aa9a,9,单,大
2026-08-11 17:29:36,85256518,000000000514e946860a63d726779701fa3cb8b20b7080668e71873eb7896df8,896df8,8,双,大
2026-08-11 17:29:49,85256522,000000000514e94afa16eec8793efa26ec0383f1fb517726e5481b88bf5d96f5,5d96f5,5,单,大
2026-08-11 17:29:55,85256524,000000000514e94c1300c0af35fbdb5934c7401938059b4ffdcb1eccf26c9565,6c9565,5,单,大
2026-08-11 17:30:07,85256528,000000000514e950a6104cd23d465db9f0d488b90d48dcef3922b864d9abb035,abb035,5,单,大
2026-08-11 17:30:13,85256530,000000000514e9527f44de5c97128c95f640679376dd34aef1907f19d5d6cdb3,d6cdb3,3,单,小
2026-08-11 17:30:17,85256532,000000000514e954bce80d96c91a4e611cb9582c5f679f23a93d0d75035fdf58,5fdf58,8,双,大
2026-08-11 17:30:24,85256534,000000000514e956f97e8070146dbd77ae89288eaf6cf09a1add7944fc801a6b,801a6b,6,双,大
2026-08-11 17:30:30,85256536,000000000514e958ae8da1169e2f9669f496c97d22a585bfa80dcdc40ed727ab,d727ab,7,单,大
2026-08-11 17:30:34,85256538,000000000514e95a5726c07dfbcdd2bc7adba251b9a6239d36b2b4248fc37eba,c37eba,7,单,大
2026-08-11 17:30:41,85256540,000000000514e95c1b2fa1a3f90c49f2e0ef930747bdfa1095cb03837b622ecb,622ecb,2,双,小
2026-08-11 17:30:49,85256542,000000000514e95eb49b17bdc7d9b9ce3c998677fe9a7ffa032d0ca91f9168d8,9168d8,8,双,大
2026-08-11 17:30:53,85256544,000000000514e9604b26ad11109dc2dd831ebe86d2947f1796d5642915fdce2d,fdce2d,2,双,小
2026-08-11 17:30:59,85256546,000000000514e96251781ed6c512908367c2459f10a12e7a09f768d6176a9bbc,6a9bbc,9,单,大
2026-08-11 17:31:08,85256548,000000000514e964343d87e3a84286981ae710ef535759cb65f75ce37179da2a,79da2a,2,双,小
2026-08-11 17:31:12,85256550,000000000514e96608fd5d18a14a80ca6bae00b010625cdf5ba24753bd7a0c36,7a0c36,6,双,大
2026-08-11 17:31:17,85256552,000000000514e9685b8f3577a2c7132d5df6b0e7345a43e2f12a7473426f611b,6f611b,1,单,小
2026-08-11 17:31:22,85256554,000000000514e96a77b2ba478d213c935ff0f83b738894509f68b233465714b9,5714b9,9,单,大
2026-08-11 17:31:30,85256556,000000000514e96c8b2de19a63ac7450e852d0c57346d93f5dccd4cd55668740,668740,0,双,小
2026-08-11 17:31:45,85256560,000000000514e970b9cc69a8f16d6d09fece1c7c86b8ae1ad5a059f236e08fad,e08fad,8,双,大
2026-08-11 17:31:50,85256562,000000000514e9726c5197536b5218b6dc4a2b6415daf2c0e7e9ee11851813f2,1813f2,2,双,小
2026-08-11 17:31:55,85256564,000000000514e9745b5a409734ebcb0f3461c344192370e6271449168df040c3,f040c3,3,单,小
2026-08-11 17:32:01,85256566,000000000514e976420b94635d607d61086c7cc69eac4fbe1aca37b101725939,725939,9,单,大
2026-08-11 17:32:05,85256568,000000000514e9783ed4677ad18b3d5de8da9cd8a1fed183d576e3cccb524ffe,524ffe,4,双,小
2026-08-11 17:32:12,85256570,000000000514e97aad339f6fc464b70a7d7faa3f98193397e86ef42fceb74646,b74646,6,双,大
2026-08-11 17:32:16,85256572,000000000514e97cd86eaa32df00aea49d4e8465a0b05eff27559a75a8ab2a92,ab2a92,2,双,小
2026-08-11 17:32:23,85256574,000000000514e97e4d001b0c93b1f9b2e0433865f7800639a4e027c67aa738e2,a738e2,2,双,小
2026-08-11 17:32:29,85256576,000000000514e980a5c0d38a4ac27d87a3b2730360664799efc0aa3d452b8788,2b8788,8,双,大
2026-08-11 17:32:38,85256578,000000000514e982d17978607c06ab8e2f30a82f7ebb0d326acee64148dd7ecd,dd7ecd,7,单,大
2026-08-11 17:32:44,85256580,000000000514e9842273ae35618d0d86f68218797bf3992da671ed2031a35acf,a35acf,5,单,大
2026-08-11 17:32:49,85256582,000000000514e986b1df833835c67b4c499ed6885a957604445b7507f1000035,000035,5,单,大
2026-08-11 17:33:02,85256586,000000000514e98a06490250ef6500c3d6d5296435671ceeee769c552381a5dc,81a5dc,5,单,大
2026-08-11 17:33:06,85256588,000000000514e98ca9cdc5821081b0f648ec0cd5db05ff7d01d95fb8e8d70b92,d70b92,2,双,小
2026-08-11 17:33:13,85256590,000000000514e98ed874c1ab7ea9ca418e4549c38b001df8d7ad866a8d60c4f0,60c4f0,0,双,小
2026-08-11 17:33:17,85256592,000000000514e9906615d95ba4253c12022f75d10bc281d0d35795ef4d8ca72d,8ca72d,2,双,小
2026-08-11 17:33:24,85256594,000000000514e9925b9372481a5c2339c00313cb166f00d19092f78c8f40ccf5,40ccf5,5,单,大
2026-08-11 17:33:32,85256596,000000000514e9940a8b16d3db8c05943990675b342d0b5dc9b0cd0f10ac354b,ac354b,4,双,小
2026-08-11 17:33:35,85256598,000000000514e996a96ee88847200939db54a2a3978c7a5a6c51796e749642ac,9642ac,2,双,小
2026-08-11 17:33:43,85256600,000000000514e998ff64c7687f126b98dbe353e1b9f05d7a39c02f2f7f8a643d,8a643d,3,单,小
2026-08-11 17:33:48,85256602,000000000514e99a356387284d43eac12639d6aaf65c757cde73bac173ac2737,ac2737,7,单,大
2026-08-11 17:33:54,85256604,000000000514e99cf38bf150d315bc7d2ee6f63767b6cd44e987afd9853d9e83,3d9e83,3,单,小
2026-08-11 17:34:02,85256606,000000000514e99edd582600d9b2184cadc06d37ab82bc1b62970ff038dd3da8,dd3da8,8,双,大
2026-08-11 17:34:07,85256608,000000000514e9a051986df2281fd250cb10060a965141d26cb8959a895a741b,5a741b,1,单,小
2026-08-11 17:34:11,85256610,000000000514e9a2c924f8542cb7da33c1efdb5e3c465d1c19cd723b5ffb88ae,fb88ae,8,双,大
2026-08-11 17:34:20,85256612,000000000514e9a4630f0a5e1c9555660a1d309f3201c674fa71ff4d24163e84,163e84,4,双,小
2026-08-11 17:34:22,85256614,000000000514e9a6c019c7bbbb1287125dde4471ee51f849dcb284c5c36968e9,6968e9,9,单,大
2026-08-11 17:34:30,85256616,000000000514e9a8ade4fba6aa5385dafbf45f4bdef8b682ec6d1b4c5da7e289,a7e289,9,单,大
2026-08-11 17:34:35,85256618,000000000514e9aa1ff9d25b8a0002a8b26f621785beed31cf52f9b65d7dc0bf,7dc0bf,0,双,小
2026-08-11 17:34:42,85256620,000000000514e9acb412748c41b3b07c4fa5271f0eb54704355401891afb07de,fb07de,7,单,大
2026-08-11 17:34:47,85256622,000000000514e9aef9c2f8765fb9028822e581dc0be88a042005c43babcb1bcf,cb1bcf,1,单,小
2026-08-11 17:34:52,85256624,000000000514e9b0e84d2f4db38c47a6b7babe86a183679095fdd64f1662ef4e,62ef4e,4,双,小
2026-08-11 17:35:02,85256626,000000000514e9b22dea138574cc03c88072eac21118e39f38dbc4b4daa97193,a97193,3,单,小
2026-08-11 17:35:05,85256628,000000000514e9b445b88c2280d3f274d07f818a392ffd3d5118b7f1b04af7c9,4af7c9,9,单,大
2026-08-11 17:35:12,85256630,000000000514e9b62d659935a674d128a8e701087668cf21b0d7556ac64dceef,4dceef,4,双,小
2026-08-11 17:35:26,85256634,000000000514e9baf86f7d554396100473697245f1c02e8be6c9d4c76c2d1c7c,2d1c7c,7,单,大
2026-08-11 17:35:30,85256636,000000000514e9bc365a8327f370c8d9d2688c960956ac0ad0b5442c701b318f,1b318f,8,双,大
2026-08-11 17:35:34,85256638,000000000514e9be8d995e12ccb49bf19950282c938e205c3f83325de5b8d728,b8d728,8,双,大
2026-08-11 17:35:43,85256640,000000000514e9c02db279f5caf656bd176d12ef1e7380395471323242449a82,449a82,2,双,小
2026-08-11 17:35:48,85256642,000000000514e9c2525f4b42c39dd71a6ab0e9e5b8cf5723b24b11c3ae6f52b0,6f52b0,0,双,小
2026-08-11 17:35:58,85256644,000000000514e9c40d2dcc504385847fc9af3d3279258ff1829c73ec5410be2c,10be2c,2,双,小
2026-08-11 17:36:02,85256646,000000000514e9c6abec20da34128a14dce99e3593b7afb4ad70a8fba3d15c43,d15c43,3,单,小
2026-08-11 17:36:05,85256648,000000000514e9c82dcebb77e5a7f978caf67633ca043c92f9831c50a1810407,810407,7,单,大
2026-08-11 17:36:14,85256650,000000000514e9caaccc7ebc1806f346ade29adf9d0b8d68fb3de91c339651e4,9651e4,4,双,小
2026-08-11 17:36:19,85256652,000000000514e9cc8ae1544a22b4818d7f6499f8958119ebd9174f74e3e00df6,e00df6,6,双,大
2026-08-11 17:36:24,85256654,000000000514e9ce0aa6124dbc1c7db0e750d538ff6d01b0f2d8697837dcc728,dcc728,8,双,大
2026-08-11 17:36:32,85256656,000000000514e9d0c2cd2d76f137e1d19e8741e39dcd9c6e0db38d1d9f16fd8d,16fd8d,8,双,大
2026-08-11 17:36:35,85256658,000000000514e9d21b8be980103e74ec5f3d62cb7388901d10bd0f4acd0942b0,0942b0,0,双,小
2026-08-11 17:36:43,85256660,000000000514e9d4aff3dc8f9f362a2743234bb35bc1f3429efc70a4081da908,1da908,8,双,大
2026-08-11 17:36:48,85256662,000000000514e9d6b5b6e88c684f438bb6392229e76ff0e141f889ecc03e5762,3e5762,2,双,小
2026-08-11 17:36:54,85256664,000000000514e9d82e63b2a79dacce56310ab4c9ef6125b0d6576ba2bd29e575,29e575,5,单,大
2026-08-11 17:37:01,85256666,000000000514e9da6de29cb9a3768250a2aaa87f98cb65a6ab0245b03e1b465c,1b465c,5,单,大
2026-08-11 17:37:07,85256668,000000000514e9dca76640aa8d3d64b0074ee796514b6da77561eec5f3db30f8,db30f8,8,双,大
2026-08-11 17:37:11,85256670,000000000514e9de386fd07f3530f8506f3289e5a643dba736804c3c4f12ca08,12ca08,8,双,大
2026-08-11 17:37:20,85256672,000000000514e9e0b23cd14b277886f6128643093ffe7706d9a12fd58f24c518,24c518,8,双,大
2026-08-11 17:37:27,85256674,000000000514e9e23a6b0ffc62c09c4f06cb7288b313eeecdf75a62e0053eea6,53eea6,6,双,大
2026-08-11 17:37:30,85256676,000000000514e9e4722ca5d04416f6a0e85054c6ebcb2964add93b6fd99990d0,9990d0,0,双,小
2026-08-11 17:37:35,85256678,000000000514e9e6695ef696b6d822ab2284d8947cb2dc57759bdd0a0feb726d,eb726d,6,双,大
2026-08-11 17:37:42,85256680,000000000514e9e83db6ce8baa7810a321695551f36e9cea28ff854b6ac5b3d7,c5b3d7,7,单,大
2026-08-11 17:37:47,85256682,000000000514e9ea18283731cbeeae7e10f14cccdd6daddf26d8cfd1130c0198,0c0198,8,双,大
2026-08-11 17:37:54,85256684,000000000514e9ec436dd16e63abfcd2278d336134cbdf6276173c94754d0071,4d0071,1,单,小
2026-08-11 17:38:02,85256686,000000000514e9eed343b9a6c0da7c66de70b73057627ebd2f36c58606ff010f,ff010f,0,双,小
2026-08-11 17:38:08,85256688,000000000514e9f07de6b9feb6271d0f6ad9db818522b34086579a3658c86428,c86428,8,双,大
2026-08-11 17:38:11,85256690,000000000514e9f29549986bef6aef74af2c76ba616b15ef77f9e9b7e7ce6834,ce6834,4,双,小
2026-08-11 17:38:20,85256692,000000000514e9f40d9d9b81177a9f51ef406f4a243a1e82c7fcb121c358f9a6,58f9a6,6,双,大
2026-08-11 17:38:22,85256694,000000000514e9f6e4fb6900505d2b41ff07a2057a6b7f1232951d92e4a15513,a15513,3,单,小
2026-08-11 17:38:30,85256696,000000000514e9f8d50b7512808eae23c8d90ae6da843f664e9d3fb5956081e8,6081e8,8,双,大
2026-08-11 17:38:37,85256698,000000000514e9faaf222eeef1ee22e2017bc82b7b853a805d29358f79c6ac23,c6ac23,3,单,小
2026-08-11 17:38:41,85256700,000000000514e9fc9e01bea5df3dac0435bb88a4cc480ff397056ee456ba78b4,ba78b4,4,双,小
2026-08-11 17:38:47,85256702,000000000514e9febe6cd4dc94ad7b94d520f5e669d67d2eaff7731ab1798dce,798dce,8,双,大
2026-08-11 17:38:54,85256704,000000000514ea005185aed56292c38e9ee8ad88a3283a4df34bf4f6e15f1258,5f1258,8,双,大
2026-08-11 17:39:01,85256706,000000000514ea026c09a07401b5801db40d2bd76660df6603cf03e4326da26e,6da26e,6,双,大
2026-08-11 17:39:08,85256708,000000000514ea047d35402623b27d982f3bea33b6565561a7ace7f3bd71c37a,71c37a,7,单,大
2026-08-11 17:39:11,85256710,000000000514ea060d2adb1285482b5a38dff8e111128c9d9597b51f0f203047,203047,7,单,大
2026-08-11 17:39:19,85256712,000000000514ea08579e1a2bac6f411cdf93469cbab5f0df66f57e876d890138,890138,8,双,大
2026-08-11 17:39:22,85256714,000000000514ea0a81202fb26e9564804c7b031ed55fab4e5f865db79704ad02,04ad02,2,双,小
2026-08-11 17:39:30,85256716,000000000514ea0c7a453e4ffb57831224799230921c78af5d35c3d46893f033,93f033,3,单,小
2026-08-11 17:39:36,85256718,000000000514ea0ed7cbe5359e071e2f64659e2da44e1704d14825dc2e6a5a4e,6a5a4e,4,双,小
2026-08-11 17:39:41,85256720,000000000514ea10cf791b625e35cef371dbd834ff813dcf065496edb991a0c2,91a0c2,2,双,小
2026-08-11 17:39:49,85256722,000000000514ea122163593cb93601be51f689a9e25b35f89890eb0dc0cb425c,cb425c,5,单,大
2026-08-11 17:39:55,85256724,000000000514ea1419d09d67506ed336c19542d1599297ffd2fa5b381e7e2110,7e2110,0,双,小
2026-08-11 17:40:00,85256726,000000000514ea1623d19f74c41d04271b84b9a5cd6dff18a8dbef19b82abd97,2abd97,7,单,大
2026-08-11 17:40:05,85256728,000000000514ea1802c1f8987ec62258b77f7ea67812c68db9b94cfb0be9dc7d,e9dc7d,7,单,大
2026-08-11 17:40:12,85256730,000000000514ea1ae8f1b3b44c6e142d40d7174935dd4c73a100861bb7377455,377455,5,单,大
2026-08-11 17:40:18,85256732,000000000514ea1c372ca96b25cd5b26a56eb8d685f58f2e593deb33fd8929dc,8929dc,9,单,大
2026-08-11 17:40:25,85256734,000000000514ea1edd61b2093e2024eed478fe7c907d36cc6032fdcb659491d4,9491d4,4,双,小
2026-08-11 17:40:31,85256736,000000000514ea2096b1cd590738470f49738f1f81b5df08b9d4b9e2eb1e821d,1e821d,1,单,小
2026-08-11 17:40:38,85256738,000000000514ea227321eef7e729f3df58323c09482d8a1512efa084ab79b509,79b509,9,单,大
2026-08-11 17:40:43,85256740,000000000514ea24c61ffec5d92774d90226c943e7a1bebb81ae1e8f319d455a,9d455a,5,单,大
2026-08-11 17:40:48,85256742,000000000514ea267b59f71649761e898701373e003340d1fe639e6ba9b46977,b46977,7,单,大
2026-08-11 17:40:55,85256744,000000000514ea28dd99446029c63747c68ac30d67b3f09c2bc4f521f7e6e641,e6e641,1,单,小
2026-08-11 17:41:01,85256746,000000000514ea2acf94175fa431e2476bcfd9bd408460f2c5492eae19f1b22c,f1b22c,2,双,小
2026-08-11 17:41:05,85256748,000000000514ea2caef53da1861f4f612a97498d726d32a11295ed5e34dbd7f2,dbd7f2,2,双,小
2026-08-11 17:41:13,85256750,000000000514ea2ec032d492fb0e231a05f7650957c69ab6bd93628dc310ec67,10ec67,7,单,大
2026-08-11 17:41:20,85256752,000000000514ea30a9869a0fd8da082a537300327fe9c06d4894eae5dfa0c4b6,a0c4b6,6,双,大
2026-08-11 17:41:22,85256754,000000000514ea325675f3bfaf70bb5aa27003e1698524bad61ae35122ce745f,ce745f,5,单,大
2026-08-11 17:41:30,85256756,000000000514ea34fc51492cd455cbc7514eb59e88587ee22e3ef60b2a7ff865,7ff865,5,单,大
2026-08-11 17:41:36,85256758,000000000514ea360d5d0bd9e7a6549ab2133b5114f1282603bc2dfd33e1208e,e1208e,8,双,大
2026-08-11 17:41:41,85256760,000000000514ea38f4c119377f991d2a35e28fdaef8949841fd6f4656022dbf5,22dbf5,5,单,大
2026-08-11 17:41:48,85256762,000000000514ea3ad84a16a60ebd43a59f8c5098817923452fde5f9f869c361d,9c361d,1,单,小
2026-08-11 17:41:55,85256764,000000000514ea3c9c5806b379587695acbfb0d9ab81c308eb9e945891abe6b8,abe6b8,8,双,大
2026-08-11 17:42:01,85256766,000000000514ea3e6b3808d933bd849a9ebc44f5f025a502d5cfbbddc25a20c4,5a20c4,4,双,小
2026-08-11 17:42:04,85256768,000000000514ea404ab62213676b621431b10c98defe328a6c848ce9e5539516,539516,6,双,大
2026-08-11 17:42:11,85256770,000000000514ea4208ba3e3a394e5aca8a0f0e0ed091d4fee11dbb9c2aae7816,ae7816,6,双,大
2026-08-11 17:42:17,85256772,000000000514ea44264b940dd3d7c58de82cc3cd7fc9f5a4a5b2a7b048b4bde1,b4bde1,1,单,小
2026-08-11 17:42:22,85256774,000000000514ea46d0aeb05be35a934bd62de205fcdfc5b4b4973745e7ac0fd7,ac0fd7,7,单,大
2026-08-11 17:42:30,85256776,000000000514ea48def89f1dee091b2b9ae8db47ca2d45bbffb9bff3b09969c8,9969c8,8,双,大
2026-08-11 17:42:35,85256778,000000000514ea4aba6a5ebab0757aa52334fd8c5cb905bcf6e2453abd1898ef,1898ef,8,双,大
2026-08-11 17:42:44,85256780,000000000514ea4cfdc41b192a2b73e3d98319465fd91bf8555404b442a1b430,a1b430,0,双,小
2026-08-11 17:42:48,85256782,000000000514ea4ec29e424451cf98c4fb6c33b7ae9a09e012c3c3c2835a0b8b,5a0b8b,8,双,大
2026-08-11 17:42:53,85256784,000000000514ea508f5ebc58b5e328dca2eb8471b60214628ae30c8691f840f4,f840f4,4,双,小
2026-08-11 17:43:01,85256786,000000000514ea529567660445cc1c5b9ffcb68a8f7c733774b2f65ad96e9984,6e9984,4,双,小
2026-08-11 17:43:07,85256788,000000000514ea54f96bbd037cbfe748bfeb6e31b62129ca8656351dd3976e53,976e53,3,单,小
2026-08-11 17:43:13,85256790,000000000514ea56e829f43ba39d7748816dc8cebadd414015c695a5f8b6f9fe,b6f9fe,9,单,大
2026-08-11 17:43:18,85256792,000000000514ea587fe148aa7413ea9ff406d4d4cda5254b8e825f8324048bc2,048bc2,2,双,小
2026-08-11 17:43:23,85256794,000000000514ea5a41303047aab338f3f94d3c039ecdec223a17e6de67e29c72,e29c72,2,双,小
2026-08-11 17:43:30,85256796,000000000514ea5ccab6e0ea7d70c585e441c099520bf4d009cad3cdac8cc413,8cc413,3,单,小
2026-08-11 17:43:35,85256798,000000000514ea5e1302034e5b4ce8ffd20ab9df11a67dbf05decbdcabd61b22,d61b22,2,双,小
2026-08-11 17:43:44,85256800,000000000514ea60770a1095b8f55f01dedf26357c2e9a094df012e198383cfb,383cfb,3,单,小
2026-08-11 17:43:49,85256802,000000000514ea621623b7351a65c9d74f73e8007b4a3b64464506b708c392ce,c392ce,2,双,小
2026-08-11 17:43:56,85256804,000000000514ea6465b7b3d99bc3c104dffa4ddce01611d206cea61311bc7e7f,bc7e7f,7,单,大
2026-08-11 17:44:01,85256806,000000000514ea663e0eceeb164073f814e0db6fa8d913efa9c0476ce756caf7,56caf7,7,单,大
2026-08-11 17:44:07,85256808,000000000514ea68cf88cd05cd49f6d1ed8cbb07768c570caf742eb01bf51c6e,f51c6e,6,双,大
2026-08-11 17:44:11,85256810,000000000514ea6a2e0f78a63fbba15836fa7b5117e8c1261a39b79aea26b7f1,26b7f1,1,单,小
2026-08-11 17:44:17,85256812,000000000514ea6c92dea86728c52e845b53b0f9d3193fb7007b7e64ae29154e,29154e,4,双,小
2026-08-11 17:44:23,85256814,000000000514ea6eefd6d686411ddf6131e8ef3dcf711a4d8ebb0865cf49e260,49e260,0,双,小
2026-08-11 17:44:30,85256816,000000000514ea70aa0373cac134a3248f57e3de0a05f932252f55e54e1a6ccb,1a6ccb,6,双,大
2026-08-11 17:44:37,85256818,000000000514ea725e61fe7ba6c3313ab51b5d60fa525c692329f03a21254de9,254de9,9,单,大
2026-08-11 17:44:41,85256820,000000000514ea742717f6a7a74ff9ca7f231e39b361b0f02d6dd1003719262d,19262d,2,双,小
2026-08-11 17:44:48,85256822,000000000514ea765ebde54bae184a1ce82a996fba28bacace45454b5fe215b2,e215b2,2,双,小
2026-08-11 17:44:53,85256824,000000000514ea78f16a7959672dd0f4c7b494582ff20c6bf4a633dcb4c44194,c44194,4,双,小
2026-08-11 17:45:01,85256826,000000000514ea7a4d68b744218d732576b5c9f8f30bcb0fb5f4e7baf88ba70b,8ba70b,0,双,小
2026-08-11 17:45:04,85256828,000000000514ea7c41d4ea7ed7d10378132e999219053c9163febe21beec187c,ec187c,7,单,大
2026-08-11 17:45:11,85256830,000000000514ea7ef80a6cb8e7bf54d66bfb47a81fea1afee1f3157c3254bcdf,54bcdf,4,双,小
2026-08-11 17:45:17,85256832,000000000514ea80a59ab5befd129e42e84ecdd9e6c8ff1ed6be51a1c51f0ed4,1f0ed4,4,双,小
2026-08-11 17:45:24,85256834,000000000514ea82c8e79fec7cc0ab7c99ba1409c4c26c20c9afb2a3ef10f934,10f934,4,双,小
2026-08-11 17:45:33,85256836,000000000514ea846e4badc4a4f0796a20dbb22a74d81855d1f5bd70c09962dd,9962dd,2,双,小
2026-08-11 17:45:36,85256838,000000000514ea8646f0c73f4fa3d26bafa3217b4bec3e93aec5dd7f10cd00ce,cd00ce,0,双,小
2026-08-11 17:45:41,85256840,000000000514ea88c92f087cdbe609b63b1e043bdc6b057678aa26cfcdc59c48,c59c48,8,双,大
2026-08-11 17:45:48,85256842,000000000514ea8a4ec313db647c867c1def5eb8e61ad4f4499fd6cc6927b371,27b371,1,单,小
2026-08-11 17:45:54,85256844,000000000514ea8cad088a45f2295c09d5b5305c763cae5ea034cb71e4cf38b7,cf38b7,7,单,大
2026-08-11 17:46:00,85256846,000000000514ea8ec17aebf5818fbec7545c6724fb39f4ed559db605b75af499,5af499,9,单,大
2026-08-11 17:46:05,85256848,000000000514ea901134e2810abe81b8b9e094b1839a7b8932f8f6daf0aa2526,aa2526,6,双,大
2026-08-11 17:46:11,85256850,000000000514ea92fc28c27312e3ba8a9f049978763dc370c285a52862e05e11,e05e11,1,单,小
2026-08-11 17:46:18,85256852,000000000514ea94ba9ff6b1ca0b52f47ff81bb58d5c41a616db1a10ea38a46d,38a46d,6,双,大
2026-08-11 17:46:25,85256854,000000000514ea966a86d26633cd88622559215d509175af322b196db704adfa,04adfa,4,双,小
2026-08-11 17:46:30,85256856,000000000514ea98336f98b197f787e7fab4ae58ef6d44b7b57f865f59dac3b9,dac3b9,9,单,大
2026-08-11 17:46:35,85256858,000000000514ea9a59a1235da64b4dff81eae97024c394b1726d58dd29e49d5f,e49d5f,5,单,大
2026-08-11 17:46:44,85256860,000000000514ea9cbaf65ab1d6ddc4c9f57101bb90ab15d738ce99d9d1aece8f,aece8f,8,双,大
2026-08-11 17:46:49,85256862,000000000514ea9e5503abe4270fe84d65d515732b047f06221aeba3447375af,7375af,5,单,大
2026-08-11 17:46:53,85256864,000000000514eaa0e8bb33ebb9182242dc421609b44b36d8d193aa6f787a5471,7a5471,1,单,小
2026-08-11 17:47:01,85256866,000000000514eaa24ea3ee7fa66efa905f84a9746fa0853448ceb5a9f47d24d8,7d24d8,8,双,大
2026-08-11 17:47:05,85256868,000000000514eaa436b31b8d95e60be81320f241ff78ea8e6baea5b5c969c381,69c381,1,单,小
2026-08-11 17:47:14,85256870,000000000514eaa6a1a8c706dcaaedeb94794843f50e00c473bfb3c30796a9aa,96a9aa,9,单,大
2026-08-11 17:47:20,85256872,000000000514eaa8d940c62c208cf592444e7ae507f10748a0157a29bd71caa1,71caa1,1,单,小
2026-08-11 17:47:23,85256874,000000000514eaaa6043537e12db211660b531fe788b908d8584334044b7c52a,b7c52a,2,双,小
2026-08-11 17:47:30,85256876,000000000514eaac969c6f9e2019e8213c533a1a4fab58268194c8e88203c95d,03c95d,5,单,大
2026-08-11 17:47:35,85256878,000000000514eaae4bce0c21e36ba6fb407619ccab9cdb0463980fe17afd6cb3,fd6cb3,3,单,小
2026-08-11 17:47:41,85256880,000000000514eab02a9001bb53d699e181936481a99f89f6ab1a98f83e8a77af,8a77af,7,单,大
2026-08-11 17:47:48,85256882,000000000514eab2645418d2fb6a95b3ed3f1653e770ffbb57665ac9ab0c9ded,0c9ded,9,单,大
2026-08-11 17:47:53,85256884,000000000514eab410b31fd6acbc29f3b6239b3f4c95ac2cefe41034d50fabd1,0fabd1,1,单,小
2026-08-11 17:48:02,85256886,000000000514eab62177d41a6fec462f7c0fe3d64dc9e9f4a5e8755277aa4080,aa4080,0,双,小
2026-08-11 17:48:05,85256888,000000000514eab8acb50a95428585ac9692ba6e729c30a98e4953f3322fac6c,2fac6c,6,双,大
2026-08-11 17:48:12,85256890,000000000514eabad5d31ff1d7ad902b1972879faa9e7ce9c4911081bfb9c0ae,b9c0ae,0,双,小
2026-08-11 17:48:20,85256892,000000000514eabc0b622e82a55af331d7565526f1df6889ec9abdb9ecde4dc7,de4dc7,7,单,大
2026-08-11 17:48:23,85256894,000000000514eabe5415b8cea4230a47f84eb6ba2f644bd471457155c7b2f328,b2f328,8,双,大
2026-08-11 17:48:29,85256896,000000000514eac0e24cf7031cdd74bd02dd370f2bf15fe927d6483750af320b,af320b,0,双,小
2026-08-11 17:48:35,85256898,000000000514eac2579b84ef016fb7721dcea28bcc9bcc03f92680827794ad03,94ad03,3,单,小
2026-08-11 17:48:43,85256900,000000000514eac48aa1ff7a6ea85f0d6f5826bea1f506d5ec0493c65f9e9505,9e9505,5,单,大
2026-08-11 17:48:49,85256902,000000000514eac6313c33482d9f05172fd454090f666d08d875566c6535e9a7,35e9a7,7,单,大
2026-08-11 17:48:53,85256904,000000000514eac8a2395b2fc0d354e7e2c403fc7dbd0caff3ed3821c251c70a,51c70a,0,双,小
2026-08-11 17:49:00,85256906,000000000514eaca7c3fb99871c9adf99c35e6ca1d52b731ce39a66800329a4a,329a4a,4,双,小
2026-08-11 17:49:07,85256908,000000000514eaccfdbf8e1ceb85bda60fdea43f5b619a91e08f827716d2bd09,d2bd09,9,单,大
2026-08-11 17:49:12,85256910,000000000514eace8d844f0e3a5ddf42f07b27fa992d5709a24f9ac4bbddc5a8,ddc5a8,8,双,大
2026-08-11 17:49:18,85256912,000000000514ead047400eed0bf6cb12b5ffcde7125e80cb2fb4a1ca7fd0874c,d0874c,4,双,小
2026-08-11 17:49:23,85256914,000000000514ead2526b242a235fac938cc211dc43a6eeb5f34fc319659379ff,9379ff,9,单,大
2026-08-11 17:49:30,85256916,000000000514ead4e0bb95db923eaa43c1b3765a18904b5a2f5ccfe5912af94c,2af94c,4,双,小
2026-08-11 17:49:35,85256918,000000000514ead6382a35c3f350ff672edc6c3b47cf2abb0e78c8942c78fb03,78fb03,3,单,小
2026-08-11 17:49:42,85256920,000000000514ead89122f6f8bf9a47cf09386d8e2eba38258b509608bf6fa5d5,6fa5d5,5,单,大
2026-08-11 17:49:48,85256922,000000000514eada96671018b108d186206acb1565bc4c4907e3ff13981a56c7,1a56c7,7,单,大
2026-08-11 17:49:55,85256924,000000000514eadc970a946b6b18903e3856ed15a84461a3e2b6f3a6aef3b175,f3b175,5,单,大
2026-08-11 17:50:02,85256926,000000000514eadef0ea494a12f8ba53b6fb020254d30476f04ef7f439e3ef81,e3ef81,1,单,小
2026-08-11 17:50:06,85256928,000000000514eae057f15996e18c94535ff44075e342df7b542855b7867095f5,7095f5,5,单,大
2026-08-11 17:50:11,85256930,000000000514eae2890875b92e3618b0f41464cd53eaca94746465fb4e33b36d,33b36d,6,双,大
2026-08-11 17:50:17,85256932,000000000514eae44b273f8f61beccee3fd8af56f91e3334fbe718cf69258c90,258c90,0,双,小
2026-08-11 17:50:23,85256934,000000000514eae6244a8a75b6a2bece971f830022bde61df270c8a879bba0ad,bba0ad,0,双,小
2026-08-11 17:50:29,85256936,000000000514eae8d613948f805e255da16caa7002ecff9efded1b986ad21ab7,d21ab7,7,单,大
2026-08-11 17:50:35,85256938,000000000514eaeaf22910dbdf03ce48b2ec883e80f08d01204b27e57617310f,17310f,0,双,小
2026-08-11 17:50:41,85256940,000000000514eaec1f6c055848c10600d652845fc0b849cc8788a56aa18cc537,8cc537,7,单,大
2026-08-11 17:50:47,85256942,000000000514eaeeb22171a5d26f4ada5db903fc73986d990552382f0fb94d11,b94d11,1,单,小
2026-08-11 17:50:53,85256944,000000000514eaf00e40d034e6f17770c2a2801220799b66fa3566239316b9a1,16b9a1,1,单,小
2026-08-11 17:51:00,85256946,000000000514eaf2e37d431aa313ed7d3cd4c767a6e1922638046f507c1e4463,1e4463,3,单,小
2026-08-11 17:51:05,85256948,000000000514eaf4e8531631b42162e0787694f5fdf21961eace40366bcf64a5,cf64a5,5,单,大
2026-08-11 17:51:12,85256950,000000000514eaf65fd400fabb72576d58a05b64a9ae88309b1bbd022815aaa1,15aaa1,1,单,小
2026-08-11 17:51:18,85256952,000000000514eaf84e21979a70404edd5c55575115cc0622fd8d6b090232d39a,32d39a,9,单,大
2026-08-11 17:51:25,85256954,000000000514eafa58bbbc0887c641dfcf192fbc6be317e3cda868035733d34a,33d34a,4,双,小
2026-08-11 17:51:29,85256956,000000000514eafc39ca1681e525b93659b244fac35f4ddb3d02165ee738f9a0,38f9a0,0,双,小
2026-08-11 17:51:34,85256958,000000000514eafe24e3262eb0c18b2f96a48a4205f9322598090f5a596a4191,6a4191,1,单,小
2026-08-11 17:51:43,85256960,000000000514eb00108e57027cd0acc15b18757a3c684404914866e8e79f4c48,9f4c48,8,双,大
2026-08-11 17:51:50,85256962,000000000514eb02eebdd8d5fc5a27de6bf216554cca939c1684b58036d209ff,d209ff,9,单,大
2026-08-11 17:51:54,85256964,000000000514eb046b9f3f8414f8e6bc4a7b12c043442d4f6f809edfbed3a16c,d3a16c,6,双,大
2026-08-11 17:52:00,85256966,000000000514eb06bb65736e3d0194443cbaeab8510abde58f6655d9eba19426,a19426,6,双,大
2026-08-11 17:52:06,85256968,000000000514eb0890c71550e5d08459b04cc2e6f78e1748c47ad23c404791c0,4791c0,0,双,小
2026-08-11 17:52:12,85256970,000000000514eb0a64c5d7ad4037bad5f48beb1994c48b89493867446f5b7330,5b7330,0,双,小
2026-08-11 17:52:19,85256972,000000000514eb0cf669ef5e245b7c2b15adefa60de2626df5f960b52c0ba350,0ba350,0,双,小
2026-08-11 17:52:25,85256974,000000000514eb0e6834beb6c5a8af0d4277029e7383ed3c007db3f0e4b25581,b25581,1,单,小
2026-08-11 17:52:30,85256976,000000000514eb1044edb895e4425d47657acb870ae814b3b3d562d471671d1c,671d1c,1,单,小
2026-08-11 17:52:35,85256978,000000000514eb128e6c9d93980536fb7c56d2776d070fc42790b4588dd494d9,d494d9,9,单,大
2026-08-11 17:52:42,85256980,000000000514eb1436e44ffc0cbffe2b64ffa0fe24b0f0d4ce93396fc27708ff,7708ff,8,双,大
2026-08-11 17:52:48,85256982,000000000514eb16ec23a5fb23eab26f9ef41df193932443fd8a317aaed2e611,d2e611,1,单,小
2026-08-11 17:52:55,85256984,000000000514eb180dddd271dd284ec12ed1d879a71d8383524a269bd5bac007,bac007,7,单,大
2026-08-11 17:53:01,85256986,000000000514eb1a185f0c15d36c9539aa386c8e647dbdae9478447caa38048f,38048f,8,双,大
2026-08-11 17:53:05,85256988,000000000514eb1c6f25943a899eb94ab7458abac69484133e5449901aba0700,ba0700,0,双,小
2026-08-11 17:53:12,85256990,000000000514eb1e04290f02c42a1ad350cf59968dbbf0869912d091da3db636,3db636,6,双,大
2026-08-11 17:53:19,85256992,000000000514eb204d4374edfbe941dbee36eb59d576409ee45f9ed362a6db73,a6db73,3,单,小
2026-08-11 17:53:22,85256994,000000000514eb2229a9bb7255fd3d402c55366e0bf383170c83db16002d2965,2d2965,5,单,大
2026-08-11 17:53:31,85256996,000000000514eb2473d9e6a701204109727f0adbe7a75707a300dce7e34b685b,4b685b,5,单,大
2026-08-11 17:53:36,85256998,000000000514eb269105623d33a54b4f00f34fb113dd1bf929c5ce7dc92d0344,2d0344,4,双,小
2026-08-11 17:53:43,85257000,000000000514eb286c68ce5510af4b945cca69bf13347bce48b349a78449bf03,49bf03,3,单,小
2026-08-11 17:53:49,85257002,000000000514eb2a19bde0ad460b887873b9c8480be436c8a26a0c721929349f,29349f,9,单,大
2026-08-11 17:53:54,85257004,000000000514eb2cbd00e24f5b04f7bc20e72fcb53127912f11133a677180906,180906,6,双,大
2026-08-11 17:54:00,85257006,000000000514eb2e73955920e5fbc9224cd62703c5e3dfb493d660808d866229,866229,9,单,大
2026-08-11 17:54:05,85257008,000000000514eb30f9514d365015aba3d4ebdfc8942da52f15f55cf4fa60837a,60837a,7,单,大
2026-08-11 17:54:14,85257010,000000000514eb3249f71d16d9a05feb9a98ef784f2fa375ff813883fbc9e8c7,c9e8c7,7,单,大
2026-08-11 17:54:20,85257012,000000000514eb34b221574b845625dc8d946c91f4b623b7ec6475e04c8e6b6a,8e6b6a,6,双,大
2026-08-11 17:54:25,85257014,000000000514eb36c185781f276653431b9a6dfcff094135de6cf273c9c5af56,c5af56,6,双,大
2026-08-11 17:54:31,85257016,000000000514eb381c5715f993123132bc8092340fa8c5e90efda32a8ef9af43,f9af43,3,单,小
2026-08-11 17:54:37,85257018,000000000514eb3a12d6bb30f628e273c5c259390137ac4ef8d114846b2dfc01,2dfc01,1,单,小
2026-08-11 17:54:43,85257020,000000000514eb3c711a9aac893b99d7cacc29cc1c307c61e4e915782c67482c,67482c,2,双,小
2026-08-11 17:54:50,85257022,000000000514eb3efa445ce27238a846128c6c3bcc3544409fe758555dfb0b48,fb0b48,8,双,大
2026-08-11 17:54:53,85257024,000000000514eb40f07abfdb27f45e04737be67e758121a8770cd649cf89db62,89db62,2,双,小
2026-08-11 17:55:01,85257026,000000000514eb42f7eaf331e79e76af86dfbda44e6a61d390275de26e641c7a,641c7a,7,单,大
2026-08-11 17:55:06,85257028,000000000514eb444907d11f504da38fdc846f3e09308e51a6f78112ee2176cb,2176cb,6,双,大
2026-08-11 17:55:12,85257030,000000000514eb46bf6dc2ff74766c69f3da5051e5b983417b536cfe9ba1ba1a,a1ba1a,1,单,小
2026-08-11 17:55:17,85257032,000000000514eb4855c16ec2cf4a492fd3ebb364f4e3ac7edf08379c90ad1600,ad1600,0,双,小
2026-08-11 17:55:24,85257034,000000000514eb4ac87e59edf5e1e2751abeacbe7174c47d32ce7564d30af4c4,0af4c4,4,双,小
2026-08-11 17:55:30,85257036,000000000514eb4c78fa411901347365200e6626e6a2e765b1bbf596d4e8e492,e8e492,2,双,小
2026-08-11 17:55:34,85257038,000000000514eb4ec76ce5a3ee9143bec0d549adc5f7727317901a378bdfbfe0,dfbfe0,0,双,小
2026-08-11 17:55:44,85257040,000000000514eb5055d6e0a4ffef70ea753be2854f86ca9bbfa9dddef2914a89,914a89,9,单,大
2026-08-11 17:55:49,85257042,000000000514eb52bb9c24c8ac93375f0a8823fce091d60df551b1f17f70d225,70d225,5,单,大
2026-08-11 17:55:54,85257044,000000000514eb54253d4fe1c776091980de6bbbed3e376403897929a06c1d3f,6c1d3f,3,单,小
2026-08-11 17:56:00,85257046,000000000514eb56e0c3d26682a6d853ff266ca13088ae2764fa486090bcf58d,bcf58d,8,双,大
2026-08-11 17:56:05,85257048,000000000514eb58cf17d42decb09b6288801610e81d8d4ab9fc77925149249a,49249a,9,单,大
2026-08-11 17:56:13,85257050,000000000514eb5ab7ce853af8a2ede31c4609239b53d7f94bf0d5fab34ae8d2,4ae8d2,2,双,小
2026-08-11 17:56:19,85257052,000000000514eb5ce0a36edcab414e4df606f07138e27ac7918f84bc67baaf6a,baaf6a,6,双,大
2026-08-11 17:56:25,85257054,000000000514eb5e1133cd9db9f9fd3b9d5f62a5d1153561225958ed33e3ed73,e3ed73,3,单,小
2026-08-11 17:56:30,85257056,000000000514eb60a938fa35f79b6fc738ec4bbabda3dfd38a458b4e6b3784c4,3784c4,4,双,小
2026-08-11 17:56:37,85257058,000000000514eb62f8937b61875497062d7fe75443529195c39689e54a2861f7,2861f7,7,单,大
2026-08-11 17:56:43,85257060,000000000514eb64953bf8e6f0a06d1cb133aec94c6289c8ec61887234e2c06f,e2c06f,6,双,大
2026-08-11 17:56:49,85257062,000000000514eb661cd3f7952eb03af59c0533248a2f746e4627b17efee0eedd,e0eedd,0,双,小
2026-08-11 17:56:53,85257064,000000000514eb688c8eb131fd6e7418defa1a3fb50b411758eeeff720ab6413,ab6413,3,单,小
2026-08-11 17:57:00,85257066,000000000514eb6a466decb62bddd2d5bcaf9cbbee764f48086526f4af852a18,852a18,8,双,大
2026-08-11 17:57:07,85257068,000000000514eb6c54b8bcd0a21aa682b19aea5c46f912aec35044ec96ea62a8,ea62a8,8,双,大
2026-08-11 17:57:14,85257070,000000000514eb6e0bda0e5b7a763742cd19050c79cb3b256cce30b56dfe87f2,fe87f2,2,双,小
2026-08-11 17:57:18,85257072,000000000514eb7058fc1fafa6b25fd057ca55ccfa82693a8d3a9689a2b71c58,b71c58,8,双,大
2026-08-11 17:57:23,85257074,000000000514eb72581cb898ab7b5e2e75255f8764e757286b9b70d39ca63e7f,a63e7f,7,单,大
2026-08-11 17:57:32,85257076,000000000514eb746633954605e1ad3bba5dfee8e4076220c9697be830443cf4,443cf4,4,双,小
2026-08-11 17:57:35,85257078,000000000514eb76e71eb3448c5b7391d0031aa82733c0d31b0f782525fe0b23,fe0b23,3,单,小
2026-08-11 17:57:42,85257080,000000000514eb78101387cbd283babcfabc7be3d7ae656eb938f742548e9934,8e9934,4,双,小
2026-08-11 17:57:47,85257082,000000000514eb7ab387ee125d853eddb8f913e07dd16e5f26b5abb19ce97e03,e97e03,3,单,小
2026-08-11 17:57:55,85257084,000000000514eb7c6c2a039786eacbd512190847d3ae5edc6c0ce1003353b02b,53b02b,2,双,小
2026-08-11 17:58:01,85257086,000000000514eb7edd5671c760cda64dddafd0d0347766640e6360de8c0fd9bd,0fd9bd,9,单,大
2026-08-11 17:58:06,85257088,000000000514eb80cc6bf8fe8b713d5d14f28bf67689c82dc3ed8b8417b903cf,b903cf,3,单,小
2026-08-11 17:58:13,85257090,000000000514eb82df1a2bb319396f7435f18853193dae5c44a54717e0cd9b51,cd9b51,1,单,小
2026-08-11 17:58:18,85257092,000000000514eb84cfae7253376e929df677393832d3ec5427ac77919e51880d,51880d,0,双,小
2026-08-11 17:58:23,85257094,000000000514eb8619cc3eac14df08405cae8648ad0d0431f2a5c5b0fd56401a,56401a,1,单,小
2026-08-11 17:58:31,85257096,000000000514eb881b2d55c86f9d8aeb72e7cc53e44a0995e4e931004e88b52a,88b52a,2,双,小
2026-08-11 17:58:35,85257098,000000000514eb8aafa17a54df5a9b3e5fb3bc8145b3ee357698b2716ea3543e,a3543e,3,单,小
2026-08-11 17:58:42,85257100,000000000514eb8c1645789dbe0ed906df133c1c657d6d609a972258cac31653,c31653,3,单,小
2026-08-11 17:58:48,85257102,000000000514eb8eefee7b27f8b2531081455c0aa23bc2361b53cb980f7fbdd0,7fbdd0,0,双,小
2026-08-11 17:58:54,85257104,000000000514eb90e09e20ac5bc2a88b26e6b7c9fcc79d15bf2063577ef20885,f20885,5,单,大
2026-08-11 17:59:01,85257106,000000000514eb9252cecde983a6f2c729b838d3f66d2a542bcc3b0e5d28dc22,28dc22,2,双,小
2026-08-11 17:59:05,85257108,000000000514eb94cea5c8ac36a7c4a2384f7cedf3482a5ae5faf23d22797a9e,797a9e,9,单,大
2026-08-11 17:59:10,85257110,000000000514eb96cbc887e4a926cd703d5f0dc78bb3cff91a6b478d7fb74505,b74505,5,单,大
2026-08-11 17:59:17,85257112,000000000514eb98bf401a3eaae272ed32701e90e878743953b2e47aa4d3a32f,d3a32f,2,双,小
2026-08-11 17:59:23,85257114,000000000514eb9a717e36961d8ab11e58335891fbdae5beff577be669e24daf,e24daf,4,双,小
2026-08-11 17:59:31,85257116,000000000514eb9cd040fff5a2bc2ee7e9d6887ed25e6b3f21819f042fc07274,c07274,4,双,小
2026-08-11 17:59:36,85257118,000000000514eb9e0cd8898477e276553811b2d70605c427f6802e9df164ed03,64ed03,3,单,小
2026-08-11 17:59:41,85257120,000000000514eba07ca488806ee60f5d7ca717a50ccdec847dccadecab8c2af8,8c2af8,8,双,大
2026-08-11 17:59:46,85257122,000000000514eba2cd387667a21f3db478413919a076f8b2ff252a9d85fd42d9,fd42d9,9,单,大
2026-08-11 17:59:53,85257124,000000000514eba4cd469e71c164a69f15db0207d0b0f4bf588e2647dd791f43,791f43,3,单,小
2026-08-11 18:00:01,85257126,000000000514eba6937f5611cdb49438f3405ca837f40f02ac689367b87b196f,7b196f,6,双,大
2026-08-11 18:00:05,85257128,000000000514eba8854d8d1b66c0168c6d4f8555d045561c1962968944e7af43,e7af43,3,单,小
2026-08-11 18:00:12,85257130,000000000514ebaae8ecb180f463f368741c2bd39686a20328c2a2e5b680012f,80012f,2,双,小
2026-08-11 18:00:19,85257132,000000000514ebacfedf8d7c01908c2b5263aab683aaad34838f199bb741fd80,41fd80,0,双,小
2026-08-11 18:00:23,85257134,000000000514ebaeea637e4556d405a25f75d1b46e2c88b06cc143a94c91086c,91086c,6,双,大
2026-08-11 18:00:31,85257136,000000000514ebb0c42b8f30581a520e8437ca66c537cb577b1f1db83351b2eb,51b2eb,2,双,小
2026-08-11 18:00:35,85257138,000000000514ebb2f420c10c5aed83e73b100951a06be535cf49c378cecbb458,cbb458,8,双,大
2026-08-11 18:00:42,85257140,000000000514ebb43569131298184c87f672dfb1b30beb3696f12003f3e7c987,e7c987,7,单,大
2026-08-11 18:00:49,85257142,000000000514ebb653de9c00e3c4aef064311be56b4b6175926fd98e552b05e7,2b05e7,7,单,大
2026-08-11 18:00:53,85257144,000000000514ebb8d4be42321115cb178050cc8dc594502b3e33ff6d0eac4f5c,ac4f5c,5,单,大
2026-08-11 18:01:00,85257146,000000000514ebbac48f16e713c7c6c1092eccf18b49cc8dcddab7fc88d47aee,d47aee,7,单,大
2026-08-11 18:01:05,85257148,000000000514ebbc08d773c38e2fdd3b71197f6bca89a2d3dfd1e571f5d91699,d91699,9,单,大
2026-08-11 18:01:12,85257150,000000000514ebbe76a353e9df5b81adad15972eaeb769634ff102530b4c1c62,4c1c62,2,双,小
2026-08-11 18:01:18,85257152,000000000514ebc0cb394030926c84f8e0fd7406a806181233ceee0a469dde9e,9dde9e,9,单,大
2026-08-11 18:01:24,85257154,000000000514ebc2e0471b635ea8fa56522cf3078969fddcde8f1bc4797f98d4,7f98d4,4,双,小
2026-08-11 18:01:30,85257156,000000000514ebc4fe2cbb12c315d524bdc498e7779bdb1a2c5fba63d845f84e,45f84e,4,双,小
2026-08-11 18:01:37,85257158,000000000514ebc6fa516f5085d836d7a1feb7145b72411da9e3db9056663291,663291,1,单,小
2026-08-11 18:01:42,85257160,000000000514ebc8f2806912f8e6df54d31de1f37a2f73d380326f3fcfac4517,ac4517,7,单,大
2026-08-11 18:01:48,85257162,000000000514ebca4a6351dc3101ec6c3a683ceb9cd44e4d6ee747d291ebe8d4,ebe8d4,4,双,小
2026-08-11 18:01:53,85257164,000000000514ebcc79ec7b2e6e055db307982e9d6d88b959960e37604d8f6231,8f6231,1,单,小
2026-08-11 18:01:59,85257166,000000000514ebceec4a195247a8839fee62a970906eb159ebdf642994af35e4,af35e4,4,双,小
2026-08-11 18:02:05,85257168,000000000514ebd0f92f401292ba4b8455caafbdd5e4bcf73d8baa90413a013b,3a013b,3,单,小
2026-08-11 18:02:12,85257170,000000000514ebd28c770885dba2ea1da4674e8dc03413df5386d2cc4b4bb578,4bb578,8,双,大
2026-08-11 18:02:19,85257172,000000000514ebd47af197c1ba0d492d9c7a256557df17b3ee6b173a9846296b,46296b,6,双,大
2026-08-11 18:02:23,85257174,000000000514ebd61bb8047a98d67545fe0e2a23003e129fdc8a673cec0a2cdd,0a2cdd,2,双,小
2026-08-11 18:02:31,85257176,000000000514ebd8dea1346617d36b2f040a95173727408c45c9acfbd39fd490,9fd490,0,双,小
2026-08-11 18:02:36,85257178,000000000514ebda2581abcd23f03fe59f6b31c7e3a4c6b1400e3da276989f98,989f98,8,双,大
2026-08-11 18:02:42,85257180,000000000514ebdc108433b479313df307de1082be47e7dada1f0fbb8ff8c5a6,f8c5a6,6,双,大
2026-08-11 18:02:47,85257182,000000000514ebde594a8ca8dba2c6462f0b55ce40fe3a06d45d0312e6c92007,c92007,7,单,大
2026-08-11 18:02:56,85257184,000000000514ebe07a9c3feb9545063880db4032acf41c7558e1f1fa7db0f956,b0f956,6,双,大
2026-08-11 18:03:01,85257186,000000000514ebe2472ef6140f3be9b9b62ece50f435a94d4d0f2fda15e7d66a,e7d66a,6,双,大
2026-08-11 18:03:06,85257188,000000000514ebe4255417ae91535089e5b757deeaad19acc353af4cc61cf3ac,1cf3ac,3,单,小
2026-08-11 18:03:11,85257190,000000000514ebe60f6c145dbc2fffe248a7c83f379e9bd45bf469f50c13ee3b,13ee3b,3,单,小
2026-08-11 18:03:17,85257192,000000000514ebe8987f61a5110ac79d22034eba0d544972adeb147700c32741,c32741,1,单,小
2026-08-11 18:03:22,85257194,000000000514ebea342b6cc52c1bf803582343dbf5e9c2a63fc5645269927030,927030,0,双,小
2026-08-11 18:03:30,85257196,000000000514ebecaff2bb92ab2f7e38e99c047982ed19ecfe112aa1ce66fd15,66fd15,5,单,大
2026-08-11 18:03:35,85257198,000000000514ebee166c8095b31ded8d12b43ca1bfc1837a69ca616310f82554,f82554,4,双,小
2026-08-11 18:03:41,85257200,000000000514ebf07d19f285ed14fae15f191ac2b8711c866c77eff0501ea6c6,1ea6c6,6,双,大
2026-08-11 18:03:51,85257202,000000000514ebf2a240c9ae18da9eac7796830b820c7dcb6beb2196ece0a3e1,e0a3e1,1,单,小
2026-08-11 18:03:55,85257204,000000000514ebf4110ac4e67632cf79b1376397f91604b61b2a175ea7c5f9f9,c5f9f9,9,单,大
2026-08-11 18:04:01,85257206,000000000514ebf643cd8b5b6da862fdcdbb143fb96cd3ee7f16335545a630e3,a630e3,3,单,小
2026-08-11 18:04:06,85257208,000000000514ebf87b8552eb36548cd6c9b4c3d35f8af54ad49190131af86fd7,f86fd7,7,单,大
2026-08-11 18:04:13,85257210,000000000514ebfae5dcb9e5671c8c799054d575b76e043ec77a8c49093c2c6e,3c2c6e,6,双,大
2026-08-11 18:04:18,85257212,000000000514ebfc95fddcc6cee6979fa6f2deb4483fb092f7d801b887907375,907375,5,单,大
2026-08-11 18:04:26,85257214,000000000514ebfe05045aec5eca1d18fc2a36761e36a2eb5b92b70c556d4ee4,6d4ee4,4,双,小
2026-08-11 18:04:31,85257216,000000000514ec009adcab4197a742d6b543ac33856549f480ac57f2ab1e558e,1e558e,8,双,大
2026-08-11 18:04:36,85257218,000000000514ec0241e524b571c9190a351c3c814523c3c53040b5ad5f2ab82c,2ab82c,2,双,小
2026-08-11 18:04:43,85257220,000000000514ec041972a957ecf772374e178fd6374cfc9e49b0c9e1e2fd1a32,fd1a32,2,双,小
2026-08-11 18:04:49,85257222,000000000514ec06eabcb638caa6e130e2590144b1d29670caaebd0e5cb76c50,b76c50,0,双,小
2026-08-11 18:04:55,85257224,000000000514ec0827ce28820d0eb09c600f41ade4b4650c0664f114b0f5bdee,f5bdee,5,单,大
2026-08-11 18:05:01,85257226,000000000514ec0aa74b818df993a13c9f71ee385eb9c54d7c72edbed8e8e57b,e8e57b,7,单,大
2026-08-11 18:05:10,85257228,000000000514ec0c477b7cff67c61278e210947dab1e9c101f1287981cb7fe6e,b7fe6e,6,双,大
2026-08-11 18:05:13,85257230,000000000514ec0e5f833cbe0aaaa5c0cdfffc2843fe2c14d725c2b0749b0056,9b0056,6,双,大
2026-08-11 18:05:20,85257232,000000000514ec10b39e0d32c029b62e3f4d1d9b98baf01a4e21ce80299dad6b,9dad6b,6,双,大
2026-08-11 18:05:24,85257234,000000000514ec121b8904213927b7f25ebb5d2985546fb5eb4f0a2c8334d842,34d842,2,双,小
2026-08-11 18:05:31,85257236,000000000514ec14c8582aacdfb409de6427b357a6289eac6d3f0a0898c0ed6a,c0ed6a,6,双,大
2026-08-11 18:05:38,85257238,000000000514ec160468f9157b2616b2d5e5f41c72dca7c35377ef041982084b,82084b,4,双,小
2026-08-11 18:05:40,85257240,000000000514ec18998009dee02e32c29aaaccc5b29775e486b49ec72b813395,813395,5,单,大
2026-08-11 18:05:48,85257242,000000000514ec1ade984d26f7f3e49bfbc5dd089d17931f6629ac50ce11d742,11d742,2,双,小
2026-08-11 18:05:52,85257244,000000000514ec1c07a184444b6487ea5d50fc9d295c442bc7a8f46a9d960255,960255,5,单,大
2026-08-11 18:06:00,85257246,000000000514ec1e122566c9ce4b8cfc9fc061dd52216d4032d91ae0e6788b81,788b81,1,单,小
2026-08-11 18:06:05,85257248,000000000514ec20349294ff2e827d4a8c3d62493fdf73b6b067f7940c818129,818129,9,单,大
2026-08-11 18:06:14,85257250,000000000514ec2209a5f811752eb10db05e7e313e2ecf2ca3e6f1e9e3192089,192089,9,单,大
2026-08-11 18:06:18,85257252,000000000514ec2452d18f57e1233d3e105c0e6d80b09da15ab16be0fb06cf87,06cf87,7,单,大
2026-08-11 18:06:24,85257254,000000000514ec2663718b39c138bf81b293bc588dfb464c392126798ea764c7,a764c7,7,单,大
2026-08-11 18:06:29,85257256,000000000514ec28ee2084b9fa81ae1c6ee2567565ab0c0835508c3ca8e7108e,e7108e,8,双,大
2026-08-11 18:06:36,85257258,000000000514ec2a54c7c2d864bc4e45cb9fa864696bfc95974381dca9d84d7e,d84d7e,7,单,大
2026-08-11 18:06:41,85257260,000000000514ec2c6000958cad769d76bad448b2fdcf71e67907c2fcfaf0f3cc,f0f3cc,3,单,小
2026-08-11 18:06:48,85257262,000000000514ec2e68852bfc67e0b3bbd8ac59d6d8ca514c75981bf2fc1ffb52,1ffb52,2,双,小
2026-08-11 18:06:54,85257264,000000000514ec30cb188aacd6fc23814599ab55bea5329e2ab64c3bed423e31,423e31,1,单,小
2026-08-11 18:07:00,85257266,000000000514ec32e526146e586546f5e7eeec84758cb1be3468ddc5ac8cf007,8cf007,7,单,大
2026-08-11 18:07:04,85257268,000000000514ec346a4c7fc6d1808b357352193a3a059a92242a1026d641c67d,41c67d,7,单,大
2026-08-11 18:07:11,85257270,000000000514ec3604bdce47d071bdcc0be308f7d6e48d8348dc63b2c19937e0,9937e0,0,双,小
2026-08-11 18:07:18,85257272,000000000514ec38eaf0c118b325c898f84d8ca3ad91a3cf723c3a48e686463e,86463e,3,单,小
2026-08-11 18:07:22,85257274,000000000514ec3aa98bfe9211c2845c2988e779be7f7e36e755152644288207,288207,7,单,大
2026-08-11 18:07:30,85257276,000000000514ec3c9994908a0f6ca147e5e234d5c55b142b6bfbb63c40ee0cdb,ee0cdb,0,双,小
2026-08-11 18:07:35,85257278,000000000514ec3e7ca27f2bf4bc9190673cb277f9761da8488a1f05ea0f2007,0f2007,7,单,大
2026-08-11 18:07:44,85257280,000000000514ec404fc199ca4b7275c630b0e14274d38f5cdf43feb984e319c4,e319c4,4,双,小
2026-08-11 18:07:49,85257282,000000000514ec423e3170d43cef249d9010808a8f1e06ae8e14959bd90cae82,0cae82,2,双,小
2026-08-11 18:07:54,85257284,000000000514ec44413c227db9728eb499f13636602ece02db49c328abf35281,f35281,1,单,小
2026-08-11 18:08:03,85257286,000000000514ec465689d7b3f1f32040a120bd90096ddbb2593a061d6aa53b98,a53b98,8,双,大
2026-08-11 18:08:05,85257288,000000000514ec481be8c83cd6ebfd1be64c2389dcd7ee5b6e9dca9eca226680,226680,0,双,小
2026-08-11 18:08:11,85257290,000000000514ec4a747cd326454146b6817e1da9e4141658644071302f38ae2c,38ae2c,2,双,小
2026-08-11 18:08:19,85257292,000000000514ec4c14363ed585309a60f42ae1333c1842e369d91286eadc20f5,dc20f5,5,单,大
2026-08-11 18:08:23,85257294,000000000514ec4e3772828d9905cd6fe89f775caccd3ea184ec0a77ac8cabf3,8cabf3,3,单,小
2026-08-11 18:08:31,85257296,000000000514ec509dd33728ec4a6e28319af6cbfc8815a1d1de85c64e64c8eb,64c8eb,8,双,大
2026-08-11 18:08:36,85257298,000000000514ec52dba68e75b1bf5cd53d8a116545feb67f52a08ef66bfbb5bf,fbb5bf,5,单,大
2026-08-11 18:08:42,85257300,000000000514ec54e230c378a69c1369172d2e6bf9d0a732a8c142e78b8b665f,8b665f,5,单,大
2026-08-11 18:08:49,85257302,000000000514ec56ce3d273b57587bf835a3d937d71587299e66e7ece658d9b0,58d9b0,0,双,小
2026-08-11 18:08:54,85257304,000000000514ec5854d607739be9a42ac7ef9dc95e04c92fd10e58edfb8bbc2d,8bbc2d,2,双,小
2026-08-11 18:09:02,85257306,000000000514ec5a3fc37b3a5869a21d25fcd33b864d5dd1df8837027211d321,11d321,1,单,小
2026-08-11 18:09:07,85257308,000000000514ec5c95123bc902a196eb2fe0e4a1442a6b9c51efcdd6246c3a62,6c3a62,2,双,小
2026-08-11 18:09:12,85257310,000000000514ec5ed351b38154f899705214098f67daa9913f318088c9a31f76,a31f76,6,双,大
2026-08-11 18:09:16,85257312,000000000514ec6037c2b35b90cebcabac318f096b2c92b414f4d8ccb00e2fca,0e2fca,2,双,小
2026-08-11 18:09:25,85257314,000000000514ec62444264299a96beb463e7eae6203e972729fcd5ceda8f7fe0,8f7fe0,0,双,小
2026-08-11 18:09:31,85257316,000000000514ec64b2375f0519b5973f2146d0604f27f5fe615e6048768c7056,8c7056,6,双,大
2026-08-11 18:09:35,85257318,000000000514ec66942b9f4c4f437b51429e71098d230bb76167230ef4333b16,333b16,6,双,大
2026-08-11 18:09:44,85257320,000000000514ec6845d1f330ceca7d4cc4b363fc00ee1a165b3d858f805dff05,5dff05,5,单,大
2026-08-11 18:09:49,85257322,000000000514ec6a12b210ed18483f36c446457d5999ee01d354a7ce42a4c196,a4c196,6,双,大
2026-08-11 18:09:55,85257324,000000000514ec6c8cbd6f8c51278128820c720ccd93249dce567a2e88320386,320386,6,双,大
2026-08-11 18:10:01,85257326,000000000514ec6e0678f52147fa3fb91751ffef5b965861c52015fd8fc76497,c76497,7,单,大
2026-08-11 18:10:06,85257328,000000000514ec7084c677b3304528398ba435f00c7fbba09814630a768f8ef1,8f8ef1,1,单,小
2026-08-11 18:10:12,85257330,000000000514ec723adcf1b4ac3d3c412cf77a2a9d1c0dfdb237abe526b27d61,b27d61,1,单,小
2026-08-11 18:10:19,85257332,000000000514ec74b38be0bb67b187b3d8e7a187947d457d4ed5811f5772ecae,72ecae,2,双,小
2026-08-11 18:10:24,85257334,000000000514ec76e6d519a52147c66ded85eefb8a05f45e0368d89aa6a54cb1,a54cb1,1,单,小
2026-08-11 18:10:29,85257336,000000000514ec782da10136e90d21c2ffe10458356c06520a67559a0bf7d82b,f7d82b,2,双,小
2026-08-11 18:10:35,85257338,000000000514ec7af1d9747a7b8fabb8768f08cec4a0a5cf046458e2897f5388,7f5388,8,双,大
2026-08-11 18:10:43,85257340,000000000514ec7c12c280a20191ded15c8b382cd57cc60678b5006ffb372c45,372c45,5,单,大
2026-08-11 18:10:48,85257342,000000000514ec7eba470554870ad4021baa5fb4123c1214caa0e0a2dd438d5c,438d5c,5,单,大
2026-08-11 18:10:55,85257344,000000000514ec80a2bc7618563a8ebb092e99e2d07cad873bd1e5e5a571260f,71260f,0,双,小
2026-08-11 18:11:02,85257346,000000000514ec822fbbeebe78351cf9394d2ae4f29ba3e8baa7adbbe3e63745,e63745,5,单,大
2026-08-11 18:11:05,85257348,000000000514ec845e2aaf3ed56cee4640dd002283ca7ce84bee5556a335117c,35117c,7,单,大
2026-08-11 18:11:14,85257350,000000000514ec8661ad672e22cc2f1e219de138a42cc9130aa3b5a615eb6628,eb6628,8,双,大
2026-08-11 18:11:18,85257352,000000000514ec8835ab8d849f2dd18f895997253319233125af4455bfba86af,ba86af,6,双,大
2026-08-11 18:11:23,85257354,000000000514ec8a48fb49d198c75eb5c372bb8c4c3d5fc649932245fd33f160,33f160,0,双,小
2026-08-11 18:11:30,85257356,000000000514ec8c24322ef8ad554af939c1a680dea070909ae488746680039c,80039c,9,单,大
2026-08-11 18:11:35,85257358,000000000514ec8ef433ba03022ce66bf9ad21691e55f60eacb3c61d8945f798,45f798,8,双,大
2026-08-11 18:11:43,85257360,000000000514ec901a47fa96f0acdba5516db05258395bd1f550ffa4052fb4fd,2fb4fd,4,双,小
2026-08-11 18:11:48,85257362,000000000514ec92bdce91c4f42ac7b3834c4fb9fd1223fc85664d6d80bfdb68,bfdb68,8,双,大
2026-08-11 18:11:53,85257364,000000000514ec9449234c99b750d75abd9cad4902fcc511cb760cc75ce6fc7c,e6fc7c,7,单,大
2026-08-11 18:12:02,85257366,000000000514ec965dbeae38a29d4d06bb92095711f1aa8a1ef5aa258850114e,50114e,4,双,小
2026-08-11 18:12:05,85257368,000000000514ec9842e24096be3f564b95803b0d4d2f6cab73b07cf8d6165de8,165de8,8,双,大
2026-08-11 18:12:12,85257370,000000000514ec9a5fd24d4735d4ed93ad0fe34ab8c3d86f878b966cbc381615,381615,5,单,大
2026-08-11 18:12:17,85257372,000000000514ec9cd7eb50c4d304856b97d2c8bd73e4fc206157ef3291ccd94d,ccd94d,4,双,小
2026-08-11 18:12:24,85257374,000000000514ec9ed780a9309761e60ae126e8024896bb54045c06c9ede935d5,e935d5,5,单,大
2026-08-11 18:12:30,85257376,000000000514eca0197da680446776be1d8345161f5db8b8df131d2b2fafe3f4,afe3f4,4,双,小
2026-08-11 18:12:36,85257378,000000000514eca2d8f69498bc71d3d504823043c05d505cd9d584052557b8b7,57b8b7,7,单,大
2026-08-11 18:12:41,85257380,000000000514eca434ac62491b02833e16920e8025ea236ff7385402c7dad672,dad672,2,双,小
2026-08-11 18:12:45,85257382,000000000514eca69404377be7e38b43ab00b864fed9e98871da863935fc4bfc,fc4bfc,4,双,小
2026-08-11 18:12:54,85257384,000000000514eca8195d80e4a000f03ddf36380dec411c7049da2b4b6919a2ee,19a2ee,2,双,小
2026-08-11 18:13:00,85257386,000000000514ecaa6dc19282abfa56f1ff2ad3955b616cad9daf46d57921bd78,21bd78,8,双,大
2026-08-11 18:13:07,85257388,000000000514ecac87f21d3fadea41fbb8e5911190c9aa0ed87d113cc214b0be,14b0be,0,双,小
2026-08-11 18:13:11,85257390,000000000514ecae86c59ff24cd9bcf12b561551627d1bf366cf48ed5259e7a0,59e7a0,0,双,小
2026-08-11 18:13:20,85257392,000000000514ecb0fe25169e69567bdffeca517d6632f1ec33c4724e88ba1adb,ba1adb,1,单,小
2026-08-11 18:13:23,85257394,000000000514ecb27560a7a0c7c10cd5653daf96c28595937165ad6ba2d70885,d70885,5,单,大
2026-08-11 18:13:30,85257396,000000000514ecb4400a25a4d856190ab1a3f3d275c702654dffab48fa193ab0,193ab0,0,双,小
2026-08-11 18:13:36,85257398,000000000514ecb6fb3976cfa4b5c9056e3fed7040e448375dfa75674055075c,55075c,5,单,大
2026-08-11 18:13:40,85257400,000000000514ecb841092e34b67f7550e69e6951896b9949c85d92c022aa0fa8,aa0fa8,8,双,大
2026-08-11 18:13:47,85257402,000000000514ecbaa3ca37609a81297ea738200e09cb1d32cc4a8b1043d6027e,d6027e,7,单,大
2026-08-11 18:13:52,85257404,000000000514ecbcff886090f19a666795ba306abb54267c282cc3d1de0e8cbf,0e8cbf,8,双,大
2026-08-11 18:14:00,85257406,000000000514ecbe67eabece62d53587d9ee7fad006ff0aa9d9f9a582e97cdb1,97cdb1,1,单,小
2026-08-11 18:14:06,85257408,000000000514ecc05fed4a63ef773ef2442049ca0fbaf7ff329c3533566f8417,6f8417,7,单,大
2026-08-11 18:14:11,85257410,000000000514ecc2c8cfa01d3667d7b70f129ad96f822307e8517314cda93b48,a93b48,8,双,大
2026-08-11 18:14:20,85257412,000000000514ecc4248997cce6ad408ddc5e9a16d13301bbc1f4fe86a00579c7,0579c7,7,单,大
2026-08-11 18:14:24,85257414,000000000514ecc678684812af9e4120904a666ec1c703e3b83882cdf35c9e52,5c9e52,2,双,小
2026-08-11 18:14:30,85257416,000000000514ecc833bd58ec7d6d45d87047de3b54427fd58fccae9b0a705ea1,705ea1,1,单,小
2026-08-11 18:14:36,85257418,000000000514ecca56cf5ceea19085347431a1e42f681b657e7590ae5270212c,70212c,2,双,小
2026-08-11 18:14:44,85257420,000000000514ecccf93be736449d2966dce4f5aa996cb49ca3b15e253e2ec0eb,2ec0eb,0,双,小
2026-08-11 18:14:49,85257422,000000000514ecce7a9a20090e291aeeadada549186d079251893b1076ededa9,ededa9,9,单,大
2026-08-11 18:14:54,85257424,000000000514ecd021284d93437088e8ee331589cb2d55eaf3dd8a663220acbd,20acbd,0,双,小
2026-08-11 18:15:01,85257426,000000000514ecd2a43a9c1d449881abfec51090c3b198924601f93dbee73e62,e73e62,2,双,小
2026-08-11 18:15:06,85257428,000000000514ecd4dc23590479b392d1e4161d622bfe7f8a49adcee89a966c05,966c05,5,单,大
2026-08-11 18:15:12,85257430,000000000514ecd6591ea41dcfe1bb4bf1b4c0a62aaa5834ee3473f439190cc0,190cc0,0,双,小
2026-08-11 18:15:19,85257432,000000000514ecd8c66d44082a7796e6a547ac6949636200105f81ac007709f0,7709f0,0,双,小
2026-08-11 18:15:23,85257434,000000000514ecda2faf9fcf166dc242b21cc2fabf33d070325c09098dbea10f,bea10f,0,双,小
2026-08-11 18:15:29,85257436,000000000514ecdc419503e1bd262fbef254bcc80c962ab2686c93bdbada23b2,da23b2,2,双,小
2026-08-11 18:15:35,85257438,000000000514ecde8b5aa6c0112c054f4045b9e74f2d7f8b4064c1995946cdc6,46cdc6,6,双,大
2026-08-11 18:15:43,85257440,000000000514ece0a41ce76bdd5597c326d8c8a315e1b83e0fc9fdcce48175b2,8175b2,2,双,小
2026-08-11 18:15:49,85257442,000000000514ece2dce0cb594c51711093dda6e0946250ccc77bc7ac15b38c05,b38c05,5,单,大
2026-08-11 18:15:55,85257444,000000000514ece438a43146d54bee2db3baa87c1f1dd1bc36d41c034470c685,70c685,5,单,大
2026-08-11 18:16:01,85257446,000000000514ece6d7db07911bd84f1528b5955a96dd267a5e94bc49d5715713,715713,3,单,小
2026-08-11 18:16:06,85257448,000000000514ece824dcf42e4f1a02a00ebdd8a12f6b3e49045b288a554c7fdd,4c7fdd,7,单,大
2026-08-11 18:16:14,85257450,000000000514ecea56963558f3c34fa46efe13be9566593ec64dad148a3cfa32,3cfa32,2,双,小
2026-08-11 18:16:19,85257452,000000000514ececfb446de2f556ed60977ec0e52b525984fef00a65af6ba400,6ba400,0,双,小
2026-08-11 18:16:26,85257454,000000000514eceef0d1d40ff2caacbe772c4e8b2f3ce408ebc72d298724b53b,24b53b,3,单,小
2026-08-11 18:16:29,85257456,000000000514ecf07ca21aff3748eec9882a4ffea5354525dc45bb2f6f8e0d83,8e0d83,3,单,小
2026-08-11 18:16:35,85257458,000000000514ecf26cb753132502653c85536ae355ecc5b29df1560bf9a9a1e2,a9a1e2,2,双,小
2026-08-11 18:16:42,85257460,000000000514ecf4a663ff321be3483e38ffd05c4950d04e2f3191a6d9b206da,b206da,6,双,大
2026-08-11 18:16:49,85257462,000000000514ecf6eaf61b40eea90b77df5dd1c645669354a56860f078315354,315354,4,双,小
2026-08-11 18:16:54,85257464,000000000514ecf805ebf2603fb5c43f62752304211b4d6e57cfe70716b00220,b00220,0,双,小
2026-08-11 18:17:00,85257466,000000000514ecfaf2961c889b67344ca7e72fddd2030f0511855a79c4e7e9a6,e7e9a6,6,双,大
2026-08-11 18:17:05,85257468,000000000514ecfc93efb62a63b330ac430ca8880223568a0b3631dfb2feb54d,feb54d,4,双,小
2026-08-11 18:17:11,85257470,000000000514ecfeb4f2178aefee6c4e97bce289668e130b330f8f964f48e2cd,48e2cd,2,双,小
2026-08-11 18:17:18,85257472,000000000514ed00180595650fa125b94e513274379da482362036d942ca3fd3,ca3fd3,3,单,小
2026-08-11 18:17:24,85257474,000000000514ed02a5430aa95633fdc0ca82e8bdf9cdcbb18a251fc2ac98cc40,98cc40,0,双,小
2026-08-11 18:17:31,85257476,000000000514ed04731a359caca3314684e217544fb6465e54dfb4b9f3207c38,207c38,8,双,大
2026-08-11 18:17:36,85257478,000000000514ed06371b6336ff4a5ad9f1d412207e9487c15e7d0d294eabe165,abe165,5,单,大
2026-08-11 18:17:40,85257480,000000000514ed0837e7af4d59d4dd80315e8684ca4f54408b0810300ddeebd1,deebd1,1,单,小
2026-08-11 18:17:48,85257482,000000000514ed0af86ae7f65c171827c011f2b3d483a89d6e182329b6066a9b,066a9b,9,单,大
2026-08-11 18:17:54,85257484,000000000514ed0c13d24d2225a30da6140f58a196d9aae5b4688eecb5692c6a,692c6a,6,双,大
2026-08-11 18:18:01,85257486,000000000514ed0ef391eb63d04bc30a10f16e4219974c92b7a76d249adf676a,df676a,6,双,大
2026-08-11 18:18:06,85257488,000000000514ed10308cd32c773619cf5e859264137a27d36c5c095a47e445e9,e445e9,9,单,大
2026-08-11 18:18:11,85257490,000000000514ed1257c2d0a45ca5fa31b78d72dbb982ea5ecb3623c037557d09,557d09,9,单,大
2026-08-11 18:18:19,85257492,000000000514ed1481bee51d2988a0e393f27c68673f79e5ae4e3e90f77c1005,7c1005,5,单,大
2026-08-11 18:18:24,85257494,000000000514ed16c4a3b87ccfdbad1e4e4a04a2e0d6569ee317cb84a34d6c62,4d6c62,2,双,小
2026-08-11 18:18:29,85257496,000000000514ed18637b55e5ed8cf1520e2b57580cdb2d0405f251ea98285a15,285a15,5,单,大
2026-08-11 18:18:37,85257498,000000000514ed1aacdaa5758e8a5d11fcf59e50c6ec2279f2e773ae502f9654,2f9654,4,双,小
2026-08-11 18:18:42,85257500,000000000514ed1cbdc43f02a10f17919dc47469a8efb7150b6dd776b95c878c,5c878c,8,双,大
2026-08-11 18:18:49,85257502,000000000514ed1efcb930cfb3e1c0e240ec33e50e28cf2f11b78e6a5c0764fe,0764fe,4,双,小
2026-08-11 18:18:53,85257504,000000000514ed20d1967600919999c3ea775613eb28388946a3f65e19c24179,c24179,9,单,大
2026-08-11 18:18:59,85257506,000000000514ed220ae86acf7f911cd3342cd1c09a97febe89f36a0e7071b52d,71b52d,2,双,小
2026-08-11 18:19:07,85257508,000000000514ed245bb45d34b673569dd5b27d5c8cb49cb03d061571eed5c72d,d5c72d,2,双,小
2026-08-11 18:19:11,85257510,000000000514ed26e481cd7b1829a47bb7abc5eddfd19d15b9cf807cd4cc57fa,cc57fa,7,单,大
2026-08-11 18:19:17,85257512,000000000514ed2840323b7c48eeb938575dace4f77f2fb89b67768b440a69b3,0a69b3,3,单,小
2026-08-11 18:19:24,85257514,000000000514ed2a41eff679db0f1431ef6dfa596da774529ef87e52b9dcc911,dcc911,1,单,小
2026-08-11 18:19:30,85257516,000000000514ed2cb8411ccbcaaa19e243c80e76d5cd34b4de4ea3c228fd1f59,fd1f59,9,单,大
2026-08-11 18:19:36,85257518,000000000514ed2ea8eca2cc838317088572022f1a688015925e037f6bc2d00d,c2d00d,0,双,小
2026-08-11 18:19:42,85257520,000000000514ed30b4a6c594c16981bd09d8194d5177e60915b9a55ff285acd6,85acd6,6,双,大
2026-08-11 18:19:49,85257522,000000000514ed32458ee226295654467a93089327420f6577d96102888dde64,8dde64,4,双,小
2026-08-11 18:19:53,85257524,000000000514ed340d4deab883b69fc67e97c81115c2f8ebb5b71f744f2014d7,2014d7,7,单,大
2026-08-11 18:20:01,85257526,000000000514ed363928b6512b85bcef45ea8c11eb2903c4525f3503b085d980,85d980,0,双,小
2026-08-11 18:20:06,85257528,000000000514ed384b2173edbf2ee3823d5ec7bf58d913a508c994daf6e63824,e63824,4,双,小
2026-08-11 18:20:12,85257530,000000000514ed3a3e75939aa47479518b57c739179be03c997335edd95aad91,5aad91,1,单,小
2026-08-11 18:20:18,85257532,000000000514ed3c2fdba8a88c6cd1b5e7435b09c810bdb398c7592d869b8a59,9b8a59,9,单,大
2026-08-11 18:20:24,85257534,000000000514ed3e30728951976c1c258e5e3f4de82304470e87fb07d954fb45,54fb45,5,单,大
2026-08-11 18:20:31,85257536,000000000514ed402aec995686d01eb473e297444dcc9fe1ffd9265f2968320a,68320a,0,双,小
2026-08-11 18:20:39,85257538,000000000514ed42734d16116c1c25db61cbe81235f138f8707abf74d5b77481,b77481,1,单,小
2026-08-11 18:20:43,85257540,000000000514ed448b3f8f26ef2d471ca72fb47a5e1a9d0e8e9828044ec1d6ea,c1d6ea,6,双,大
2026-08-11 18:20:49,85257542,000000000514ed4622a72f8ef42c0020c2b76dd7506d7fccea94c543a51db8ae,1db8ae,8,双,大
2026-08-11 18:20:54,85257544,000000000514ed48e3eab94e8e53c335ab9653399d0d733dadcb181d8fc40ee9,c40ee9,9,单,大
2026-08-11 18:21:02,85257546,000000000514ed4aaf3f0e50a9df7b6541ff8454c6b733ba242a4344db3cfc2a,3cfc2a,2,双,小
2026-08-11 18:21:07,85257548,000000000514ed4c4c4d0ddb70e0fc50ee7ea44de06f9c501d858dc406aedcf5,aedcf5,5,单,大
2026-08-11 18:21:12,85257550,000000000514ed4ec63108c0c2233b310ace724adc95ef51988cd9d768dc8ab4,dc8ab4,4,双,小
2026-08-11 18:21:18,85257552,000000000514ed50978aa610b4ed6ced2b8d5aafbb623f3db871911738086012,086012,2,双,小
2026-08-11 18:21:23,85257554,000000000514ed527e298e1ad3168d9b654903384040a6dc9efbf648a8037f0a,037f0a,0,双,小
2026-08-11 18:21:29,85257556,000000000514ed54e346936053d493f5c2b3a010c4467ea1db5a776f8c70faea,70faea,0,双,小
2026-08-11 18:21:35,85257558,000000000514ed56a9faf44dd9ef12d6204da43fe00ebafa20d1b5469ad5723c,d5723c,3,单,小
2026-08-11 18:21:42,85257560,000000000514ed58cfc0849c26f5f4c474cdb22fb7362346bed1fd9567098d31,098d31,1,单,小
2026-08-11 18:21:49,85257562,000000000514ed5a82300c0272a9b9ae50c8dc5d73ded8431a4df8bf7ef7cd38,f7cd38,8,双,大
2026-08-11 18:21:56,85257564,000000000514ed5cb4e7840d4c0fed5ae25350d33f88155c1952107251bab60d,bab60d,0,双,小
2026-08-11 18:22:02,85257566,000000000514ed5e475cbccf8fbd6c7a11d774c1fef4b8c343e24e8f4dcd5e94,cd5e94,4,双,小
2026-08-11 18:22:05,85257568,000000000514ed60b90af65a8f01bf31acc812132e5cbd581793f3565a874e72,874e72,2,双,小
2026-08-11 18:22:13,85257570,000000000514ed6265f006fb6dba69a2a1b31a37668ed226d0da382b03ea16b5,ea16b5,5,单,大
2026-08-11 18:22:18,85257572,000000000514ed64b42e05e55c23ebb673414fd1ca75cde6bf4d16ec97a55e9d,a55e9d,9,单,大
2026-08-11 18:22:23,85257574,000000000514ed66126f46d86071eda3e8a25bf418e1180b7dde7871e28c7230,8c7230,0,双,小
2026-08-11 18:22:28,85257576,000000000514ed6879007edd37e3656ea6fb04a1977374297e18bad7e0ebe80d,ebe80d,0,双,小
2026-08-11 18:22:36,85257578,000000000514ed6a5df21fb23ec88bc3b9cfcee5ad200d1f3e25e89bf046f1a8,46f1a8,8,双,大
2026-08-11 18:22:43,85257580,000000000514ed6c842f3dbf07c31488165ea90256edd7c6d342b82dd7e3eff2,e3eff2,2,双,小
2026-08-11 18:22:48,85257582,000000000514ed6ebb6d3cecdfc4b17a8eba41863072a7e4330fde1e61ea9f6e,ea9f6e,6,双,大
2026-08-11 18:22:55,85257584,000000000514ed70d30998cdb6a3251aad75d3b90cf592be86f62bbc9f8c4561,8c4561,1,单,小
2026-08-11 18:23:00,85257586,000000000514ed72fb153f6c29776bf1cae93fa35321c83cd7e9ab01acceab8b,ceab8b,8,双,大
2026-08-11 18:23:04,85257588,000000000514ed74a685bc8bb4033800ec7f2b24520add64e31caa0ee53ab3b4,3ab3b4,4,双,小
2026-08-11 18:23:13,85257590,000000000514ed768fead9c1908e264251779a080646cd5f79118b5dc63595ac,3595ac,5,单,大
2026-08-11 18:23:20,85257592,000000000514ed7858974d3aaeda92b647928c15cbba9a8552edb0783b1011c4,1011c4,4,双,小
2026-08-11 18:23:22,85257594,000000000514ed7aaf1106041195a74fdef59495c871f49948cbfef06200fa19,00fa19,9,单,大
2026-08-11 18:23:30,85257596,000000000514ed7cc50e8ef23e041dd0eb32703f25494f36fcb2dce82b48e67f,48e67f,7,单,大
2026-08-11 18:23:35,85257598,000000000514ed7e51f7c1d34ff0818de0213cc58ce72c35ac468c65aaff968a,ff968a,8,双,大
2026-08-11 18:23:40,85257600,000000000514ed80f9019e3a7a41a1c206c5866acf827fc6ebbb18d58258f1b5,58f1b5,5,单,大
2026-08-11 18:23:47,85257602,000000000514ed8246feaf8205d34e9af8e9646f53e9a2a0d384b958687b0d0e,7b0d0e,0,双,小
2026-08-11 18:23:54,85257604,000000000514ed84dc6a4ed6260c4378874cbb2b3d20fec8c3064613536b1f2f,6b1f2f,2,双,小
2026-08-11 18:24:00,85257606,000000000514ed8653099a3babcf7d8971548becd36f5fcdef111a9b56c0cbec,c0cbec,0,双,小
2026-08-11 18:24:05,85257608,000000000514ed8854603b35a40d65720045a5f1359c3e1650bb391558136434,136434,4,双,小
2026-08-11 18:24:12,85257610,000000000514ed8a45342547338790ce6de556bf98d079773459f6ce35e2d3be,e2d3be,3,单,小
2026-08-11 18:24:16,85257612,000000000514ed8c8af86c0bd4068f4436e4c9bb3936d3ced1c75ad1409161f5,9161f5,5,单,大
2026-08-11 18:24:23,85257614,000000000514ed8e823cb0b2876102c9736611dc9934d686387f55728e908f40,908f40,0,双,小
2026-08-11 18:24:31,85257616,000000000514ed90a180331872fac84999921f199ee35ed4747d328bbdb737aa,b737aa,7,单,大
2026-08-11 18:24:37,85257618,000000000514ed92251aa7d01e737061afa842ee8282deeba18a18b76540af25,40af25,5,单,大
2026-08-11 18:24:42,85257620,000000000514ed94e7586b018ef9526a4bbf2b808dd7e79d9a98fb4a1758e10a,58e10a,0,双,小
2026-08-11 18:24:47,85257622,000000000514ed966bd25964c1eb417e97379723234d32c266778eb1ac877fdf,877fdf,7,单,大
2026-08-11 18:24:55,85257624,000000000514ed9889c69a403de6879d3f8fec519afc4678c166e9360a456314,456314,4,双,小
2026-08-11 18:25:01,85257626,000000000514ed9aa7f6f07afd19f4e75ee375618726f0bab81c132434742aa7,742aa7,7,单,大
2026-08-11 18:25:08,85257628,000000000514ed9c36ab20d36a449541a12ba8074d0cb0f93196bea9f1975db8,975db8,8,双,大
2026-08-11 18:25:13,85257630,000000000514ed9ec265b3e611444d0be1f1ab588886ac750e3faf0101e01e70,e01e70,0,双,小
2026-08-11 18:25:17,85257632,000000000514eda0751363619244b62aabe1365794022654dc2b96d6c3130772,130772,2,双,小
2026-08-11 18:25:23,85257634,000000000514eda20b390babc98cff8a540236dd906f95445482f5264a0bd8ef,0bd8ef,8,双,大
2026-08-11 18:25:30,85257636,000000000514eda4c4c8254956d1d8337fb99ee27cce7e04a9c618df481f2f15,1f2f15,5,单,大
2026-08-11 18:25:35,85257638,000000000514eda6cfc038bdae4c42ebaffe0dd66a5a2b88b160a57330b209f7,b209f7,7,单,大
2026-08-11 18:25:42,85257640,000000000514eda876c712cf8df50658be39b5e203cbd759d9c4606ea6714b3b,714b3b,3,单,小
2026-08-11 18:25:47,85257642,000000000514edaa041ad1cb121abea4294f5b89f88ddc7201ca360e9321b7de,21b7de,7,单,大
2026-08-11 18:25:53,85257644,000000000514edacfa2fd2846392b0fd7934b520a12845cba2404a40f0f774d8,f774d8,8,双,大
2026-08-11 18:26:01,85257646,000000000514edae9394bd0b3f4a89a7a2ede695aa538d8a22b008c2651e0c88,1e0c88,8,双,大
2026-08-11 18:26:05,85257648,000000000514edb0a56ce03a9a01ca0209c3103fd9cdcc4e64362094d9b48a93,b48a93,3,单,小
2026-08-11 18:26:13,85257650,000000000514edb24d7cef4f6082422b2b04637c893f45076334657ed30d4ac0,0d4ac0,0,双,小
2026-08-11 18:26:17,85257652,000000000514edb425acd524d45a25dfffa86f8631f6dc2121e508e40ced63e8,ed63e8,8,双,大
2026-08-11 18:26:23,85257654,000000000514edb654ac337d0989ace0ca489a91cef478c30e070f425aa16cbd,a16cbd,6,双,大
2026-08-11 18:26:32,85257656,000000000514edb8aaa97ca0a132bde3ad9e31c6cad98ad3c20c5d5183af7cb9,af7cb9,9,单,大
2026-08-11 18:26:36,85257658,000000000514edbac71cf2fc1a7d32a24355f4189f3bf10c42735460d29db776,9db776,6,双,大
2026-08-11 18:26:41,85257660,000000000514edbc123134ffebc8a8625eb3c0701650fc4e9f16e93257fc2deb,fc2deb,2,双,小
2026-08-11 18:26:47,85257662,000000000514edbe8ba59fee3906727f3fc458bd2110ef69f128b95287f456fa,f456fa,6,双,大
2026-08-11 18:26:53,85257664,000000000514edc0d06aaf973cef01774318e11b4bb8ac2f4a9c39bab64b271f,4b271f,1,单,小
2026-08-11 18:27:02,85257666,000000000514edc2cfff616b1e732c2b8b3a6db65d082c3fcaf3c647f7b6d1fa,b6d1fa,1,单,小
2026-08-11 18:27:05,85257668,000000000514edc4f8510b82cc79a1f011f0975cd1e7387911cfc0d3986e1d41,6e1d41,1,单,小
2026-08-11 18:27:13,85257670,000000000514edc686ff3d20f96a3ee3dac3964697e6e7edb2ff9f75ddb30b4e,b30b4e,4,双,小
2026-08-11 18:27:17,85257672,000000000514edc8e334ba5efdf65c22cdc39f1c803efcadd5b18496151dc77a,1dc77a,7,单,大
2026-08-11 18:27:24,85257674,000000000514edcabd917db7a273622203645ee8f7253646cb125d2e925490bd,5490bd,0,双,小
2026-08-11 18:27:30,85257676,000000000514edcc39272ec46341f5aac4e0aec5d8f46aefcc9285c234944adc,944adc,4,双,小
2026-08-11 18:27:36,85257678,000000000514edcec21ad953660b013ad00365a1aae752b7350b7186e8ee2b01,ee2b01,1,单,小
2026-08-11 18:27:41,85257680,000000000514edd0ea4df75626224f91f11a8531b4b5d20ff8f68ad5ac613024,613024,4,双,小
2026-08-11 18:27:48,85257682,000000000514edd2cf17fc8374e05e5f6ea31a27e1789c8b870d9a7b9734ca30,34ca30,0,双,小
2026-08-11 18:27:54,85257684,000000000514edd404f74d8385e1b3514a84cd727ffe4276d2df099fc12c471e,2c471e,1,单,小
2026-08-11 18:28:00,85257686,000000000514edd614be9bf0dce4f0461afc411b2ecc4fbe8c88b9c5be459278,459278,8,双,大
2026-08-11 18:28:05,85257688,000000000514edd8c98f06d67e0d6d4d93cd28149309bee3ba1b1e79372bb40b,2bb40b,0,双,小
2026-08-11 18:28:13,85257690,000000000514edda977ad4f8154ad6ebb76f65f546b2ac99e82cbcbfeddc6b5d,dc6b5d,5,单,大
2026-08-11 18:28:18,85257692,000000000514eddc14d708dacfa424eb9d488c534ab91abcc3c6a0d957cd3545,cd3545,5,单,大
2026-08-11 18:28:24,85257694,000000000514eddeffb5d5ca911540a0a47f44d022efed48d9f7860b3a7fe2de,7fe2de,2,双,小
2026-08-11 18:28:30,85257696,000000000514ede0d6b8e2af0e82c3bdc16f3fe9dc351d47ac9dfc7cce2ef5ea,2ef5ea,5,单,大
2026-08-11 18:28:34,85257698,000000000514ede285831de75e6e4bcaea5fc56d4d08c934b893514a0fc07d75,c07d75,5,单,大
2026-08-11 18:28:43,85257700,000000000514ede4e5b2a301db31d97e03cdb86798c43fe8c731bc9e8d7b19e5,7b19e5,5,单,大
2026-08-11 18:28:47,85257702,000000000514ede68ae68b659d4d12aaeb1800454a3dac53cfa59674ca2fd520,2fd520,0,双,小
2026-08-11 18:28:54,85257704,000000000514ede8658b8264e15bc3ac4f1adb421f2486843d6e0d086e2336e3,2336e3,3,单,小
2026-08-11 18:28:59,85257706,000000000514edeaac19376bd96f46692331cc288d73b5e11d5fb7c6b14c63df,4c63df,3,单,小
2026-08-11 18:29:07,85257708,000000000514edecd9a0e4a671d1973d0c1736b3d14ea04ca3e27e8a154d1836,4d1836,6,双,大
2026-08-11 18:29:12,85257710,000000000514edee32d9bb1e17d18b7105303de394abfcb14f28624b7fc85bac,c85bac,5,单,大
2026-08-11 18:29:18,85257712,000000000514edf0aafeef5eb2d18f5a448389fe195f634421c724463eb5ebdb,b5ebdb,5,单,大
2026-08-11 18:29:22,85257714,000000000514edf2d900da84cc4b31b096f97d42f44a1845757a6bfca68f150d,8f150d,0,双,小
2026-08-11 18:29:31,85257716,000000000514edf4b6cc367c987072aa199989407e9b873f8dccf0634acb93a6,cb93a6,6,双,大
2026-08-11 18:29:36,85257718,000000000514edf6c3859c70ceff50c49fa9076ab5fea51d5f42ccb3e5407b3b,407b3b,3,单,小
2026-08-11 18:29:42,85257720,000000000514edf8176c78ffe84f16a1c33e9c0a15b723bf84e894f2f7efd917,efd917,7,单,大
2026-08-11 18:29:49,85257722,000000000514edfa35ee5b26495cac408d2b2163e1b6130a1d0d97aa0d71194b,71194b,4,双,小
2026-08-11 18:29:54,85257724,000000000514edfce245d0fffd9348e87bb0818b8ac70292999fe33d30c42708,c42708,8,双,大
2026-08-11 18:29:59,85257726,000000000514edfee606789dbadf913ec06672c69ae2d788ca64f49608448b0f,448b0f,0,双,小
2026-08-11 18:30:06,85257728,000000000514ee001d130fa14f8b82badbaeeafb8af15e913d7ea4505aa4774c,a4774c,4,双,小
2026-08-11 18:30:11,85257730,000000000514ee02c742262b4307ad9d8fc08cc88e08b4cb36c87242838a7d38,8a7d38,8,双,大
2026-08-11 18:30:17,85257732,000000000514ee04be412716a78b8358a7a130e984f90f73195f728b976d4f6b,6d4f6b,6,双,大
2026-08-11 18:30:24,85257734,000000000514ee068d1731e3612c2fcdcd0dcd1b586c5ff9883fc736ab759384,759384,4,双,小
2026-08-11 18:30:30,85257736,000000000514ee08f0dfdb0c6b296603ec6c43f048211b79d62805a809d9441c,d9441c,1,单,小
2026-08-11 18:30:35,85257738,000000000514ee0a335bdea95c8dd758d0449f9ad25a8b201cd11209e7568452,568452,2,双,小
2026-08-11 18:30:40,85257740,000000000514ee0cc3257a8aa6f6af4a80a6d61e9b82dfd09a73783e22e6102e,e6102e,2,双,小
2026-08-11 18:30:49,85257742,000000000514ee0e336cc1572bff74eed8844bd581cfce424b47031db565dad9,65dad9,9,单,大
2026-08-11 18:30:55,85257744,000000000514ee10606ecbd973f0bbd1424673e9de143d0a23e2ba1b0efd3d59,fd3d59,9,单,大
2026-08-11 18:31:01,85257746,000000000514ee1200de39af894851c887b60b4e3961ca9970525f5691ff25bc,ff25bc,5,单,大
2026-08-11 18:31:06,85257748,000000000514ee1466222cf52d3f04ca0a0215d34db58753b7589bce4a970932,970932,2,双,小
2026-08-11 18:31:12,85257750,000000000514ee16b5ba29d9637c0a7e9c90201b259103e1acf67ba555611afb,611afb,1,单,小
2026-08-11 18:31:19,85257752,000000000514ee18bdce7facad72651e7b9e031fa8cd1d3416cc25bc7aea7000,ea7000,0,双,小
2026-08-11 18:31:25,85257754,000000000514ee1a455ad891707a9eceb2d6a91849abf328ef56d1b8c17499c8,7499c8,8,双,大
2026-08-11 18:31:28,85257756,000000000514ee1c7a942ff209e8d04a98e3ac11513250fa2e9593e9ac824865,824865,5,单,大
2026-08-11 18:31:37,85257758,000000000514ee1efb063530339507b3824583bfa3b1066ee22d87d0dd9ef838,9ef838,8,双,大
2026-08-11 18:31:42,85257760,000000000514ee209ffbe04f6d340dc3ca7d95157402eaa8d3bfbfdd81c8000f,c8000f,0,双,小
2026-08-11 18:31:46,85257762,000000000514ee2215b242653e6a31cdba4f20dc135372c221e46ec433aa45e2,aa45e2,2,双,小
2026-08-11 18:31:55,85257764,000000000514ee2435d57508ad67ae77b570991f4586e83430f06900b95d99e7,5d99e7,7,单,大
2026-08-11 18:32:01,85257766,000000000514ee264ff3c5d06adba8b40bd844d5ea79d44d4b863d32de0c8b60,0c8b60,0,双,小
2026-08-11 18:32:06,85257768,000000000514ee28e85c848e8521b0f05144ff92c0f35b80adac112d32c5019c,c5019c,9,单,大
2026-08-11 18:32:12,85257770,000000000514ee2a68294d0c3033d93e979813d85f6bdadd4facca022ad8da7e,d8da7e,7,单,大
2026-08-11 18:32:18,85257772,000000000514ee2cb8a40b1c240bbf0b69c334f4fa728a3fc37b4b31b9afc3c0,afc3c0,0,双,小
2026-08-11 18:32:23,85257774,000000000514ee2ebcf4874131989a84cd6b3e28b511e63d56f062401e0820d6,0820d6,6,双,大
2026-08-11 18:32:32,85257776,000000000514ee30bbf142d0b030ffd00d4dd2620a25f838a8af21f4a0682960,682960,0,双,小
2026-08-11 18:32:35,85257778,000000000514ee32c9834f624c944d2de09f9fd43b2e988a190fe071072171e2,2171e2,2,双,小
2026-08-11 18:32:42,85257780,000000000514ee34d68b09dba69f1f5521ab482848d2d944f6dc49a02fa8fe9e,a8fe9e,9,单,大
2026-08-11 18:32:48,85257782,000000000514ee36a358d48567bf3080a0e0d5e359a7b7d49706e40fbf89a112,89a112,2,双,小
2026-08-11 18:32:54,85257784,000000000514ee38ff139bd0210ebca9268da2632a3a6a92cc4f5108a0130f62,130f62,2,双,小
2026-08-11 18:33:01,85257786,000000000514ee3aa215212d13d892fef95e826ee6fcaf8c344657253a376902,376902,2,双,小
2026-08-11 18:33:08,85257788,000000000514ee3cc56cfc7de5f66ffba1659c60f81fa3c8ee7feff002245a94,245a94,4,双,小
2026-08-11 18:33:13,85257790,000000000514ee3e98e02420f058eb285a39e28a1a1b48bdeb02dc9571bd65ac,bd65ac,5,单,大
2026-08-11 18:33:19,85257792,000000000514ee4092ea84a6c40c8a29dfcc26287733d28eedc965c9b410acee,10acee,0,双,小
2026-08-11 18:33:23,85257794,000000000514ee42d24839046c258e1696fc4a5485bf2100b46987fcbd5b40dc,5b40dc,0,双,小
2026-08-11 18:33:32,85257796,000000000514ee443250dea0b1a3ce65445c8fad535526bc0a9aa373c40b4626,0b4626,6,双,大
2026-08-11 18:33:37,85257798,000000000514ee46db24ab3db5b3805cbcccd305329af55730033aacb9d0460b,d0460b,0,双,小
2026-08-11 18:33:42,85257800,000000000514ee48ed837375dbfaa45bd4d6decc9d1f1642883c7a847bd25368,d25368,8,双,大
2026-08-11 18:33:49,85257802,000000000514ee4a36fac0bd1624dd7c62ebe852088afa6bf055747c0e90da13,90da13,3,单,小
2026-08-11 18:33:53,85257804,000000000514ee4c86406b0aaf16991712c75d29c9d3c9e1112498f893675cbc,675cbc,5,单,大
2026-08-11 18:34:01,85257806,000000000514ee4e33e4cedb234032b383aad8f42f62a48c0ad0ec8d0833bee4,33bee4,4,双,小
2026-08-11 18:34:06,85257808,000000000514ee50c2f74c4e13e32c4c62118cde620f267e7513d39fc366aa27,66aa27,7,单,大
2026-08-11 18:34:14,85257810,000000000514ee521bc80308f96c742fb7a6aa5ce89207a1b508baf1113df7c9,3df7c9,9,单,大
2026-08-11 18:34:19,85257812,000000000514ee549404f9c384b843f8310b840eb9c471660e7643f1cfd4bc27,d4bc27,7,单,大
2026-08-11 18:34:24,85257814,000000000514ee5638cd638173ccc653e80cac423e064758dc3888cebd93dd28,93dd28,8,双,大
2026-08-11 18:34:30,85257816,000000000514ee589ab9d62f8a84a0ba45c0b185a074c0e698048208ed6a76df,6a76df,6,双,大
2026-08-11 18:34:35,85257818,000000000514ee5a61ce5d358f1fdf37800685d5b2028141eef6e327de482d2e,482d2e,2,双,小
2026-08-11 18:34:43,85257820,000000000514ee5cee27385fa79a811cd0df4139bbc1692f39dea650d5f99e01,f99e01,1,单,小
2026-08-11 18:34:48,85257822,000000000514ee5ed66dc1af60066b6382381dabfa34b175853e9a54c92bbb27,2bbb27,7,单,大
2026-08-11 18:34:55,85257824,000000000514ee60944a73c2b50b3df6d6adec9e60f2a91f8babb0f013b5a989,b5a989,9,单,大
2026-08-11 18:35:01,85257826,000000000514ee62df85377369fd981d72d75f5b9278c24632b950e6d3e2b0b0,e2b0b0,0,双,小
2026-08-11 18:35:05,85257828,000000000514ee649eaeebfd7592fa70318c197d602bad81b3d71add13919548,919548,8,双,大
2026-08-11 18:35:13,85257830,000000000514ee66fa689d74c33c3a6173d4a9319ea876bf1bd2134bdb511cc6,511cc6,6,双,大
2026-08-11 18:35:18,85257832,000000000514ee680503337f33a305e14e7eca9012f42f5b4b2313e47b64f363,64f363,3,单,小
2026-08-11 18:35:23,85257834,000000000514ee6ab9cb5c39493b0805fbc66d6ffa815d41164f3088db66a7b0,66a7b0,0,双,小
2026-08-11 18:35:30,85257836,000000000514ee6c3e96614b962cae4ced84d0308058582f7b199de9509b0735,9b0735,5,单,大
2026-08-11 18:35:35,85257838,000000000514ee6eeb5b361998a0b0cd40de990da61abacf325138bf44a1a6b2,a1a6b2,2,双,小
2026-08-11 18:35:41,85257840,000000000514ee70f5bb4927044eab5a1b220427c13808f820ef75c8862bed14,2bed14,4,双,小
2026-08-11 18:35:48,85257842,000000000514ee72a836fe7c761a3c9387f6129407e02a5df8648561c49b6018,9b6018,8,双,大
2026-08-11 18:35:53,85257844,000000000514ee74a30eb94bfd3721d6bcd129cd3ce2633eb55246274f4381f8,4381f8,8,双,大
2026-08-11 18:36:02,85257846,000000000514ee76c0cd83d9ace7600ca7bb1785c0947b2759d2ad1d100ef4d8,0ef4d8,8,双,大
2026-08-11 18:36:07,85257848,000000000514ee7802599ef6e1198ac0d6c70c95bfd144703d94d1f0bb6f9504,6f9504,4,双,小
2026-08-11 18:36:12,85257850,000000000514ee7ae7c485213499630257a49b7ebd3bbb0d4bfd18736022f389,22f389,9,单,大
2026-08-11 18:36:18,85257852,000000000514ee7c5af2dff38682a6eb3fc49d7fd88dd52b19857339d024df33,24df33,3,单,小
2026-08-11 18:36:23,85257854,000000000514ee7e69b32c7b3a6178b1a7d6d7e8743b45062980ceb272c9dfbf,c9dfbf,9,单,大
2026-08-11 18:36:31,85257856,000000000514ee80b054ea26fdb1423f2dc773ab180125a351eb2bca59883fae,883fae,3,单,小
2026-08-11 18:36:37,85257858,000000000514ee827f562c0c50ffcbd1a9dd53c1b17d85da63bca01d6d41571a,41571a,1,单,小
2026-08-11 18:36:42,85257860,000000000514ee847a4b4014ca3c79cf4db0dcf8190ab64c4cdc78bddae9f910,e9f910,0,双,小
2026-08-11 18:36:47,85257862,000000000514ee864ec0b9da9fe56d9d47dfe1c6cbec1725692762ef15c31ac8,c31ac8,8,双,大
2026-08-11 18:36:52,85257864,000000000514ee88ed7bd5f052b3b1503466bad4c7d21765bfbbccd3fa7ddcf3,7ddcf3,3,单,小
2026-08-11 18:36:58,85257866,000000000514ee8a2fde6b86c242e75674bb18fecaaedb3e2d70c7fa18784bbe,784bbe,4,双,小
2026-08-11 18:37:05,85257868,000000000514ee8c0429b5a3eb3afba5bd477792c68de37af71c0959ee05890d,05890d,0,双,小
2026-08-11 18:37:13,85257870,000000000514ee8e573d118f8f527b80cfea6c0cab2efe1e3bdaff3614fc622d,fc622d,2,双,小
2026-08-11 18:37:18,85257872,000000000514ee901124d7e423e2f5466b6c2374e01ec6a56bc3519ea8c3117d,c3117d,7,单,大
2026-08-11 18:37:27,85257874,000000000514ee9263709afae4828f40d435b43edfa001a6db7306a313a7f5ed,a7f5ed,5,单,大
2026-08-11 18:37:42,85257878,000000000514ee9642d30084b14d325e4931bada59f2e02c9196af3f049c5630,9c5630,0,双,小
2026-08-11 18:37:57,85257882,000000000514ee9a818c7bd1398850b1575d7391163ec0ffb959dcf2b7537999,537999,9,单,大
2026-08-11 18:38:21,85257890,000000000514eea22ad96d7755b9b229551e32d914086b281565a255825fddd8,5fddd8,8,双,大
2026-08-11 18:38:40,85257896,000000000514eea884398fd11253b2c6dabccef5525f2f621dd8b749ac365e15,365e15,5,单,大
2026-08-11 18:38:44,85257900,000000000514eeac7164ad4279a6a331a8928a61f63b81c64c20593178ae8dff,ae8dff,8,双,大
2026-08-11 18:38:50,85257902,000000000514eeaee83e7acfce0e4c7f9072190f20075f748e74a366e9972c72,972c72,2,双,小
2026-08-11 18:38:55,85257904,000000000514eeb07dacba4767aaf9963d32d409aa875fe8d1edada6782de464,2de464,4,双,小
2026-08-11 18:39:02,85257906,000000000514eeb2495dd40cf926550407399b8b091d37d05bb60140a85ea8bd,5ea8bd,8,双,大
2026-08-11 18:39:07,85257908,000000000514eeb488d911851e49af8cdff6684fd382114a053527c5e3c0cf51,c0cf51,1,单,小
2026-08-11 18:39:12,85257910,000000000514eeb6b683fbc5ceca5c825320c9ce6ac918223c5c99de5fbe4436,be4436,6,双,大
2026-08-11 18:39:17,85257912,000000000514eeb8b191e8bbaa39da74f31f85216adabbe61a902eec6aa688e6,a688e6,6,双,大
2026-08-11 18:39:24,85257914,000000000514eebaf5ecbca0991b573ec62c05a3071b66df3f72a8d93ec5e004,c5e004,4,双,小
2026-08-11 18:39:31,85257916,000000000514eebca74cd51fef86352fefd1759c4d53fe3b344cdca02fb48598,b48598,8,双,大
2026-08-11 18:39:37,85257918,000000000514eebea3fe49aacf07bbe49c8802aaaafd561f47d107b70c5e0f87,5e0f87,7,单,大
2026-08-11 18:39:40,85257920,000000000514eec0c991c7edd71468cef6db4988c8481fdf2291cc85449856d7,9856d7,7,单,大
2026-08-11 18:39:48,85257922,000000000514eec2f5c3329a5d8c23dd1e9ba50c0b4b2b9688b17901ace0d376,e0d376,6,双,大
2026-08-11 18:39:53,85257924,000000000514eec48ca8aed7383a2b12be5a3f397eeeb497525445f516f4910b,f4910b,0,双,小
2026-08-11 18:40:01,85257926,000000000514eec68346d20209951c5366023e409922de63ff6c3daaf1de3721,de3721,1,单,小
2026-08-11 18:40:06,85257928,000000000514eec8f83dda15391add4627d6ae0c971eb5a10b0199ea51168a45,168a45,5,单,大
2026-08-11 18:40:12,85257930,000000000514eeca8fcaabfa77585dccda2cc80a7b86303b8fc9467f602bf286,2bf286,6,双,大
2026-08-11 18:40:18,85257932,000000000514eecc8d75dd959f7c422bfe07587f6a30fc48ef39ef3e5596474a,96474a,4,双,小
2026-08-11 18:40:23,85257934,000000000514eece45994b3ca46c9cf3f0457e2e991a23999adbcec40a84fa58,84fa58,8,双,大
2026-08-11 18:40:30,85257936,000000000514eed0eda2b9c09e1012318ab10714b4a70d4daa79e0d46c66e20e,66e20e,0,双,小
2026-08-11 18:40:36,85257938,000000000514eed2d3757a0f6a4891aa0c9b53ea6cf320be24da3db5acb2384f,b2384f,4,双,小
2026-08-11 18:40:43,85257940,000000000514eed4c8e8a11d850960c7d20162a2e7f9c18ef932b417bd0e142f,0e142f,2,双,小
2026-08-11 18:40:49,85257942,000000000514eed6c7ab6568291bc868d8b3b50a8057c6f793255ce4552ee628,2ee628,8,双,大
2026-08-11 18:40:56,85257944,000000000514eed8b00f191150446fd104b69333f0842e2156db018c9673ca5c,73ca5c,5,单,大
2026-08-11 18:41:00,85257946,000000000514eeda64db070e32e7485de9e74e3e419141cd165c5041357a7e7d,7a7e7d,7,单,大
2026-08-11 18:41:05,85257948,000000000514eedc0b07269f4c683b7dc7647c0c2a7a2eb1f4e2d3a06d0e964c,0e964c,4,双,小
2026-08-11 18:41:12,85257950,000000000514eede0a93961516c0cb7d6367a83187bc5eb22f2ac0ddb6f1f8b0,f1f8b0,0,双,小
2026-08-11 18:41:19,85257952,000000000514eee07400072dd83ea9221ecc9c959676446235411233d80774d1,0774d1,1,单,小
2026-08-11 18:41:25,85257954,000000000514eee20693879c783f5ec2e004934f3d9eb5f8c7acecdcd7c54a38,c54a38,8,双,大
2026-08-11 18:41:30,85257956,000000000514eee47f1cf43b59bb9673453f5ecff28a9c1525451af0c95b687b,5b687b,7,单,大
2026-08-11 18:41:37,85257958,000000000514eee6b626822c23c28dd279f5e1a7440d02000a26aa7f78dcc96a,dcc96a,6,双,大
2026-08-11 18:41:43,85257960,000000000514eee89ffc0479d2954ca181081ceeb6c66c342d4aba82ddd76ce0,d76ce0,0,双,小
2026-08-11 18:41:48,85257962,000000000514eeea1e236e1f3bbc95d78a091a0f22a0b62993ffa085de5b6fc3,5b6fc3,3,单,小
2026-08-11 18:41:53,85257964,000000000514eeec8f6390ac698a1db66131df6a9787b5075e96a66c792b129e,2b129e,9,单,大
2026-08-11 18:41:59,85257966,000000000514eeee95a57454af7c4d1858074b4e47a59fbc8ebf4334cee88a11,e88a11,1,单,小
2026-08-11 18:42:06,85257968,000000000514eef05642208eaf6cd1bf1302610dde3ddb72c471b2963677223d,77223d,3,单,小
2026-08-11 18:42:13,85257970,000000000514eef29ce520e4446d21e7d489e0d009d81f32c29f4ea29e057e0c,057e0c,0,双,小
2026-08-11 18:42:18,85257972,000000000514eef4d65c54f067e70b29b63198b36f19fc07820be0e2c645117b,45117b,7,单,大
2026-08-11 18:42:24,85257974,000000000514eef61718c4854fbf8930dbd72f5104514808162ebbb9e33c9334,3c9334,4,双,小
2026-08-11 18:42:29,85257976,000000000514eef89baa62338dfba65ce71a91950cd457a2f9511f8d2cfe71ce,fe71ce,1,单,小
2026-08-11 18:42:36,85257978,000000000514eefa204290162ed2d7cdeae5294b12a97ffd36a43b5609cb09e8,cb09e8,8,双,大
2026-08-11 18:42:41,85257980,000000000514eefcf369b12137bb092573752a5c0867ff1594999f49d36a70ba,6a70ba,0,双,小
2026-08-11 18:42:49,85257982,000000000514eefe3ac5e57c98bf8c1f4255b29779dedcd787f9109413a866ea,a866ea,6,双,大
2026-08-11 18:42:53,85257984,000000000514ef001616ef873fcf3697f98ec597c11bb90e9587e067f8633925,633925,5,单,大
2026-08-11 18:43:00,85257986,000000000514ef02fa854a2dfb86653d407dc1dddbddb793a6876f8169145976,145976,6,双,大
2026-08-11 18:43:06,85257988,000000000514ef046427c18d730e8f76143e9a97fcc64bbc0e50c46b2754c689,54c689,9,单,大
2026-08-11 18:43:13,85257990,000000000514ef06b44e15db4d87b94c5f06c65932fec9dc12ca2a7ee34e0a5e,4e0a5e,5,单,大
2026-08-11 18:43:18,85257992,000000000514ef08ee843cc2a2cf619b03d0dd8ae42a278523002edf54c9e675,c9e675,5,单,大
2026-08-11 18:43:23,85257994,000000000514ef0a90e5456a2e11d7a954659fde1289ec22a7d399ce0f75ceec,75ceec,5,单,大
2026-08-11 18:43:32,85257996,000000000514ef0c50a525ccab1bcf66bd47bc568d06d99303a3536ecaa83ff7,a83ff7,7,单,大
2026-08-11 18:43:35,85257998,000000000514ef0e56ac9fbed2ae85aedcae78ff8428c380de8a7d2be6d29462,d29462,2,双,小
2026-08-11 18:43:40,85258000,000000000514ef103ea6498d0b1a5f5b15bf2ac1573a4f6c5ceef9618dce88a1,ce88a1,1,单,小
2026-08-11 18:43:47,85258002,000000000514ef12c0be06b2e04e6e148cf95bcce9660f672c01c93e5ae09778,e09778,8,双,大
2026-08-11 18:43:54,85258004,000000000514ef14ec7fe244fde3f29012bf5295347adddaf75e768bee165965,165965,5,单,大
2026-08-11 18:44:01,85258006,000000000514ef1635c341d92606e29174786946a62193fd674ba154e83f54be,3f54be,4,双,小
2026-08-11 18:44:05,85258008,000000000514ef1839b15d0e7103ec0b382996d8f9ebf9272007f68b196e6eb3,6e6eb3,3,单,小
2026-08-11 18:44:12,85258010,000000000514ef1accfb3fd314d811cc9a05d45d882b7e0da47a0f40208c71ce,8c71ce,1,单,小
2026-08-11 18:44:19,85258012,000000000514ef1c65d09f29c7bd2903e992eb83f6abbe326524fc7d6d564706,564706,6,双,大
2026-08-11 18:44:24,85258014,000000000514ef1e9260f5f8c90c5cd63b39467917024559d01bb45849385930,385930,0,双,小
2026-08-11 18:44:30,85258016,000000000514ef2060390e5816ec006dd7c326f49e2447c838bb93ffc6ec9178,ec9178,8,双,大
2026-08-11 18:44:36,85258018,000000000514ef22aff9859f544313085f352ba085b5df44ad782eeb72507ae3,507ae3,3,单,小
2026-08-11 18:44:42,85258020,000000000514ef246a796d982c6ca80a586e2f863335de9d2e9505d92443b263,43b263,3,单,小
2026-08-11 18:44:49,85258022,000000000514ef26b9be92ebdd974795f3c1fa0049e7877b23779a0cc031d470,31d470,0,双,小
2026-08-11 18:44:54,85258024,000000000514ef28f2653aa6ef74e67258029f88d09413c9eaadcd68130bd6cf,0bd6cf,6,双,大
2026-08-11 18:45:00,85258026,000000000514ef2aaf30fe2c939ba7dc25e416e5ffc774a3dd2bcd3e667d8e4d,7d8e4d,4,双,小
2026-08-11 18:45:07,85258028,000000000514ef2c4ed2610a4a1960673f7672260c37aa8826be87f1c5852473,852473,3,单,小
2026-08-11 18:45:12,85258030,000000000514ef2e24577269d2073573634b59c3a6c9d2af1f5cad0fa0522bc8,522bc8,8,双,大
2026-08-11 18:45:18,85258032,000000000514ef30e5effe6986a874b16d654fd9ca67edc83fc2d7fa3601da8c,01da8c,8,双,大
2026-08-11 18:45:24,85258034,000000000514ef3225ffbf00a969dc6f23c80522633f3f03875e32136d58bc2c,58bc2c,2,双,小
2026-08-11 18:45:30,85258036,000000000514ef34458200fff84be8540ba5439c84a7764e6177d01113ed8304,ed8304,4,双,小
2026-08-11 18:45:34,85258038,000000000514ef36541f0443f087a27af418815fd6abbd353fbd53eb636611de,6611de,1,单,小
2026-08-11 18:45:43,85258040,000000000514ef383a1fb31d6a5eb3a03eb11196c032c055a7e7c2d0b9c81779,c81779,9,单,大
2026-08-11 18:45:50,85258042,000000000514ef3ae192232abd348006ee1d20249728d9f81afa6ff09da6ad35,a6ad35,5,单,大
2026-08-11 18:45:54,85258044,000000000514ef3c05dda66fe6e26ec8a689b32b8c957bab402297a1ef0b74bd,0b74bd,4,双,小
2026-08-11 18:46:00,85258046,000000000514ef3e6da726a3c583d42b7f006d2f433e2bd7c339325332bfa680,bfa680,0,双,小
2026-08-11 18:46:05,85258048,000000000514ef40a6aaa00a173815bf0bcf3d1f27934135a5f97f1e9e37bbe7,37bbe7,7,单,大
2026-08-11 18:46:13,85258050,000000000514ef429060d9725385b1bf4825cf1b8e76d0ea67bff7e876f1b4d5,f1b4d5,5,单,大
2026-08-11 18:46:18,85258052,000000000514ef44acd4e380ea2fe92b0c2b814d9cc09bae2824501ef8dc4355,dc4355,5,单,大
2026-08-11 18:46:23,85258054,000000000514ef46acaf2b51ff757200fd25c23d83e77724b35325824e3f43b6,3f43b6,6,双,大
2026-08-11 18:46:30,85258056,000000000514ef4896c66a72533ae897a9187755c67351cd9f21b896085af144,5af144,4,双,小
2026-08-11 18:46:37,85258058,000000000514ef4a1eded7254571e90a99a740f7bd41c8d27bfc7a52b898d554,98d554,4,双,小
2026-08-11 18:46:42,85258060,000000000514ef4c95e673cbd8512d1c9c90c88449d88a275cf54d08a5a20455,a20455,5,单,大
2026-08-11 18:46:47,85258062,000000000514ef4e3ed5efbfb42f156134ded40bac44609a20b3f4da1773c3b3,73c3b3,3,单,小
2026-08-11 18:46:53,85258064,000000000514ef50dad001e2b8e0b706a0b18c6c5185a76ce9eac26a1808806b,08806b,6,双,大
2026-08-11 18:47:01,85258066,000000000514ef52cb212e2d84a9ada0b300989c5b57cebe45dc1225b9d7b5af,d7b5af,5,单,大
2026-08-11 18:47:05,85258068,000000000514ef544635a175ce3210e62c1332753b535dfd7a7947d1fe75d7ed,75d7ed,7,单,大
2026-08-11 18:47:12,85258070,000000000514ef56d1d4517f317963960605bef98627e4556cde360daec94533,c94533,3,单,小
2026-08-11 18:47:16,85258072,000000000514ef5850b0704de82ab166999269f9af230195f37615118f8104b9,8104b9,9,单,大
2026-08-11 18:47:24,85258074,000000000514ef5a9dbbce684053f008c0400a7852a994afb19a2bc7801c5f17,1c5f17,7,单,大
2026-08-11 18:47:29,85258076,000000000514ef5ce9c18f02e23d0e520558927a02e8df3b33ba66a88cf65d16,f65d16,6,双,大
2026-08-11 18:47:36,85258078,000000000514ef5ee6c1fb6b39b4f0e47c7dac3e6d1848710a66fc0ff9d34374,d34374,4,双,小
2026-08-11 18:47:42,85258080,000000000514ef60e50c323d0e259ab287bc6dbfb4ab19d0ec5368974ae51db1,e51db1,1,单,小
2026-08-11 18:47:49,85258082,000000000514ef6227a0a1eac3df23ac90d77272f6c1cafff0b3aff2a8776eb2,776eb2,2,双,小
2026-08-11 18:47:54,85258084,000000000514ef64338c3c4c7ac7c5c18b3813e0f6eb6346b1638f8d9804d110,04d110,0,双,小
2026-08-11 18:48:01,85258086,000000000514ef66e481ebe2c1cc65772e0fcac48e341d49568c5d407c04c06f,04c06f,6,双,大
2026-08-11 18:48:07,85258088,000000000514ef6873000ddb6a4a02bbedcc45edf3311ce5bc500135f5a8cdd6,a8cdd6,6,双,大
2026-08-11 18:48:14,85258090,000000000514ef6a8563690fbb809132cb76d56864502d267c7e607ea5c3cdf1,c3cdf1,1,单,小
2026-08-11 18:48:18,85258092,000000000514ef6c321c84731215b900d0bbc499b4021eb0b5616e919239ceea,39ceea,9,单,大
2026-08-11 18:48:25,85258094,000000000514ef6ed330a6ff9fe85dbdb6fc03e6a1d055dc60a90b2dc3e7882b,e7882b,2,双,小
2026-08-11 18:48:30,85258096,000000000514ef701bc3d43831835c0ed8d7439c4c7f21bf97e3c9267efffe24,fffe24,4,双,小
2026-08-11 18:48:35,85258098,000000000514ef72dd88f5a2756637dc0d080639a3853f9000eb4bf8ec1b821a,1b821a,1,单,小
2026-08-11 18:48:41,85258100,000000000514ef741bd3915c53f825f9bdf5c9a0e5174b138fb97bbabb94daa7,94daa7,7,单,大
2026-08-11 18:48:48,85258102,000000000514ef762762bdf799031d22154333bf8203a4b74f10cbb8ae69d9b7,69d9b7,7,单,大
2026-08-11 18:48:54,85258104,000000000514ef7871588afe287a0d62f8cc3b3736647c002e0b931d596719f5,6719f5,5,单,大
2026-08-11 18:49:00,85258106,000000000514ef7a65efe79f2e21f38f8bfe811ec3ece7a8b844a683284e73bf,4e73bf,3,单,小
2026-08-11 18:49:07,85258108,000000000514ef7ca7e6cb2056eb49d374391732df761c61881a04244c814511,814511,1,单,小
2026-08-11 18:49:13,85258110,000000000514ef7e917483e7227fb3ab4c33eb25283bc2bcd78dd5221a8f8ef4,8f8ef4,4,双,小
2026-08-11 18:49:18,85258112,000000000514ef8024827fcea1c53efbcbb8de10d89f7383abd2a04311929929,929929,9,单,大
2026-08-11 18:49:24,85258114,000000000514ef82b2502f22dd18d296fb22fc54a9e326b60d3240a6a4012557,012557,7,单,大
2026-08-11 18:49:29,85258116,000000000514ef84cfa9ee3d44e73dc000e8ee94ca3cfabe62f5dfd437667fda,667fda,7,单,大
2026-08-11 18:49:36,85258118,000000000514ef86920dbe9f1beed9d2ce2b6f6b9a5f671c70b65a460bddac9c,ddac9c,9,单,大
2026-08-11 18:49:43,85258120,000000000514ef8852d4a9a4fac35908f409e8bb31779539e8fe048a94f9646c,f9646c,6,双,大
2026-08-11 18:49:48,85258122,000000000514ef8adbf82c0682185b25fda6ab98964b4d1361055da14167a925,67a925,5,单,大
2026-08-11 18:49:54,85258124,000000000514ef8cfef15dabaab06e5e55506b5ba4e39d465c77de745ef2cf28,f2cf28,8,双,大
2026-08-11 18:50:02,85258126,000000000514ef8e33e17064be42ff13e1f439ede4491a7aaf100de252079c6d,079c6d,6,双,大
2026-08-11 18:50:06,85258128,000000000514ef90fe35b6e947fa31916611203510e13c0ca815de13a37ae903,7ae903,3,单,小
2026-08-11 18:50:11,85258130,000000000514ef9230630f836c68d5dfca88b399f6fb190b490a1fd0c8b594c3,b594c3,3,单,小
2026-08-11 18:50:18,85258132,000000000514ef94c0c1a94b97adfa58636c92bf60505e291944c1dcb762430a,62430a,0,双,小
2026-08-11 18:50:24,85258134,000000000514ef965971399510fe32e5cb0111f8295c587582cedaf16c0c5a81,0c5a81,1,单,小
2026-08-11 18:50:31,85258136,000000000514ef9899374eb2c4e4ecb1636f031ebc7d6b37dba1def65140f9bb,40f9bb,9,单,大
2026-08-11 18:50:36,85258138,000000000514ef9a93cefdc4b839e348f5ad7fd5d9e79a557ddcf62c3ef5631c,f5631c,1,单,小
2026-08-11 18:50:42,85258140,000000000514ef9c701e3a6357660a0481a4313b4e8d0f7c52115847e3c8388c,c8388c,8,双,大
2026-08-11 18:50:48,85258142,000000000514ef9ed5de5bdf11c8980fb4c27f327542644e32f53405be00e2da,00e2da,2,双,小
2026-08-11 18:50:55,85258144,000000000514efa0689c79ed2f0c609e867bb7f635cdf2fafea1f9382b551014,551014,4,双,小
2026-08-11 18:51:00,85258146,000000000514efa2249613b49954f402d02ff0db3eee0cafbd21e9ec3611f5a6,11f5a6,6,双,大
2026-08-11 18:51:05,85258148,000000000514efa4fcedb6d64121db0f85d637f3c4331f32b91e8390f304700b,04700b,0,双,小
2026-08-11 18:51:14,85258150,000000000514efa6950f384f48cc73869a9cef8e42e587f549bf28533f087b20,087b20,0,双,小
2026-08-11 18:51:18,85258152,000000000514efa8460891ab819f933c2dff81d8870ad2b414f1fa102e19af49,19af49,9,单,大
2026-08-11 18:51:23,85258154,000000000514efaa5163efb51e9187bb1d2df8f962e71968943b7a33e78c445c,8c445c,5,单,大
2026-08-11 18:51:29,85258156,000000000514efac98b994b58a839767eb320f65957dc407d2b24fd12ddd016b,dd016b,6,双,大
2026-08-11 18:51:35,85258158,000000000514efae0abc57046e8869cb124dcfb6ff5b23d940339349718ee517,8ee517,7,单,大
2026-08-11 18:51:42,85258160,000000000514efb0c76cd2aec318ba13e9bda289d759c9015bf079a266c90563,c90563,3,单,小
2026-08-11 18:51:49,85258162,000000000514efb287543cb855950aae94ce36689757f9044917f40ea8bcf983,bcf983,3,单,小
2026-08-11 18:51:53,85258164,000000000514efb4236d52683600bf1be7214cf0fb01b45771aca076e2470d21,470d21,1,单,小
2026-08-11 18:52:05,85258166,000000000514efb60a66d26ed119509a8553f4b72611ff8fef5add499801f015,01f015,5,单,大
2026-08-11 18:52:07,85258168,000000000514efb86ed211e3cbbab7f7c3aab73124accd9d886d2018e7e7c150,e7c150,0,双,小
2026-08-11 18:52:16,85258170,000000000514efba594765dc32b8a66e88927d843c7280916b33e565725069bd,5069bd,9,单,大
2026-08-11 18:52:21,85258168,000000000514efb86ed211e3cbbab7f7c3aab73124accd9d886d2018e7e7c150,e7c150,0,双,小
2026-08-11 18:52:28,85258174,000000000514efbe9340c52d951ba2e47c7acc665765e1453fb7e0f8df406419,406419,9,单,大
2026-08-11 18:52:37,85258176,000000000514efc0ba7440b36c4ea55f2e8839e4f5db6d1b935a83ed27e2e68e,e2e68e,8,双,大
2026-08-11 18:52:42,85258178,000000000514efc26954d1eff95d5f6f79d12fed7906219c62281b44be7a73e8,7a73e8,8,双,大
2026-08-11 18:52:46,85258180,000000000514efc4dfedcaebad89d3c6d1bb3a64237b3a97bda52e0236295009,295009,9,单,大
2026-08-11 18:52:55,85258182,000000000514efc66caf880e1719393ed1392bd5522b40763f2e994a375734b6,5734b6,6,双,大
2026-08-11 18:53:05,85258184,000000000514efc8fa7053b944d60f82a3544db7ea4f706e87c4e778437ccccb,7ccccb,7,单,大
2026-08-11 18:53:13,85258186,000000000514efca39c5ca5b74b0d51a2503a5cdd153e1a8e6129b3e7c228739,228739,9,单,大
2026-08-11 18:53:18,85258188,000000000514efcc7c4256de429ec302972bffaec7550ed340a06568aca3ca68,a3ca68,8,双,大
2026-08-11 18:53:24,85258190,000000000514efce0f1c0643406314331a1cdcd257459d62e7f861f730bb6690,bb6690,0,双,小
2026-08-11 18:53:33,85258192,000000000514efd039bbee405c002befd4ad743a3ef8badb8c22251bbc393956,393956,6,双,大
2026-08-11 18:53:36,85258194,000000000514efd2bad321c7df2e95af37e9a0c34b9df56cf6dd6572b5bde405,bde405,5,单,大
2026-08-11 18:53:43,85258192,000000000514efd039bbee405c002befd4ad743a3ef8badb8c22251bbc393956,393956,6,双,大
2026-08-11 18:53:48,85258194,000000000514efd2bad321c7df2e95af37e9a0c34b9df56cf6dd6572b5bde405,bde405,5,单,大
2026-08-11 18:53:57,85258200,000000000514efd8c0ddbb2dc4009dd6b3f21f90cd110756b6a08cb56e9e4cf0,9e4cf0,0,双,小
2026-08-11 18:54:04,85258202,000000000514efda7d5c2a47e2276eb17048cad30ffb87b964218528bee20ac8,e20ac8,8,双,大
2026-08-11 18:54:12,85258204,000000000514efdca27c7bacf570a98cb70c90ceb43f117750d9580be50dddb3,0dddb3,3,单,小
2026-08-11 18:54:20,85258206,000000000514efde579288eee525737e174ae239bb7515fc6025a6844b0cb600,0cb600,0,双,小
2026-08-11 18:54:24,85258208,000000000514efe08c9d14044e311da1fcc81b10cdb5b71070852362bc2cefbe,2cefbe,2,双,小
2026-08-11 18:54:32,85258210,000000000514efe2413645c17d375123aa84d982fb8ffeb81eb563fa64844282,844282,2,双,小
2026-08-11 18:54:38,85258212,000000000514efe43b11a095658a81692ef426290b1c721199221966ad04225c,04225c,5,单,大
2026-08-11 18:54:44,85258214,000000000514efe6830333cfa2176e6b8893b232d244e009104b91d7bfa451c5,a451c5,5,单,大
2026-08-11 18:54:52,85258216,000000000514efe8215059c553d84a3b3ce9d6f14aa45c1e3f55bccf70a69424,a69424,4,双,小
2026-08-11 18:54:59,85258218,000000000514efead83fbbbd23f36f3397d08c5fc13205582ad5ed7a2555003a,55003a,3,单,小
2026-08-11 18:55:08,85258220,000000000514efec62068b431abb4fd8e2a3123ee07be41210a91d57dc2ec6e5,2ec6e5,5,单,大
2026-08-11 18:55:16,85258224,000000000514eff0c715b96752d53bd293e5a157b2b7a1c9c3c51ee0cbf49877,f49877,7,单,大
2026-08-11 18:55:27,85258226,000000000514eff2ef1708e2510341a447a03cfeebd4ce7101dd64568ac1038e,c1038e,8,双,大
2026-08-11 18:55:35,85258228,000000000514eff4160533d6748462cba392c3bd56705683bce052668dd9e79e,d9e79e,9,单,大
2026-08-11 18:55:39,85258230,000000000514eff6463a3871c5a0b281c6b8343443783f6344f6990fb9f4aea9,f4aea9,9,单,大
2026-08-11 18:55:46,85258232,000000000514eff8f4c003f399669c0315c2aa284482f27902eee645d40ebfb7,0ebfb7,7,单,大
2026-08-11 18:55:53,85258234,000000000514effa750d75710883b1129ae080d861934e9547e8809c7fc23585,c23585,5,单,大
2026-08-11 18:55:56,85258236,000000000514effcb302dc5cd92f3d5c03696f4b746236b7d37d71d9b2b879a3,b879a3,3,单,小
2026-08-11 18:56:03,85258238,000000000514effe9188fd6fb183d4685a3cc68f379ddfada057e9255f5a744c,5a744c,4,双,小
2026-08-11 18:56:07,85258240,000000000514f000ca497418bb0dab0fb16100cd3d86f272b565489174e919cc,e919cc,9,单,大
2026-08-11 18:56:11,85258242,000000000514f002d7d3dc6385526b613ac5ee12ca8c6d07aa85e0af54abad1b,abad1b,1,单,小
2026-08-11 18:56:15,85258244,000000000514f004c3235bde4217e282e5bec5535c714f14e9f14f2849579804,579804,4,双,小
2026-08-11 18:56:18,85258246,000000000514f006b3c74ea658b1fdae2317069de6b8b0a7b126d3a37da171da,a171da,1,单,小
2026-08-11 18:56:21,85258248,000000000514f008c3cf671c6d355c89a679f98e857b0b6c95185c89957d3701,7d3701,1,单,小
2026-08-11 18:56:26,85258250,000000000514f00a463fcf3b13debf8f4ad05fd88e91da46743ccc08f6af9e67,af9e67,7,单,大
2026-08-11 18:56:30,85258252,000000000514f00ce84c04db460b15881561a613862ff47436fa6435f4649aa8,649aa8,8,双,大
2026-08-11 18:56:34,85258254,000000000514f00ee29b52740533c6c8fbc75e00b0825d6c351557985b10b157,10b157,7,单,大
2026-08-11 18:56:37,85258256,000000000514f01098c23b7718c2231c950c96b5274ec34dd5e970ee3792ba9a,92ba9a,9,单,大
2026-08-11 18:56:40,85258258,000000000514f012284424622f4a522cbe64c1bd186cf52769ec2037ffd7f194,d7f194,4,双,小
2026-08-11 18:56:44,85258260,000000000514f01475bc29836c584f4134abaf8b5018964c30ed1a91f31f357b,1f357b,7,单,大
2026-08-11 18:56:49,85258262,000000000514f01667eb2ce9aa234e8d2466522bcaf4dc87022bd03262c459ba,c459ba,9,单,大
2026-08-11 18:56:54,85258264,000000000514f018ed89ffa17e70c72afd3c180ab798d9b4a2b022329d10ab55,10ab55,5,单,大
2026-08-11 18:57:01,85258266,000000000514f01a1dcd80cd7703b71314f2c6cfb48f78041e12a3b70568ef41,68ef41,1,单,小
2026-08-11 18:57:06,85258268,000000000514f01cbd8fcde04a33a35991871eef9f64c8a6e884f59d5147af9c,47af9c,9,单,大
2026-08-11 18:57:13,85258270,000000000514f01e12e0b40e4071d2bb4223c5ef2277ca4b517514cddca38998,a38998,8,双,大
2026-08-11 18:57:18,85258272,000000000514f0206162c9314a2f35d9011d3af91b759e4f61bc8d73dcac64b0,ac64b0,0,双,小
2026-08-11 18:57:24,85258274,000000000514f0220ee1d4a5ab19cfa26bafe0157ea7c5b5c727d0ba58b44662,b44662,2,双,小
2026-08-11 18:57:31,85258276,000000000514f0242e07d715a97fc695e26be069313b5daa04b73793737b6bab,7b6bab,6,双,大
2026-08-11 18:57:35,85258278,000000000514f0267af4b711f8f9c85d27835f614050ce6f3f5caa3381023b15,023b15,5,单,大
2026-08-11 18:57:41,85258280,000000000514f0281bb4b34bfa9635e3f85b6ee4436b3bc892ec351959c4b888,c4b888,8,双,大
2026-08-11 18:57:46,85258282,000000000514f02aec1efe7c5c58f41cce6a8cdb0695478e4bfddedcb01f0f80,1f0f80,0,双,小
2026-08-11 18:57:55,85258284,000000000514f02c8328c6895862a53183cf9f5b7a9d912d11df66269f7a447a,7a447a,7,单,大
2026-08-11 18:58:01,85258286,000000000514f02e7be1fa9335d0c5c88e3055d7d735cd85f8c7acfa55e6062c,e6062c,2,双,小
2026-08-11 18:58:08,85258288,000000000514f030b68f030d97a9edb68af9b3a88bdc60a7cded8d2fd0ca4b79,ca4b79,9,单,大
2026-08-11 18:58:12,85258290,000000000514f03277d59227a19261d2f673bc37b370708becd02c7227488690,488690,0,双,小
2026-08-11 18:58:19,85258292,000000000514f0343b3069b2a373abf4c766fb99e736852d88af1fbc98a6eaf2,a6eaf2,2,双,小
2026-08-11 18:58:25,85258294,000000000514f0367cab71c3626701018df142542fab6da5f72927cb4a9f0cdb,9f0cdb,0,双,小
2026-08-11 18:58:31,85258296,000000000514f0382b46844a4d639e196f6f3f6cfa227dd3d140ee2602f1c7f7,f1c7f7,7,单,大
2026-08-11 18:58:37,85258298,000000000514f03a96e97150cd336768aa4fe58c152b5cb019ef90eb0eee863d,ee863d,3,单,小
2026-08-11 18:58:42,85258300,000000000514f03cad635ff0a1332876c176604d7e75a03dbbec9232087faf5e,7faf5e,5,单,大
2026-08-11 18:58:49,85258302,000000000514f03ea44ae803d6a1bb8c0d7164cd77ec46390ddb3b8f40866ebd,866ebd,6,双,大
2026-08-11 18:58:53,85258304,000000000514f040568ce925fcc2512e0b94bf0e49611cac6785f7863826b50d,26b50d,0,双,小
2026-08-11 18:59:01,85258306,000000000514f0426ef8b4431b9aeac38740c4e1e1bd3579c72e8b76930ea7b3,0ea7b3,3,单,小
2026-08-11 18:59:07,85258308,000000000514f044d79bef8e12e93d0b842b77afd3f101fdfb872ea6993fbc1a,3fbc1a,1,单,小
2026-08-11 18:59:13,85258310,000000000514f046b7b22ea2a2befc39af72c746f04d3f42460ba71c70677af8,677af8,8,双,大
2026-08-11 18:59:21,85258312,000000000514f048b0a3c113349803662dc00de9b0e74124d2b7aa4879962f51,962f51,1,单,小
2026-08-11 18:59:25,85258314,000000000514f04a4bd96c388376da726fa281de68b7ece76aa8d8f0113eff52,3eff52,2,双,小
2026-08-11 18:59:30,85258316,000000000514f04cbdf9591cad91aa64b1b7230b4a24598142532c0250d03991,d03991,1,单,小
2026-08-11 18:59:36,85258318,000000000514f04e3d19019b0d8ee328c83196af07815b9374f9f57215de057d,de057d,7,单,大
2026-08-11 18:59:42,85258320,000000000514f050c419e5f233dc0301ab37b5ca7fd09a17a801aed42369baf8,69baf8,8,双,大
2026-08-11 18:59:47,85258322,000000000514f052b6f0dfb18f3b5dd2994b1ee8aae5d51d0479e087ec03a524,03a524,4,双,小
2026-08-11 18:59:54,85258324,000000000514f05401361c786f56ef25ade5ec1c63b02656876b94aa97d6a19d,d6a19d,9,单,大
2026-08-11 19:00:00,85258326,000000000514f056e36100ed8bd9d7d69d8a3fcf5ffa6b8661d7db17daf1100b,f1100b,0,双,小
2026-08-11 19:00:05,85258328,000000000514f058790f605f7f2cdab64e9f2014ead2e213d518148dbf275335,275335,5,单,大
2026-08-11 19:00:13,85258330,000000000514f05a07f356d67d3b58433cf77e94f17d0fc58f949ceca7cb15c7,cb15c7,7,单,大
2026-08-11 19:00:17,85258332,000000000514f05cba557dace3412799f5043ed7104e8e9cf9b024682c5f94bd,5f94bd,4,双,小
2026-08-11 19:00:23,85258334,000000000514f05e118c1ff5833a6fadc42e7682e4e6ea7d840433ea3626999c,26999c,9,单,大
2026-08-11 19:00:30,85258336,000000000514f060bf824a386e5848cef4ba682a7021e8fec0edb9c471f998ff,f998ff,8,双,大
2026-08-11 19:00:36,85258338,000000000514f06266204e137abeb4f6d9737d9745a3239d6d32e6ab74dde8ac,dde8ac,8,双,大
2026-08-11 19:00:42,85258340,000000000514f0645284b74cfeecd11a50bee5cbb98fa68d4df9ea0638fcdc53,fcdc53,3,单,小
2026-08-11 19:00:49,85258342,000000000514f066efc9b349c6d3bbdbe458dfa2abb86bd040d556e3a0401951,401951,1,单,小
2026-08-11 19:00:53,85258344,000000000514f06838c155600d4eb27a3594193b566d6aac2d20440848f655a4,f655a4,4,双,小
2026-08-11 19:01:01,85258346,000000000514f06a8140597ac6db5e590bb99e5bc6848c3523d47713704669d2,4669d2,2,双,小
2026-08-11 19:01:06,85258348,000000000514f06c968d450494ed0d3871cbf4fcd758de541d2b79d8b677b37b,77b37b,7,单,大
2026-08-11 19:01:12,85258350,000000000514f06e8b478397a603bb6c538b49b464c5a9c6ab92a22459cd9436,cd9436,6,双,大
2026-08-11 19:01:19,85258352,000000000514f07014567f8f4b2d7299f5ef738a0a0f7ff69b916cfaf1171d0d,171d0d,0,双,小
2026-08-11 19:01:24,85258354,000000000514f0727646a74a5e2af284e25dd2e93e7031847a81805234a30e7f,a30e7f,7,单,大
2026-08-11 19:01:29,85258356,000000000514f0742f2e12b56d81b7294d7269aff057b97188635a051da4f03f,a4f03f,3,单,小
2026-08-11 19:01:36,85258358,000000000514f076178c18b33a35bd9db3d5e7e7f027835ecdbf3e91061ca3b6,1ca3b6,6,双,大
2026-08-11 19:01:43,85258360,000000000514f078e22454bdd0ccb45b7f005080939120ef73647e78d732159c,32159c,9,单,大
2026-08-11 19:01:49,85258362,000000000514f07a775b43be31cb2c01dc312a011453a1295c3630ffbca28355,a28355,5,单,大
2026-08-11 19:01:54,85258364,000000000514f07c65682725d72f2968b448b7490a1d653b90a6fd685e5b7b3c,5b7b3c,3,单,小
2026-08-11 19:02:00,85258366,000000000514f07e735167cf66920a1fcf1837746b4708cbf66cabf27943f169,43f169,9,单,大
2026-08-11 19:02:04,85258368,000000000514f080e46619e0b215744abe475f00fe7c707ea01bf7b204980298,980298,8,双,大
2026-08-11 19:02:11,85258370,000000000514f082c264b7ecf0f6b566b22e70febe446448de90b03733b5b6a6,b5b6a6,6,双,大
2026-08-11 19:02:20,85258372,000000000514f084d88a383b01d2241753f577d06527bf272ab9815f9bb7239b,b7239b,9,单,大
2026-08-11 19:02:24,85258374,000000000514f086590ad7f09323ae3fb421b617034ee3aea17bab47a667cbbb,67cbbb,7,单,大
2026-08-11 19:02:30,85258376,000000000514f08899bcbf683435d214ab20745379c487dc3f4967127bbfc47a,bfc47a,7,单,大
2026-08-11 19:02:37,85258378,000000000514f08ad3b48d001d70505979b2de1273f25b76109646113fc77ef2,c77ef2,2,双,小
2026-08-11 19:02:41,85258380,000000000514f08c06bea026d63b67170ac16c90ff4f9c6f552cd1c021e9fae9,e9fae9,9,单,大
2026-08-11 19:02:47,85258382,000000000514f08ec586a32a81f7cedb29541c30e43556f3385d4743b69d5894,9d5894,4,双,小
2026-08-11 19:02:54,85258384,000000000514f090e5bcd3c65bf7785af847e1b1a0f24ec941f51a4a1a1ca737,1ca737,7,单,大
2026-08-11 19:02:59,85258386,000000000514f092cecf85eb3bfdc6f900685e247383f9cf8001db298c695cce,695cce,5,单,大
2026-08-11 19:03:07,85258388,000000000514f0945d05bbebc50bccd66944b643c05ef698c4f8a51e38f0ea66,f0ea66,6,双,大
2026-08-11 19:03:12,85258390,000000000514f096c65d25289928666d614b6f5f968894e24301e1a26ff5f234,f5f234,4,双,小
2026-08-11 19:03:18,85258392,000000000514f09829028e8b742e84bd6780b9fe5b17e9bba3f8d915e28aad75,8aad75,5,单,大
2026-08-11 19:03:24,85258394,000000000514f09a4487ee40cbd28e960eb28e3bc7f5da86521ce36f4107c11d,07c11d,1,单,小
2026-08-11 19:03:29,85258396,000000000514f09c9ea2d9ae2c6abd83a0d7a33a8b9681e1183ec54ad9bcf331,bcf331,1,单,小
2026-08-11 19:03:36,85258398,000000000514f09ef18f4084b3961d80ac6470d4311a53247cc1569b0e0515b9,0515b9,9,单,大
2026-08-11 19:03:43,85258400,000000000514f0a0bc605c14db9165b7f5a9dc83fd03c69e9737bb5d5dc05a77,c05a77,7,单,大
2026-08-11 19:03:48,85258402,000000000514f0a2910e7e3116f744490c0984cde2f671483eaa04a4db42d956,42d956,6,双,大
2026-08-11 19:03:54,85258404,000000000514f0a4e90cdecaa0ff14638121e0b7ff7fb0a0087c755a7dc0f874,c0f874,4,双,小
2026-08-11 19:04:02,85258406,000000000514f0a674dd8ef5f5900cf31dec2f2190ac8dec902c8141152c7542,2c7542,2,双,小
2026-08-11 19:04:06,85258408,000000000514f0a8fdf614da3dd381cbcf1e2b1f2078c46bc6071b754b30c11d,30c11d,1,单,小
2026-08-11 19:04:11,85258410,000000000514f0aa5354858f3d81fefd0d29271af80df63b611c65d3a715a6d1,15a6d1,1,单,小
2026-08-11 19:04:17,85258412,000000000514f0ac114f746e88a3cc4a6b2607083657910c2b886946762e467f,2e467f,7,单,大
2026-08-11 19:04:21,85258414,000000000514f0ae90d4d807c73d0272d0280ba6849b5a9f8bcdf71cb785b628,85b628,8,双,大
2026-08-11 19:04:29,85258416,000000000514f0b0f0e9747f868ec9773d0a7c070927aad12fc6947d275c8975,5c8975,5,单,大
2026-08-11 19:04:43,85258420,000000000514f0b4fd440e3d256c33e8b482d8f470890b146d45e2a4b292ed46,92ed46,6,双,大
2026-08-11 19:04:49,85258422,000000000514f0b65e5693a9b33453a316e9a55f10930db5ecdfda230b0e747c,0e747c,7,单,大
2026-08-11 19:04:54,85258424,000000000514f0b8bf473f1a846f523ef1338b88989a7aa71f76cf9a6e704fa0,704fa0,0,双,小
2026-08-11 19:05:02,85258426,000000000514f0bafbb8d37289b5da500917e63bcf5e880812146644ae7962c5,7962c5,5,单,大
2026-08-11 19:05:08,85258428,000000000514f0bccf1476ec1be87994452d6e3ee5ac2dff9c957372c753e2a9,53e2a9,9,单,大
2026-08-11 19:05:13,85258430,000000000514f0be5d8111f4b0e90791fbbd0313728233c57ab7c6f41cefedfa,efedfa,1,单,小
2026-08-11 19:05:17,85258432,000000000514f0c07f59792eab6bec953fd6e2b45f27a3a5460e5174412ed8e3,2ed8e3,3,单,小
2026-08-11 19:05:22,85258434,000000000514f0c28f22c8e250f6a6ecbc971cceabe337794922706a95d12cb7,d12cb7,7,单,大
2026-08-11 19:05:29,85258436,000000000514f0c45b9a026daa8e7e92463b05d3ca56f17d0066049b95408de2,408de2,2,双,小
2026-08-11 19:05:38,85258438,000000000514f0c62f8dacf23097544b82916aad11ab9d291d740030b1384f6d,384f6d,6,双,大
2026-08-11 19:05:42,85258440,000000000514f0c859a6981024ccaf86c40cc1d228b2b1a6c0795bc21c117699,117699,9,单,大
2026-08-11 19:05:50,85258442,000000000514f0cabfb3ce1134814cd1390d122578bf64eac158e9792c54f1ca,54f1ca,1,单,小
2026-08-11 19:05:55,85258444,000000000514f0cc489b881b70162c00ae3ad547f9fb7f5f8b178241db91c1c5,91c1c5,5,单,大
2026-08-11 19:05:59,85258446,000000000514f0cedca540c942f4df36cd2dec124bda2eb1cb51832904dc9873,dc9873,3,单,小
2026-08-11 19:06:06,85258448,000000000514f0d09914f3d5487696ff7bd0075001cd2581c1819f3e49c8875c,c8875c,5,单,大
2026-08-11 19:06:13,85258450,000000000514f0d2bf7f7e507463f3f9af713aabf42419a296ec975c087177b9,7177b9,9,单,大
2026-08-11 19:06:22,85258452,000000000514f0d4545d6751bdf7fed8e4750fd927f6a27e8e7bbf2390d4d72f,d4d72f,2,双,小
2026-08-11 19:06:26,85258454,000000000514f0d689eba2327cd360130bb3e38f6548f47950132ac0b7eee879,eee879,9,单,大
2026-08-11 19:06:28,85258456,000000000514f0d84d397fcc63b56664f0eafda74fb8f69d10224e8174201f08,201f08,8,双,大
2026-08-11 19:06:36,85258458,000000000514f0da5973266413103b1a56148103fb6d779b5b408b6532d8dfb9,d8dfb9,9,单,大
2026-08-11 19:06:43,85258460,000000000514f0dc211bd7972b01a0e2d68b38c20f7ce0efccf49cb402b35d06,b35d06,6,双,大
2026-08-11 19:06:48,85258462,000000000514f0dec7536bf67bfbbfd9602f956c71cbe8b789f046221c0f03b3,0f03b3,3,单,小
2026-08-11 19:06:54,85258464,000000000514f0e0f657fec8679a6825459fcfa9173f8d70fa3a22ebe3d66921,d66921,1,单,小
2026-08-11 19:07:01,85258466,000000000514f0e2a92ebb1acbcaa11ff37d6363e0f3baeac04b85cf34f81ae6,f81ae6,6,双,大
2026-08-11 19:07:06,85258468,000000000514f0e426fc8340a6b33ae9cd25c1afc749e25193d6b7c2fbf9968c,f9968c,8,双,大
2026-08-11 19:07:13,85258470,000000000514f0e6bbddc345d7cb4cc261ec4a6020fe6572120380f94caaa152,aaa152,2,双,小
2026-08-11 19:07:19,85258472,000000000514f0e82131806b6729e2733d6781cb069c0656c3d43635ac10167b,10167b,7,单,大
2026-08-11 19:07:25,85258474,000000000514f0ea8e3b367ab5a754be30d90ff74c41e96e1c4b99921ba5fc61,a5fc61,1,单,小
2026-08-11 19:07:31,85258476,000000000514f0ecd793618da5a6e3940aca6a0b806ef2c400494b0874d9a3f7,d9a3f7,7,单,大
2026-08-11 19:07:37,85258478,000000000514f0eed627eccd27fb771b0e3fc6813c524fe0bebfc2ad47b86d55,b86d55,5,单,大
2026-08-11 19:07:41,85258480,000000000514f0f0be2cc296b3d797b1fb8a3958fd3ce9a166f68a4b22ac98a8,ac98a8,8,双,大
2026-08-11 19:07:47,85258482,000000000514f0f28503a64154f82a2817b470c8c14bab8d8f8e410856006428,006428,8,双,大
2026-08-11 19:07:55,85258484,000000000514f0f4ca778e57b8cd3fd0c81807d6c2d75c70b2d626795a21557a,21557a,7,单,大
2026-08-11 19:08:01,85258486,000000000514f0f613068fe194f8ef5e8d00c17acb8f02b813f891d9f80d3583,0d3583,3,单,小
2026-08-11 19:08:04,85258488,000000000514f0f8567d7fb7356769fa2e16c90c2f927f30ebb5ee0b11e975b4,e975b4,4,双,小
2026-08-11 19:08:11,85258490,000000000514f0fa90859fa107adbcff0c16019fa77004e7c774b49afabd657a,bd657a,7,单,大
2026-08-11 19:08:18,85258492,000000000514f0fcb1e22b987c78584c5a4b6eff4b4b8f0d27cf1752f134034a,34034a,4,双,小
2026-08-11 19:08:26,85258494,000000000514f0fefbe81985bd067361026fe1d7309f455e526103df91ed4787,ed4787,7,单,大
2026-08-11 19:08:33,85258496,000000000514f10000f2f853c03828c021fd0a935e4a43b3094b1add679db132,9db132,2,双,小
2026-08-11 19:08:37,85258498,000000000514f102cb74c993d45eaccb5d20b0cc1babd9f9ea46edbb85408b7b,408b7b,7,单,大
2026-08-11 19:08:41,85258500,000000000514f1048c30eaa0b8891f3f2a97b204768dc1835cdb49a724565a51,565a51,1,单,小
2026-08-11 19:08:47,85258502,000000000514f106c79a610f39d929d8298a2b5b4aa52b0e293b73909b9ecab2,9ecab2,2,双,小
2026-08-11 19:08:56,85258504,000000000514f108672c78b8023fe7cd01fe017b384563b3ca2800d65f02020f,02020f,0,双,小
2026-08-11 19:08:58,85258506,000000000514f10a440b0e8507688511cb3e785c0c4e732488e1cca0a46a2944,6a2944,4,双,小
2026-08-11 19:09:06,85258508,000000000514f10c6c32a9d428546f7dc31f4010ea9e01a463490b15ba71b7a3,71b7a3,3,单,小
2026-08-11 19:09:13,85258510,000000000514f10e423de227001100224211b77e26796e1bf62995f68c4da143,4da143,3,单,小
2026-08-11 19:09:17,85258512,000000000514f1106a30b8b240477ff841ac01e38247b758ba5aa7037e5ed421,5ed421,1,单,小
2026-08-11 19:09:24,85258514,000000000514f1128aa6d528bc8fa5d5fc54a6b031880d948e738cafc409d512,09d512,2,双,小
2026-08-11 19:09:31,85258516,000000000514f114bd69336610c8eba61bf88d946aaf342e79b80f727b6fc1a0,6fc1a0,0,双,小
2026-08-11 19:09:35,85258518,000000000514f116bdbf6a5b54283ac4d38b17208a16cbd85a1c85cffa698612,698612,2,双,小
2026-08-11 19:09:42,85258520,000000000514f118c6cfca317c0906848e940fa778894caf8161c505088f9594,8f9594,4,双,小
2026-08-11 19:09:47,85258522,000000000514f11ab70ff9fe5d951b7a5c98a2add0b3223f33b494f025f4c044,f4c044,4,双,小
2026-08-11 19:09:54,85258524,000000000514f11c049138f76763d5b9ca12c54552ee0629b8da2aafd64bbb2d,4bbb2d,2,双,小
2026-08-11 19:10:02,85258526,000000000514f11e03839b4c57b46ea8530f45f8142aafbaac4036eda8bbcc81,bbcc81,1,单,小
2026-08-11 19:10:04,85258528,000000000514f120b715e1e60aebd073a29c4e6031bdd558ce24828703b1ab6e,b1ab6e,6,双,大
2026-08-11 19:10:11,85258530,000000000514f122bb63c96a39cc06e37fd69e2a21be6f76a6f1d851b8290a17,290a17,7,单,大
2026-08-11 19:10:18,85258532,000000000514f1242c2bb2b1a88d9e04d78ba52db60975ec676385463a663773,663773,3,单,小
2026-08-11 19:10:25,85258534,000000000514f1264dce100dd09ca86225798e9f90cf79a6662d70d5f1e7d9eb,e7d9eb,9,单,大
2026-08-11 19:10:30,85258536,000000000514f12883ecc30cd24b7bfb04d2ed413e2938e2bc8ce4d35af1f6f4,f1f6f4,4,双,小
2026-08-11 19:10:37,85258538,000000000514f12a2ef09211e9702af26a1c44d670e2c24c75df918c829622bf,9622bf,2,双,小
2026-08-11 19:10:42,85258540,000000000514f12c284f393da8ae516b470a4153a0110b176dae88a5947128d4,7128d4,4,双,小
2026-08-11 19:10:47,85258542,000000000514f12e7308e4610a6a272b540a71a907d374fb2783128921e358bd,e358bd,8,双,大
2026-08-11 19:10:52,85258544,000000000514f130dfb7bbb9b22184e7a037b5596641c76d7489486575835af5,835af5,5,单,大
2026-08-11 19:11:01,85258546,000000000514f132632a9402f1c302af60ffe2def4a4bb71fa87468021a64efd,a64efd,4,双,小
2026-08-11 19:11:05,85258548,000000000514f134b02b616f11a4c1644e6614498b4bd32857f46a69f61a5ee9,1a5ee9,9,单,大
2026-08-11 19:11:10,85258550,000000000514f136c69f042774c30c74056366632239fbd22a137f38cef3e59f,f3e59f,9,单,大
2026-08-11 19:11:19,85258552,000000000514f13895e3cbf78f92cf491967dc788825d00582bf1820e71eab80,1eab80,0,双,小
2026-08-11 19:11:23,85258554,000000000514f13ad11843c399084206e1ee2d8f0609a34b20db4688c4d4d9d6,d4d9d6,6,双,大
2026-08-11 19:11:31,85258556,000000000514f13c3852160769405470b6644c76d5d918821cd67745dd8511c7,8511c7,7,单,大
2026-08-11 19:11:35,85258558,000000000514f13e25fdc60aac2e63b47d73958e896ec61d051a1f4b9c412db6,412db6,6,双,大
2026-08-11 19:11:40,85258560,000000000514f1403d2485f83b82695e57a2031e1020a76875e364163affaaa9,ffaaa9,9,单,大
2026-08-11 19:11:49,85258562,000000000514f1425bc64dfa3e7fa5bdda34d9a33b2e1cc48e153ce9ceae3c62,ae3c62,2,双,小
2026-08-11 19:11:54,85258564,000000000514f144395c3afdc39c4c5e2803508e6926d03ffca31ebb9f749a61,749a61,1,单,小
2026-08-11 19:12:00,85258566,000000000514f14626e0cc135a05f07e2ac55a90dc18432ee0246b03d1f0410d,f0410d,0,双,小
2026-08-11 19:12:05,85258568,000000000514f14853c17433cf4b7cf5260fee286a69467bdbbfc1f317b17fde,b17fde,7,单,大
2026-08-11 19:12:12,85258570,000000000514f14a9817b9d7c606ad8e74b86c642aca4bf2aaecf93f68d092ec,d092ec,2,双,小
2026-08-11 19:12:18,85258572,000000000514f14c21ebe4729253815c310e1912a3a801c01d96e08e8d0d40b4,0d40b4,4,双,小
2026-08-11 19:12:25,85258574,000000000514f14e3d0f0a833c85573ee0237c6c0e9eeabbe842fcdc353e1388,3e1388,8,双,大
2026-08-11 19:12:30,85258576,000000000514f1508ffcb2a50e2a07818a9be1766098d0d179e863c7cd84faba,84faba,4,双,小
2026-08-11 19:12:36,85258578,000000000514f152b44ae2b60276f7118e25d87d193fbd88a9a0ae4296b5a320,b5a320,0,双,小
2026-08-11 19:12:43,85258580,000000000514f154afa6d810fbc8c00e9100815dd45fdf989ccaf4459ddef30c,def30c,0,双,小
2026-08-11 19:12:47,85258582,000000000514f156f177e435f5e7ca561f5666b8a91e51fca541c3a89a86a176,86a176,6,双,大
2026-08-11 19:12:52,85258584,000000000514f158855ea4276ef68cbbc6f69e350fef1bead202baf27a46728e,46728e,8,双,大
2026-08-11 19:13:00,85258586,000000000514f15a9b0d3c48dd607337571acffedadd15f67462144caa0aec50,0aec50,0,双,小
2026-08-11 19:13:05,85258588,000000000514f15c9a2509f5f123016e7c8841e8a6ea757d93afebd026cdd54a,cdd54a,4,双,小
2026-08-11 19:13:11,85258590,000000000514f15e9fce429a7a0275ac685243c7b07a8c95246d604359099449,099449,9,单,大
2026-08-11 19:13:19,85258592,000000000514f1600dd8c67e49ff036be7b5d799b868ca9c1ec585895d6e7f14,6e7f14,4,双,小
2026-08-11 19:13:25,85258594,000000000514f162c36d4dafef19958ff66536c0838b401b80defaf5b7b96970,b96970,0,双,小
2026-08-11 19:13:30,85258596,000000000514f1640023b19f097daba0fd81331674835920ea69a4dcf8b557ae,b557ae,7,单,大
2026-08-11 19:13:35,85258598,000000000514f166ab0f21659e38ec760fd8859a004beb81304924e1fa2b0e3a,2b0e3a,3,单,小
2026-08-11 19:13:42,85258600,000000000514f168ea8075c0b5ed3db4dcd582cc45acbe2578881657061a3d83,1a3d83,3,单,小
2026-08-11 19:13:48,85258602,000000000514f16a87f5b88cab3ddf45238756d84ce6c777c559f98f6b3b7b7f,3b7b7f,7,单,大
2026-08-11 19:13:55,85258604,000000000514f16cf8e4d843c054cdcb9d21003c10c82b82c048677eab61debe,61debe,1,单,小
2026-08-11 19:13:59,85258606,000000000514f16e5f3712b235ffbc407f764154b0f25b3ca6e0263cc49bbcab,9bbcab,9,单,大
2026-08-11 19:14:07,85258608,000000000514f170964c44cc61f219df97f7fb2a45232ac967f256ad88322f25,322f25,5,单,大
2026-08-11 19:14:12,85258610,000000000514f1720c7b16fa6bc8b721c2fa10a3e149afa9baea14f4d6175cc1,175cc1,1,单,小
2026-08-11 19:14:18,85258612,000000000514f174a9f1eceb1287cb643ca8803bb907e62e9aadee6d1dc72aa1,c72aa1,1,单,小
2026-08-11 19:14:25,85258614,000000000514f176c41a977cdfb288ab432c695519bed0867bcd0200cee1dd77,e1dd77,7,单,大
2026-08-11 19:14:30,85258616,000000000514f178d8723548482fdeb5a1c06437dc121b96ad52fd6c6b07459d,07459d,9,单,大
2026-08-11 19:14:37,85258618,000000000514f17a1f207bad4b2db9dd2093e5cf0c8605e3b66a8c3c495b47ad,5b47ad,7,单,大
2026-08-11 19:14:41,85258620,000000000514f17cbc1704c60e0c49902ae393cd09df9036f99dfd08aa3167dd,3167dd,7,单,大
2026-08-11 19:14:46,85258622,000000000514f17ed2ad2ed334f9d53379ca808f0f78c6da07f335b11df2960a,f2960a,0,双,小
2026-08-11 19:14:55,85258624,000000000514f180b35a4cb876c05e0add3a848f684749ce12b0060d5e075ee8,075ee8,8,双,大
2026-08-11 19:15:01,85258626,000000000514f18204056b662dca4dcb05eafa37f89414d43dda5f3c2a6c82e1,6c82e1,1,单,小
2026-08-11 19:15:05,85258628,000000000514f184e8d79e2b58c1a4b475332a3c1f15369687aa06ca6f6196bd,6196bd,6,双,大
2026-08-11 19:15:12,85258630,000000000514f18626b2b6c0227022f200738eacf40e650c2266dce290cbfd58,cbfd58,8,双,大
2026-08-11 19:15:19,85258632,000000000514f188a54c1b839dd7457c4cc1fc239b1a0ce14d9e4bdea0c05e62,c05e62,2,双,小
2026-08-11 19:15:26,85258634,000000000514f18a2ca484f8159bb096842e0ef9e5114b6d8d7897b8b69df19f,9df19f,9,单,大
2026-08-11 19:15:32,85258636,000000000514f18c0e9fcc9bb9681b42067c4d0b7a6194431594eb1e364eca35,4eca35,5,单,大
2026-08-11 19:15:34,85258638,000000000514f18ed416bea093710248f3ed384944167cda3d847be932211d75,211d75,5,单,大
2026-08-11 19:15:43,85258640,000000000514f1903c0c84d225b93c7812a46a73df14036a53cdead19dc4c727,c4c727,7,单,大
2026-08-11 19:15:48,85258642,000000000514f1921ee5ebefa6b55dbcc0fd1da21471e5cd381b6d69056d1e90,6d1e90,0,双,小
2026-08-11 19:15:55,85258644,000000000514f19450d894f60848efa6041db0fef9cfe020e745e175e953f360,53f360,0,双,小
2026-08-11 19:16:01,85258646,000000000514f196ab2cce99969bd30b80ff3438b44bf017f9b1e29eb74a1d6e,4a1d6e,6,双,大
2026-08-11 19:16:06,85258648,000000000514f1983c70f43d469edaf4e611e570b81ec0dc949000014e38ba0a,38ba0a,0,双,小
2026-08-11 19:16:14,85258650,000000000514f19a4705fa10bf96301977ef903aee6c8bc2abc64fba28f003db,f003db,3,单,小
2026-08-11 19:16:19,85258652,000000000514f19c2fc88cafe41d8a71f5444a0704716f25f8c9c39ec85954c9,5954c9,9,单,大
2026-08-11 19:16:24,85258654,000000000514f19e167e971dbe23f6af703587b9984a4caf7c981a41168451df,8451df,1,单,小
2026-08-11 19:16:29,85258656,000000000514f1a00e2c8fec4e397e26052ede4801da9b16dd26c499a5b3a5e2,b3a5e2,2,双,小
2026-08-11 19:16:36,85258658,000000000514f1a298a05852e224e7962add3437f7d076ac9bed9a24008017ba,8017ba,7,单,大
2026-08-11 19:16:43,85258660,000000000514f1a450a3056b0ef13d4fc2ab405b85bf5d42af66a8475ac9c69d,c9c69d,9,单,大
2026-08-11 19:16:47,85258662,000000000514f1a61916c1c1b8d45b1d8e2b78f3b0e03cf9f0455b76201e6955,1e6955,5,单,大
2026-08-11 19:16:54,85258664,000000000514f1a8b417936d10efcc6de10d9644c02e43062e677a40985db07b,5db07b,7,单,大
2026-08-11 19:17:00,85258666,000000000514f1aa0b9bc43063fc3b50a9548ee37469698f35a35f813358eddc,58eddc,8,双,大
2026-08-11 19:17:07,85258668,000000000514f1ac1a939f568133288cbbc8e1577dbe53b9fb23fa4e01e24648,e24648,8,双,大
2026-08-11 19:17:11,85258670,000000000514f1ae396fffde20d54da897e93e6f6636ba9802bc193ecf6915c0,6915c0,0,双,小
2026-08-11 19:17:17,85258672,000000000514f1b09df6613b46deb5a1c83f4a9df7383882413705484f402f47,402f47,7,单,大
2026-08-11 19:17:23,85258674,000000000514f1b24bcff7ed39da888ce8e19d1b2d72e20810df071a58f44199,f44199,9,单,大
2026-08-11 19:17:31,85258676,000000000514f1b4406145543135975acd0b5c26616705714afb8925ddfa088b,fa088b,8,双,大
2026-08-11 19:17:36,85258678,000000000514f1b697b44a1653934b35c8b15ad9319755afc1e516cd8cf426a5,f426a5,5,单,大
2026-08-11 19:17:40,85258680,000000000514f1b8ae6fd145d1aa6fc81170f9d59efd9da74393bac3c0cda431,cda431,1,单,小
2026-08-11 19:17:47,85258682,000000000514f1ba595f91dc1a699f05ef9ca351d69348c89abd2d6e76e42fb0,e42fb0,0,双,小
2026-08-11 19:17:54,85258684,000000000514f1bce781e8181c3b1291261ee73a4b2a8a615dc1f0675b93d34f,93d34f,4,双,小
2026-08-11 19:18:01,85258686,000000000514f1be6086f4b284d3ba221d07663c6d55900ddb4ebaa2de3abd6e,3abd6e,6,双,大
2026-08-11 19:18:06,85258688,000000000514f1c04b75b6fb529ed0cb9929d0b4a4f27e4cf1e593a29f722f12,722f12,2,双,小
2026-08-11 19:18:13,85258690,000000000514f1c21e38090f5820c1f61a1a6bedaeba7f87b9739641adce8b6d,ce8b6d,6,双,大
2026-08-11 19:18:19,85258692,000000000514f1c4e6d6e3369fef91c829ebf6df999042288b722008dc844fad,844fad,4,双,小
2026-08-11 19:18:24,85258694,000000000514f1c693b049c0101a5a8b7a828ea90732fb43738e403b12c0148d,c0148d,8,双,大
2026-08-11 19:18:30,85258696,000000000514f1c80c746d130a3867d7fcd2bb95398f1904eb6d46bc3ff70c2d,f70c2d,2,双,小
2026-08-11 19:18:36,85258698,000000000514f1cae87ebccab35ca27ca02a3f1bd061ee39c316fff9e348ce52,48ce52,2,双,小
2026-08-11 19:18:41,85258700,000000000514f1ccfef0e471fa699f12b95256821d6212b3edb8c8bb311838d8,1838d8,8,双,大
2026-08-11 19:18:48,85258702,000000000514f1ce5922b608c69e0c19eec75591501c1b6c8f13f2e2dbc896f7,c896f7,7,单,大
2026-08-11 19:18:55,85258704,000000000514f1d02b9ad28f40276ab127c94bca9706eb0befb16a8775f829a5,f829a5,5,单,大
2026-08-11 19:19:01,85258706,000000000514f1d296c6a4cdc753e48da34071f22bcf0ecc14be8e5c84d2b5e6,d2b5e6,6,双,大
2026-08-11 19:19:06,85258708,000000000514f1d4e30116a812b762f6f5ae5779b2cdb2f74502c1945185a325,85a325,5,单,大
2026-08-11 19:19:12,85258710,000000000514f1d600ab97431242d833db67cba087b198d46e1d2d4660b46014,b46014,4,双,小
2026-08-11 19:19:17,85258712,000000000514f1d8515447c8cea9c97b35f1a1cc5d12dfdf077beabcf4b24811,b24811,1,单,小
2026-08-11 19:19:23,85258714,000000000514f1da9e943c3ff94e20c41ab8db7b00628940bec6b2de71d44364,d44364,4,双,小
2026-08-11 19:19:31,85258716,000000000514f1dc7fc9695b6890210d4c1b99d3df10443cc369d3fd01921d26,921d26,6,双,大
2026-08-11 19:19:35,85258718,000000000514f1defd1e81ec0a9036649156523fb15b16d466a3393afea8d090,a8d090,0,双,小
2026-08-11 19:19:41,85258720,000000000514f1e0b9634f17124a2754bfbc4b832743bdaf96d19bbd561d8175,1d8175,5,单,大
2026-08-11 19:19:48,85258722,000000000514f1e2d922268008c67e53e59cab7c225e043423068060d0cbe170,cbe170,0,双,小
2026-08-11 19:19:53,85258724,000000000514f1e427939bcf225d714f9dd9a8ae198e10802f962f89db70566e,70566e,6,双,大
2026-08-11 19:20:02,85258726,000000000514f1e6c0a688958c460aea81e3a6a4fe4e4c049e0a86b84863d260,63d260,0,双,小
2026-08-11 19:20:06,85258728,000000000514f1e8b403683b16aa2f4ac3e47d542fd728cfc6220a295d30a2c5,30a2c5,5,单,大
2026-08-11 19:20:13,85258730,000000000514f1ea6cf422cf2ec58f4d270d1970945d83d784867b7b372ffb9a,2ffb9a,9,单,大
2026-08-11 19:20:17,85258732,000000000514f1ec4ec3736fc0fc4188164775e274b5153a63cb58c733f58c2f,f58c2f,2,双,小
2026-08-11 19:20:24,85258734,000000000514f1eea6e58b6668530beae586c42c5abffd118f2cae72ee86d8cb,86d8cb,8,双,大
2026-08-11 19:20:29,85258736,000000000514f1f03a3cc4e2da5f08c57c3c570b97dc9a00e46dd57309b9b7d0,b9b7d0,0,双,小
2026-08-11 19:20:36,85258738,000000000514f1f2b611b20525837cab1db089d70cc5d9b9637ef1683f54ffba,54ffba,4,双,小
2026-08-11 19:20:42,85258740,000000000514f1f444c3064d387863ca246fab10388ad2eb9120e7a81e04b020,04b020,0,双,小
2026-08-11 19:20:50,85258742,000000000514f1f61b28b58c9742f6695414af78e7fecf6c893101078cd4fd2e,d4fd2e,2,双,小
2026-08-11 19:20:55,85258744,000000000514f1f88f8ea67a253a0d1770c6842d48fe7c14cc9c6616e18cd7e8,8cd7e8,8,双,大
2026-08-11 19:21:00,85258746,000000000514f1faf8f03c1649fa34b78d01486b9c602b256459a76f26a445f9,a445f9,9,单,大
2026-08-11 19:21:05,85258748,000000000514f1fc67ec72678394f133e6edfd11d28caf35da642ba8a2700f38,700f38,8,双,大
2026-08-11 19:21:12,85258750,000000000514f1fe765252a7c308c998f0c080d50e27cffd0266c37bbbee5289,ee5289,9,单,大
2026-08-11 19:21:19,85258752,000000000514f2008f7c1d283e8e593d81918b1168bf015cdb2167f0323706d9,3706d9,9,单,大
2026-08-11 19:21:24,85258754,000000000514f20278947147052893992e99b88cfc00a18f2a248081abacc6c8,acc6c8,8,双,大
2026-08-11 19:21:30,85258756,000000000514f204ee0a194f7bb0b749ffc94062015cd27b39126c2fbade23bf,de23bf,3,单,小
2026-08-11 19:21:34,85258758,000000000514f206475f352831a381830b60a05e2725a43d534db389ff1eba50,1eba50,0,双,小
2026-08-11 19:21:41,85258760,000000000514f208bac357d2d3e25b4d3c8b6fa4367347e1b6c25f7cb5bd86d7,bd86d7,7,单,大
2026-08-11 19:21:48,85258762,000000000514f20a864be14dc1aafd656c44fcfdb5e8eeb53b834258cd54225b,54225b,5,单,大
2026-08-11 19:21:54,85258764,000000000514f20c2440b7abff515a8cdda0aff476c5f9eb70db5e377b5dc5a1,5dc5a1,1,单,小
2026-08-11 19:22:00,85258766,000000000514f20ef431519e4119567b6613d3f0b21bc7ddf2a49aec73577d92,577d92,2,双,小
2026-08-11 19:22:05,85258768,000000000514f210edbd09efdcfa838ce40d519cf4e7fe166f8653513be8008c,e8008c,8,双,大
2026-08-11 19:22:13,85258770,000000000514f212310cf700df6d2669c9ca49daa0d9420ad2605a78e9b82d4f,b82d4f,4,双,小
2026-08-11 19:22:18,85258772,000000000514f214990d6877ecf07400a8939aa74e5cb3d6104199803c6e1d2f,6e1d2f,2,双,小
2026-08-11 19:22:23,85258774,000000000514f21646487d710a103d160b6034f7234e94f2c31d28af0cab1c67,ab1c67,7,单,大
2026-08-11 19:22:30,85258776,000000000514f2180554e10307d7d6cc4a58344fa6dfa8c1edcf8a90da1dde64,1dde64,4,双,小
2026-08-11 19:22:35,85258778,000000000514f21aee82707a345147976ea3a8b3ed6c603ef6da993f328d2b81,8d2b81,1,单,小
2026-08-11 19:22:42,85258780,000000000514f21c58d31d93b7d44e455de293b38c7979b42c668871bb9152dc,9152dc,2,双,小
2026-08-11 19:22:50,85258782,000000000514f21eaeb99f24637633003097b9bbbadbf62691e96d827b3e0e54,3e0e54,4,双,小
2026-08-11 19:22:55,85258784,000000000514f22007810763b33559491de2de54a7f2731881063c9b55740827,740827,7,单,大
2026-08-11 19:23:01,85258786,000000000514f22290202f448bf37120f3858d6ec0537da46fa0442951695393,695393,3,单,小
2026-08-11 19:23:05,85258788,000000000514f224fe9cec52cf5a07ac12d7eca529fae01b692da237fa340541,340541,1,单,小
2026-08-11 19:23:12,85258790,000000000514f226151ace970e0e86f91ca32a3ef1a22353134ba29a7069b004,69b004,4,双,小
2026-08-11 19:23:19,85258792,000000000514f22886a2c77ed02078d7362080d936b1c3e24545675f496cf200,6cf200,0,双,小
2026-08-11 19:23:25,85258794,000000000514f22a62519fe0efc1318587f6ed3ce07e84bdbb45fe00fcd285f7,d285f7,7,单,大
2026-08-11 19:23:29,85258796,000000000514f22c248d912fc3d222cf4c7f280464ff3ee16e6b0f4feb8ede81,8ede81,1,单,小
2026-08-11 19:23:37,85258798,000000000514f22e344aab05313cdaf5ecd4f0fc734b86ca42d7cb162f8b9df0,8b9df0,0,双,小
2026-08-11 19:23:40,85258800,000000000514f23042d54cd937f32d8fe2b81e3610467f5d0622819c21347507,347507,7,单,大
2026-08-11 19:23:47,85258802,000000000514f2326ecddfb8b640f83313a6808cb5dd2f95f9df294ec3e15968,e15968,8,双,大
2026-08-11 19:23:55,85258804,000000000514f23402e3024ae29b952ee6e598d9d202d5fd4b6d11a7c99df838,9df838,8,双,大
2026-08-11 19:24:01,85258806,000000000514f23689e81e740a5d954549871dc7298eeaae13751a75b6756510,756510,0,双,小
2026-08-11 19:24:06,85258808,000000000514f238e0dc99d3d1d4d5830903b7fc93d219cdb5b8ee6c10ee9dd9,ee9dd9,9,单,大
2026-08-11 19:24:13,85258810,000000000514f23a2078b856d71b989ed3fa951eba218fda1e868b5a35abe88f,abe88f,8,双,大
2026-08-11 19:24:17,85258812,000000000514f23c3b6e9b27a0cbe2d05b7ae9a416094665c5bfd4a7a8c209f5,c209f5,5,单,大
2026-08-11 19:24:26,85258814,000000000514f23e7294863743c0def8c67632ac310fb559d6286d72d062f224,62f224,4,双,小
2026-08-11 19:24:32,85258816,000000000514f240f119f030d7e1e2b790609ffc0a510eb207ca6851334f2f32,4f2f32,2,双,小
2026-08-11 19:24:36,85258818,000000000514f242ff29a47676697a74b0469a3fcce645b805007768d39db55c,9db55c,5,单,大
2026-08-11 19:24:43,85258820,000000000514f2441eb9a73529a20fdb96e4c9b0eb6423e97d56e8ed3e7230d3,7230d3,3,单,小
2026-08-11 19:24:48,85258822,000000000514f2465a6449d9457d04e58fa5f5b86c28965aac5e16e37770a5fa,70a5fa,5,单,大
2026-08-11 19:24:53,85258824,000000000514f24856d06ceaf13ff44dc8c60e6d07ddc26952bc163ed2400a28,400a28,8,双,大
2026-08-11 19:25:03,85258826,000000000514f24a86c86a62df072db3b6573d2b76e2c2964b735b1104cb17c9,cb17c9,9,单,大
2026-08-11 19:25:07,85258828,000000000514f24c11f65f4215479f7102a84a8fa5f4a41a5afa7e33a49e7e0e,9e7e0e,0,双,小
2026-08-11 19:25:11,85258830,000000000514f24e5a4fdd4503451197308bec89b035449bf60ed3824b857b55,857b55,5,单,大
2026-08-11 19:25:19,85258832,000000000514f2507383a75d9517811ea08bd70abf0a4b355d2596d626b8eda5,b8eda5,5,单,大
2026-08-11 19:25:24,85258834,000000000514f252ee65f54f8e542f2055c41faf0a22ecc08933880592e235d4,e235d4,4,双,小
2026-08-11 19:25:30,85258836,000000000514f2541f5677a6531a42cd6fe3fef5dcd876b156a56195606decf7,6decf7,7,单,大
2026-08-11 19:25:35,85258838,000000000514f25688274822afc842312d0f485e8fc69ff8dfd8a8aa93184116,184116,6,双,大
2026-08-11 19:25:48,85258842,000000000514f25a1f5442b1933984c75e58bbcb17e5de31a938f0d719f6093d,f6093d,3,单,小
2026-08-11 19:25:54,85258844,000000000514f25c298d3c91d5af1db17cd2625b91b1895282d4766a151d82e2,1d82e2,2,双,小
2026-08-11 19:26:01,85258846,000000000514f25e23dbe770e3afb3429e44c3ab5a36651b0615b6852a53040e,53040e,0,双,小
2026-08-11 19:26:07,85258848,000000000514f260adc4c6453b42546561bc4df79c5b1f206626ed2bb1f6e62b,f6e62b,2,双,小
2026-08-11 19:26:12,85258850,000000000514f262a80a328accc982556d8cf00013ca478903c6add3e2074dc1,074dc1,1,单,小
2026-08-11 19:26:19,85258852,000000000514f264b7e77e4b853a6c25de61b3db017e730609dd68e66cef4ba5,ef4ba5,5,单,大
2026-08-11 19:26:23,85258854,000000000514f266f0b16645be78ab0a09f76ed31480ea9c5abc2f9740cad49e,cad49e,9,单,大
2026-08-11 19:26:39,85258858,000000000514f26a5924cedf025f59494fd283c994aa65313381f764c3bcf400,bcf400,0,双,小
2026-08-11 19:26:43,85258860,000000000514f26cc85ff00a0811bebeed33a8c6656ceb9b31d3e28d910af9fc,0af9fc,9,单,大
2026-08-11 19:26:49,85258862,000000000514f26eeeec0fb63d4c8be34a2cd6ed32c6597452094cab4e864629,864629,9,单,大
2026-08-11 19:26:54,85258864,000000000514f270e810e5531ff5fdca4a0e63b49abcbc5c67c36ebda0c5ca14,c5ca14,4,双,小
2026-08-11 19:26:59,85258866,000000000514f272f040da209841154830ce0f2ab527817263fe5bf23835f842,35f842,2,双,小
2026-08-11 19:27:08,85258868,000000000514f27474f820bcf26ca9966676506ec2007ba65d3b0f204b329db3,329db3,3,单,小
2026-08-11 19:27:13,85258870,000000000514f276da2e08590847d6321694427f7c3b56f75bfd726256fe0e2e,fe0e2e,2,双,小
2026-08-11 19:27:22,85258872,000000000514f27821ce9acd8e12ecd010452545cb034d7a8db5038eafd150a7,d150a7,7,单,大
2026-08-11 19:27:26,85258874,000000000514f27a212a5c2e6ba7087620a91e8e40ca9b1581d41bafbf2ad307,2ad307,7,单,大
2026-08-11 19:27:30,85258876,000000000514f27c095a5affa6ad230cd23edd43125ff85608e987a1bdbe11cb,be11cb,1,单,小
2026-08-11 19:27:42,85258878,000000000514f27ec455a64fdbf6092ca4aee296c87d319b1523ab4360fa6678,fa6678,8,双,大
2026-08-11 19:27:45,85258880,000000000514f2802cf7470ef1231a567d0201c6b0d53efc2c44eb6b0f18eaa7,18eaa7,7,单,大
2026-08-11 19:27:50,85258882,000000000514f282bcc8f8c2277bf86ab6a80d76a72edcde99fd108a850e9c20,0e9c20,0,双,小
2026-08-11 19:27:53,85258884,000000000514f284942e1ab347a92cbee90102defbd0bfb8ddeb67bf21120eef,120eef,0,双,小
2026-08-11 19:27:59,85258886,000000000514f286a5297d9c6d1efbbc884b7f750ed114b4e47be0923ae0a104,e0a104,4,双,小
2026-08-11 19:28:20,85258892,000000000514f28c003323226564bb82a6dd7d88aaa4324c07dc53005b4db695,4db695,5,单,大
2026-08-11 19:28:24,85258894,000000000514f28e02a2aa33d7992e0d679bc453ac63fe012ad0bbcc7cc9c33e,c9c33e,3,单,小
2026-08-11 19:28:32,85258896,000000000514f290b5155697892c6cc570d160934ea731e534cd0b28fba084cf,a084cf,4,双,小
2026-08-11 19:28:35,85258898,000000000514f292947dde88625c0d7dfab1b923ae66a60902b4af49de462861,462861,1,单,小
2026-08-11 19:28:54,85258904,000000000514f298193043f2540729f6c4a6e92ae3cd08b304099a23f6707459,707459,9,单,大
2026-08-11 19:29:02,85258906,000000000514f29ab6721983728c30f69cabcaf38780468672d25f280993971d,93971d,1,单,小
2026-08-11 19:29:43,85258920,000000000514f2a8b54970c03d9583f122a87b410a52526d2ca47632671442a5,1442a5,5,单,大
2026-08-11 19:30:01,85258926,000000000514f2ae9cede0bccb1f583f2e236aebfa6c3ea5a98b6a0886fc1d90,fc1d90,0,双,小
2026-08-11 19:30:25,85258934,000000000514f2b6bc0f2e24bb2a1bd7b3593f4e7c0c0a5531acf735efb4c6da,b4c6da,6,双,大
2026-08-11 19:30:41,85258940,000000000514f2bca78680168a8c38dae1ea38650782a0498ef651a6ff07757b,07757b,7,单,大
2026-08-11 19:30:49,85258942,000000000514f2beaf9ccb03bd6907292f982c6557f2eb95695ede7d9ccec8bc,cec8bc,8,双,大
2026-08-11 19:30:54,85258944,000000000514f2c046dbd36999965f17135817fd2bbfc644bf75318226204e26,204e26,6,双,大
2026-08-11 19:31:02,85258946,000000000514f2c21bdbc5877e5e2070f8a20cce0ee187bcb942050062f08d82,f08d82,2,双,小
2026-08-11 19:31:07,85258948,000000000514f2c4f4bbc26cdd4471a645c6d752117753849770cdf8785337af,5337af,7,单,大
2026-08-11 19:31:11,85258950,000000000514f2c643992f1d19c532a4ff3a8a649ad4a468ab2749d56c32bd81,32bd81,1,单,小
2026-08-11 19:31:18,85258952,000000000514f2c844f20bca76a0f6bbd070f4f829b888703a5646fbead178f2,d178f2,2,双,小
2026-08-11 19:31:30,85258956,000000000514f2ccd52a5a537c1ea45310f5c2ce0325da5dbf2e7ae6367a5748,7a5748,8,双,大
2026-08-11 19:31:49,85258962,000000000514f2d2402466142988c78a8b9e6148f87cb49981813053466605cb,6605cb,5,单,大
2026-08-11 19:31:55,85258964,000000000514f2d42532a96eedb4d6b037eec95fb231ace69c026840db417d00,417d00,0,双,小
2026-08-11 19:32:00,85258966,000000000514f2d64a57297419d02d5d0d42633ddf7168da84a6c21462224b99,224b99,9,单,大
2026-08-11 19:32:06,85258968,000000000514f2d811f1d57f52d6c28313bc12817e9a2d91336477f4b4bf692c,bf692c,2,双,小
2026-08-11 19:32:12,85258970,000000000514f2da71d5e3437040cebdcea7f980d946c58cff86d147c3646e86,646e86,6,双,大
2026-08-11 19:32:18,85258972,000000000514f2dce23dfe861b6c88ef56016ae1a350156b2588dc2e1a46c1aa,46c1aa,1,单,小
2026-08-11 19:32:25,85258974,000000000514f2de3ba8f00c53ddd038236d622d28356e777981c706dbf0dff7,f0dff7,7,单,大
2026-08-11 19:32:31,85258976,000000000514f2e02f920f6bd098090718555a988a8cca50f896c96d3ce8e658,e8e658,8,双,大
2026-08-11 19:32:37,85258978,000000000514f2e23fb63455dbe49e04e95fb13c7d3aa2e21e810fdd1a29f399,29f399,9,单,大
2026-08-11 19:32:46,85258980,000000000514f2e49eba49eb13c194d0d7adeb6435cbb871cffddb2efdf09f9c,f09f9c,9,单,大
2026-08-11 19:32:52,85258982,000000000514f2e6a8d1e68b27554b9c7aa747af9738b3e6d9349ab010ce58ae,ce58ae,8,双,大
2026-08-11 19:32:56,85258984,000000000514f2e820467ce6aa04bead9bc20b518c4302453cc09311b1369586,369586,6,双,大
2026-08-11 19:33:01,85258986,000000000514f2eaa537552d1a6c15334a68f190dd3c5ee2f9bca704cb09a71b,09a71b,1,单,小
2026-08-11 19:33:06,85258988,000000000514f2ec6b40f6da65846c135761f7acccfbe8e15ca9d250d59756e4,9756e4,4,双,小
2026-08-11 19:33:13,85258990,000000000514f2ee0588787a305d58ab51280ea96c75c090fdc5c49b44409d5e,409d5e,5,单,大
2026-08-11 19:33:17,85258992,000000000514f2f0a2e2e8fe7c858cfa415d690763ee427f674190182067276c,67276c,6,双,大
2026-08-11 19:33:26,85258994,000000000514f2f2417f7a37f50d78bb4053a2061a65756d1617cd34673d1cdd,3d1cdd,1,单,小
2026-08-11 19:33:39,85258998,000000000514f2f6392d1e856a319793814078ce0f0ff74773448f22c239796b,39796b,6,双,大
2026-08-11 19:33:43,85259000,000000000514f2f8fa5913a22442373224e43da150269abd148efd745fab0b5c,ab0b5c,5,单,大
2026-08-11 19:33:49,85259002,000000000514f2fa2be016b69d1e16b29da9b9a45ba76bd780e49283f3c6e213,c6e213,3,单,小
2026-08-11 19:33:54,85259004,000000000514f2fce210bac7aa6bd65100a7d52562c69374626c440ea2924e53,924e53,3,单,小
2026-08-11 19:34:01,85259006,000000000514f2fe0be97ea02248bf5921a9ced2fa7f2d0c39e721cf02e1052d,e1052d,2,双,小
2026-08-11 19:34:09,85259008,000000000514f30020016491b3c303d8896df44cbbe67c59bfc339053509019d,09019d,9,单,大
2026-08-11 19:34:13,85259010,000000000514f302784be0910b33e04da01bc7b5c9987d9fa3a48ae529ff7493,ff7493,3,单,小
2026-08-11 19:34:18,85259012,000000000514f3044cf0aea8b84cb4da77f0aa95e9260874c61b3ea0a073c187,73c187,7,单,大
2026-08-11 19:34:33,85259016,000000000514f308df74f444a2bc03b3a2671b010d84fa0f426b0929e7c5f28d,c5f28d,8,双,大
2026-08-11 19:34:40,85259020,000000000514f30cef4a2dde506a42b30ae477454ba047aa38fa8f63208b4e90,8b4e90,0,双,小
2026-08-11 19:34:55,85259024,000000000514f3109c641b78a261b507d4573bd06f1d17530ced7a4df508e4ad,08e4ad,4,双,小
2026-08-11 19:35:09,85259028,000000000514f314fa596b6801aec24841a21677bdae9511214b2393af090897,090897,7,单,大
2026-08-11 19:35:16,85259030,000000000514f316ef6e99dcdf3eb0486659e11794e5768a21e3e9c03c3ea8fe,3ea8fe,8,双,大
2026-08-11 19:35:22,85259032,000000000514f31888f09a26d516422bedbb51190b7d085653c9c7e51b3671a5,3671a5,5,单,大
2026-08-11 19:35:25,85259034,000000000514f31a36ffbe6dd02b438e9144f7dbb826762f247923d038b63d0a,b63d0a,0,双,小
2026-08-11 19:35:28,85259036,000000000514f31c6e86a07c61a8b11931b590f83ba21b8d2da45ed7705ce5c4,5ce5c4,4,双,小
2026-08-11 19:35:41,85259038,000000000514f31e97a91e7c90ea1cecb4955b42fe860e72c45913f98b33c885,33c885,5,单,大
2026-08-11 19:35:43,85259040,000000000514f320c0b4f3afa37ed8dacf24892d50727613daf668ee184652f9,4652f9,9,单,大
2026-08-11 19:35:49,85259042,000000000514f322c6aa3e6943fd5df363c491c1cf7e9f61e429c35980ba31cd,ba31cd,1,单,小
2026-08-11 19:35:52,85259044,000000000514f324a2217dd80c127812718c968757ff76da3075546cf4e91fe3,e91fe3,3,单,小
2026-08-11 19:36:01,85259046,000000000514f32697acc685409ee28ea132e3dc127f6257dbf93122e35ccec9,5ccec9,9,单,大
2026-08-11 19:36:06,85259048,000000000514f328244fb00ad0c6cc40b79ce6aaa4eb63ac456b426dd2285b76,285b76,6,双,大
2026-08-11 19:36:13,85259050,000000000514f32a5da0d1fab6af08d736f5f75a892bd13db414a539947ff4b5,7ff4b5,5,单,大
2026-08-11 19:36:18,85259052,000000000514f32cd500efd55634700c76b09e471025efd0806cbbe7994f1e4f,4f1e4f,4,双,小
2026-08-11 19:36:41,85259058,000000000514f332fe3e9b4e256e0309a8ed19d035edcbad79634751bd3208e9,3208e9,9,单,大
2026-08-11 19:36:45,85259060,000000000514f3349158ffc2b0b5f2e4099166107f63560bc5ae122c77743db9,743db9,9,单,大
2026-08-11 19:36:56,85259064,000000000514f3388be2ac93e8db3190d4a773692ed0dc86c2af92db8df1f944,f1f944,4,双,小
2026-08-11 19:37:02,85259066,000000000514f33ab4b8c36c449144130804451f5a9d7c1aac36aac8b82fc197,2fc197,7,单,大
2026-08-11 19:37:08,85259068,000000000514f33c0cd68ffe3d58c0cb15574964c57963a0067d2bb8688b42cf,8b42cf,2,双,小
2026-08-11 19:37:15,85259070,000000000514f33e48934be36b0dc2dd59fa5f2750ffc137e73f9eeab83a0ba5,3a0ba5,5,单,大
2026-08-11 19:37:20,85259072,000000000514f34065186cfb0e149198e93d46c47d8abd67224b6fe3af080e4a,080e4a,4,双,小
2026-08-11 19:37:34,85259076,000000000514f3444933053a62fb79343acdb5b65c4ada3c52e230011667f16e,67f16e,6,双,大
2026-08-11 19:37:38,85259078,000000000514f346018a3106d221b7a2bcc11bc6043d953b20a94f1c65d37939,d37939,9,单,大
2026-08-11 19:37:46,85259080,000000000514f34820dc00df712d21489e8f3008ff215e8f010ea13d63ee27d4,ee27d4,4,双,小
2026-08-11 19:37:52,85259082,000000000514f34ab9b795bd466faf1df20ba9e04571c608134008d8d7a35ecc,a35ecc,5,单,大
2026-08-11 19:37:58,85259084,000000000514f34c70e54a3bcddca7a6bb3d50a63a0dfe58a1692c512c5ec0ad,5ec0ad,0,双,小
2026-08-11 19:38:08,85259088,000000000514f350739a94a4e52e5b2068495e1ef868047115143636cf607654,607654,4,双,小
2026-08-11 19:38:41,85259100,000000000514f35c03c30d3e9cb38b2ad104568ffa67569196716de0442cc171,2cc171,1,单,小
2026-08-11 19:38:49,85259102,000000000514f35e3e0b4cb5139d597a1e60d2159014d84dd45cb35a54ebb80f,ebb80f,0,双,小
2026-08-11 19:38:55,85259104,000000000514f36089f5a85abc98dd2beae52d6587300703e12d13e5287330df,7330df,0,双,小
2026-08-11 19:39:01,85259106,000000000514f362fb8c9a4268b24df0b6e0364c704860cf40fc2eadf58d811c,8d811c,1,单,小
2026-08-11 19:39:05,85259108,000000000514f364390905c15f7a0f85a5af645b019fbfbedfc14544d542b2b8,42b2b8,8,双,大
2026-08-11 19:39:10,85259110,000000000514f366a71473c5d90960c134029c63f11a99e0eea123d55db5ef05,b5ef05,5,单,大
2026-08-11 19:39:17,85259112,000000000514f368408140a77596689b3283dc26978822eb5239d157ba33e8c0,33e8c0,0,双,小
2026-08-11 19:39:42,85259118,000000000514f36e5be082e74a21367d02dcc5f67b9f866fbdd1f2ee80583a46,583a46,6,双,大
2026-08-11 19:39:46,85259120,000000000514f370e0cb06ffbf5400a3afb8af84dcb9d2e6869fca41020bb57c,0bb57c,7,单,大
2026-08-11 19:39:52,85259122,000000000514f372837f76bc8eb7dd2f70f6455a173677cc2393de3eec76b542,76b542,2,双,小
2026-08-11 19:39:55,85259124,000000000514f374d62aa4f5a279fb0990eee4abba05d2782b7fda62682b5a86,2b5a86,6,双,大
2026-08-11 19:40:03,85259126,000000000514f37627b5a835b9daf7be3590a69ae58cf9dab3dd90752f923a64,923a64,4,双,小
2026-08-11 19:40:08,85259128,000000000514f378b5b76c911fa448ffbe9aef5219beaa4e93b5bce9a7dcb2e4,dcb2e4,4,双,小
2026-08-11 19:40:12,85259130,000000000514f37a494105538727266e02faea9dade8837ca8d13aa610734f38,734f38,8,双,大
2026-08-11 19:40:17,85259132,000000000514f37cdc219e0706bedff9056489a88473cf087a4d795b3316a153,16a153,3,单,小
2026-08-11 19:40:30,85259136,000000000514f3800c1ea39cc6e31ba058de4d6ff0538234c756a2f1e0a9170b,a9170b,0,双,小
2026-08-11 19:40:43,85259140,000000000514f384700b0f75d409e8a71220ecfd2c15ef334d222a97b3b31dce,b31dce,1,单,小
2026-08-11 19:40:49,85259142,000000000514f3861d149d45a7678a895441c49d17a6968edb8f7add562d040c,2d040c,0,双,小
2026-08-11 19:40:57,85259144,000000000514f388cabfcae611c212787386ef45ea8093d97f40c5d291ad3904,ad3904,4,双,小
2026-08-11 19:41:01,85259146,000000000514f38a19416460bbd9ce3b8a2305693793d9b9424ab4f5820fe238,0fe238,8,双,大
2026-08-11 19:41:07,85259148,000000000514f38cf2d66b53ca01edba93ebcfcc7b6e51b9afffeeecc7f867e5,f867e5,5,单,大
2026-08-11 19:41:27,85259154,000000000514f392f01ff54594170caac505a914df1ac67a04a91b4d1f849aad,849aad,9,单,大
2026-08-11 19:41:32,85259156,000000000514f394422448a3f9784a9c9cfe93b051bb43a67f49510ce753034c,53034c,4,双,小
2026-08-11 19:41:34,85259158,000000000514f396ec4cea8be86412e1463a792dd219fe224b8ef707c6d403e8,d403e8,8,双,大
2026-08-11 19:42:02,85259166,000000000514f39eaeeca092a1d32720b93f0235b25f9a52f29e3410be755c29,755c29,9,单,大
2026-08-11 19:42:07,85259168,000000000514f3a0084bd0aa49eaed655d6273e4315f9525826b63b057f1837e,f1837e,7,单,大
2026-08-11 19:42:25,85259174,000000000514f3a63443a031a0d689214b89a8c33c707bfd01621d32a3905db1,905db1,1,单,小
2026-08-11 19:42:32,85259176,000000000514f3a87d1e856a2660efb22beec05032f4ae8195f45d37ab35de76,35de76,6,双,大
2026-08-11 19:42:39,85259178,000000000514f3aa902cf36bc683004b319597802fead31d05f54d2567cd6a50,cd6a50,0,双,小
2026-08-11 19:42:52,85259182,000000000514f3aeab9fa2bd272529c16d60f9022f70276d686d8ad6d3ec872e,ec872e,2,双,小
2026-08-11 19:43:00,85259186,000000000514f3b2dc538c1f1133537fb455e28bd7de75daf8278c4ce20b9da7,0b9da7,7,单,大
2026-08-11 19:43:09,85259188,000000000514f3b4de337168bdde307ddbb3532969d387b608bd30410df33b39,f33b39,9,单,大
2026-08-11 19:43:11,85259190,000000000514f3b624bf11a19045d7614e145de28fe0af77b384f29a7df95ed9,f95ed9,9,单,大
2026-08-11 19:43:19,85259192,000000000514f3b80424c320888ac6fd89f9160988cf002bfa7d30aafde5011e,e5011e,1,单,小
2026-08-11 19:43:32,85259196,000000000514f3bc063a6f627ed6bc94dabc5b5b35e996218fb69affa6a865f2,a865f2,2,双,小
2026-08-11 19:43:39,85259198,000000000514f3be3a418d052ed522f7e41d1c4be49a7c8190079ae8220c8250,0c8250,0,双,小
2026-08-11 19:43:44,85259200,000000000514f3c0ace9bd7d1e80fdec9c81231fbf2e05a84ea9fccd3ab0db40,b0db40,0,双,小
2026-08-11 19:43:49,85259202,000000000514f3c2de373221cff402483b83c15c96fba25a5e3707cc446b1089,6b1089,9,单,大
2026-08-11 19:43:54,85259204,000000000514f3c4f10c809dbc662d8ce5baf7e587c3219346a89f621cdbed61,dbed61,1,单,小
2026-08-11 19:44:03,85259206,000000000514f3c6d85f2faf74de2550b692218b978fdb1fb1065567b40e28a4,0e28a4,4,双,小
2026-08-11 19:44:12,85259208,000000000514f3c806dd87936c01fb0cf203c7cce6be3ccbd38b38f73dfad079,fad079,9,单,大
2026-08-11 19:44:18,85259210,000000000514f3ca8e263db14798bb176c9606d3dc59045e41aff645663b8ef7,3b8ef7,7,单,大
2026-08-11 19:44:23,85259212,000000000514f3cc995a25f51ec6b40fbcefae0e248b651a23c214daf418ba24,18ba24,4,双,小
2026-08-11 19:44:25,85259214,000000000514f3ce24d192538377bcc2c9c5321cb1d63f431e2f3355b234c9a7,34c9a7,7,单,大
2026-08-11 19:44:32,85259216,000000000514f3d02a5944d4ea4a4767c84699830a049f197cd8a0dc50498355,498355,5,单,大
2026-08-11 19:44:44,85259220,000000000514f3d4a5f2b40ac05b382c2ca5d3e65175a5d2d565647525c7306b,c7306b,6,双,大
2026-08-11 19:44:50,85259222,000000000514f3d608d782c0bf3484bd5f283289183a3a4e309603b07239dc22,39dc22,2,双,小
2026-08-11 19:44:55,85259224,000000000514f3d88dae8686c084f9890507c8dc57098248ef1595b63e538f7b,538f7b,7,单,大
2026-08-11 19:45:02,85259226,000000000514f3da0dcd5bbeb33d22c73896e8180279679a8bd79296dd128cdc,128cdc,8,双,大
2026-08-11 19:45:06,85259228,000000000514f3dcf8710bbb553d2a7da9667aeeee1521856aabd85700eee40f,eee40f,0,双,小
2026-08-11 19:45:13,85259230,000000000514f3def63aba7b35b998d0b48481a1b990f2dbcbc4d724541f8695,1f8695,5,单,大
2026-08-11 19:45:19,85259232,000000000514f3e0c7b6d4f0cf8ed2bc85546e66f46379a71db8f118f3fabf94,fabf94,4,双,小
2026-08-11 19:45:40,85259238,000000000514f3e626752a640c89d8923515e1a00cdd9eaf268694a5b5ca1525,ca1525,5,单,大
2026-08-11 19:45:44,85259240,000000000514f3e83c24a37f21970ecfa01b56e3f431ddd0274918586acc968a,cc968a,8,双,大
2026-08-11 19:46:10,85259248,000000000514f3f06a3d031746559772a6324d198e362635694f46b414ffcc75,ffcc75,5,单,大
2026-08-11 19:46:14,85259250,000000000514f3f2372a5c5f36f1fcb649ec18817cf5751223c1ed712f4a24f4,4a24f4,4,双,小
2026-08-11 19:46:19,85259252,000000000514f3f452485252f17b28c037e7553fcbfab15780466ac1bde7a3fd,e7a3fd,3,单,小
2026-08-11 19:46:24,85259254,000000000514f3f6b0f0b8a5de88ebd6b53f17c9a372bc0fe649a3e3d2cad824,cad824,4,双,小
2026-08-11 19:46:45,85259260,000000000514f3fc2e04daa6ff0688bca17c5c87fd2fb2887019cead1482670d,82670d,0,双,小
2026-08-11 19:46:56,85259264,000000000514f400a02e4e82c0881a84c643795a9feddcfa2d6a0fe36df58c22,f58c22,2,双,小
2026-08-11 19:47:14,85259270,000000000514f40645361bd164017fea6d1f27a858b0c5fe9e57391ecede7398,de7398,8,双,大
2026-08-11 19:47:21,85259272,000000000514f40897d9dd6215566287435c08a370681c774aaed19de670e640,70e640,0,双,小
