时间,区块高度,Hash,Hash尾6,尾数,单双,大小
2026-08-06 15:51:23,85110594,000000000512af42250e8f47316587b67ae68f553ae67886e8b0b8943e3b4c8e,3b4c8e,8,双,大
2026-08-06 15:51:29,85110596,000000000512af447911823c6736fb9ca6283c32f6f68bde1c4b28cae6bb520b,bb520b,0,双,小
2026-08-06 15:51:36,85110598,000000000512af46b82618e5eebd4a87eeeff83180f81dc8cf732adbd004592b,04592b,2,双,小
2026-08-06 15:51:42,85110600,000000000512af48dbae540754adf238155f6dcde4e2b0912491483fe3bb8fd1,bb8fd1,1,单,小
2026-08-06 15:51:49,85110602,000000000512af4a8614bcbbf922efd318d658927cf2713b408718586031b0d7,31b0d7,7,单,大
2026-08-06 15:51:55,85110605,000000000512af4dd404d2f4625681e627f463bf054a28c0928518ecbb5ed37a,5ed37a,7,单,大
2026-08-06 15:52:02,85110607,000000000512af4fb88f643d14552efb2e4bf5eaff1f6786784e954520e1686c,e1686c,6,双,大
2026-08-06 15:52:09,85110609,000000000512af5152b409642a6542efe3280c8e4d10ecb1fd8215093f568fea,568fea,8,双,大
2026-08-06 15:52:16,85110612,000000000512af54efc11f469051164fd03ab1b571298ef23f0da7f179efa7a5,efa7a5,5,单,大
2026-08-06 15:52:23,85110614,000000000512af566b94ddd7b2d66bc3dcfc4c38a6dbd64d2a2a0895c12b297a,2b297a,7,单,大
2026-08-06 15:52:30,85110616,000000000512af580fa4bba0bc5ed8bfb655cc12fbd3b7c3a8c1aa701dda476c,da476c,6,双,大
2026-08-06 15:52:38,85110618,000000000512af5ac3e09b3381fbb0a3b6eb60408ea7512e3ecb352fd5ef55e5,ef55e5,5,单,大
2026-08-06 15:52:45,85110622,000000000512af5eac8ca9870dfd70b36a0fd66cb8f06408e153c43074f26ed2,f26ed2,2,双,小
2026-08-06 15:52:52,85110624,000000000512af60ebd47a6c91f0307a96d21e14a35173366333d2b4e9107d68,107d68,8,双,大
2026-08-06 15:52:58,85110625,000000000512af61ef0a33a1ea78b1408f6453df4893607708dc25362c54e950,54e950,0,双,小
2026-08-06 15:53:06,85110629,000000000512af6546ddd566ecc22701c5a6487121f166d553d70b92eb44911e,44911e,1,单,小
2026-08-06 15:53:13,85110630,000000000512af6612b0a06e46a25694bf68704e1f3cba9667d99d0fc744c285,44c285,5,单,大
2026-08-06 15:53:20,85110632,000000000512af68d2debf575de4a3dec766651ea9721a2ad691f9e4bc2dd595,2dd595,5,单,大
2026-08-06 15:53:27,85110635,000000000512af6b3b1a9cc8e90ac281b0d281f5bcd0367f2ba6e48ff868854b,68854b,4,双,小
2026-08-06 15:53:34,85110638,000000000512af6e09f18b73c0c9aea950ae98a0f915d723e830115d94c6c721,c6c721,1,单,小
2026-08-06 15:53:41,85110640,000000000512af702808cccf44815122968ac552dd72b4732d4a14a8a98acafd,8acafd,8,双,大
2026-08-06 15:53:48,85110642,000000000512af72a7578e6a08fe42175cdedb1e05048db2470c2bdfce1fc64f,1fc64f,4,双,小
2026-08-06 15:53:55,85110645,000000000512af754247aa5f51133718ec9fe286975dbdd7e2c8a2ce99871f49,871f49,9,单,大
2026-08-06 15:54:01,85110647,000000000512af77fb1a4108ce11577783555e871114d13894432d8a1bafb6c4,afb6c4,4,双,小
2026-08-06 15:54:08,85110648,000000000512af789f5b47cefb2c3b1594b35f2991362e6f3e67cb56511bbb6a,1bbb6a,6,双,大
2026-08-06 15:54:15,85110651,000000000512af7b944e7e809b42868efa3932d6e17930326dc93874a134c6cb,34c6cb,6,双,大
2026-08-06 15:54:22,85110653,000000000512af7d9b394fbb9aea1d405bc0380bd10ea658ed3436c2ad53f2f2,53f2f2,2,双,小
2026-08-06 15:54:29,85110656,000000000512af80b3c004c626a80389226989e593f6144b970d865c474e3c34,4e3c34,4,双,小
2026-08-06 15:54:35,85110657,000000000512af81bab26deba3f45807c12e96f8622c3156047dddcc1ec61397,c61397,7,单,大
2026-08-06 15:54:42,85110660,000000000512af84825755b01258d85c819975a04657ce1da24fc707c3f2c6ca,f2c6ca,6,双,大
2026-08-06 15:54:49,85110663,000000000512af873787cdc6c9a030606321028f8c676575bf877a6e1fb0830a,b0830a,0,双,小
2026-08-06 15:54:56,85110665,000000000512af89b59368c9223d793c0c12d93ea440cc38348a50783f9b9614,9b9614,4,双,小
2026-08-06 15:55:03,85110667,000000000512af8bc9bf24efb1c019f3ed7aeb5a7641a8dfc4b8c86cd818058e,18058e,8,双,大
2026-08-06 15:55:10,85110669,000000000512af8dba322888428ce57776fbf7dfe2a7649ce0f90d77fa0ac715,0ac715,5,单,大
2026-08-06 15:55:17,85110672,000000000512af90ae5d011c715d38c89c53ee4c09f80dc17a89dfddac9797ef,9797ef,7,单,大
2026-08-06 15:55:24,85110674,000000000512af924d5adc7003e1ea29c3af109796bb726b44e50859f88fd204,8fd204,4,双,小
2026-08-06 15:55:31,85110676,000000000512af948609cefe21d77ac1e81349fd1cbbb478768aa2ff2b179c04,179c04,4,双,小
2026-08-06 15:55:37,85110678,000000000512af9694e69315415ce5eb272dc070eb40f60c00e79f64a139f481,39f481,1,单,小
2026-08-06 15:55:44,85110681,000000000512af99bc34670f5280704fa046ce3dbeca106b816b662681aacc68,aacc68,8,双,大
2026-08-06 15:55:51,85110683,000000000512af9b61a9a03270c016beaa7675e20dc46dd5a5ff2516ee2f0b94,2f0b94,4,双,小
2026-08-06 15:55:58,85110685,000000000512af9d810adc55fe26aa03c37efbe98c9845c9e714f240d39e024a,9e024a,4,双,小
2026-08-06 15:56:05,85110688,000000000512afa04b9ebc427aa6a8840c083817344e13f57131d4d7da0e1f2c,0e1f2c,2,双,小
2026-08-06 15:56:12,85110690,000000000512afa2d0d5c1846ddd6fe1ce821944c5f03df6d5fb7ea3de9f14f1,9f14f1,1,单,小
2026-08-06 15:56:19,85110692,000000000512afa4cab79ad366464222df70749ebc3e81a48a9c69217ec7a6fe,c7a6fe,6,双,大
2026-08-06 15:56:26,85110695,000000000512afa74d196e3dc095729720510c211d87f4b46a8c977c2daf72c4,af72c4,4,双,小
2026-08-06 15:56:33,85110697,000000000512afa9195ade3e6fbc62ee66786f993ff6e8ecd330abb0e73d38a7,3d38a7,7,单,大
2026-08-06 15:56:40,85110699,000000000512afabedf4ed3fd825a8d8412a7b1de14ed1880e1241936d855424,855424,4,双,小
2026-08-06 15:56:47,85110702,000000000512afae8add762eedcca0d084416c38f6f228292cc180fc6777410d,77410d,0,双,小
2026-08-06 15:56:55,85110704,000000000512afb052c4feaec5a5fc7c6f23a9312591da3be8d2dc6e42ef643f,ef643f,3,单,小
2026-08-06 15:57:01,85110706,000000000512afb2c5efb0c742f627a3c72031a6715daedc3266ebbca9333c6e,333c6e,6,双,大
2026-08-06 15:57:08,85110709,000000000512afb587fb6d9c2cd158ce85b2816b5ba3fc38118ba0677b639c47,639c47,7,单,大
2026-08-06 15:57:15,85110711,000000000512afb7c1dc2aa0fef5b969304ad8489c2680a24909491b22b33818,b33818,8,双,大
2026-08-06 15:57:21,85110713,000000000512afb9bd1a6f1cdd68a7de9f680f274de427594e36c328cec14507,c14507,7,单,大
2026-08-06 15:57:28,85110716,000000000512afbc1eab4f52dc000d2af3bd69df6293f1d8d57bac09969abdc2,9abdc2,2,双,小
2026-08-06 15:57:34,85110718,000000000512afbeca204b8b556be2f3fd23f87634e5780e7383bea19d9d4273,9d4273,3,单,小
2026-08-06 15:57:41,85110720,000000000512afc0b9abdf0c31af254bc8b3e1c1d1e68cb9b8e6748788d78b9d,d78b9d,9,单,大
2026-08-06 15:57:48,85110722,000000000512afc243ee46f19d10564487d78a52a6c74e7c4e627efe93ba8728,ba8728,8,双,大
2026-08-06 15:57:55,85110724,000000000512afc4566a9808c87844712232a3dfea9e3552a5302027b5099521,099521,1,单,小
2026-08-06 15:58:01,85110727,000000000512afc76329428288e6f3022648884467181ff1e0e3c3121a8a1b6d,8a1b6d,6,双,大
2026-08-06 15:58:08,85110729,000000000512afc933b3ec80c7b6e4efc1015582053d4c18dd1f49b08f33d956,33d956,6,双,大
2026-08-06 15:58:15,85110731,000000000512afcb9b0ce7ebeee865810e61e4d3b640ae9beb3aadebdfd08e31,d08e31,1,单,小
2026-08-06 15:58:22,85110734,000000000512afcea8b6a086a8f16a06f706f2858e6f66b69c343fdeed89f147,89f147,7,单,大
2026-08-06 15:58:28,85110736,000000000512afd0dd4cd0f488d37b6eb142534d6384c72ef7cf171943e4cce6,e4cce6,6,双,大
2026-08-06 15:58:35,85110738,000000000512afd2eb3f4783c8dd070cad55d5496e29d29da2f421f99c510834,510834,4,双,小
2026-08-06 15:58:42,85110740,000000000512afd4055c7577689bf02169ab937390ffa834c82927687fd02610,d02610,0,双,小
2026-08-06 15:58:48,85110742,000000000512afd6d25d7edc7584dddc5df9de2e8facfeaca342471471e28163,e28163,3,单,小
2026-08-06 15:58:55,85110744,000000000512afd887ff6cf89df0aeade73a3cbee652297879610f78b9e7d502,e7d502,2,双,小
2026-08-06 15:59:01,85110747,000000000512afdb6baa596c8ea089f631962d4d3d89e8bcf3cc6f3fd828481b,28481b,1,单,小
2026-08-06 15:59:08,85110748,000000000512afdcb68b6adefe0b36a0a394be67110006d37a9d88952655e40d,55e40d,0,双,小
2026-08-06 15:59:15,85110751,000000000512afdf3784006fcafa01d8c7a9f92e8824484840115b8f83778d20,778d20,0,双,小
2026-08-06 15:59:21,85110754,000000000512afe2aef49396388d3ff7e69b0d1b3907479a1b4f31d28c6bc6fa,6bc6fa,6,双,大
2026-08-06 15:59:28,85110755,000000000512afe3b43a9a4aebeef5aff9527dbe5ef8d1e49df920999172b72f,72b72f,2,双,小
2026-08-06 15:59:35,85110758,000000000512afe64a9606e7e7d7a282980be99d0fbffe2561f1fca88dc0def5,c0def5,5,单,大
2026-08-06 15:59:42,85110760,000000000512afe8cb1b7782b5859e38d52b9c62264941187a73c99aee3136f7,3136f7,7,单,大
2026-08-06 15:59:48,85110762,000000000512afeafc3103469c8f5075f64e5f53258c8026c67d5ff4c2ac15cc,ac15cc,5,单,大
2026-08-06 15:59:55,85110764,000000000512afeceb604f6f98674d03aee71d7dd4c652c0ec5e5ee6a6d7cdf8,d7cdf8,8,双,大
2026-08-06 16:00:02,85110767,000000000512afef656f0f25a7808897293356cc42d522538eedcacbabe99e83,e99e83,3,单,小
2026-08-06 16:00:09,85110769,000000000512aff1c4ad1b3faf118f265b5e66693a2c05e4c0d419135353ddbe,53ddbe,3,单,小
2026-08-06 16:00:17,85110772,000000000512aff4f31dba22ddf7e7f6808d4626a7f796db2b2c320561510304,510304,4,双,小
2026-08-06 16:00:26,85110775,000000000512aff747b1cd9461b80f852e129b4d078c921698c0ffcf25c7d993,c7d993,3,单,小
2026-08-06 16:00:34,85110777,000000000512aff9fdd1a4113001f61c6755e697ce11a602cc19cec2e7088790,088790,0,双,小
2026-08-06 16:00:41,85110780,000000000512affcd0c72dd176824b76ef72271d574e4fac2e132fa76b60ccc4,60ccc4,4,双,小
2026-08-06 16:00:48,85110782,000000000512affebbf47a22f6f566a4e620bf552b1d4e8f0ee2135f86bf5232,bf5232,2,双,小
2026-08-06 16:00:55,85110785,000000000512b0017302f5a7c4dc1dca678f9833cca8609782731615c00e1971,0e1971,1,单,小
2026-08-06 16:01:02,85110787,000000000512b0034baef631501818e9ce352e170ba269cd2c704bfa00bc4e03,bc4e03,3,单,小
2026-08-06 16:01:09,85110789,000000000512b0050b1f5de637b07b8ddd38ecb66cbef5317b91ccc183c17163,c17163,3,单,小
2026-08-06 16:01:16,85110791,000000000512b0077860384cfe3fe0b8e14ebfc6fe76743c063732fc422d9af0,2d9af0,0,双,小
2026-08-06 16:01:22,85110793,000000000512b009de279c0f4063df7a8c2d80f54509f209bf595f2dd249f2c0,49f2c0,0,双,小
2026-08-06 16:01:29,85110796,000000000512b00ced89da5aa9c77283b9589e7dc89cac49ab2fafbed7cfb284,cfb284,4,双,小
2026-08-06 16:01:36,85110798,000000000512b00e12c926ffc63417ee734c06398ca9d7e1cfeee7f09b9a2835,9a2835,5,单,大
2026-08-06 16:01:43,85110800,000000000512b01084a68b097942ebdcb9e4dcbca517054c424f82150cd18c04,d18c04,4,双,小
2026-08-06 16:01:50,85110802,000000000512b0126bfadb5d837bfc7d23cc8053f2067efecaaea1321fdd6f3f,dd6f3f,3,单,小
2026-08-06 16:01:57,85110805,000000000512b01532a91ffec01b5858eea912cf8706d776edc934ac59c280b4,c280b4,4,双,小
2026-08-06 16:02:03,85110807,000000000512b017430818a5b3441947475c4c5d532ab4f3fadfc6eef17dc1bd,7dc1bd,1,单,小
2026-08-06 16:02:10,85110809,000000000512b0194bbbf43799fc14045094c77a29c889d021078b3a57cf4498,cf4498,8,双,大
2026-08-06 16:02:18,85110812,000000000512b01c19425c1d55a700b9a1b7a2af85c67e82ab02b8ecefa3bbb7,a3bbb7,7,单,大
2026-08-06 16:02:24,85110814,000000000512b01e57fb1f2d3ce8968ccd602877a11f54437fedd59b1d132361,132361,1,单,小
2026-08-06 16:02:31,85110816,000000000512b020097bd99350ba53b8b049d141a4bd9c8415668469862af849,2af849,9,单,大
2026-08-06 16:02:38,85110819,000000000512b023741f8295361f94331c4f063a41b88b7850e778d8c0873114,873114,4,双,小
2026-08-06 16:02:45,85110820,000000000512b0240223a781414dde9aa296fd8f67e6b5cd0edec7ec1dd5e059,d5e059,9,单,大
2026-08-06 16:02:52,85110823,000000000512b02714d75b3bd038f2ec8bbf66a36849a29443134acde60d6a40,0d6a40,0,双,小
2026-08-06 16:02:59,85110826,000000000512b02abc5d960036afe2e593f49972fb2e7e04d1f55ed469546179,546179,9,单,大
2026-08-06 16:03:06,85110828,000000000512b02c499e653cdc51cf4aa991b4bc6b56a168f6fd1d3834a9bacc,a9bacc,9,单,大
2026-08-06 16:03:13,85110830,000000000512b02e6fcb3fbcb463120e73d854ad68f774e6f439e25108708f61,708f61,1,单,小
2026-08-06 16:03:20,85110833,000000000512b031ccbc97ab3d89334fa77c28c726d5e529263c384870012c6e,012c6e,6,双,大
2026-08-06 16:03:34,85110835,000000000512b0333610c2ee7a25b25909dab593df7debee72bc8c4e2f1372cc,1372cc,2,双,小
2026-08-06 16:03:41,85110840,000000000512b0383c6579a3defeed57a002f99aaa96ec490de3251901f20601,f20601,1,单,小
2026-08-06 16:03:48,85110842,000000000512b03a120ee9717209f3ac6959b809e058274d1eccc167926455a4,6455a4,4,双,小
2026-08-06 16:03:55,85110845,000000000512b03dbdbafbe5db1b7572282f31a88ba6d0678531a3227161ffd7,61ffd7,7,单,大
2026-08-06 16:04:03,85110847,000000000512b03ffadd429e6c362cd4391431e05bcafd161b58adad670af18c,0af18c,8,双,大
2026-08-06 16:04:09,85110849,000000000512b041cd4075674c9e0d8c02a1684d19653efcd95d3f91ecc09042,c09042,2,双,小
2026-08-06 16:04:16,85110851,000000000512b043caf0ec2a08433ca195e00c690101f0cbafedcc860df88662,f88662,2,双,小
2026-08-06 16:04:23,85110854,000000000512b046227a4d9f41b38a637162a89e4c5f9d8a427218d56a56df8f,56df8f,8,双,大
2026-08-06 16:04:30,85110857,000000000512b0499dfff8526329b447ba0b3f7c130b9d345a3b28b639bed8c6,bed8c6,6,双,大
2026-08-06 16:04:37,85110859,000000000512b04b99d1b4e0d059ccbba083dec407273a8700e2943b9eebb6ba,ebb6ba,6,双,大
2026-08-06 16:04:44,85110860,000000000512b04c43c2dc00416aa80929ca5d876aface99ad4dd88365fb5b40,fb5b40,0,双,小
2026-08-06 16:04:50,85110863,000000000512b04f6d3037cdcaa5feae454baab3bb36dc8ae35fb9721542d217,42d217,7,单,大
2026-08-06 16:04:57,85110865,000000000512b0519dbd9a1e3f39bbf31562d11cba2982c1a6d1359fdfeb45d0,eb45d0,0,双,小
2026-08-06 16:05:04,85110867,000000000512b053d9ecd0554849b95f874a86ac5f144365ccb6ece396cc1899,cc1899,9,单,大
2026-08-06 16:05:11,85110869,000000000512b055d98bb171820d730091ff8b0d83bc9a49e8919c9dc65dc507,5dc507,7,单,大
2026-08-06 16:05:18,85110871,000000000512b0577a1740bfc158018ea181b8ac0944872cd510481b882e0616,2e0616,6,双,大
2026-08-06 16:05:24,85110874,000000000512b05a5568e866e8b7631394e5dc1be5099739a7fa605963cd7963,cd7963,3,单,小
2026-08-06 16:05:31,85110876,000000000512b05c631d783db15b2270a625a16ff3c661abf17728d5e9f1f322,f1f322,2,双,小
2026-08-06 16:05:38,85110878,000000000512b05e53bac8b9124c7de28ae92986014e0499748fa8104d283dde,283dde,3,单,小
2026-08-06 16:05:45,85110881,000000000512b0611f1e0f7a7b92daa40db4e7fdfabd9706e3c7875174f3a2ef,f3a2ef,2,双,小
2026-08-06 16:05:52,85110883,000000000512b063d649d44de53c47d2aae2f4e3d33ae6d8988ad7768fc8fd82,c8fd82,2,双,小
2026-08-06 16:05:59,85110885,000000000512b0658c1b9ba81f46d042bf0b75a7737ec3f1f7b5986c5beb1405,eb1405,5,单,大
2026-08-06 16:06:05,85110888,000000000512b06886b426d4400d36e970c1149a6897ae3960e35c79cfd54498,d54498,8,双,大
2026-08-06 16:06:12,85110890,000000000512b06ae05d09ae05747dfef23d4a3b379669f807d92ce757c49579,c49579,9,单,大
2026-08-06 16:06:19,85110892,000000000512b06cf4132ef947856a4e12b76d15f8dcf35140811a943125c6fb,25c6fb,6,双,大
2026-08-06 16:06:26,85110895,000000000512b06f107879f699729c7bf4360c464055832c94e4f3e490bab10e,bab10e,0,双,小
2026-08-06 16:06:33,85110897,000000000512b071e62d1979dfa5296efbd129036bd812aee342c39f97ad7960,ad7960,0,双,小
2026-08-06 16:06:40,85110899,000000000512b07337e1c1fc4a8dd35320975ceb5dcfc1ce3ed6fce61b5fd9c7,5fd9c7,7,单,大
2026-08-06 16:06:47,85110902,000000000512b076745acdc49721f039795a0d783a0184929e4b0f8234f3cde4,f3cde4,4,双,小
2026-08-06 16:06:54,85110904,000000000512b07851ff59803caf59354642dff5f271beabb170047ad9db54bd,db54bd,4,双,小
2026-08-06 16:07:01,85110907,000000000512b07b10c8c623408a0ee6ab5795aea372181be1cf6e8954fc1e02,fc1e02,2,双,小
2026-08-06 16:07:07,85110909,000000000512b07d4618b9b3854c53ffd5b446fc4aac62434c9a7c2ea9f34e2a,f34e2a,2,双,小
2026-08-06 16:07:14,85110911,000000000512b07fb64d0cc61581c6aadfb420cb855484efc369b97b49f4309d,f4309d,9,单,大
2026-08-06 16:07:21,85110914,000000000512b08249af10dbeb28e6372a8cedf0b64f413924695ef205c52965,c52965,5,单,大
2026-08-06 16:07:28,85110915,000000000512b0839885f900151a0106ec28356c84f6cc781046d3b80ec296ed,c296ed,6,双,大
2026-08-06 16:07:35,85110918,000000000512b086c976dd905c45e5080ed508b23d3a91c9d132b6da26df03ae,df03ae,3,单,小
2026-08-06 16:07:42,85110921,000000000512b0895a2a8dbe4636475dfe069a437619072e506ba08fd323f0eb,23f0eb,0,双,小
2026-08-06 16:07:48,85110922,000000000512b08a3e07e1a65d0ffcdb51a59257714da65344dff21c08699c06,699c06,6,双,大
2026-08-06 16:07:55,85110925,000000000512b08d485b226181d99fec3fb98505e0ab927043bae1c1619b6ee2,9b6ee2,2,双,小
2026-08-06 16:08:02,85110927,000000000512b08fda38f5a4e90c813f553a63c289606bd99736ba373089f263,89f263,3,单,小
2026-08-06 16:08:09,85110929,000000000512b091580666a6f732c665bb898754a5f258db483207c2545f08e0,5f08e0,0,双,小
2026-08-06 16:08:16,85110931,000000000512b093c108995770b4c5e21af943bb0c5367c8d3226b8869d1f57a,d1f57a,7,单,大
2026-08-06 16:08:23,85110934,000000000512b0964169b572affd7afb709796a71b58670f57efd8d3f90d884f,0d884f,4,双,小
2026-08-06 16:08:30,85110936,000000000512b0980c73bec3565965635a3361eb2e615362b8a796803697d555,97d555,5,单,大
2026-08-06 16:08:37,85110938,000000000512b09a17504562df2433af202203548863acf1620a521fe9261fde,261fde,1,单,小
2026-08-06 16:08:44,85110941,000000000512b09dd1a501ba797f88f0816ce2ff699499683c04c0c760501e5c,501e5c,5,单,大
2026-08-06 16:08:50,85110942,000000000512b09eae183bb091a27d25cac9fe08fdc519cc72b77321f7254e26,254e26,6,双,大
2026-08-06 16:08:57,85110946,000000000512b0a26d9b2988ca07662702df22e3de3f1ed2fc56cba361890a9b,890a9b,9,单,大
2026-08-06 16:09:04,85110947,000000000512b0a3dbb3e2167fbe92d2e943bda23507a58e911cb2bf4b9f5813,9f5813,3,单,小
2026-08-06 16:09:11,85110949,000000000512b0a55b4aeeef804117cf074e87822e5ecf6f3628478c0809d0e8,09d0e8,8,双,大
2026-08-06 16:09:18,85110953,000000000512b0a9a171d9b859bcf9f2fedb01557c02e5e9ae53c1455302529b,02529b,9,单,大
2026-08-06 16:09:25,85110955,000000000512b0ab49ca03278b2f0611e06b914c044c33afe53f810168f888b4,f888b4,4,双,小
2026-08-06 16:09:32,85110956,000000000512b0ace8ff422a2e8a4831312666648d6a144c51d6fc141022de8a,22de8a,8,双,大
2026-08-06 16:09:39,85110959,000000000512b0af157a031412eb6965966cfb6b13e21991032f30c577eff694,eff694,4,双,小
2026-08-06 16:09:46,85110961,000000000512b0b16383cc9bc81b9c34e89af45cdf4f7f1803fc677b190b06b9,0b06b9,9,单,大
2026-08-06 16:09:53,85110963,000000000512b0b3a5b0141701ef84b0a160141d1e1a38a77d275aa41b198373,198373,3,单,小
2026-08-06 16:10:00,85110966,000000000512b0b62ff468724e700fc90dc4105f7b0ab46767641ff4d2d9f821,d9f821,1,单,小
2026-08-06 16:10:07,85110968,000000000512b0b88c952fc88ab9120e27dd7cf24424c4349a2eb6f28bbd7407,bd7407,7,单,大
2026-08-06 16:10:14,85110970,000000000512b0ba773f44bc4e58c28954d8df3f795afbedbdb16297eceb2988,eb2988,8,双,大
2026-08-06 16:10:21,85110973,000000000512b0bd45df71d87b8b1ce91d6f85be8ccdbc6057f5b9ccbd6894e7,6894e7,7,单,大
2026-08-06 16:10:27,85110975,000000000512b0bf0aa661f366f38943fd0f05f98d0c73db5d7facc34c416aea,416aea,6,双,大
2026-08-06 16:10:34,85110977,000000000512b0c1efc7f78bff27d2a2ca9ce7c530b7fd2e05ce19eabb4e4820,4e4820,0,双,小
2026-08-06 16:10:41,85110980,000000000512b0c494ac0aee86c3b29971061d6ec91d0e6ade0acc5710dc4580,dc4580,0,双,小
2026-08-06 16:10:48,85110982,000000000512b0c651534a2c30d628e2a4a62169fb2cfb8bb00f55e54fe35eb2,e35eb2,2,双,小
2026-08-06 16:10:55,85110984,000000000512b0c8f92b123cd4bda2533c6ecf4139d766697c18be5b9da986c9,a986c9,9,单,大
2026-08-06 16:11:02,85110986,000000000512b0ca31ffccf96b2222f6f9ff2c2fc78a93935fb8f53c9e13af3d,13af3d,3,单,小
2026-08-06 16:11:08,85110988,000000000512b0ccdc772ac38f514cef6b4ecf66a27f9be152bbf561d8713f52,713f52,2,双,小
2026-08-06 16:11:15,85110991,000000000512b0cf7c326452668d2f8e1d9e6fc245866a16973776f776640089,640089,9,单,大
2026-08-06 16:11:22,85110993,000000000512b0d10aa4cf6caba39820bc275a7fa5d020576d9741ef496d6e9a,6d6e9a,9,单,大
2026-08-06 16:11:29,85110996,000000000512b0d424e5cb3cb7393481b9c482fb5b2bca22fe33363f26174df6,174df6,6,双,大
2026-08-06 16:11:36,85110998,000000000512b0d63b547c1ff431b9dd081aeb3787b27581109d53aa54f72b2e,f72b2e,2,双,小
2026-08-06 16:11:43,85111000,000000000512b0d8579d8107d0aeb30e64b6ed3561da576dcb2b5f011be60575,e60575,5,单,大
2026-08-06 16:11:50,85111003,000000000512b0dbd1f0fece0d17693e1ff3b7056a0d8fc822443a39b1dd7919,dd7919,9,单,大
2026-08-06 16:11:57,85111005,000000000512b0ddf50ac2ee3db8394fa7f89bda155d8f8dadfeaf1958edfdac,edfdac,8,双,大
2026-08-06 16:12:04,85111008,000000000512b0e05df3e057c6692409625d0de1a911b26f3e6bf0ef983706e9,3706e9,9,单,大
2026-08-06 16:12:11,85111010,000000000512b0e265bc48d2f97ef9ded6e232b0ab51dbe54f2b5898cb6020c0,6020c0,0,双,小
2026-08-06 16:12:18,85111012,000000000512b0e4c00347b32d55b9b35fd62b766619b62f5547085f9f6bf70c,6bf70c,0,双,小
2026-08-06 16:12:25,85111015,000000000512b0e73060654e5c0241a02cf824e31276b6a7741cfd2be15d1f5c,5d1f5c,5,单,大
2026-08-06 16:12:32,85111017,000000000512b0e971c8ee82adc99f6720194ec0d8781764de2917f4cc3a88a5,3a88a5,5,单,大
2026-08-06 16:12:39,85111019,000000000512b0ebff30689d54d67c587019d719297260f9b208faf886d176a7,d176a7,7,单,大
2026-08-06 16:12:45,85111021,000000000512b0ed6be44562cc2cc14bc818edddbd43b7313d1d3be33d2edc61,2edc61,1,单,小
2026-08-06 16:12:52,85111023,000000000512b0ef5838154d363b03c484d9bf6d0a456fa42b304df0a8822380,822380,0,双,小
2026-08-06 16:12:59,85111026,000000000512b0f2348582cd2e43f20aad2475a134b90ad394f649ccb18dc018,8dc018,8,双,大
2026-08-06 16:48:49,85111743,000000000512b3bffbebef71376e97ff88802b4692b82d16f3cfb3d27ff410be,f410be,0,双,小
2026-08-06 16:48:57,85111745,000000000512b3c1955b9078b3a45b10723c0e96153d914fb9c36c2c7f75fdab,75fdab,5,单,大
2026-08-06 16:49:04,85111747,000000000512b3c3ece4e8bad3496275f42037a82587744f06a9b270f256d1e8,56d1e8,8,双,大
2026-08-06 16:49:10,85111750,000000000512b3c6e40ad9e86f25c25dd7d0abd9d0e9edc1bffacb007d7611c3,7611c3,3,单,小
2026-08-06 16:49:17,85111752,000000000512b3c8485551d005270d5c5f8a91e6528f76d7d621843f46fdadac,fdadac,6,双,大
2026-08-06 16:49:24,85111754,000000000512b3cad7a5508c9f4a10e7a89b6d045fe358d0dbc5aa8e0500acbf,00acbf,0,双,小
2026-08-06 16:49:37,85111758,000000000512b3ced0c6752a8bf3fb3bad4a7cc876803f0264af311d11efa399,efa399,9,单,大
2026-08-06 16:49:43,85111760,000000000512b3d01907792c5b4a4792ac81e69eb060960193a50fba570668bf,0668bf,8,双,大
2026-08-06 16:49:50,85111763,000000000512b3d31d95a0c620701d8eddc646adcff98e25765f342cce51a1a1,51a1a1,1,单,小
2026-08-06 16:50:02,85111766,000000000512b3d67d602b7405f7f59a6c1375727b934fd698a4a821187c26df,7c26df,6,双,大
2026-08-06 16:50:08,85111769,000000000512b3d929703988823828a463dd04f1825b12e2ac17ee0cc632f807,32f807,7,单,大
2026-08-06 16:50:15,85111771,000000000512b3dbab2aab7297508fcd9336da0e6b2f9fb73595f95d2a7e090f,7e090f,0,双,小
2026-08-06 16:50:21,85111773,000000000512b3dd2a67ca85e785d598fead7500789069ccfe5f6d653ec84adc,c84adc,4,双,小
2026-08-06 16:50:28,85111775,000000000512b3dfb4c96e615dfcfb2aa097b83a5c51cc839ba6f87175f999ca,f999ca,9,单,大
2026-08-06 16:50:41,85111780,000000000512b3e4862fd41bb79f33be210807b935be0ef288f10245946cafa8,6cafa8,8,双,大
2026-08-06 16:50:47,85111782,000000000512b3e6f05e7ccac16a823ea1a268ace0bab90ff8c45bd258f47bff,f47bff,7,单,大
2026-08-06 16:50:54,85111784,000000000512b3e8f28c2d78c94a928fc89899f619f543ec44639475f42d1291,2d1291,1,单,小
2026-08-08 21:50:43,85175352,000000000513ac38b4b674e15c97ac884af2bc4186141765e882a648e4a55ecb,a55ecb,5,单,大
2026-08-08 21:50:53,85175355,000000000513ac3bada385b62c2ccb547fa3e62dbe8b282d403d157ad5e4917f,e4917f,7,单,大
2026-08-08 21:51:04,85175359,000000000513ac3f1efe71895468d3faca5fbbfcffafe48b7f09eef5487c381c,7c381c,1,单,小
2026-08-08 21:51:14,85175363,000000000513ac43e63e024f45b97b540e17f500b2e231c592053dae018d5101,8d5101,1,单,小
2026-08-08 21:51:28,85175367,000000000513ac47386fbb175a41feebb7872f007c99f29209991380058f41e8,8f41e8,8,双,大
2026-08-08 21:51:40,85175371,000000000513ac4bab1df8a3ed4853ce02b1968e7b12fde90ca98013190e1048,0e1048,8,双,大
2026-08-08 21:51:52,85175375,000000000513ac4fc509530ce9b5dd97dbc172321261f8e68f0ef557cbf5c548,f5c548,8,双,大
2026-08-08 21:52:05,85175379,000000000513ac5315effc43a9723f953153961b1f1a2103fae454c7c6bdae28,bdae28,8,双,大
2026-08-08 22:00:44,85175550,000000000513acfea9f5e73e81c98d63833f1caa74a64e7631d73153f1c595b0,c595b0,0,双,小
2026-08-08 22:01:11,85175570,000000000513ad122b28a3651f35ce5fc72822ee7594cfcf6fd1c12ea814a8ba,14a8ba,8,双,大
2026-08-08 22:02:04,85175580,000000000513ad1ce24ce571cc6d259cb7c9511609dc4153c0ddb94c1ac92a8c,c92a8c,8,双,大
2026-08-08 22:02:41,85175590,000000000513ad26e379a201cd207a550b6d8178a75ee58b9e58ea791a2bab97,2bab97,7,单,大
2026-08-08 22:03:16,85175600,000000000513ad30731657f3513d5c53bfc6d4f12e9377e226f5d8b4719c27bc,9c27bc,7,单,大
2026-08-08 22:08:35,85175711,000000000513ad9fb47b5519a2c8f833f5580d07c5a4592274cd05d971547464,547464,4,双,小
2026-08-08 22:09:56,85175741,000000000513adbda2f3c8c9d39c9f41926151e42a7ab7a58966d63dd3033e7d,033e7d,7,单,大
2026-08-08 22:13:27,85175811,000000000513ae039c46666d1d19634b74f9f885e8761ed44ade8dfdb265d8c3,65d8c3,3,单,小
2026-08-08 22:14:44,85175841,000000000513ae218e1e1176bf82da341bf9396a46034bf1691afc4e5003ade0,03ade0,0,双,小
2026-08-08 22:17:07,85175889,000000000513ae513de446be8698462948cb70eb6656241554e8646af8040888,040888,8,双,大
2026-08-08 22:23:21,85176002,000000000513aec22c6a119d24a8e0e28aff49f3395ad63d1fd563f54bf39f09,f39f09,9,单,大
2026-08-08 22:23:33,85176005,000000000513aec59e88f7a6166d1e7b064b813c199e3fa647c534d4551c2916,1c2916,6,双,大
2026-08-08 22:23:45,85176010,000000000513aecaf4e1760ee2af366d9febc0f92bc9294617a5e8273472cbdf,72cbdf,2,双,小
2026-08-08 22:23:56,85176013,000000000513aecd932f09d1f4b55e8111e744d99c112d8a637f3cd3697591cb,7591cb,1,单,小
2026-08-08 22:24:08,85176017,000000000513aed182cfbd74eb2748cdd634c5951d985cb15d064ea82d6c1ade,6c1ade,1,单,小
2026-08-08 22:24:19,85176021,000000000513aed583f3ce96c406ae9e71c1621debce922a8ee3960f17ff717f,ff717f,7,单,大
2026-08-08 22:27:19,85176081,000000000513af11cbcdab40413f112a009bf8175b30d5903c4583157c714392,714392,2,双,小
2026-08-08 22:27:31,85176084,000000000513af14f7112aa429d021959532a071eda333c394e238737e062e9f,062e9f,9,单,大
2026-08-08 22:27:52,85176092,000000000513af1ce110f422b0b5f8dd74b616fab8ab950c24dc0459fb0d41a5,0d41a5,5,单,大
2026-08-08 22:28:14,85176099,000000000513af23b6383017bf09e5eee10abf124f316feae1aebd229777e781,77e781,1,单,小
2026-08-08 22:28:26,85176103,000000000513af2716f93efa436ed0298641d3fa95ca301e53620dbda5a5f8e0,a5f8e0,0,双,小
2026-08-08 22:28:40,85176108,000000000513af2c19f6f3471d27cf6047a4a71d120118526a7e6f2cbc7d18ee,7d18ee,8,双,大
2026-08-08 22:28:53,85176113,000000000513af31deba6873709579a0e49f558d110bc8b4043ae88b099a8792,9a8792,2,双,小
2026-08-08 22:29:06,85176117,000000000513af3556d6c7f73c9317d1e070120f2da498369f580b2846482196,482196,6,双,大
2026-08-08 22:29:18,85176121,000000000513af39fb504a081869629183fc55e6921576f281d543761b460c45,460c45,5,单,大
2026-08-08 22:29:29,85176125,000000000513af3d6315221069bd1b989aaa7d68aa4d8b21e06a2c75918a472e,8a472e,2,双,小
2026-08-08 22:29:44,85176129,000000000513af41c1f856e53e829ad44c181a4271f6156cd50758d080d2f488,d2f488,8,双,大
2026-08-08 22:29:56,85176134,000000000513af460398ef4841ff2816187f4a930d372c09c2c21ab9f112714e,12714e,4,双,小
2026-08-08 22:30:09,85176138,000000000513af4ac53d811a8253b06a1621568c5da5e8e7c4cf1932c25aff54,5aff54,4,双,小
2026-08-08 22:30:22,85176142,000000000513af4e4248a2be288f2b5dfdb66ff3e96f3586513b4ce124aea897,aea897,7,单,大
2026-08-08 22:30:37,85176147,000000000513af53e6dd086bc8078c0a583ddf485cf2fea2e43c19d05765cf0a,65cf0a,0,双,小
2026-08-08 22:30:59,85176154,000000000513af5aaa51b518aaafdb4b1b5fba9ad16bb7aca43ed1a74b1bc719,1bc719,9,单,大
2026-08-08 22:31:11,85176158,000000000513af5e749840519e199955b266b73faed4835c1a4a93fd624e38c2,4e38c2,2,双,小
2026-08-08 22:31:24,85176162,000000000513af627bdf8d1123902547e76485a2b5695fc69e3c17ebd85d3181,5d3181,1,单,小
2026-08-08 22:31:37,85176167,000000000513af67f8889e414a82393fe2d794602de3357f7d2e224455e3e85c,e3e85c,5,单,大
2026-08-08 22:31:53,85176172,000000000513af6cfc13798c280b996eabc22b4d32bbdcd36df4440a468d56a8,8d56a8,8,双,大
2026-08-08 22:32:05,85176176,000000000513af70f94ff492b5c3a93c94d7d22d63a64b9e5f2a87ec57cfe379,cfe379,9,单,大
2026-08-08 22:32:17,85176180,000000000513af7498bd72daed5969769132afc11d40c7f6d601cf464ec29bbe,c29bbe,9,单,大
2026-08-08 22:32:29,85176184,000000000513af78828c157b55b53e83abe4a66c773c84cb8cad4e1c29edc01a,edc01a,1,单,小
2026-08-08 22:32:41,85176188,000000000513af7c3d12cba856a3fe247c6a48fa372063609a54943b86d072be,d072be,2,双,小
2026-08-08 22:32:54,85176193,000000000513af810c73d56853c6ac21bed45a41540d8a03749226027336f3bd,36f3bd,3,单,小
2026-08-08 22:33:06,85176197,000000000513af8523f8c7d82edbec1cdfa74ea1bac8980b46ce3990fd0a6453,0a6453,3,单,小
2026-08-08 22:33:20,85176201,000000000513af89d03884ca1e1f2998250a1dd30c4c5f838084f1e4fa246208,246208,8,双,大
2026-08-08 22:33:32,85176205,000000000513af8d245f995c79b2587898dd3e265806ffc7037c70210a237832,237832,2,双,小
2026-08-08 22:33:44,85176210,000000000513af921bf2d3752c2e6ce541159e2fff11d40431a2ec541295aec7,95aec7,7,单,大
2026-08-08 22:33:56,85176213,000000000513af95e8ad31781289e61eaa8e7d457acb638e775b4bd08ce2f0ae,e2f0ae,0,双,小
2026-08-08 22:34:09,85176218,000000000513af9a0b82f24706a67aa4bc86dd1ac34c882f83179cb55acfffc8,cfffc8,8,双,大
2026-08-08 22:34:23,85176222,000000000513af9e6c28f93ad29a9ea629e61753779afff386885886afa7fad4,a7fad4,4,双,小
2026-08-08 22:34:36,85176227,000000000513afa312d2b1b253cb170bcd5c6ebcc46a0d6f98d473eed3b0335f,b0335f,5,单,大
2026-08-08 22:34:50,85176231,000000000513afa71af460e0a106fdaa5acb7dfe1033b684d451c200bf40aea5,40aea5,5,单,大
2026-08-08 22:35:05,85176236,000000000513afac2726c40354b92b583eea80e4d6ffbab4641cfc654928d238,28d238,8,双,大
2026-08-08 22:35:20,85176241,000000000513afb11c1096534e60c8f6d1f9bd771e775b6521b9bac2d635f0c0,35f0c0,0,双,小
2026-08-08 22:35:33,85176245,000000000513afb5ccc73965705eef8557dcd398ed90ba9c16e2e4866c4f1d1f,4f1d1f,1,单,小
2026-08-08 22:35:46,85176250,000000000513afbabcfc22e641e057dd10fc32883f26aec4a9a4450f0a28b9b6,28b9b6,6,双,大
2026-08-08 22:35:59,85176254,000000000513afbe00bff8a259f0b9b1a7e9cb4b73ecc0b6e8d76d9dde3ab9a0,3ab9a0,0,双,小
2026-08-08 22:36:11,85176258,000000000513afc2fbc2c86b4739bc8e85e78716008e0ae61444dcd9102b7003,2b7003,3,单,小
2026-08-08 22:36:23,85176262,000000000513afc66b316dc0c05b994911910279120907dcded037cd649d1672,9d1672,2,双,小
2026-08-08 22:36:36,85176267,000000000513afcb5e3b20b356c045c13176e93c4a804a5bf24c54aad01af440,1af440,0,双,小
2026-08-08 22:36:52,85176272,000000000513afd09e8eae29d8549a9ab7ad96ed2bf98417566aaac6f6af14f4,af14f4,4,双,小
2026-08-08 22:37:06,85176277,000000000513afd5a339260178a5b2ce3f79cba86dab5b0aa05e79ce3562bfce,62bfce,2,双,小
2026-08-08 22:37:17,85176280,000000000513afd8866420bbde80a5e0a24bfbc21aa6f2f70073374029f558f1,f558f1,1,单,小
2026-08-08 22:37:29,85176284,000000000513afdc71bfe196e86f9c8febf21bdd036a3b8420a613ff6da5da80,a5da80,0,双,小
2026-08-08 22:37:41,85176288,000000000513afe074a9a42310a18f2b883f31d7d3a9b0c5a5c13fd8f09b4f9c,9b4f9c,9,单,大
2026-08-08 22:37:53,85176292,000000000513afe4582b9fb2c83dfdee15f31ed6fad0b867746f7e5039798384,798384,4,双,小
2026-08-08 22:38:06,85176297,000000000513afe9aa8af6b6eed0fcdb15ab253eb488ab08b0bcfbd1769f16f8,9f16f8,8,双,大
2026-08-08 22:38:18,85176301,000000000513afed29b9f4c14f262d56ed2eaedcaab6799140961e7d338c300f,8c300f,0,双,小
2026-08-08 22:38:30,85176305,000000000513aff1a938b27a24494b861545e3c5a3059bb2f1d066f92885b91d,85b91d,1,单,小
2026-08-08 22:38:44,85176309,000000000513aff54942de0dc82452f7bbd4d90e37b543dbcf7056e19bf57fd2,f57fd2,2,双,小
2026-08-08 22:38:57,85176314,000000000513affa1673b81e7d35948c5b7b5df9863028dd8b63bad2645aff83,5aff83,3,单,小
2026-08-08 22:39:11,85176318,000000000513affe9eec8fcf0f758ac7af04c656513e5981763a0ce35fdebbf0,debbf0,0,双,小
2026-08-08 22:39:25,85176323,000000000513b003c7fd70f96fdd8b8fae80d53a0bb4989d75d30a447a629a30,629a30,0,双,小
2026-08-08 22:39:38,85176327,000000000513b007ea1136bbd9675252a3148e6db662d2624b73da2fcb81890d,81890d,0,双,小
2026-08-08 22:39:52,85176332,000000000513b00c2a144f89e837329d89718950b351faca92a60fe38077eda8,77eda8,8,双,大
2026-08-08 22:40:06,85176337,000000000513b0113875be4c733edae9fc0667a1fb29316bf0107f3b21fc6be6,fc6be6,6,双,大
2026-08-08 22:40:19,85176341,000000000513b0151af7191f268152a21f3145721b59e61d201d57d8efb0a52b,b0a52b,2,双,小
2026-08-08 22:40:31,85176345,000000000513b019e4f152081d42dcb650eb37433960fe89e433f8b696254395,254395,5,单,大
2026-08-08 22:40:45,85176349,000000000513b01df477e1ac4fa3a795e96aad76c43bbe6d3d49b4911044254e,44254e,4,双,小
2026-08-08 22:40:59,85176354,000000000513b022e6eb4ebc54dc53694fd63e821daaebfbfd8383bd53b88482,b88482,2,双,小
2026-08-08 22:41:13,85176359,000000000513b02721a2b3530514913608d81d2f493da918e638ab55faaa08bd,aa08bd,8,双,大
2026-08-08 22:41:27,85176363,000000000513b02b79184397f93b813c40fe55136fc8d8414ba0b0797b852822,852822,2,双,小
2026-08-08 22:41:44,85176370,000000000513b032942f2119e43ccd8d0acc36ce3b0a32cafd72ae2fc3093d9b,093d9b,9,单,大
2026-08-08 22:41:58,85176374,000000000513b0364b6e61ea684704f7f8f4fa708655757b084f2e47966c59fc,6c59fc,9,单,大
2026-08-08 22:42:11,85176378,000000000513b03ac98b8f09c91dd2915f2b22350c49e8fbe86b5e42cc8f61ad,8f61ad,1,单,小
2026-08-08 22:42:26,85176383,000000000513b03fd627568a4dcb3dabe0f2d3f4c325977885a9f24b45bd33fc,bd33fc,3,单,小
2026-08-08 22:42:39,85176388,000000000513b04420f827a6b4abc4fd0b41c22f5aff4aad27f0e480403e5a35,3e5a35,5,单,大
2026-08-08 22:42:53,85176393,000000000513b049b1e8ac29f7cf6e6c2008b1afb419db004e8ca5e0cc9246e7,9246e7,7,单,大
2026-08-08 22:43:05,85176396,000000000513b04c92581b8098990fec749bd62c4e90da4b619148aab247b739,47b739,9,单,大
2026-08-08 22:43:19,85176401,000000000513b0511548dc21186100142d06a69615b7e3bd3ac2a978a699340b,99340b,0,双,小
2026-08-08 22:43:31,85176405,000000000513b055c68b2937a02d15f89b133b887c518ba641d5a7faf5e0234d,e0234d,4,双,小
2026-08-08 22:43:44,85176410,000000000513b05ae93a4cdf3ebe3eac2a5e216e53b514150f538fd68d9f83cc,9f83cc,3,单,小
2026-08-08 22:43:57,85176413,000000000513b05d5126bd68e5584436abe7e3afa82ef874f4edb5ea7dd31bdd,d31bdd,1,单,小
2026-08-08 22:44:11,85176418,000000000513b062cf2442a5539a81cd595d932132c5725e8fe12ae753f9cfcb,f9cfcb,9,单,大
2026-08-08 22:44:23,85176422,000000000513b066290f788531734bac21b8ebd85c93eeb83888ba4535f49e50,f49e50,0,双,小
2026-08-08 22:44:36,85176427,000000000513b06b44322414841aff3f72582db43e1d5bc0efd57a07ca3dc490,3dc490,0,双,小
2026-08-08 22:44:49,85176431,000000000513b06ffbfcc67796c0e5dc7a1621f0a45c7f512a0dade9820a66f6,0a66f6,6,双,大
2026-08-08 22:45:02,85176435,000000000513b0730c2e5838cc52c8fc140e455f2f988b392922807b51797dfa,797dfa,7,单,大
2026-08-08 22:45:15,85176440,000000000513b0781019276414ed418f0fdc4d553ff808588b159047e4e1d99a,e1d99a,9,单,大
2026-08-08 22:45:29,85176444,000000000513b07c4cec9e8b94301285be3397aabbfefda1e18f58dbd7517482,517482,2,双,小
2026-08-08 22:45:41,85176449,000000000513b081d6717b1c396b161cb8016bcf6c7e9dbba4a02d447d18aaa7,18aaa7,7,单,大
2026-08-08 22:45:53,85176452,000000000513b0841ab0d32731e53af49be71b2f35ab9b0bd8aad372338eaec4,8eaec4,4,双,小
2026-08-08 22:46:07,85176457,000000000513b089fe4c546533f7e59d7517d348ac7c92942854873bb7e8b10b,e8b10b,0,双,小
2026-08-08 22:46:21,85176462,000000000513b08e7f0221281fc667845f69b7083675fb2f589f22940caed90c,aed90c,0,双,小
2026-08-08 22:46:34,85176466,000000000513b092749b8800e2229bbb543ac1e26ddcbce1a1c4a367ead1e8ce,d1e8ce,8,双,大
2026-08-08 22:46:47,85176470,000000000513b096ea42caa451964269d6c88aa7e08130345ac3deea83c41c70,c41c70,0,双,小
2026-08-08 22:47:00,85176474,000000000513b09af11fb520acaf9d11154dd8e67df7db1e507d0ecd025cf41d,5cf41d,1,单,小
2026-08-08 22:47:13,85176479,000000000513b09f4db0478c4122b03b2a1ea275cf6353f379dae199ec005f51,005f51,1,单,小
2026-08-08 22:47:26,85176484,000000000513b0a4126b2296df2f00bd417e697fcc2e2bf33f7ff7bf96a8765b,a8765b,5,单,大
2026-08-08 22:47:39,85176487,000000000513b0a70ee751587a97ffcaa085b44e1d552e1667d4fafd38fe81cb,fe81cb,1,单,小
2026-08-08 22:47:53,85176492,000000000513b0ac70dd2e3689a6fb3958f29ff4aa1df9bbdc6ff77f902ead11,2ead11,1,单,小
2026-08-08 22:48:05,85176496,000000000513b0b044950538343683b7e47f3415828a9015852edb60f49150fa,9150fa,0,双,小
2026-08-08 22:48:18,85176501,000000000513b0b5768f397e5b7731c53bd9ad49ee0da48411a4784209fc3935,fc3935,5,单,大
2026-08-08 22:48:31,85176505,000000000513b0b914659d229600f1946d19866a98de62e21e98ebaf1db32cca,b32cca,2,双,小
2026-08-08 22:48:44,85176510,000000000513b0be5668f9dedcb6df6157d2c19a2f03cdd0552f8d41490cbd30,0cbd30,0,双,小
2026-08-08 22:48:56,85176513,000000000513b0c1da6a413c8c3496e57e5a6acdae088834601049ef5f41781b,41781b,1,单,小
2026-08-08 22:49:08,85176518,000000000513b0c63b464d20807022b8de173f60051c85cda777316cf3fff414,fff414,4,双,小
2026-08-08 22:49:21,85176521,000000000513b0c96feb1b831e5c20c2070e831af3f3e674741a16d8b0601973,601973,3,单,小
2026-08-08 22:49:32,85176526,000000000513b0cecf7445dd2fad92d5daa5b2237e77cf816d108c109ec75b87,c75b87,7,单,大
2026-08-08 22:49:46,85176530,000000000513b0d2def3e3eb2777c3886586f4cef945fe34f971b8f8216194d0,6194d0,0,双,小
2026-08-08 22:49:58,85176534,000000000513b0d62845523cd8ae208ef66cda9e7bd64027795e29d4800f9de5,0f9de5,5,单,大
2026-08-08 22:50:12,85176539,000000000513b0dbaabea49d36ab9c480d513a78825b073f4c9c619a212a2e14,2a2e14,4,双,小
2026-08-08 22:50:25,85176543,000000000513b0dfacaa1b9389b942899a0c5867bc69e437e16ec1daae42f25c,42f25c,5,单,大
2026-08-08 22:50:38,85176548,000000000513b0e489a2f74adbfbfc25559bba354c8bf3dae1e2e0498902009b,02009b,9,单,大
2026-08-08 22:50:50,85176552,000000000513b0e847fed3bd56166a83fe7be5279ab1dd933afa6cac271bbe45,1bbe45,5,单,大
2026-08-08 22:51:03,85176556,000000000513b0ecb2832188359ef95dceadc0eccc43602b7e7c917a43950732,950732,2,双,小
2026-08-08 22:51:17,85176560,000000000513b0f0ba8f68c1e97db66946c6e3a501d11797af57de1ee1b517ce,b517ce,7,单,大
2026-08-08 22:51:32,85176566,000000000513b0f655763f93b28fdf44a19df82782fa719df689252d40e257f2,e257f2,2,双,小
2026-08-08 22:51:47,85176570,000000000513b0fad1d4081ce8ea974ebb80c2e989ad9efbbebc2dc378ba89e6,ba89e6,6,双,大
2026-08-08 22:52:00,85176575,000000000513b0fffc6e5563d913e8ea66fa7ff23c5a6e8816ec7a81d78b0fb1,8b0fb1,1,单,小
2026-08-08 22:52:17,85176581,000000000513b10500a474ca173f82557a2693091eab4c1433178614acec3d38,ec3d38,8,双,大
2026-08-08 22:52:30,85176585,000000000513b109ed410e0b9549294e6cd329974c17e23bcc9a1f1db943661b,43661b,1,单,小
2026-08-08 22:52:43,85176589,000000000513b10dc16a8dbf7d0a42889bb3bad412d9f510e45c5fa80564ac0c,64ac0c,0,双,小
2026-08-08 22:52:57,85176594,000000000513b112cd29082f951b025ed62698e71808cc3226e4538a5bbd349c,bd349c,9,单,大
2026-08-08 22:53:10,85176598,000000000513b116b091ff43e9df28de9d6ac02da417a50e7dac530caa2f1f78,2f1f78,8,双,大
2026-08-08 22:53:21,85176602,000000000513b11ae281c12c940eaa313bf91089bcc9bba35d4fc287c2083644,083644,4,双,小
2026-08-08 22:53:35,85176606,000000000513b11e8ed93e3300a0c5538049ea2985c31f04c0de0b88cefb243e,fb243e,3,单,小
2026-08-08 22:53:48,85176611,000000000513b123c2846953299ef5ca0843f8ac626dc09ba473ed5363720bd7,720bd7,7,单,大
2026-08-08 22:54:03,85176615,000000000513b12794480b9ceb8355bef79c71d2c916236b742a2f9d7017c9ec,17c9ec,9,单,大
2026-08-08 22:54:14,85176620,000000000513b12c5098f18540b1268390be1be31650dfa1da35f4a5145f10db,5f10db,0,双,小
2026-08-08 22:54:27,85176623,000000000513b12f26c1ddbee0c7828cd6a49b1f9afbf17e70dd4b65fcc535f7,c535f7,7,单,大
2026-08-08 22:54:40,85176629,000000000513b1354f238ab59c0395ccf2bf7eee4d2b09f7ec7f9c048b06993a,06993a,3,单,小
2026-08-08 22:54:55,85176633,000000000513b1393f5cfaaa19ed81b87e3949013d4bc100560e641671f5edfa,f5edfa,5,单,大
2026-08-08 22:55:08,85176638,000000000513b13e194de9fc10278114da083b372720cd923a8f0395910289d3,0289d3,3,单,小
2026-08-08 22:55:21,85176642,000000000513b1420ce72884a465381b7c70821be4954b5179d1e8a69af9b2ef,f9b2ef,2,双,小
2026-08-08 22:55:32,85176646,000000000513b146210a46043e485c7e7f553da8785c7cf6efc0e77f38c6c0e8,c6c0e8,8,双,大
2026-08-08 22:55:44,85176650,000000000513b14ad31eeab3afc7b76e781c6a2792f9a0da0010d6e07d396244,396244,4,双,小
2026-08-08 22:55:56,85176654,000000000513b14eb3d84dbd6e5ae58f0996165ec27d63c67e391df6751597e1,1597e1,1,单,小
2026-08-08 22:56:09,85176657,000000000513b151550e4ec51e12b3dac9110b6c7392190a85012ff19ce5b08e,e5b08e,8,双,大
2026-08-08 22:56:22,85176662,000000000513b1569eccd37cf8de1a11de8f0eb95e9b7d9903f5e600d8c70bfb,c70bfb,0,双,小
2026-08-08 22:56:37,85176667,000000000513b15b866e97473d36de04e96af48f3110106ef3966ac519216ab3,216ab3,3,单,小
2026-08-08 22:56:51,85176672,000000000513b16012c03ecf73d68fb6e6ab995a38320903ea537b57a72705e1,2705e1,1,单,小
2026-08-08 22:57:07,85176676,000000000513b1645976dfbc763e09d55a0f1f6d6022c97d6fd750eeaf422720,422720,0,双,小
2026-08-08 22:57:23,85176682,000000000513b16a3a2535060b80bb6dbb9c2f1e57619c6d3cae3ddf3a5b2614,5b2614,4,双,小
2026-08-08 22:57:37,85176687,000000000513b16f8e0c6ee31a97211e8d8608b373ce914b3519e08a592b23b8,2b23b8,8,双,大
2026-08-08 22:57:49,85176691,000000000513b1737a9bf807a565ac747cb0cd85dd3afca0561321d819ccd7e5,ccd7e5,5,单,大
2026-08-08 22:58:03,85176695,000000000513b177b4abb40979a8a794961ee8a2672c7cafd2ea943656a0bef8,a0bef8,8,双,大
2026-08-08 22:58:15,85176700,000000000513b17c41a4ce9d35d896e4d3c54667315045d90a6d76fc0d1b2c67,1b2c67,7,单,大
2026-08-08 22:58:27,85176704,000000000513b1807b975af98a527ce82da3a29daf9661ded0ef0d5a89824ffd,824ffd,4,双,小
2026-08-08 22:58:40,85176708,000000000513b1849973ee90c8eaa36c01513d905000dca1998532162cdc4b36,dc4b36,6,双,大
2026-08-08 22:58:53,85176712,000000000513b1885e4da46412cb3d837ee3849e3b139e1e4f523afca86608c3,6608c3,3,单,小
2026-08-08 22:59:06,85176717,000000000513b18d16694c6533174b4688e58580ae69866f642d8e5fb1b617ef,b617ef,7,单,大
2026-08-08 22:59:21,85176722,000000000513b192e98aecb833d275fb37c3466b4664d815a76861b244f1ebc4,f1ebc4,4,双,小
2026-08-08 22:59:32,85176725,000000000513b195f5cffabcc5a1db5a480087dd01309b3daea1a157ad29b7a5,29b7a5,5,单,大
2026-08-08 22:59:44,85176730,000000000513b19a1e4dffb9ead2f2148aaaad7f5cf8d91975ad07f33c975e18,975e18,8,双,大
2026-08-08 22:59:58,85176733,000000000513b19d83470ecfd2f8c72ec2591859c473c358c9528020041b3ce5,1b3ce5,5,单,大
2026-08-08 23:00:13,85176739,000000000513b1a3b86046c6b1bb0382bf8a128c20117ed93fa2ec56e58cfebf,8cfebf,8,双,大
2026-08-08 23:00:26,85176744,000000000513b1a85f0763bb7d90ecd6ee6c993e01d0cf0c399b54dda1102c8d,102c8d,8,双,大
2026-08-08 23:00:40,85176748,000000000513b1ac02082900d995cae7b12e61a7a32db8aaba56884922fe5836,fe5836,6,双,大
2026-08-08 23:00:52,85176752,000000000513b1b0d11ab46c8f7a3e6463ed0385111891cb706ab86cf6abfdea,abfdea,6,双,大
2026-08-08 23:01:06,85176757,000000000513b1b5c7057edd6db85eb17df6c9affb9a2c9cef74a36d1ec12ab5,c12ab5,5,单,大
2026-08-08 23:01:22,85176762,000000000513b1ba3ecb5dfdf16a88e42973344b7032520e06934fb353b29ea1,b29ea1,1,单,小
2026-08-08 23:01:37,85176767,000000000513b1bf84080559d4e0d0f95e71f8f06de0b375cf99b40efb2400b9,2400b9,9,单,大
2026-08-08 23:01:51,85176772,000000000513b1c446fb38fe598392e27ac5772566733ecfa530caca4466883d,66883d,3,单,小
2026-08-08 23:02:04,85176775,000000000513b1c74ec61c9b107b59669d46883fa06abefef2ba349cd110abc0,10abc0,0,双,小
2026-08-08 23:02:16,85176780,000000000513b1cc9065aa2c69e7d409d195592a6ebcdd230d6bde0a1288dc64,88dc64,4,双,小
2026-08-08 23:02:30,85176785,000000000513b1d1946d508c0191879da83482a595404dbf614f5b2e9685e28c,85e28c,8,双,大
2026-08-08 23:02:43,85176789,000000000513b1d5f5f6b5799dd2c6705b593b28d7faccbb53a272d160a4deb2,a4deb2,2,双,小
2026-08-08 23:02:55,85176793,000000000513b1d9a7ead2dbfae9c378f0e3e7bcb61368108ac8668291b9128d,b9128d,8,双,大
2026-08-08 23:03:07,85176797,000000000513b1dd807165b47d270dc05955eca415671b83fdf0ebb4d718cdd6,18cdd6,6,双,大
2026-08-08 23:03:19,85176801,000000000513b1e1474569d0cc3b9530e98e076f03edc2dcd4967ffc41765b03,765b03,3,单,小
2026-08-08 23:03:32,85176806,000000000513b1e6c9e1ef74d6044f5e703449a6321ed4526d52ddbd78542cd0,542cd0,0,双,小
2026-08-08 23:03:44,85176810,000000000513b1ea3837447d341c31629b19fd9efc83723433fac4122271c9e3,71c9e3,3,单,小
2026-08-08 23:03:57,85176813,000000000513b1ed0e1ca4a74ff7cee61d395912dbc29f66999c7fb63accea3f,ccea3f,3,单,小
2026-08-08 23:04:08,85176817,000000000513b1f121987780dd90b15a3ff7db35a8ffb2292cfe81f1c5bf4a6b,bf4a6b,6,双,大
2026-08-08 23:04:21,85176822,000000000513b1f6eba7f4eba599bd88c43e0229334c12d43ef407718b939908,939908,8,双,大
2026-08-08 23:04:34,85176826,000000000513b1faba169e139e1ff529136d260adf2dfe72eef0862b444a435b,4a435b,5,单,大
2026-08-08 23:04:47,85176830,000000000513b1fe8c3ea24e0905894938f31ec8fdb43b9437a9bb224dd57aff,d57aff,7,单,大
2026-08-08 23:04:59,85176834,000000000513b202ed0d771b9b94c63bcc2c9339c7293afd18f8bcb0635fc429,5fc429,9,单,大
2026-08-08 23:05:14,85176839,000000000513b207917043e138502d2d43e710eb2e1092d3e6d3a89563dd92fe,dd92fe,2,双,小
2026-08-08 23:05:26,85176843,000000000513b20b9752e7922ecb8050e36cce49ea09424a7af70b3c264b15ce,4b15ce,5,单,大
2026-08-08 23:05:38,85176848,000000000513b2104409b535ded1276ee61f08db40b71a9cfb62f50d6f0e4c08,0e4c08,8,双,大
2026-08-08 23:05:50,85176851,000000000513b21325e91252f2e4434513d5240b0560c25c1f2bb914889c3bd3,9c3bd3,3,单,小
2026-08-08 23:06:01,85176855,000000000513b21772e12b60340b38d8170e64e9adba34e920f2143379dd6272,dd6272,2,双,小
2026-08-08 23:06:13,85176859,000000000513b21b098f034d4b3836600ae74281e09846171abd361525dd63e1,dd63e1,1,单,小
2026-08-08 23:06:25,85176863,000000000513b21f12ab51fc9c6fe450a1a94b2e53a1756a5f50ab81f131f96d,31f96d,6,双,大
2026-08-08 23:06:37,85176867,000000000513b223659c5d156930fa6d24a4f2a79523aea8218cd8a7581dbb4b,1dbb4b,4,双,小
2026-08-08 23:06:50,85176871,000000000513b2275e4ac32fc53d4b6833cbeeaa82672c8ab394dbd2594fe7db,4fe7db,7,单,大
2026-08-08 23:07:03,85176876,000000000513b22cf27bfa7868759776a04cdff861889dab265973a58473a9ad,73a9ad,9,单,大
2026-08-08 23:07:16,85176880,000000000513b23017e65a7ec8b69887b5b35f027cf70bebe7ad0763081668f8,1668f8,8,双,大
2026-08-08 23:07:28,85176883,000000000513b2336e07b42c2f8402e338eccbdc30278c12586af68d31019098,019098,8,双,大
2026-08-08 23:07:40,85176888,000000000513b238f2575962e3ade636318d9a051822e44fc6e4e767ec6338ae,6338ae,8,双,大
2026-08-08 23:07:54,85176893,000000000513b23d24ee8e33e6802fa82e8923bcf2f6c7efb7ad624ece215a09,215a09,9,单,大
2026-08-08 23:08:07,85176897,000000000513b2411bc2b228a08bc68696c2d5a7925a24b7d11bcafd8792a50d,92a50d,0,双,小
2026-08-08 23:08:23,85176903,000000000513b2479f05e3cf5ae1b183e49962a617a5f00bf12569e3fcf7316e,f7316e,6,双,大
2026-08-08 23:08:40,85176908,000000000513b24c74b272600d2718a6c7337831a03cedaffa5c4b3f91097cd9,097cd9,9,单,大
2026-08-08 23:08:55,85176912,000000000513b250652ec3a0ff3fa07a83a2d1d3876c8d158f5ca1c931663ff8,663ff8,8,双,大
2026-08-08 23:09:09,85176917,000000000513b255a4395ff437b49035c63b1ab204e18c6bde7902f23f41f4e3,41f4e3,3,单,小
2026-08-08 23:09:27,85176923,000000000513b25bcce825d23cf716ef3b6f963c61619545522506f9c5f76aad,f76aad,6,双,大
2026-08-08 23:09:41,85176928,000000000513b260487318779f354b0dc549c7ecfd704473c458e3a95c0ae3fb,0ae3fb,3,单,小
2026-08-08 23:09:59,85176933,000000000513b265203fa3ab40e11fd1decbed9fbd5ab8de12ca77ce95fa3a54,fa3a54,4,双,小
2026-08-08 23:10:17,85176940,000000000513b26c1afb36ee85b398baa9fb8e078b0f8bfbb2643c37c3e22bbf,e22bbf,2,双,小
2026-08-08 23:10:34,85176946,000000000513b27241796c94549c54414d0669d638965ec104acb11d5a78887b,78887b,7,单,大
2026-08-08 23:10:47,85176950,000000000513b276febb0701a4b12f9e701a020b114c113658f013b80538b509,38b509,9,单,大
2026-08-08 23:11:01,85176955,000000000513b27b4866723d2b6d646305226bac3a66cadb06de05822051717d,51717d,7,单,大
2026-08-08 23:11:16,85176960,000000000513b280375a063d3f128b1a38b6ca194000967a78bcd00f2e939f61,939f61,1,单,小
2026-08-08 23:11:31,85176965,000000000513b285ab73f6676745a63b97088bf6ccd9c48200a1322c7b128c0a,128c0a,0,双,小
2026-08-08 23:11:45,85176969,000000000513b289a1798b61b92549b446fae674d3f830aba3bdbbb18231a9d1,31a9d1,1,单,小
2026-08-08 23:11:59,85176974,000000000513b28e04fedbaf3e2b67b1530e66a68671a1fe1c5a2e9f18ac1e49,ac1e49,9,单,大
2026-08-08 23:12:11,85176978,000000000513b292f179b284a59a1f57f5df820234788711b6195c5c844977ea,4977ea,7,单,大
2026-08-08 23:12:25,85176983,000000000513b297bcfae28858f6141fe76be38870107b52139a6175f4ecfda7,ecfda7,7,单,大
2026-08-08 23:12:40,85176987,000000000513b29bf0fbea051f81ce07ed4d485e453eb4cea1fdbd124e50683f,50683f,3,单,小
2026-08-08 23:12:55,85176992,000000000513b2a0c1230f7d98f8cb4e64a2e4a329ea1f334d52c758fb515950,515950,0,双,小
2026-08-08 23:13:08,85176997,000000000513b2a50d74831b2ff3ce17d012569e7497e14545e9ab89fc94e741,94e741,1,单,小
2026-08-08 23:13:21,85177001,000000000513b2a9b4b19bd291a23f7312205fbb71fc3e6a22c6bf932da19a31,a19a31,1,单,小
2026-08-08 23:13:34,85177006,000000000513b2ae473319e00c6ec31511be6217e3ec78e683c416010481288e,81288e,8,双,大
2026-08-08 23:13:47,85177010,000000000513b2b2869800dbebb2a5e63b0f51d32ec9cc5270398d21735e6097,5e6097,7,单,大
2026-08-08 23:14:00,85177015,000000000513b2b7c4d16c9e9a2bf220a27800993b552f1ed890c10d9f0316b7,0316b7,7,单,大
2026-08-08 23:14:14,85177019,000000000513b2bb97ddafd00edbd2443f4b3ff766fd8e891feb5cffa2f31742,f31742,2,双,小
2026-08-08 23:14:29,85177024,000000000513b2c00a02c98ee34945e63bdd63dc62e706323c61075634896a3f,896a3f,3,单,小
2026-08-08 23:14:42,85177028,000000000513b2c47f4810f016d3b0eb9c3ef937c5f06821a9a1ca94c1436a9f,436a9f,9,单,大
2026-08-08 23:14:54,85177032,000000000513b2c874da3894f7dd870896b5eb816aa6868e256bbb5587b352ee,b352ee,2,双,小
2026-08-08 23:15:07,85177037,000000000513b2cded90fcfff1d4f3e3c3181d7b3bdab48543a90291d4b40a5c,b40a5c,5,单,大
2026-08-08 23:15:19,85177041,000000000513b2d1ce7bf2acb7488c42598ec4262377fbba9b88c6dcdd1c719a,1c719a,9,单,大
2026-08-08 23:15:32,85177046,000000000513b2d697fcad9640ec6edf4d17a1dadab208894891989ddc1a5c80,1a5c80,0,双,小
2026-08-08 23:15:44,85177048,000000000513b2d835eb64caa449a6cd47d900a38f04a8e35c3ec30c20143ab1,143ab1,1,单,小
2026-08-08 23:15:57,85177054,000000000513b2de5fbddf224632c5874f84f5ef5e48eecb8c1107a630cf1492,cf1492,2,双,小
2026-08-08 23:16:10,85177058,000000000513b2e2390eb56794e6ab3e0cb1df9d358f21a6d36e0c1a172c0088,2c0088,8,双,大
2026-08-08 23:16:22,85177062,000000000513b2e6a43d88003755bcc500d719e73e9635d82fb5ee0e08aeb6d1,aeb6d1,1,单,小
2026-08-08 23:16:34,85177066,000000000513b2ea70970b82bbdd160b8651a29795e0a9779e54c0db020dfe3e,0dfe3e,3,单,小
2026-08-08 23:16:47,85177071,000000000513b2ef8137b56f9e868043a9d8fcea1c2feb9486622fd2ae161ae7,161ae7,7,单,大
2026-08-08 23:16:59,85177075,000000000513b2f3475e0ad5a67a357ec6c3c92f3289eccf1f0cab8bb799cc5f,99cc5f,5,单,大
2026-08-08 23:17:11,85177078,000000000513b2f6f7d89c03bf250dd1a8ccb408ea0fc225a28bb07404f4bb5b,f4bb5b,5,单,大
2026-08-08 23:17:22,85177082,000000000513b2faa63868d7fd6ac2b8029bdde829734a944de574a44f51b774,51b774,4,双,小
2026-08-08 23:17:34,85177086,000000000513b2fe202de48952a7ff7dfe9adefaa80ac761cac99b9533047e83,047e83,3,单,小
2026-08-08 23:17:46,85177090,000000000513b302a10b2dc90defcad86fe44034be094571b5439141a4caef56,caef56,6,双,大
2026-08-08 23:17:58,85177094,000000000513b306f2f59aa1a1136b8c308fb001c7c84548bf99ca088f7e4695,7e4695,5,单,大
2026-08-08 23:18:09,85177098,000000000513b30aefdaecba22fbe6c7152347016c83e03879b653f52b1103ed,1103ed,3,单,小
2026-08-08 23:18:20,85177102,000000000513b30e219b7d0efd8bf92ba55a49970d29c3bc951274fc5da7c303,a7c303,3,单,小
2026-08-08 23:18:32,85177105,000000000513b311877220d1d6ba772948d02dbdf8f382c851ddeac9f4496072,496072,2,双,小
2026-08-08 23:18:43,85177109,000000000513b3155f6188095ce6e4559dca31b7d69cd02c4d1481edc8377f2a,377f2a,2,双,小
2026-08-08 23:18:54,85177113,000000000513b319a528f943854ec154a60a23c0bcd60522eb6b2970dd89c67b,89c67b,7,单,大
2026-08-08 23:19:05,85177117,000000000513b31d9b95073a8f3ce53844ff5c3add650cfcc03a60c9f9ef7592,ef7592,2,双,小
2026-08-08 23:19:15,85177120,000000000513b320358cd5640839cfdc132e621a21fdfc88ec86d112e1f5dff1,f5dff1,1,单,小
2026-08-08 23:19:26,85177123,000000000513b3239285eacb0ca5400ee38a3400162ee1e45a18cfe8a64e6f12,4e6f12,2,双,小
2026-08-08 23:19:37,85177128,000000000513b328b9be08c586edbf25cbb9fc22c00ee0f3b1888e6bbe16b02d,16b02d,2,双,小
2026-08-08 23:19:48,85177131,000000000513b32be9f5ff46549922f5f5d11ed94b7f5974c2e06baa1ce43c96,e43c96,6,双,大
2026-08-08 23:19:59,85177134,000000000513b32e2b9b4f85c5278833a9cb0d1b2cd11c031a09cca5752864ff,2864ff,4,双,小
2026-08-08 23:20:11,85177138,000000000513b332cf799d3556de18a58cac2265a30570eb62bce1e9bb98c36d,98c36d,6,双,大
2026-08-08 23:20:23,85177142,000000000513b3364db46d9d61b969126404ea3636c485fc5df0d5b9bfc49a80,c49a80,0,双,小
2026-08-08 23:20:34,85177146,000000000513b33a5bd3f096c7c82e18093bcf6d9d3d83320ea004bcb3d26d9c,d26d9c,9,单,大
2026-08-08 23:20:45,85177149,000000000513b33dd5b37f6276f752c032ab50afc76ea1b64edfec488296716f,96716f,6,双,大
2026-08-08 23:20:56,85177154,000000000513b342fee55df24b1399ec3c554d2146b0429beeb90b5b73936ceb,936ceb,6,双,大
2026-08-08 23:21:08,85177158,000000000513b346fd0dabdd58df07d6240e80a951beaf979c2a5cdebd562813,562813,3,单,小
2026-08-08 23:21:20,85177162,000000000513b34a0baca22296a2abd080d12398e077360f823aa369b63a8bc1,3a8bc1,1,单,小
2026-08-08 23:21:31,85177165,000000000513b34d2c8cedd7e8c9ef5f72c93fd1c13d8ebbd951e27dd13ac518,3ac518,8,双,大
2026-08-08 23:21:42,85177169,000000000513b351bc215ba75c40adb13131d85ac0dfc517ffd3cac2d24316fc,4316fc,6,双,大
2026-08-08 23:21:53,85177172,000000000513b354a8dccab2042dfdc16a510856ed3875460eb6bcaed091d781,91d781,1,单,小
2026-08-08 23:22:06,85177177,000000000513b359ada949767fea0c439e7b11364ac5e1e3e109de417c0e3b13,0e3b13,3,单,小
2026-08-08 23:22:17,85177180,000000000513b35c5464ed0b255df6e95539df2b7e240b31615690f1301c16ee,1c16ee,6,双,大
2026-08-08 23:22:29,85177184,000000000513b360b96f711887709cef57041b8eb0e13018207e19b56cb033bf,b033bf,3,单,小
2026-08-08 23:22:40,85177188,000000000513b364612752d4861856d3612e9411fe13f05b8da54738323d99c3,3d99c3,3,单,小
2026-08-08 23:22:52,85177192,000000000513b3682fa72108312e9f4e14b0881eef07f18c3aa63205fd227440,227440,0,双,小
2026-08-08 23:23:04,85177196,000000000513b36c8333375f705f0686cf5bc352cdc243c60b71fa878983f734,83f734,4,双,小
2026-08-08 23:23:17,85177200,000000000513b37028512bdee5609479c128a61ffdd14a7d1c4aa00f3f1a5d70,1a5d70,0,双,小
2026-08-08 23:23:30,85177205,000000000513b375d18ec82092485b38f5a5da04148de49f16f5fedcb3978aef,978aef,8,双,大
2026-08-08 23:23:41,85177209,000000000513b37927283b8677f52d7262bf3ba71c6878eaa4366c059facf820,acf820,0,双,小
2026-08-08 23:23:52,85177212,000000000513b37cd06aad865465d8a048818737289d776777a30dbde7e5cafe,e5cafe,5,单,大
2026-08-08 23:24:04,85177217,000000000513b38127afd2d445249d230bcb84d468c7c70c6f523d8dcf25624c,25624c,4,双,小
2026-08-08 23:24:18,85177221,000000000513b385b047360f53204ac478276922b4237460f38b249be30f5cfd,0f5cfd,5,单,大
2026-08-08 23:24:29,85177225,000000000513b389049815f34b531614fcd74eccfcd32591cfe1192eefaa680c,aa680c,0,双,小
2026-08-08 23:24:40,85177228,000000000513b38c2c7db6f82c036c313de5b533351a9518f2ce2090efc7e280,c7e280,0,双,小
2026-08-08 23:24:51,85177232,000000000513b390598629d60760abfcb241d606cb7802dcbfbe09359f3a7b92,3a7b92,2,双,小
2026-08-08 23:25:03,85177236,000000000513b394ec430193e9aa8b8536ec6cf0bbda0348a2801cec632b9068,2b9068,8,双,大
2026-08-08 23:25:14,85177239,000000000513b397c6e93e55fa2bd3bfc2660f852fc8962dc10d80a54a2f11e8,2f11e8,8,双,大
2026-08-08 23:25:26,85177243,000000000513b39b285e80680990be6beabf62f4825cf9ff7f76798942e387f0,e387f0,0,双,小
2026-08-08 23:25:37,85177247,000000000513b39f8b9329c343ea19744ba0ad84119086855322f1c91620dd3c,20dd3c,3,单,小
2026-08-08 23:25:49,85177251,000000000513b3a3b9ac417d0fbf94ac7b54de88522719a1d510c35efd25d14c,25d14c,4,双,小
2026-08-08 23:25:59,85177254,000000000513b3a6151245f13fa107eadf2eecc29454cd878434f45e042e31ed,2e31ed,1,单,小
2026-08-08 23:26:10,85177258,000000000513b3aaa7a469d525dbc10abb33160e732a65016416330e0ebf727f,bf727f,7,单,大
2026-08-08 23:26:22,85177263,000000000513b3af5ad10663a854e7892c2018c5d0ec20ff0d6d18e5a921b095,21b095,5,单,大
2026-08-08 23:26:34,85177266,000000000513b3b27b8343fefce9354a27ae3152f8152d6d82707cd5704fcffc,4fcffc,4,双,小
2026-08-08 23:26:45,85177269,000000000513b3b5f688de2a556e436320984883a65fcde4b7e20158674dce24,4dce24,4,双,小
2026-08-08 23:26:57,85177273,000000000513b3b9bbb54ce4a19a0eba967eb216fec89e3b4db518cd57df1b0a,df1b0a,0,双,小
2026-08-08 23:27:10,85177278,000000000513b3be1791205fa40c497704f2190acaaff38ca49db7dc5be7c3c9,e7c3c9,9,单,大
2026-08-08 23:27:21,85177282,000000000513b3c2f998337510fa8a9f594da8e0e40459c91aedfd3da32ecaf9,2ecaf9,9,单,大
2026-08-08 23:27:32,85177286,000000000513b3c6df5e80cbf4595a254749b1b731f9d3210be55e666a009e07,009e07,7,单,大
2026-08-08 23:27:44,85177290,000000000513b3cae8f0fdb35f0a509ee080ab22ca85dad5fd28007ec79f7cb7,9f7cb7,7,单,大
2026-08-08 23:27:57,85177293,000000000513b3cd17e6e7a1730703c260c19b713433cc5f1a70b4e64e9bf82d,9bf82d,2,双,小
2026-08-08 23:28:11,85177298,000000000513b3d27e06f902cfa0f329291fd2ecf6e06386935e971116dd73c1,dd73c1,1,单,小
2026-08-08 23:28:25,85177303,000000000513b3d7af9cd9ff52317e059e30322d2f1d1f1a9b29c9a1cde390f0,e390f0,0,双,小
2026-08-08 23:28:37,85177307,000000000513b3db73aad50544b919d53470d62fa7038a082793e6aab80fa502,0fa502,2,双,小
2026-08-08 23:28:50,85177311,000000000513b3dfd5f804f080552f4567b1019fb8b77ece2ce30988aec46b04,c46b04,4,双,小
2026-08-08 23:29:01,85177315,000000000513b3e36051f1238aa7a5803b6ba6617775ef5d1753d8d51499f0ca,99f0ca,0,双,小
2026-08-08 23:29:13,85177319,000000000513b3e71b3c4bd2dd0a979893bdaae12aa9c4aa81d152dc6c5f2ddb,5f2ddb,2,双,小
2026-08-08 23:29:24,85177323,000000000513b3eb0637987ac53770c1718197371e000d2991cbd4a4d0e7ee03,e7ee03,3,单,小
2026-08-08 23:29:34,85177327,000000000513b3ef54d8ec55b0a9a36fe28dd8c2ca6593f162b67f0b37b627c1,b627c1,1,单,小
2026-08-08 23:29:45,85177329,000000000513b3f168b639c8781c6453bb18c7eb60b6abdf3b6b1bc45d363600,363600,0,双,小
2026-08-08 23:29:56,85177333,000000000513b3f5514b96f987c7bc2aac514a83c793ab0d967d52404ad0bf3f,d0bf3f,3,单,小
2026-08-08 23:30:07,85177337,000000000513b3f9fcfd768610cb52427a725548a0fcd867a2bb68d328c2d23d,c2d23d,3,单,小
2026-08-08 23:30:18,85177341,000000000513b3fd57aad137b7c98481594afdebf95049b4f8c5b8ebc6ce15be,ce15be,5,单,大
2026-08-08 23:30:29,85177344,000000000513b4002fc59eef44ac42413573599c46192b84202ee5e09448ba9f,48ba9f,9,单,大
2026-08-08 23:30:40,85177348,000000000513b4044ba3e9fa34fc1251155f0b8f12ee79cf21979bf26d20d20b,20d20b,0,双,小
2026-08-08 23:30:51,85177352,000000000513b408f2bb1b6990571b24939493336eb14421f1f5d38546addf68,addf68,8,双,大
2026-08-08 23:31:03,85177356,000000000513b40cbc480b8b0cafaa573af86485a2670cc81faac6c906826d97,826d97,7,单,大
2026-08-08 23:31:15,85177360,000000000513b410e51195279d77ba46bf111d55c45f10d58bd878e2f4dc20a9,dc20a9,9,单,大
2026-08-08 23:31:28,85177364,000000000513b41403991b2e9eaa62422f00f4bc60c718b4ac57648858a55bd9,a55bd9,9,单,大
2026-08-08 23:31:40,85177369,000000000513b41945f2aa7404608ba1d1c11c94ad42cf7c1aebd09adfed285f,ed285f,5,单,大
2026-08-08 23:31:52,85177372,000000000513b41c5c4934d7463d19d6e889cb07bad8ce3f946d43d65a2d848f,2d848f,8,双,大
2026-08-08 23:32:04,85177375,000000000513b41f2bfcae4d4e4261420d1472b93cce90b2a365b0e5a82e8b8e,2e8b8e,8,双,大
2026-08-08 23:32:19,85177381,000000000513b425eb2113614a3dd01f16d45264450e64ccecc1c04da73556c8,3556c8,8,双,大
2026-08-08 23:32:32,85177385,000000000513b4290d9c36da7740f2c217c6a8e94dc90667ed3d93a6a42f5993,2f5993,3,单,小
2026-08-08 23:32:44,85177389,000000000513b42d3b3ce97a9bf5bf6da5c894f16fa07aad0b6baf78aa528c88,528c88,8,双,大
2026-08-08 23:32:56,85177394,000000000513b432ebc19d3bf7892438a9d92fb2c3ca87803ce013db1cd95354,d95354,4,双,小
2026-08-08 23:33:08,85177398,000000000513b436b4451e822faac91ae7c14689ea7a3329cfbde00692b2143a,b2143a,3,单,小
2026-08-08 23:33:19,85177401,000000000513b439e16bd7b6a143e1616e1449a3ca84b26d918cedc2dda41cd4,a41cd4,4,双,小
2026-08-08 23:33:30,85177405,000000000513b43d134a540cbe322639d74314d45d48822f84574859147613b1,7613b1,1,单,小
2026-08-08 23:33:42,85177409,000000000513b44112c1b2394b989a80a7d3d2c977a5e59333d1360426864a48,864a48,8,双,大
2026-08-08 23:33:54,85177413,000000000513b445b2dc9e25f30ccad13ce564f294c6cf6a15cfd4d6a5764925,764925,5,单,大
2026-08-08 23:34:06,85177417,000000000513b4499fa58610fc0c9e077f20f6c3d6d7366f6800076c343accf9,3accf9,9,单,大
2026-08-08 23:34:17,85177420,000000000513b44cbb22241b0f2b9889297cded7e43aa0624debc8f856eab394,eab394,4,双,小
2026-08-08 23:34:28,85177424,000000000513b45079979a31ff0f5f40464c494ad6212073313d1fd41d710ba8,710ba8,8,双,大
2026-08-08 23:34:41,85177428,000000000513b454f6660afc444061dc7ec82707cfb2fd5054b160771e76d5d9,76d5d9,9,单,大
2026-08-08 23:34:53,85177432,000000000513b45899cf8f572fbf6a063a30b14d1a441e03fdf536a7e1081607,081607,7,单,大
2026-08-08 23:35:05,85177436,000000000513b45ca5ccdc52951e95ce7c2f6ffde01efc55562ee255cdf3fd3b,f3fd3b,3,单,小
2026-08-08 23:35:17,85177440,000000000513b4607281434214f401dd7d7207c63e48a27a6738e3f1111b156d,1b156d,6,双,大
2026-08-08 23:35:29,85177444,000000000513b46428232df44f1971d253a78e8fbf0d454199b142db2d380947,380947,7,单,大
2026-08-08 23:35:41,85177448,000000000513b46882bd2ce9f897cfc77ef450793194abfe2f60370c26775525,775525,5,单,大
2026-08-08 23:35:53,85177452,000000000513b46c33286b411e086241e4ec96592f42e65167e68980c4424594,424594,4,双,小
2026-08-08 23:36:05,85177456,000000000513b470a2f108a65462441cce7bc120b9895f6c02c8c90663ca1b05,ca1b05,5,单,大
2026-08-08 23:36:15,85177460,000000000513b47409f0998c70fcd67315315d28d8d7e1e8068e4f85e2876b70,876b70,0,双,小
2026-08-08 23:36:26,85177463,000000000513b477aad5857975b2a8aa135d1ed5aa1d48bd27ee812b90d5bcaa,d5bcaa,5,单,大
2026-08-08 23:36:38,85177468,000000000513b47ce808dc8afe5fe3b8807b25bcc6d0a6eed5c2d51aceb17cca,b17cca,7,单,大
2026-08-08 23:36:49,85177471,000000000513b47fe866c719a4ddff0e0ca007eb52783a70e59ee68def5fc0b2,5fc0b2,2,双,小
2026-08-08 23:37:02,85177476,000000000513b4848d4899068eb4fe61a0f855dd82170e4f6488077324e44a53,e44a53,3,单,小
2026-08-08 23:37:13,85177479,000000000513b4877ae28d181d4e62239e05a52aa961fd45bd661f12ff7a4c27,7a4c27,7,单,大
2026-08-08 23:37:24,85177483,000000000513b48b11e33f0d1e2e67433aee9761086f94ab600a02c846524b0d,524b0d,0,双,小
2026-08-08 23:37:36,85177487,000000000513b48f27ef7b337a775c3b0f4255779f2624e4b053c85eb76b7876,6b7876,6,双,大
2026-08-08 23:37:47,85177491,000000000513b4930819589d824531bf60cb5a38e24f93cfa2078bdd0cba9b30,ba9b30,0,双,小
2026-08-08 23:37:58,85177494,000000000513b496703d47b1c5a355712a40954c8f0dce12cbe717b98be3b379,e3b379,9,单,大
2026-08-08 23:38:12,85177498,000000000513b49ae8c1944ce7dd9d952dc1f20d58a534a4becd1a61b35eb152,5eb152,2,双,小
2026-08-08 23:38:23,85177502,000000000513b49e60726307e6ee1f104d4c662cb526b853f6772abb94e5dbdf,e5dbdf,5,单,大
2026-08-08 23:38:35,85177506,000000000513b4a2605f93d9c1d9344549a175d46bbf4ecc20359b48c1d8de38,d8de38,8,双,大
2026-08-08 23:38:47,85177510,000000000513b4a6ac3f8433bca4496ad25043a198661b2dabf026eb3433a081,33a081,1,单,小
2026-08-08 23:38:58,85177514,000000000513b4aa5ba326c3e36f8550d94c37a2405cf9ea763bc1df8ba8badd,a8badd,8,双,大
2026-08-08 23:39:09,85177519,000000000513b4af0c6d83b68e6e2d8c531c4e1bc92c10b261a283c7d6a6c537,a6c537,7,单,大
2026-08-08 23:39:20,85177522,000000000513b4b2f7230b3a3982ab209f59342aa7e3fb72c9b3df304188d338,88d338,8,双,大
2026-08-08 23:39:32,85177525,000000000513b4b5526979640556212da4e0cf5364130dc8f7bb86cb90c70384,c70384,4,双,小
2026-08-08 23:39:45,85177529,000000000513b4b94d345b89f4b4d1357a336c9ff15aeb3ccee6be6b0a0ec3c0,0ec3c0,0,双,小
2026-08-08 23:39:56,85177534,000000000513b4bea8588ea041841ac02fd59f6658a3b77e948959371332ab31,32ab31,1,单,小
2026-08-08 23:40:07,85177537,000000000513b4c176d590b5993bbfd441d60f1ba5f12b653df9e9d035febb8e,febb8e,8,双,大
2026-08-08 23:40:18,85177540,000000000513b4c4b69536c774634729df8c86c918605d00eb6115fdcf0e02b8,0e02b8,8,双,大
2026-08-08 23:40:30,85177545,000000000513b4c9a6b53ce7a910cf0f08cb2a8006024df017009f43acf0d48d,f0d48d,8,双,大
2026-08-08 23:40:41,85177548,000000000513b4cc2c6411650a7b0271ee9c46d8a5735e53988d7e245426db15,26db15,5,单,大
2026-08-08 23:40:53,85177552,000000000513b4d07bc3d2db709e18e3a6fbd7d0110288fff42551fcfa2da34f,2da34f,4,双,小
2026-08-08 23:41:04,85177557,000000000513b4d58feff5a86f9bd24e66e3d2e642c46395b4e75a94b35943ad,5943ad,3,单,小
2026-08-08 23:41:15,85177560,000000000513b4d8041d4afb905cd20d381a18a67472b5230e0c389fb61110c9,1110c9,9,单,大
2026-08-08 23:41:27,85177564,000000000513b4dc48d6d81027b199098c9ec4157b72591fa9d4af2c93d3a98f,d3a98f,8,双,大
2026-08-08 23:41:40,85177569,000000000513b4e1c5d112de2f4c11ce42d3a21a503d149bd5319e62ec5ee4ab,5ee4ab,4,双,小
2026-08-08 23:41:52,85177572,000000000513b4e4bae0236b5fffbe0c3cf810cabfac6ffcab4768ef6c945a6e,945a6e,6,双,大
2026-08-08 23:42:04,85177575,000000000513b4e7d5a6674ca25a05d9d6562aaff9880c1e14b39043e7b7cbb6,b7cbb6,6,双,大
2026-08-08 23:42:16,85177580,000000000513b4ec3e9127d7979e357c63a3fa79dad5bb4e4e9c1bce0d3cd2c1,3cd2c1,1,单,小
2026-08-08 23:42:28,85177584,000000000513b4f0a706e9e8a0fde53d94b19a110ba23ccfbac323184cc4bcc0,c4bcc0,0,双,小
2026-08-08 23:42:40,85177588,000000000513b4f4e0e11587ba6c431a179f778d498ee63157c69a2f17290a0d,290a0d,0,双,小
2026-08-08 23:42:51,85177592,000000000513b4f802fb7e5cb43b3133b13b655f9df24ddf91bc4a8986bdb2b3,bdb2b3,3,单,小
2026-08-08 23:43:05,85177596,000000000513b4fc4fee23d2aa863a83898f2116f95edd83398d800446dfe036,dfe036,6,双,大
2026-08-08 23:43:17,85177600,000000000513b5004cf60c57257003e67eefc8b05b0a0034e2ee1e3274c0a277,c0a277,7,单,大
2026-08-08 23:43:32,85177605,000000000513b50538bb32eab7504169cfb99113574206d13508568630acada7,acada7,7,单,大
2026-08-08 23:43:44,85177609,000000000513b5097e91f6f47f980484f02c7c15bc37e692ae79b0abeba79a04,a79a04,4,双,小
2026-08-08 23:43:57,85177613,000000000513b50d46421fd3b729d54cbc03110e9cc01e391a755788a0e3dd92,e3dd92,2,双,小
2026-08-08 23:44:09,85177618,000000000513b512a946441435b08a08fdbffa478b62a32f4328a429fef586a8,f586a8,8,双,大
2026-08-08 23:44:21,85177622,000000000513b516cd66b47d5451feb97af19ca41fc36f27c5f37bc683372ddd,372ddd,2,双,小
2026-08-08 23:44:35,85177626,000000000513b51a5c92147362e814224be58264e198d3469882e1986beee3ad,eee3ad,3,单,小
2026-08-08 23:44:49,85177631,000000000513b51f29e0011050756b5402b455d0e4e184c3b9105eca96aca7b0,aca7b0,0,双,小
2026-08-08 23:45:00,85177634,000000000513b522704f534ad38dd11a619ccdce1f51df84369533ae8e9392ab,9392ab,2,双,小
2026-08-08 23:45:13,85177639,000000000513b52719b5ee1530cdf955f4d0e6911548fba37e6a1f3980f8ce9e,f8ce9e,9,单,大
2026-08-08 23:45:25,85177643,000000000513b52b8403adf2e976902dec5101252c68bb9302ac0668f2ff19f4,ff19f4,4,双,小
2026-08-08 23:45:37,85177647,000000000513b52f5bbba57b3c65f00c83cbff29dc34bfe469893cd0eaa9e829,a9e829,9,单,大
2026-08-08 23:45:52,85177652,000000000513b5340ccd3a9c8a6c89073db02ccec30edabdd7b3623fcf1f6d31,1f6d31,1,单,小
2026-08-08 23:46:04,85177656,000000000513b53839933b252befed912b483de3a4f628cddd5187fc0de64fbe,e64fbe,4,双,小
2026-08-08 23:46:16,85177661,000000000513b53d91df31f5613769d5ec5be00da098e8108f69b6b1529fda75,9fda75,5,单,大
2026-08-08 23:46:28,85177664,000000000513b54030b233ef8f88e9aaa3448f48ea4d930dcab6ace558e92822,e92822,2,双,小
2026-08-08 23:46:39,85177668,000000000513b5449bb4e5bebd3c6664a9e3da9cd38e202385042abe8f8c11b1,8c11b1,1,单,小
2026-08-08 23:46:50,85177671,000000000513b54746fe3ee350c22975722901f7b4e20c0e6e5f9c3527bc5b77,bc5b77,7,单,大
2026-08-08 23:47:01,85177676,000000000513b54c233bf37ddabfb9e65919f4b09157042f0b6d0e27d0513939,513939,9,单,大
2026-08-08 23:47:13,85177679,000000000513b54fc297e177b43d601853eee87495607dc5c8b225673f69b9ef,69b9ef,9,单,大
2026-08-08 23:47:25,85177683,000000000513b55307cec11bd866009ef05abafca4558b2e52d320b4cf108723,108723,3,单,小
2026-08-08 23:47:36,85177687,000000000513b557ce6107c909239724e51c974b3e5bd1f54f4e8f8ec7983adc,983adc,3,单,小
2026-08-08 23:47:49,85177691,000000000513b55b600a2f9712df159b3cdafb9ce0239c8a629f5a680ca6909e,a6909e,9,单,大
2026-08-08 23:48:00,85177695,000000000513b55fcc13178f9bc72a28ccc4bfa1e95726e2eb3ec48df70f4515,0f4515,5,单,大
2026-08-08 23:48:11,85177698,000000000513b562cd0c20d211863583c0943fe6176964a2b0cb1732ceb88f4e,b88f4e,4,双,小
2026-08-08 23:48:22,85177702,000000000513b56618067d0957bfe6fc74ae39e8b97303de6e680b540163d3bc,63d3bc,3,单,小
2026-08-08 23:48:33,85177706,000000000513b56a3e51dda54b46993df888368acf33667be0d9763af74af086,4af086,6,双,大
2026-08-08 23:48:44,85177710,000000000513b56e84fee6340ad3ba2c3674c5a01f24280d8de8040be0295a8e,295a8e,8,双,大
2026-08-08 23:48:55,85177713,000000000513b571a0c7890253c526e8f32428979b46e60b90538f0d7edbc2ab,dbc2ab,2,双,小
2026-08-08 23:49:07,85177718,000000000513b576b97ffc616f65939aeb4130e37992468487ed5ce34a0e3309,0e3309,9,单,大
2026-08-08 23:49:19,85177722,000000000513b57a7a2158f5ea5491abddc14f815a66dbd857d1625d350c6ce8,0c6ce8,8,双,大
2026-08-08 23:49:31,85177725,000000000513b57d312d44866f3e971a00d7ce5db3ee4de05f0550b7e327372a,27372a,2,双,小
2026-08-08 23:49:41,85177729,000000000513b5812aec135f60dd8a8641df0f8ba3df86e25c6395fd982f5a54,2f5a54,4,双,小
2026-08-08 23:49:52,85177732,000000000513b58430a63789311c14d15377db6ffdf2cd8d168a3a4114b051fb,b051fb,1,单,小
2026-08-08 23:50:03,85177736,000000000513b588997abcddb498c8e52a913cca55505fad76a2598b10718b5b,718b5b,5,单,大
2026-08-08 23:50:15,85177740,000000000513b58c87c678469bf623b2f606056ef80638e5feed21c3cc5f77c6,5f77c6,6,双,大
2026-08-08 23:50:26,85177744,000000000513b59084a3485571e0d5d97f40e8c141b4407b130273099ca5f188,a5f188,8,双,大
2026-08-08 23:50:37,85177747,000000000513b5936bb6fee0aeef8018eb80f2ca6567bc7f0ad2da2cc259934e,59934e,4,双,小
2026-08-08 23:50:48,85177750,000000000513b59663942d1fb176da308c76293d72ff1bd8bef9517b94b78a93,b78a93,3,单,小
2026-08-08 23:50:59,85177754,000000000513b59a9afb58306b08629ad78bc62f2a32c84c57fbbda03bfecf65,fecf65,5,单,大
2026-08-08 23:51:10,85177758,000000000513b59e89a436fc21227ea9b896f4c68a3b600f2972d9c9958376f7,8376f7,7,单,大
2026-08-08 23:51:22,85177762,000000000513b5a26492cfa124ce086ddb6000891a41c753fc8ec84b5c9295f7,9295f7,7,单,大
2026-08-08 23:51:33,85177765,000000000513b5a531edca698e8830e3d5c283d8f98fb6f0ad9b7a61886c7634,6c7634,4,双,小
2026-08-08 23:51:43,85177769,000000000513b5a91bf2848697ba890c0c92d7ce962797f8cb944fb51dc72113,c72113,3,单,小
2026-08-08 23:51:54,85177773,000000000513b5ad1e827fe4134fe5d11c87b9fd74af2fe2f31bffdf746cedbc,6cedbc,6,双,大
2026-08-08 23:52:05,85177777,000000000513b5b122c9564e1456e9c0d0454c65263721b28b17c6c51cb596af,b596af,6,双,大
2026-08-08 23:52:16,85177780,000000000513b5b4eed48c726ba35b61357ac51121d5a4f7af39dee543cd9b9d,cd9b9d,9,单,大
2026-08-08 23:52:27,85177784,000000000513b5b892818928373b4e7acece9e792ea5bece74e6775c1c00535b,00535b,5,单,大
2026-08-08 23:52:37,85177788,000000000513b5bc963661cb58eebf68b9e6b8002c0eaea26ffbbf3307e2c6c0,e2c6c0,0,双,小
2026-08-08 23:52:48,85177791,000000000513b5bf2d3e19296df877c4df4610caa64f5c887b3c5d3ec896b890,96b890,0,双,小
2026-08-08 23:53:00,85177795,000000000513b5c31fc7f3f7f655ae03ee0f504a6527ea14469df59c658c80e5,8c80e5,5,单,大
2026-08-08 23:53:13,85177799,000000000513b5c7d448cf6d4a0717ffcfafccb34d8f5ecb8cfe33e3bd12fb02,12fb02,2,双,小
2026-08-08 23:53:25,85177803,000000000513b5cb4be872f489f7a89bee8eceb5ecf214cbcb4d1262a3ca713d,ca713d,3,单,小
2026-08-08 23:53:36,85177807,000000000513b5cfa7b6e41bc61af5e9652c749668ff12ff1f77b7f2c31eb656,1eb656,6,双,大
2026-08-08 23:53:47,85177811,000000000513b5d3cc157dbd3f8bce36e36d03cb4ba41e66d63a57a1a8a0e9b6,a0e9b6,6,双,大
2026-08-08 23:53:57,85177814,000000000513b5d68cde6d99563b0217985f96df3083b66ccc25746fbc0139f6,0139f6,6,双,大
2026-08-08 23:54:07,85177817,000000000513b5d9439dc053aeff19ae83f34c98029e0be33fc3756ea362d1d2,62d1d2,2,双,小
2026-08-08 23:54:18,85177821,000000000513b5dd4dfe2f6a35108ac6d1acb2fddfedd21d684845d285e3def7,e3def7,7,单,大
2026-08-08 23:54:29,85177825,000000000513b5e1a304a3bd4d69c28d294769bf7c98bfe524335232ddd61fd1,d61fd1,1,单,小
2026-08-08 23:54:40,85177828,000000000513b5e43431abce71b3d32a70a2e53636f32bf62d20966efce36a17,e36a17,7,单,大
2026-08-08 23:54:51,85177832,000000000513b5e8f291798b40380f8d2b7d19126247d6df8636fbfed1d7a3de,d7a3de,3,单,小
2026-08-08 23:55:02,85177836,000000000513b5ec35da93065408ef0ad7bbb71da03e9e105e064f5b0b01bff6,01bff6,6,双,大
2026-08-08 23:55:13,85177839,000000000513b5efb89f68721d8f65e4952f7b8e5eca24be536a25b94adc2f81,dc2f81,1,单,小
2026-08-08 23:55:24,85177843,000000000513b5f34b7ce354737d97908a10fb10d64e666d165aa4ea38ac8ad6,ac8ad6,6,双,大
2026-08-08 23:55:35,85177846,000000000513b5f6e497926807b340a60ed102f0fbd286eb9a00b6cdc52e3092,2e3092,2,双,小
2026-08-08 23:55:46,85177850,000000000513b5fa0f79cbe969175218530fe5075a336d47342c9d8c20a9a8da,a9a8da,8,双,大
2026-08-08 23:55:57,85177853,000000000513b5fdf2bb1a48d2559ef857bed45756906e2403f4fcd6ecb53f8b,b53f8b,8,双,大
2026-08-08 23:56:07,85177857,000000000513b601f48e338379259a8301aec268378cf68c37270924bfcf4733,cf4733,3,单,小
2026-08-08 23:56:18,85177861,000000000513b605777a0aadbd96afc81aa47ca4809d3da93b15911535500a4b,500a4b,4,双,小
2026-08-08 23:56:28,85177864,000000000513b6083057fb0328184001b442fa0ce1541e7998cf5d53f219986f,19986f,6,双,大
2026-08-08 23:56:39,85177868,000000000513b60c5fed875aeafe6254ced04d9141adc891e6178ae8828e15dd,8e15dd,5,单,大
2026-08-08 23:56:50,85177872,000000000513b610c50e3ac7771f7afc89c2de7b82395a11378bf132187ab074,7ab074,4,双,小
2026-08-08 23:57:01,85177875,000000000513b613ae754798c748493c86e0134fe3b3ae8c61e58d1c4c5be856,5be856,6,双,大
2026-08-08 23:57:12,85177878,000000000513b616d993b6adbdd2f49b83ba2515af2a0e58b33b3d2b12431511,431511,1,单,小
2026-08-08 23:57:22,85177882,000000000513b61a04e27b92aaa9251699e55d867a22fe432200c519474e199e,4e199e,9,单,大
2026-08-08 23:57:33,85177886,000000000513b61e0fbbfe62d086bb523986dfbff8ec09dda17b79107c05bb88,05bb88,8,双,大
2026-08-08 23:57:45,85177889,000000000513b621e4349b59b9f5ad4ba3b6f6f56f19cc1db3182efe936a0e78,6a0e78,8,双,大
2026-08-08 23:57:56,85177894,000000000513b626ae2fba32dcfd1cff07d2fb74d3c87483a42d43f25192c83f,92c83f,3,单,小
2026-08-08 23:58:07,85177897,000000000513b62984d0a89f4f9b6ee4c95d67ed0bd9fad587deb0af530643a3,0643a3,3,单,小
2026-08-08 23:58:17,85177901,000000000513b62dc17fa0cce6fe329afafdad5cca4e595507ef6cffe9da577b,da577b,7,单,大
2026-08-08 23:58:27,85177904,000000000513b63034e04b9074b02e54a4b7eb7f46c73c4346f6b69e1804b1e4,04b1e4,4,双,小
2026-08-08 23:58:38,85177907,000000000513b633e5ae82af79f43d09ae8226e11afab36171dc360887b8ab5f,b8ab5f,5,单,大
2026-08-08 23:58:49,85177911,000000000513b637c975369c3ebd8f5c674c86d531a7f819a411f9fe0c68d33e,68d33e,3,单,小
2026-08-08 23:58:59,85177915,000000000513b63bcc9bbff1b0dfa1dcc7d97e42de6cd853637a6959e64f9b09,4f9b09,9,单,大
2026-08-08 23:59:10,85177918,000000000513b63e1ba35df7246bff5b52301fc8d67fc9e78965d07e0bb9314d,b9314d,4,双,小
2026-08-08 23:59:20,85177921,000000000513b641ba8eac8bd8b5d297c020a51b99077348c97f45fd2d75c9bd,75c9bd,9,单,大
2026-08-08 23:59:30,85177925,000000000513b64518838124e21737d89070babd963b88d5c239f391cf71c43b,71c43b,3,单,小
2026-08-08 23:59:41,85177929,000000000513b649295e3b9e6d64020e96e6a984e8159fe8e5834bcd8f8490a1,8490a1,1,单,小
2026-08-08 23:59:51,85177932,000000000513b64cfa7e8e39ba46e05b342e90ec2490957b25b7dd116e00dbd1,00dbd1,1,单,小
2026-08-09 00:00:02,85177936,000000000513b6506af8141344e3fee35d564678976d8687e59d0ced1adeea1a,deea1a,1,单,小
2026-08-09 00:00:13,85177939,000000000513b653737a656a08eaa34fb84fa4b6f2ce0a0ad4325c06c16d2bb5,6d2bb5,5,单,大
2026-08-09 00:00:24,85177942,000000000513b656873c8c5643b02b0af457568f59b19854ed4de8c858dff7aa,dff7aa,7,单,大
2026-08-09 00:00:34,85177946,000000000513b65ac4480e7a15f48b2778965da3c16bec2e9315d63dab302cda,302cda,2,双,小
2026-08-09 00:00:45,85177950,000000000513b65e2a4543e0218f8378b5588bb04fae1cec2414f7643fb07a6f,b07a6f,6,双,大
2026-08-09 00:00:55,85177953,000000000513b661310d7eec2aee57636ddc761ae4ec78a932156c000157cf4f,57cf4f,4,双,小
2026-08-09 00:01:06,85177957,000000000513b665ca605815f8a22e7697b81812845e67c3992c3625b9f0996d,f0996d,6,双,大
2026-08-09 00:01:17,85177960,000000000513b668bc61030929c73bba9aac00fe7806248b32878a919ab3249c,b3249c,9,单,大
2026-08-09 00:01:27,85177964,000000000513b66cbece1c467b09e89a357555d75094a6392ad24dcd0daa4f86,aa4f86,6,双,大
2026-08-09 00:01:39,85177968,000000000513b670c6d34499adda46575ff08319ca1d2c87fdda289512ecde2e,ecde2e,2,双,小
2026-08-09 00:01:50,85177972,000000000513b67418bb5e40d491268a2332d423e4e1c723a6818213d87739af,7739af,9,单,大
2026-08-09 00:02:00,85177975,000000000513b677d8482db0fc14f0af5e0e512466ed0722c6d3609e2d36b685,36b685,5,单,大
2026-08-09 00:02:11,85177979,000000000513b67b077f482ce90abb2e05d762b930f07d2cb774dfbe6e14a91f,14a91f,1,单,小
2026-08-09 00:02:22,85177982,000000000513b67edf51be918a1de71ada0ffcd44b729b3a60438849f811d49f,11d49f,9,单,大
2026-08-09 00:02:32,85177986,000000000513b6821c5bc848a8acaa9db6c3bb6706e844439ba76355dd65b8f4,65b8f4,4,双,小
2026-08-09 00:02:43,85177989,000000000513b685c893eed4010324f758fd9d3822461e911c0bb20f7d49705d,49705d,5,单,大
2026-08-09 00:02:53,85177993,000000000513b689e4200629b134a8daac9aec97962a2238c9381f7960efda58,efda58,8,双,大
2026-08-09 00:03:04,85177996,000000000513b68c72cd51f1eece544cd900f2d34ac06a33f0352c37c6c69dc7,c69dc7,7,单,大
2026-08-09 00:03:16,85178000,000000000513b690a9a5c1b1078748dec0b1a9290f852feee4a0eb28882c4e3d,2c4e3d,3,单,小
2026-08-09 00:03:27,85178004,000000000513b6949f464ed3a1f237bf7393ca48d121f65a661393745fc8920b,c8920b,0,双,小
2026-08-09 00:03:39,85178008,000000000513b698ea1eeea8469f7fa7fc648d96fd1bc89bcb110505192ae9b7,2ae9b7,7,单,大
2026-08-09 00:03:51,85178012,000000000513b69cff6d14d49acc153dbcfd61d45bf67fcdc83c3d9e798ca28e,8ca28e,8,双,大
2026-08-09 00:04:02,85178016,000000000513b6a06ef934616b164a5a29785c0fdaf95d308825cd1b07b4e08f,b4e08f,8,双,大
2026-08-09 00:04:13,85178019,000000000513b6a3bbbaba32a9193f5efa77ed39e0c7116381fa23fb3a24414c,24414c,4,双,小
2026-08-09 00:04:24,85178022,000000000513b6a64ee99fccebbea2a01c46fd782db576710c169d2dde2f2ccc,2f2ccc,2,双,小
2026-08-09 00:04:35,85178027,000000000513b6ab9600f191ae2d1646685aa7df71fbc24ed9e1e50558893371,893371,1,单,小
2026-08-09 00:04:47,85178030,000000000513b6ae9a49e9b7061014554d113f2430b12cc3e27ad5e6db67d673,67d673,3,单,小
2026-08-09 00:04:57,85178034,000000000513b6b297b92faf94f4531ce78b507bd91004cf8e1f646411bb0946,bb0946,6,双,大
2026-08-09 00:05:08,85178037,000000000513b6b5fbd33368c8d3b1728ec83f4072d39e9212529463879d42e1,9d42e1,1,单,小
2026-08-09 00:05:19,85178041,000000000513b6b9c133a633abd90499e4b653651b0f233e4b64cd161f6faa1f,6faa1f,1,单,小
2026-08-09 00:05:31,85178045,000000000513b6bd011045726762813e04a4d454aeb84ad6d91cc8d6bb3107b3,3107b3,3,单,小
2026-08-09 00:05:43,85178049,000000000513b6c1e0a2c6faf629d9142b58a22d853684a69897253bcfcefd21,cefd21,1,单,小
2026-08-09 00:05:55,85178053,000000000513b6c5037a8be4c548d2f2c879c086542da361fd0cbcc584f138f7,f138f7,7,单,大
2026-08-09 00:06:07,85178057,000000000513b6c98a3d9f59ca5dd2130827e1f923f6848518ab712900d809b7,d809b7,7,单,大
2026-08-09 00:06:19,85178061,000000000513b6cd55c00f8f56aad0848d80846ae13a049d097ceb9659e76190,e76190,0,双,小
2026-08-09 00:06:30,85178065,000000000513b6d1526e3a44d9b225a7f07d853ffffb8ea23d298a4033e48bea,e48bea,8,双,大
2026-08-09 00:06:42,85178069,000000000513b6d529565ff4212c8f595e0157c60f00a0e4e76054007b84d475,84d475,5,单,大
2026-08-09 00:06:54,85178073,000000000513b6d99101fe15359eeb106b61bc9a447b6e8ebc4ce070c9a3c226,a3c226,6,双,大
2026-08-09 00:07:06,85178077,000000000513b6dde08f2f575b43b4c4bc08cea6ba2466a639431d9ec7b59593,b59593,3,单,小
2026-08-09 00:07:17,85178081,000000000513b6e122233b172b7e5781aae6e75e413d6ab7fe2f32fe04cc0b9e,cc0b9e,9,单,大
2026-08-09 00:07:28,85178084,000000000513b6e49bbb632f678841e494e29a1accd2786e6453b89a0c7114bf,7114bf,4,双,小
2026-08-09 00:07:39,85178088,000000000513b6e87a359b24cd5ab1e9eb64a01ea2529987c6e56c2a8b69df34,69df34,4,双,小
2026-08-09 00:07:49,85178092,000000000513b6ec1cffe8ebc8011ef8bc266e6c49ad7268dea54f182dbbee19,bbee19,9,单,大
2026-08-09 00:08:00,85178095,000000000513b6efe6345476d2e799c3d16acd655d94ba836eed09280d76b32f,76b32f,2,双,小
2026-08-09 00:08:10,85178098,000000000513b6f2556abe67d3adbcb42414b222817371cd085f6201f02899ba,2899ba,9,单,大
2026-08-09 00:08:21,85178102,000000000513b6f6467616f200a2c84a1e7070c03366bf885cb62f8a76f44469,f44469,9,单,大
2026-08-09 00:08:32,85178106,000000000513b6fae00f25fb6a9b495abcc88672762dcfd5c3127e5ff4c036ea,c036ea,6,双,大
2026-08-09 00:08:43,85178109,000000000513b6fd2a33c86c6f92cec3ed098422c2c377465b03bcc62148a71b,48a71b,1,单,小
2026-08-09 00:08:53,85178112,000000000513b700da631ba6afc6a62baa697e57c1ddd1d6d2051874d31fc25e,1fc25e,5,单,大
2026-08-09 00:09:04,85178116,000000000513b70483eb5e067c3ffa04f2b6a00d6e58cb09d502827d6ddfdbcd,dfdbcd,6,双,大
2026-08-09 00:09:15,85178120,000000000513b70855dbf98b96dd621481565008ddd378889b44e8f4fd6a5105,6a5105,5,单,大
2026-08-09 00:09:25,85178123,000000000513b70bbf757973ebf8b8191eeec15d69e4f3b1f5a4ab025fa9ab2f,a9ab2f,2,双,小
2026-08-09 00:09:36,85178127,000000000513b70f538a938cec79125f218f681113083344d27bd6e0940c518d,0c518d,8,双,大
2026-08-09 00:09:47,85178130,000000000513b712ef4a32eb71347783298a0eedeea7184b87203cf7ff542756,542756,6,双,大
2026-08-09 00:09:58,85178134,000000000513b716e941212a8200cdc69f05198c0b7daf838f4a401d64e4c861,e4c861,1,单,小
2026-08-09 00:10:09,85178138,000000000513b71a3faadf88b92c1e54455bbd20d9e6e12f7bcd916c61aeabfc,aeabfc,1,单,小
2026-08-09 00:10:21,85178141,000000000513b71d61797fd83c9704ca0170bc27b9d638aeed3b2a13b4ae684c,ae684c,4,双,小
2026-08-09 00:10:33,85178146,000000000513b722e53aa079009bd0ec607364f2f590637f8bcf7e2b6e4488a9,4488a9,9,单,大
2026-08-09 00:10:45,85178150,000000000513b7260a5c5b4eae814862adb86b712e73e6a796493152119baeed,9baeed,9,单,大
2026-08-09 00:10:56,85178154,000000000513b72a4347655ccf1d8baefcd473aaa6d7a9933566786c49ad2b98,ad2b98,8,双,大
2026-08-09 00:11:08,85178157,000000000513b72d22f8135caabf95136446bcf54fe1855c448a1e1bb37f1ca5,7f1ca5,5,单,大
2026-08-09 00:11:19,85178161,000000000513b7311f683d253918035afd6367e89b656b51e49ddff1dc7ca40d,7ca40d,0,双,小
2026-08-09 00:11:31,85178165,000000000513b735cfe0a74b75314bc3db740a54efea088e9181b18fa890bd86,90bd86,6,双,大
2026-08-09 00:11:42,85178169,000000000513b7394bdc506720eb1fffc25e221910248408b7968e14ddc55c15,c55c15,5,单,大
2026-08-09 00:11:54,85178173,000000000513b73dd1a450d682d935291258a06a9fceeda90b7ea5cbabf193d2,f193d2,2,双,小
2026-08-09 00:12:05,85178176,000000000513b74013feb550ff5b609278e77dd1e4057dbb9d7b20cd1a2e643a,2e643a,3,单,小
2026-08-09 00:12:17,85178180,000000000513b744ebe839813697c93f65a0d6ba8d9fb956289f5b167f7f3f2c,7f3f2c,2,双,小
2026-08-09 00:12:29,85178185,000000000513b7491e5a3d648fde439b85dac13e3bf47387bbd0637ae01be0c6,1be0c6,6,双,大
2026-08-09 00:12:40,85178188,000000000513b74cceca9032df5b44e77627afce55f44983e84566cd86082d4a,082d4a,4,双,小
2026-08-09 00:12:51,85178192,000000000513b750a7ad285bdc5f9a42d4706061e96095b1b50d7eb33da775d7,a775d7,7,单,大
2026-08-09 00:13:03,85178196,000000000513b75437fa3ce388216ff86371fb335e8e2d7840f6c226fe0e690f,0e690f,0,双,小
2026-08-09 00:13:15,85178200,000000000513b758c7fc2f1cc3177582093e14b64b167098bd9ce2f190934977,934977,7,单,大
2026-08-09 00:13:25,85178203,000000000513b75b078746f0a2dba6fa69de9c8b29ae3c34a4269446eef6cc9c,f6cc9c,9,单,大
2026-08-09 00:13:36,85178207,000000000513b75f43c77819c683a61478e1b67d11cb928e9c430c876a7dfdfc,7dfdfc,7,单,大
2026-08-09 00:13:47,85178210,000000000513b762b61a0563255016118ea7bb728f2c7f6125744c1fdbffa116,ffa116,6,双,大
2026-08-09 00:13:57,85178214,000000000513b7668382029a7db659a0b8dad7873a7b860a316149e3180d8ce3,0d8ce3,3,单,小
2026-08-09 00:14:08,85178218,000000000513b76a9f89188615b609c5e829c59d749b98497a36ecff0e463559,463559,9,单,大
2026-08-09 00:14:18,85178221,000000000513b76dd31a00cc84dbd4626eca0fd2b7cc51c0e7956282e3dba4f3,dba4f3,3,单,小
2026-08-09 00:14:28,85178224,000000000513b7705e5d4a58a57e27f7a33c1439c17c1c36fd565eccfbfaf034,faf034,4,双,小
2026-08-09 00:14:39,85178228,000000000513b7745fa37772da764560ddfcc3c8f864c968336f6c63b12d54a8,2d54a8,8,双,大
2026-08-09 00:14:49,85178232,000000000513b77887e52ea6494846d0a5451c7ad896eaf2a1e18c76204322a6,4322a6,6,双,大
2026-08-09 00:15:00,85178235,000000000513b77bf6091f5112fca77d3e572fd459782b2c3c059c626089565d,89565d,5,单,大
2026-08-09 00:15:11,85178239,000000000513b77f9bd196c0fc8e720d49b7f78aea3e2503214373dc71b0c16b,b0c16b,6,双,大
2026-08-09 00:15:21,85178242,000000000513b78257be7596854bf4a6960a51358fa87b80b32ca5081307d407,07d407,7,单,大
2026-08-09 00:15:32,85178245,000000000513b7850ac68a91d4120edf352c5503be8b829b83dc0ce4c355f51b,55f51b,1,单,小
2026-08-09 00:15:42,85178249,000000000513b7899c8e242ca4879bc6df44ada25b20048b1114316de3c69fd6,c69fd6,6,双,大
2026-08-09 00:15:54,85178253,000000000513b78dac77998241f7389747c5c48db2ee90ff555839ae86766449,766449,9,单,大
2026-08-09 00:16:05,85178257,000000000513b7914d8700a8d331c722f1b6870b9c52cbcc856f53534ca15e05,a15e05,5,单,大
2026-08-09 00:16:17,85178261,000000000513b795293fa75b516d89ee0fcd8afcf504e3f72aa312e4ae17ea9c,17ea9c,9,单,大
2026-08-09 00:16:28,85178264,000000000513b79855ac75a15efa32e89cc4d3b6e5c9589e4f2cc22a62d5c0ed,d5c0ed,0,双,小
2026-08-09 00:16:39,85178268,000000000513b79c470f0f5a440851e49ea31ec6a65e022dfb10952359ca7d70,ca7d70,0,双,小
2026-08-09 00:16:50,85178272,000000000513b7a0fde70ba7968edc9b49f3ec887f12d2df88f1a90069613c91,613c91,1,单,小
2026-08-09 00:17:01,85178275,000000000513b7a371c7dac9d92b387bc025226155d2f8123d907b5df648d59c,48d59c,9,单,大
2026-08-09 00:17:12,85178279,000000000513b7a75976053de107bf941dd1b2768f0069e19881522638ee1ca3,ee1ca3,3,单,小
2026-08-09 00:17:23,85178282,000000000513b7aa3312b9ae1ed1468a187d8485409937a516fda83ebaf5f63f,f5f63f,3,单,小
2026-08-09 00:17:34,85178286,000000000513b7ae9815d1b095ad5ab792053efc4b85dd489341c5a3c39ce6fb,9ce6fb,6,双,大
2026-08-09 00:17:45,85178289,000000000513b7b1171eecc0d9bc692b20da7bf2414f479de74ab238adbdbf9a,bdbf9a,9,单,大
2026-08-09 00:17:56,85178293,000000000513b7b500310f67ee5e3a2bf0ee35bcc9cc205785fc0a5ed46e57ff,6e57ff,7,单,大
2026-08-09 00:18:07,85178297,000000000513b7b9e2ced8b68b5be78a9eed61be953df8e8e9c468073ef8909f,f8909f,9,单,大
2026-08-09 00:18:19,85178300,000000000513b7bc5b8a0251caa558b1faf1231f328cf01b813e785771c7fbea,c7fbea,7,单,大
2026-08-09 00:18:31,85178305,000000000513b7c1f2e81b2e960318f65bdc28a4a728f8c0d99d146c1d6bb661,6bb661,1,单,小
2026-08-09 00:18:43,85178309,000000000513b7c5576b6a3212e09c0fbd4bf0047d0b4689eb2ce62b7b4ca5d2,4ca5d2,2,双,小
2026-08-09 00:18:55,85178313,000000000513b7c94be2223ee1f87d351ffa46958e9bdfd42a59abe12b0ff2a3,0ff2a3,3,单,小
2026-08-09 00:19:06,85178318,000000000513b7ceed0c9a722dedd9dcce0b479a57203323046fed521272b933,72b933,3,单,小
2026-08-09 00:19:17,85178320,000000000513b7d06a2305959b3a7e151ca0437810dd377c5c640b60d45534fc,5534fc,4,双,小
2026-08-09 00:19:27,85178323,000000000513b7d341b87debb6bfee597b257b2211822e97e5f60cb94c0f77ad,0f77ad,7,单,大
2026-08-09 00:19:39,85178328,000000000513b7d81bed0cf42830f36f14c03342ef71e3114d5aeb5c40f75a40,f75a40,0,双,小
2026-08-09 00:19:49,85178331,000000000513b7db52c92e3505c2defa09c7cc1178d02e5f1222298fd3881b24,881b24,4,双,小
2026-08-09 00:19:59,85178335,000000000513b7df61aff2959be65fa7510d2f4d9c9b99f07f207dd1ef00cd4e,00cd4e,4,双,小
2026-08-09 00:20:10,85178338,000000000513b7e25fa518cfcdcb9513bd62e9905560c5144bb9bdd706e373a4,e373a4,4,双,小
2026-08-09 00:20:20,85178341,000000000513b7e535166ac68fb0a6e66f165df5ca1c5e647e55a27178ee8b92,ee8b92,2,双,小
2026-08-09 00:20:31,85178345,000000000513b7e944112acefab2811632974e47f2e512c253d5f648e0640869,640869,9,单,大
2026-08-09 00:20:43,85178349,000000000513b7edc7deb247e881d19613fc5ad89d51c8442a0d99d64e77e61b,77e61b,1,单,小
2026-08-09 00:20:54,85178353,000000000513b7f149171e49fd2455ec99805ec6e0a8aed436e66464ec87bb9d,87bb9d,9,单,大
2026-08-09 00:21:05,85178357,000000000513b7f5914c26dcc17ce6ce26b3dd48a5e0468b2653c338a3869348,869348,8,双,大
2026-08-09 00:21:16,85178360,000000000513b7f876b9a719d938bcf6d9161daa91f4365c937474524f4612f1,4612f1,1,单,小
2026-08-09 00:21:27,85178364,000000000513b7fcd7f7447419aa73b1d8725192f4fe5cb86dfdd89ecd37b169,37b169,9,单,大
2026-08-09 00:21:38,85178368,000000000513b80039f5d9c64f184aaca368fd31260ee28a6a39c97e0b472556,472556,6,双,大
2026-08-09 00:21:48,85178371,000000000513b803d4838557cdef9e425439a94bb4f1a306b3e41759d11ffb46,1ffb46,6,双,大
2026-08-09 00:21:59,85178374,000000000513b806f7c32c36fa9d79a15a4681cfe3836f4b88fd2a8ed526e1b5,26e1b5,5,单,大
2026-08-09 00:22:10,85178378,000000000513b80a92f3bf1565fa0f48cce89df4ec738974523905ac72061d46,061d46,6,双,大
2026-08-09 00:22:20,85178381,000000000513b80d69e37e8b1aa616a3ed4bfb7cbaa67e833d11852fd4648f94,648f94,4,双,小
2026-08-09 00:22:30,85178385,000000000513b811446929fce9b89b7250467f66630d48730861835fa78a2066,8a2066,6,双,大
2026-08-09 00:22:41,85178388,000000000513b814ce57d7e965901be0215d611590213354f153def50da62245,a62245,5,单,大
2026-08-09 00:22:52,85178392,000000000513b818772be528319f755e99e1a044e4bcb5856e402db768918d96,918d96,6,双,大
2026-08-09 00:23:02,85178396,000000000513b81c150ade49fccf221ea4de3b520dc5d06252161287a0b56ca0,b56ca0,0,双,小
2026-08-09 00:23:13,85178399,000000000513b81f51035435494c9ace0259d2bf3440a99672e27857cd3acb5a,3acb5a,5,单,大
2026-08-09 00:23:24,85178403,000000000513b82384830d899596d57838d7b22b4bca9a7d995c765443eb548a,eb548a,8,双,大
2026-08-09 00:23:35,85178407,000000000513b8276720b9e1fb2ebec2a323986f98f385874831cf6de6e56faa,e56faa,6,双,大
2026-08-09 00:23:46,85178410,000000000513b82ab706267070cb59748d281bde50084b20678ca349916da477,6da477,7,单,大
2026-08-09 00:23:57,85178414,000000000513b82e451e1eca022edb41c0e671201c43f5e31ca29037538749d4,8749d4,4,双,小
2026-08-09 00:24:08,85178418,000000000513b8326c295770f05b619f1047306773bbb7464a2d63810361a209,61a209,9,单,大
2026-08-09 00:24:18,85178421,000000000513b835bece1aa5125b757e33d3c37f21bfe7d5db2aa43035f98c47,f98c47,7,单,大
2026-08-09 00:24:28,85178424,000000000513b838c48d7400b54c8765e0740ac473b91c9b1a0d486b244ccaf4,4ccaf4,4,双,小
2026-08-09 00:24:38,85178428,000000000513b83c36c000f8d0525a136174a8050ba0be47c50e263e6695ad8b,95ad8b,8,双,大
2026-08-09 00:24:48,85178431,000000000513b83ffd76809d3c08febc88019f088e0a5b76bd1d6bfbbc43ad9e,43ad9e,9,单,大
2026-08-09 00:24:59,85178434,000000000513b84200dd3c67d6493fd3e3881498423b69800bc7d7c5f027b21a,27b21a,1,单,小
2026-08-09 00:25:09,85178437,000000000513b845d32fb264328cd1f9e9076801ef462e007599645181a8f093,a8f093,3,单,小
2026-08-09 00:25:19,85178442,000000000513b84a730097c40b2cb60b616ec59ca20a7164a5e051f89f72d93a,72d93a,3,单,小
2026-08-09 00:25:29,85178445,000000000513b84d6d4c86b4333df34b49c6a968eec8a607c294a7e4ab28bacb,28bacb,8,双,大
2026-08-09 00:25:39,85178448,000000000513b850883ac75c5c8076a197940d77c4d2615bade064285fc2ee29,c2ee29,9,单,大
2026-08-09 00:25:49,85178452,000000000513b854dc3d6970f52d933f9e06d27ad0c3ceacf50bb4607d38ffbe,38ffbe,8,双,大
2026-08-09 00:26:00,85178455,000000000513b8573a48542e7f2c412d1fb9a47c6fee3dbe586d94718f42ace2,42ace2,2,双,小
2026-08-09 00:26:11,85178458,000000000513b85ac25c21792db02c119e1519c0d32f3abc4382d7b5ec0c9207,0c9207,7,单,大
2026-08-09 00:26:23,85178462,000000000513b85eb31224f043d10b3b049c53c15d6855885c20f8662ac98dee,c98dee,8,双,大
2026-08-09 00:26:34,85178466,000000000513b8625fcb1c389501294251f537195768d185c40c92806968efee,68efee,8,双,大
2026-08-09 00:26:44,85178470,000000000513b866f0b69aa4c1a3b5c92c063ecb07f35013bdb33a26997eead8,7eead8,8,双,大
2026-08-09 00:26:55,85178473,000000000513b869448e04c2c54eeaaf0a3bb0cddf605b5d0e0abb7ce1f59efb,f59efb,9,单,大
2026-08-09 00:27:05,85178477,000000000513b86d20b939690cb470c8b964487c7e3cbe739665645a748a697a,8a697a,7,单,大
2026-08-09 00:27:16,85178480,000000000513b87053fcb642f983d660fa82823874c80371e371138ef5f28017,f28017,7,单,大
2026-08-09 00:27:26,85178483,000000000513b873e86222ef0b917e8c3793b0d4f3aaf18124201b89f1cf3bf6,cf3bf6,6,双,大
2026-08-09 00:27:37,85178487,000000000513b87792116b16460eeb37a27b0e46d9a180479f34cc70a7543ef5,543ef5,5,单,大
2026-08-09 00:27:47,85178490,000000000513b87aebfeff5adb4b3fb2e10dea0444620772e4265b77424ebbb9,4ebbb9,9,单,大
2026-08-09 00:27:57,85178494,000000000513b87e693bb209a396f66f6897ae1995079cabe9c557eed00b0e85,0b0e85,5,单,大
2026-08-09 00:28:08,85178498,000000000513b8821fbbcb57a265825baca35d9630c39b43c102da09ce8fffd7,8fffd7,7,单,大
2026-08-09 00:28:18,85178501,000000000513b8856c4fd9a0014fb51c7ce01789f5e86e8dfdbb76ff52af6bd4,af6bd4,4,双,小
2026-08-09 00:28:28,85178505,000000000513b8894259da594bc169ba69eb898eca6468fa73c85f8f12a9b1b3,a9b1b3,3,单,小
2026-08-09 00:28:39,85178508,000000000513b88c3a3fac72e56f8da6514a9f913726f508150318c2e415b704,15b704,4,双,小
2026-08-09 00:28:49,85178511,000000000513b88f5e417740f101fc2ba72a50623ce64c003cf99381c68ce4c2,8ce4c2,2,双,小
2026-08-09 00:28:59,85178514,000000000513b8926f55147f85afbac0eb6a9d5f9949923c3b6bdb1817497d04,497d04,4,双,小
2026-08-09 00:29:09,85178517,000000000513b895a17de1865f28aff88dadff6e3c73146216cd9cab2bd71d57,d71d57,7,单,大
2026-08-09 00:29:20,85178522,000000000513b89aa5c1450c694952f3c23f3f75ac9bcccb8e6dfa9d2a649d64,649d64,4,双,小
2026-08-09 00:29:31,85178526,000000000513b89e566549414041c97d29212c06d2735f2d00d4962f2ee1476d,e1476d,6,双,大
2026-08-09 00:29:41,85178529,000000000513b8a1eeeb5509421d6fd5cec92f8e46020d6e3bb31b60d8adc199,adc199,9,单,大
2026-08-09 00:29:52,85178532,000000000513b8a47d7454fbb62f1c6a3dbab4ba4b6fb3f4e4cab161a51aa4d6,1aa4d6,6,双,大
2026-08-09 00:30:02,85178535,000000000513b8a77a49c6b835f4f8356738315fb69df4a8d8ea16c9055b50bb,5b50bb,0,双,小
2026-08-09 00:30:12,85178539,000000000513b8abeba4a11f8a5ebdb69f81904070506f185314beedd81c83dd,1c83dd,3,单,小
2026-08-09 00:30:24,85178543,000000000513b8affaa018a2eb41a850c6f934d903329272db0e4d6efc714953,714953,3,单,小
2026-08-09 00:30:35,85178547,000000000513b8b373faba6f7aa40563dd92dfc1f38857960479a9acddd7a5b7,d7a5b7,7,单,大
2026-08-09 00:30:45,85178550,000000000513b8b60873a7280eb7169472beeda099e34294ed259da66e2ebc25,2ebc25,5,单,大
2026-08-09 00:30:55,85178553,000000000513b8b9b2092a9f12d5793a20d23702c58b63d1e7992a98a9346748,346748,8,双,大
2026-08-09 00:31:05,85178556,000000000513b8bcdca87ea0de11165a167fbc3776c7d6c05ea68310a3428b4c,428b4c,4,双,小
2026-08-09 00:31:15,85178561,000000000513b8c114ad033833bb8e702fb3e6402d0389131deff0cc94a605c6,a605c6,6,双,大
2026-08-09 00:31:26,85178563,000000000513b8c349086c6ad92351d935aefa5c03c3bf832e5402e0b4669e40,669e40,0,双,小
2026-08-09 00:31:37,85178567,000000000513b8c75b85de6f83ac9854cbea55c383f17ff83a35d98767fdfcc2,fdfcc2,2,双,小
2026-08-09 00:31:47,85178570,000000000513b8ca8345e467d927928f2f7dbff165d4b0aa6df6c9223ef218d6,f218d6,6,双,大
2026-08-09 00:31:57,85178574,000000000513b8ce712c6b09dc37546afd82a05ed8b6412c53d6eb9b1f7e66a1,7e66a1,1,单,小
2026-08-09 00:32:08,85178578,000000000513b8d225f4627901fb9359b893c68b530042f7fe22535235fcd049,fcd049,9,单,大
2026-08-09 00:32:20,85178582,000000000513b8d62c91b85a01bd560a299b6e5910dff873d0fd50eba1ad57d5,ad57d5,5,单,大
2026-08-09 00:32:30,85178585,000000000513b8d9815948a08155dadcfecdc065e36f1f2bd8a1aa416d27c389,27c389,9,单,大
2026-08-09 00:32:41,85178589,000000000513b8dde2874bf5ca635f020b004e0ca8503644430bf6c816f0a94a,f0a94a,4,双,小
2026-08-09 00:32:52,85178592,000000000513b8e0f35c7f1f45bdfecc69d3f901f78fb6354eac6a7bba225354,225354,4,双,小
2026-08-09 00:33:02,85178595,000000000513b8e3aea16fff4c6e43b24082d3cf0681cdd861ff1b4dd8a502c3,a502c3,3,单,小
2026-08-09 00:33:13,85178599,000000000513b8e7125a57dc9be82e80e80ad3095454e07691ef573fdcdc29b9,dc29b9,9,单,大
2026-08-09 00:33:24,85178603,000000000513b8eba035f5cc13f55d9a30e61391c7c95a29fd59adfb8cf7c983,f7c983,3,单,小
2026-08-09 00:33:34,85178606,000000000513b8eea00a61a322c27ac7df3230c90d9ecebd30d82efbf00c8cdf,0c8cdf,8,双,大
2026-08-09 00:33:45,85178610,000000000513b8f2c48ddd79c11557a7b6a6f0f52fcd3b2397478eaa780acf06,0acf06,6,双,大
2026-08-09 00:33:56,85178613,000000000513b8f502c67d39caee7bf50558ac538c70b454d2287d9ee206ff1f,06ff1f,1,单,小
2026-08-09 00:34:07,85178617,000000000513b8f9e077d0afaf464f57040da3be36971307d846d8f9309b3907,9b3907,7,单,大
2026-08-09 00:34:18,85178621,000000000513b8fd5274ed0f1892ad105275eb9afb778567c147d23f00f9116f,f9116f,6,双,大
2026-08-09 00:34:28,85178624,000000000513b9005d9448d082044a36ee3adb773ff05d40a5f9d5b87942ef00,42ef00,0,双,小
2026-08-09 00:34:39,85178627,000000000513b90303fd71cacc7000c741837452d79f624f25beb1affa960d83,960d83,3,单,小
2026-08-09 00:34:49,85178631,000000000513b9075c3579e90fa1330900a933e821f32ce8297007a602dbbccd,dbbccd,2,双,小
2026-08-09 00:35:00,85178635,000000000513b90b38c2ba0b02a99c766e351b8c03822d282d9434273d976458,976458,8,双,大
2026-08-09 00:35:10,85178638,000000000513b90ec74aef0bd56dd3ccfacf73024f2a44da625b1e7fab3e8b45,3e8b45,5,单,大
2026-08-09 00:35:21,85178642,000000000513b912db174531d451f307dfd12185dd2a079e09431e8d94fd3492,fd3492,2,双,小
2026-08-09 00:35:31,85178645,000000000513b9151cae1ead56adc5d42ba5038110a08e47f6d9275a11bc155c,bc155c,5,单,大
2026-08-09 00:35:41,85178649,000000000513b919d29391f221082deef39f9cb9701fb575bba6ea1aa6de03d5,de03d5,5,单,大
2026-08-09 00:35:52,85178652,000000000513b91c1af8a50f2baa46a40e68a3a0ae99736ceb61a9a1a6e4c89a,e4c89a,9,单,大
2026-08-09 00:36:02,85178656,000000000513b9206c6a153fdbe94c75633833cfe606dd1130b7d3c4a169a3b3,69a3b3,3,单,小
2026-08-09 00:36:13,85178659,000000000513b923cf8e133ff87e1ae2a56a0be62f4af941c00b79fcbca55cda,a55cda,5,单,大
2026-08-09 00:36:24,85178663,000000000513b9270bcfb0ad9ba0987eb3280ffef11d970d7d995c54a3c37186,c37186,6,双,大
2026-08-09 00:36:35,85178666,000000000513b92a0dd327a6ff7ebf64b87a21947df9c11fe85f11e8557154b7,7154b7,7,单,大
2026-08-09 00:36:45,85178670,000000000513b92ee9883cb05b5e9113b37d0302f4990ec60de2cc9a295700f2,5700f2,2,双,小
2026-08-09 00:36:56,85178674,000000000513b932a631705bf03538c1bc294d6c7746dc71b651f87e2ee19722,e19722,2,双,小
2026-08-09 00:37:08,85178677,000000000513b9357e70d5dad4bd17539ed699aa44dc9cce8693f20b7c8fc088,8fc088,8,双,大
2026-08-09 00:37:18,85178681,000000000513b93950e6eab89ac6c8e7823442419e60be350c5a7ed28de7506e,e7506e,6,双,大
2026-08-09 00:37:28,85178684,000000000513b93cf7aa0a6cc0295683bc5b271d89bc46087bf08585e50b7d43,0b7d43,3,单,小
2026-08-09 00:37:38,85178688,000000000513b9403621fc591a355eca6193f816df25c85bbe105f41389acdae,9acdae,9,单,大
2026-08-09 00:37:49,85178692,000000000513b9440ad01afbc18cfa261a0d6d610bc615e3cab3a7f1d1d1341e,d1341e,1,单,小
2026-08-09 00:37:59,85178695,000000000513b947c8dac5c80d1f0d6893882140f7e4f976d1627a42a29ed64b,9ed64b,4,双,小
2026-08-09 00:38:09,85178698,000000000513b94a7ca010c7b07dc9c658f153946c3528678f79b773922c227e,2c227e,7,单,大
2026-08-09 00:38:19,85178701,000000000513b94d139c4404f83971d90873b77c014a73d3782a82dd83f8e42a,f8e42a,2,双,小
2026-08-09 00:38:29,85178705,000000000513b9516b0aa51f9d4b9703fef93e17b9a67fb7778b477909787f88,787f88,8,双,大
2026-08-09 00:38:39,85178708,000000000513b95447d94c4a32ac12660c4c2853458e5a8b5c1841dcacfaa115,faa115,5,单,大
2026-08-09 00:38:50,85178712,000000000513b9584dc92cefa290b9ad34e40ecc173fa814f58f96e5a9f0aeb8,f0aeb8,8,双,大
2026-08-09 00:39:00,85178715,000000000513b95b9567af056aff98b77d9a98b490c7fbf9763410f62f767f95,767f95,5,单,大
2026-08-09 00:39:10,85178719,000000000513b95f8e049a66993648de88ed22837bfcfd72cf9d2d65eb9a2328,9a2328,8,双,大
2026-08-09 00:39:22,85178723,000000000513b963198af5ca36cf2f533c4491b68808ad4ae1112e74528cd189,8cd189,9,单,大
2026-08-09 00:39:32,85178726,000000000513b9668637e4cf0486e325963df72cd664644de0bdf1a7ab45a401,45a401,1,单,小
2026-08-09 00:39:42,85178729,000000000513b969946f78d427124bf4cbdc5f2da12868ad05efb1da43747b9d,747b9d,9,单,大
2026-08-09 00:39:52,85178733,000000000513b96dd698c2d7fae0d23bc68fdb0629eee2841896da3af0cb3470,cb3470,0,双,小
2026-08-09 00:40:03,85178735,000000000513b96f675ca0ea47f6047286a5c68d80941fa096939850042c0e01,2c0e01,1,单,小
2026-08-09 00:40:13,85178740,000000000513b9749a9945728cd779eb10064a0bdca651cc085f91541c07c325,07c325,5,单,大
2026-08-09 00:40:23,85178742,000000000513b97618ec0b5c76191cc7c5809cebd2dadd19f9860e8a45e73e64,e73e64,4,双,小
2026-08-09 00:40:33,85178745,000000000513b979e36883b70554bd9daea5e0ebb59bc130e8e47e09bfdce74c,dce74c,4,双,小
2026-08-09 00:40:43,85178749,000000000513b97d25db18626812e3714e6210a291464c80610ffe4259833d40,833d40,0,双,小
2026-08-09 00:40:53,85178753,000000000513b981363a70eb1df1901c998f84cbe9085c65987aa68080e101f0,e101f0,0,双,小
2026-08-09 00:41:04,85178756,000000000513b9847e935637e0bd6102e31326173d6b99bedb2a5e1bcea53945,a53945,5,单,大
2026-08-09 00:41:15,85178760,000000000513b9886cf4825a7821a3d0676f14b5ab9e737785cfa93d0f8bec12,8bec12,2,双,小
2026-08-09 00:41:26,85178763,000000000513b98b01197e08521a67386d1644d5b1b323355201cd4472223ce4,223ce4,4,双,小
2026-08-09 00:41:36,85178767,000000000513b98febf5dea75b5fa89a1717362a8900adcb0f53ef4801a8deef,a8deef,8,双,大
2026-08-09 00:41:47,85178771,000000000513b9938763fff9f41764af8b9d4445d31c8813f5ec4e3beb4fcc9e,4fcc9e,9,单,大
2026-08-09 00:41:57,85178773,000000000513b995b5c64187f4a9db34ff2fb9dd3202ae265adecc9cab8e4ab6,8e4ab6,6,双,大
2026-08-09 00:42:08,85178778,000000000513b99aafde41510bf8235b674fd375045c261fb8ea6c3dd6da2e9c,da2e9c,9,单,大
2026-08-09 00:42:20,85178782,000000000513b99e58c07e9734d8a59639c60477edcb285a10a188d1e0cac803,cac803,3,单,小
2026-08-09 00:42:31,85178785,000000000513b9a113e806051b55eb213af64d653337f718698536aae3ef9d1b,ef9d1b,1,单,小
2026-08-09 00:42:43,85178789,000000000513b9a5dc1e2344e298e00bed061d45e0a402ee583d0739f556f073,56f073,3,单,小
2026-08-09 00:42:54,85178793,000000000513b9a9e518f56a95b962455fafb946a23246c0eac8d213c316f0e4,16f0e4,4,双,小
2026-08-09 00:43:06,85178797,000000000513b9ad55bc7b7cf3599c6ffa37ba4448d5dcb6aec429a69a8a2a02,8a2a02,2,双,小
2026-08-09 00:43:17,85178801,000000000513b9b129a08be9167365bda7dec4c02e369abef24d1d30fe3984cd,3984cd,4,双,小
2026-08-09 00:43:28,85178804,000000000513b9b4971b52dc21f1396da2dfcd011b12067d17a6737490f1d99b,f1d99b,9,单,大
2026-08-09 00:43:39,85178808,000000000513b9b81f3cd086b6510fade766e7dd272f14562c4eaf8bc986e93c,86e93c,3,单,小
2026-08-09 00:43:50,85178812,000000000513b9bc4f71606b24c6fcb32705608288c818728fd2f31867e056da,e056da,6,双,大
2026-08-09 00:44:03,85178815,000000000513b9bfae36c6f1aabdb80acb888cd2582da75c2accdd9c44e42ad5,e42ad5,5,单,大
2026-08-09 00:44:14,85178820,000000000513b9c4c1bc84f1cf543bc228099c717f035462ec2266decafd732b,fd732b,2,双,小
2026-08-09 00:44:24,85178823,000000000513b9c72f13f1397fa379c882579ea4a29f371487ba4986c1f83b51,f83b51,1,单,小
2026-08-09 00:44:35,85178827,000000000513b9cbc06e50f815f85d670784b966b19258299031b54bb60c07ec,0c07ec,7,单,大
2026-08-09 00:44:45,85178830,000000000513b9cef45a0a021a4c0783cc4dea83fe374bb2502939b203e36426,e36426,6,双,大
2026-08-09 00:44:55,85178834,000000000513b9d2bdbacd088733cb9f1adf51ae8f4933f2ed5848548fb59160,b59160,0,双,小
2026-08-09 00:45:05,85178837,000000000513b9d5c6a8332d6248f2d1c938bf352176773739abaf0df62771ee,2771ee,1,单,小
2026-08-09 00:45:16,85178840,000000000513b9d882f88c7228af84b2568e26159e4376e47bb248b7d1143683,143683,3,单,小
2026-08-09 00:45:27,85178844,000000000513b9dcce6581aff0c5ba30490f544afbdf78b8af38643c00459242,459242,2,双,小
2026-08-09 00:45:37,85178847,000000000513b9dff63d30bbee95d7971963110fd8fbb1bc064d96e301def488,def488,8,双,大
2026-08-09 00:45:47,85178850,000000000513b9e2f61c844054d83cae87abd3e9b5364e832fe1cfd6b38844aa,8844aa,4,双,小
2026-08-09 00:45:58,85178854,000000000513b9e668377305ae1e547760ba3b17b1d89341bd34041e760a2209,0a2209,9,单,大
2026-08-09 00:46:08,85178857,000000000513b9e976a2a06cbe615188313221e40eedda2279c065975ffd2d25,fd2d25,5,单,大
2026-08-09 00:46:19,85178861,000000000513b9edf8ce1dc07a5bcb5966a984e212c8221368f0eec64e8764b5,8764b5,5,单,大
2026-08-09 00:46:29,85178865,000000000513b9f117d4573fdea590aad09899f65b69d263018067695ec25b64,c25b64,4,双,小
2026-08-09 00:46:39,85178868,000000000513b9f40f7050d739e005179ba7b1bc57aa845d5a6d6cc8356b91b1,6b91b1,1,单,小
2026-08-09 00:46:49,85178871,000000000513b9f77553f840f24eaef34afdd536a0a757e225114a0264a09269,a09269,9,单,大
2026-08-09 00:46:59,85178874,000000000513b9fad1634ed151ef42495334d0715de1bc5e2a5d92a2228d16d9,8d16d9,9,单,大
2026-08-09 00:47:09,85178878,000000000513b9febe95fb9a62b59735afe65c7f150f0d0078395c18a537e53d,37e53d,3,单,小
2026-08-09 00:47:19,85178881,000000000513ba01a344e664e1c36d04c2f0d2c9f20f744a22ff9c380dbd87d6,bd87d6,6,双,大
2026-08-09 00:47:29,85178884,000000000513ba0449335ec40911b42187246c7070c9f110982dbf8d68d61d87,d61d87,7,单,大
2026-08-09 00:47:38,85178888,000000000513ba089884d26b508a7cccecbebb36d0a575cad1378d4e3d1079d8,1079d8,8,双,大
2026-08-09 00:47:48,85178891,000000000513ba0bda1863b7c7f4833daadb5276b1a86b602d1f4a56753c84d5,3c84d5,5,单,大
2026-08-09 00:47:58,85178894,000000000513ba0e06282656b55476870d516b0ef3f90a175d01d8248f0cfa35,0cfa35,5,单,大
2026-08-09 00:48:09,85178898,000000000513ba12e7fd556f2980ca544a1c4db373621f551e65163a88ffff2b,ffff2b,2,双,小
2026-08-09 00:48:19,85178901,000000000513ba15c2ffbfc422161569b2c3b4b47b40340a927a3aacac17da8c,17da8c,8,双,大
2026-08-09 00:48:29,85178905,000000000513ba19ca4ae77664bdb019a9916c4f7049fb967c3559c5a43a6df5,3a6df5,5,单,大
2026-08-09 00:48:39,85178908,000000000513ba1c2ec4059f37eb1395bb42d9a31b650a46f8c1436d5addf04c,ddf04c,4,双,小
2026-08-09 00:48:49,85178911,000000000513ba1f4e215d00eeda7d6ed4c84e7930b0ae4ff48098a818a136c3,a136c3,3,单,小
2026-08-09 00:49:00,85178915,000000000513ba230990f59a84e4a96a89d57e438bf36d5a6cbd319c1ef4f3fc,f4f3fc,3,单,小
2026-08-09 00:49:11,85178918,000000000513ba26b56ea5f4d101bbcdca537cd1a5800a432c5d699f9e527f9b,527f9b,9,单,大
2026-08-09 00:49:21,85178922,000000000513ba2aea011d60b5afc919e1db1521dc850ffef6c266da01d4b83e,d4b83e,3,单,小
2026-08-09 00:49:31,85178925,000000000513ba2dcd075b72c16051275a15b25138e7b87be0d5c2ae9a4bc464,4bc464,4,双,小
2026-08-09 00:49:41,85178928,000000000513ba3073371f990ed07c0e31f910c5c97b601e4ce1d64c2cd55a11,d55a11,1,单,小
2026-08-09 00:49:52,85178932,000000000513ba34e312a3a557a915f243f98decb76b8d592e3b35855db30593,b30593,3,单,小
2026-08-09 00:50:02,85178935,000000000513ba37e8b148afaf5d6a0bf22bf664dac06e334e37ed8bb56f77cc,6f77cc,7,单,大
2026-08-09 00:50:13,85178939,000000000513ba3b1227a2adc15eea2abffcf8088be8488921e7d9f8790ffedf,0ffedf,0,双,小
2026-08-09 00:50:23,85178942,000000000513ba3e810248a2fb88f6d2d81d8251165e179064e5dfc328f2a3e3,f2a3e3,3,单,小
2026-08-09 00:50:33,85178946,000000000513ba42a32ab188bc638493162877271fdd2ea55e7a885ec9f8a945,f8a945,5,单,大
2026-08-09 00:50:43,85178949,000000000513ba45445be4d233d584e38f780ff1cda1da6869efa4d41cc87128,c87128,8,双,大
2026-08-09 00:50:53,85178952,000000000513ba48133d8a5025088740cd6080aafe21f8047fe192820fa2dccf,a2dccf,2,双,小
2026-08-09 00:51:03,85178956,000000000513ba4c2f552b351869674682efe3938d1573a03b967a169dd86954,d86954,4,双,小
2026-08-09 00:51:14,85178959,000000000513ba4fbf1c8755d23677b4e63d61af75dc7ef0f1b68812b2eb2ccc,eb2ccc,2,双,小
2026-08-09 00:51:24,85178963,000000000513ba53db769f17fb446919db8748fd8a8e3b8d0e73400e88f4cdc2,f4cdc2,2,双,小
2026-08-09 00:51:35,85178966,000000000513ba56620c89dd6a7326324be53b293a31f3ad6410547929138cd0,138cd0,0,双,小
2026-08-09 00:51:44,85178969,000000000513ba598cf1dfc132d6313ef4223032a6f472af1b01e50dc34ede2e,4ede2e,2,双,小
2026-08-09 00:51:55,85178973,000000000513ba5ddd3046ca676e553590fa8e61d1265a4ceb385770a6641c9e,641c9e,9,单,大
2026-08-09 00:52:05,85178977,000000000513ba61c28887061019605ef0f34973b75a780368112b5c0a7fee34,7fee34,4,双,小
2026-08-09 00:52:15,85178980,000000000513ba64ed436d6aceb4bc7380321dc3c36bf0fa6f68531f4194c830,94c830,0,双,小
2026-08-09 00:52:25,85178984,000000000513ba6880c6c4429a2b6bf406700a121996f3836d899acfc46bd6bb,6bd6bb,6,双,大
2026-08-09 00:52:35,85178987,000000000513ba6bb5039695cb803ada8339111b17007dc2609fd7744544eacf,44eacf,4,双,小
2026-08-09 00:52:46,85178990,000000000513ba6e472c3d451245645a7d255b2b41afcb2dd11aa0d248053fc8,053fc8,8,双,大
2026-08-09 00:52:57,85178994,000000000513ba72e7d3c5a2623ebf15f266388ebe408eed08f270543be4911d,e4911d,1,单,小
2026-08-09 00:53:07,85178997,000000000513ba75adfb06fcaa01f4158ca4d9418dff2b27c5afb98b28778039,778039,9,单,大
2026-08-09 00:53:19,85179001,000000000513ba799cd566566dfbcf91f8261b75604796a93db7b3948c1af787,1af787,7,单,大
2026-08-09 00:53:29,85179004,000000000513ba7c0dab0884652c9b1068da857f2ff7fbd650c1808981a64b0b,a64b0b,0,双,小
2026-08-09 00:53:40,85179008,000000000513ba8061824f8339861ca3d72aa76fe0ea28dfd4eaf4d85f8b5334,8b5334,4,双,小
2026-08-09 00:53:50,85179012,000000000513ba84c085c425f8c10744c841cbae6fc5f0013069b99bc6111324,111324,4,双,小
2026-08-09 00:54:00,85179015,000000000513ba87dff47e563c0bdbc9b95da0dd69634fea3abea806560007ab,0007ab,7,单,大
2026-08-09 00:54:10,85179018,000000000513ba8a2ecfb4d8d30caa51224db9aa0e3e4d28fb6fe8e64eddcb53,ddcb53,3,单,小
2026-08-09 00:54:20,85179022,000000000513ba8e7601a0c44d8bf1f85e8f66fbeedca1d11cdde48dac0d68f1,0d68f1,1,单,小
2026-08-09 00:54:30,85179025,000000000513ba91fad27ac899e8e9866f770316a337de319bffd3f391241d85,241d85,5,单,大
2026-08-09 00:54:40,85179028,000000000513ba9438ad3d31c6dc9c167851641236a0bd5e0ab66c0c39e3b5f3,e3b5f3,3,单,小
2026-08-09 00:54:50,85179031,000000000513ba978ea2c6e1e7b082031dd76b9598a1c59e6603c4c1fc3121b2,3121b2,2,双,小
2026-08-09 00:55:00,85179035,000000000513ba9bca53b7954a944526aee4d01fdfcb766e5041e859e341aa65,41aa65,5,单,大
2026-08-09 00:55:11,85179038,000000000513ba9e284ad637fe81b928c4a643e7e5d9d4963b78a3cd2d9262d9,9262d9,9,单,大
2026-08-09 00:55:22,85179042,000000000513baa21965d7bf208855eede06879c4349f096a872b6d60742580e,42580e,0,双,小
2026-08-09 00:55:32,85179045,000000000513baa515b8c44450b44395ac0be0fcb8f969a50235a2c785ec7b5a,ec7b5a,5,单,大
2026-08-09 00:55:42,85179049,000000000513baa90dd8b8e738c8350b2b23d11ecf78b2be773748f2e3a08a1d,a08a1d,1,单,小
2026-08-09 00:55:52,85179052,000000000513baac4600e9b6ff9504bd72f494c1d6e86c11c05376e04bf213ce,f213ce,3,单,小
2026-08-09 00:56:02,85179056,000000000513bab0205087a1f956a137ecba9be3c2b1c5d7ffde26b792fe6241,fe6241,1,单,小
2026-08-09 00:56:12,85179059,000000000513bab3886f6d215a513c47f225ffda0aa1dbeda73a52864234481e,34481e,1,单,小
2026-08-09 00:56:23,85179062,000000000513bab6474dd61f26fb365b2f45cfc734fb200bccff025b13c6ac15,c6ac15,5,单,大
2026-08-09 00:56:33,85179066,000000000513baba98ef374f77dbcb0f83ab403e408f53faecc24a34f3a96fb3,a96fb3,3,单,小
2026-08-09 00:56:43,85179069,000000000513babd66fb55c7136da4489efa4d86a2c8961317110037ca17f04f,17f04f,4,双,小
2026-08-09 00:56:53,85179072,000000000513bac0752ba356aa213eca6c45d492d0af2824049c9d07fcb6ce7c,b6ce7c,7,单,大
2026-08-09 00:57:03,85179076,000000000513bac42dd7cd44bcdcff126b0c0096b075182f295abe44a259b3cf,59b3cf,3,单,小
2026-08-09 00:57:13,85179080,000000000513bac83c206788e85ea4b6a86861b25ab2e5a820079831c5beb224,beb224,4,双,小
2026-08-09 00:57:23,85179082,000000000513bacaba199ddc7c21657565738f95db0a83f8f1b731c396aad923,aad923,3,单,小
2026-08-09 00:57:33,85179087,000000000513bacf5504cd7084f75539d20108afdadf650aa66519f9c66b1658,6b1658,8,双,大
2026-08-09 00:57:43,85179089,000000000513bad13dee0fabcf4c837f9041c33e317d792222dc9b006221fce7,21fce7,7,单,大
2026-08-09 00:57:53,85179092,000000000513bad403fab616a02591aee691ca67e1bd559a13a26760fa18881f,18881f,1,单,小
2026-08-09 00:58:03,85179096,000000000513bad8034c93a4c8341b257ca071543066e44e00573dcbeab7c09c,b7c09c,9,单,大
2026-08-09 00:58:13,85179099,000000000513badb14048486075ab42c1e4e46cb08e54e00fdfb1ccc65974c88,974c88,8,双,大
2026-08-09 00:58:23,85179102,000000000513bade7bad8c6d178875a14b57e3f520c7360e1dfefefc6280cd79,80cd79,9,单,大
2026-08-09 00:58:33,85179105,000000000513bae1bbfd3a18c0debac03b93551db2700f61f1cd06735c225cd4,225cd4,4,双,小
2026-08-09 00:58:42,85179110,000000000513bae643163a3e600eb991e4a1721279cb6ef3ca15e63e0206214d,06214d,4,双,小
2026-08-09 00:58:53,85179113,000000000513bae9246b953fe9c11da77108e48149019d770d847fc58bc2a5dd,c2a5dd,5,单,大
2026-08-09 00:59:03,85179116,000000000513baecb145f43309b40163028dc4f5e3e60cb26e9d841554baa709,baa709,9,单,大
2026-08-09 00:59:14,85179120,000000000513baf0e65db860f774914a0bdc3b0256eb707810b67c06c03db222,3db222,2,双,小
2026-08-09 00:59:25,85179123,000000000513baf3dda933b4c50bc24b6429b19e2833bf703058c730d84d1664,4d1664,4,双,小
2026-08-09 00:59:35,85179126,000000000513baf6564d2bfdd172ceeb8b6f0257c065768a9a0cf667eaed5e38,ed5e38,8,双,大
2026-08-09 00:59:45,85179130,000000000513bafa1f0b4fa0f89899c19342898e07f9bdff7dc30b9fe3e80d79,e80d79,9,单,大
2026-08-09 00:59:55,85179133,000000000513bafda871cabe7e0e89267177b4d8cc7d0183a3f45708ce2d9a2f,2d9a2f,2,双,小
2026-08-09 01:00:05,85179136,000000000513bb009a19787e237930377bf20ec764aa2f1efb0aa61acd8da604,8da604,4,双,小
2026-08-09 01:00:15,85179140,000000000513bb04f1d0b11229451b97b1d3eeef587403e6e47adfb493e5e7f9,e5e7f9,9,单,大
2026-08-09 01:00:26,85179143,000000000513bb076b63568df88ee35ec9369a7bbda58a888f628336672d0298,2d0298,8,双,大
2026-08-09 01:00:36,85179147,000000000513bb0b9bfae7fa467daaaa58215d79c8d2e2e853120dc386c9beaf,c9beaf,9,单,大
2026-08-09 01:00:46,85179150,000000000513bb0efffbc5de40fee1922dfde0611dea2e02f19674bd67f3fa7f,f3fa7f,7,单,大
2026-08-09 01:00:56,85179153,000000000513bb112adea7856a74b8e06fb0a54124dbc8bc16c129d391c5d0bd,c5d0bd,0,双,小
2026-08-09 01:01:06,85179157,000000000513bb15c117372d944d696017a7b06699230ad0c6df3fe545727ea8,727ea8,8,双,大
2026-08-09 01:01:17,85179160,000000000513bb181834a751ce8c1fb84a5e8875d4a1f3f856b34d5550b7726e,b7726e,6,双,大
2026-08-09 01:01:27,85179164,000000000513bb1cd3c370958ec43f7554a5f0d49d8f3fbf227086ccfda39e62,a39e62,2,双,小
2026-08-09 01:01:37,85179167,000000000513bb1f98a17c23a05edc97f13349989cdb359059214b8bf8205828,205828,8,双,大
2026-08-09 01:01:47,85179171,000000000513bb236eef36e40a90780c38942154eb3873a58d2c2a2c2377c8a7,77c8a7,7,单,大
2026-08-09 01:01:58,85179174,000000000513bb268d5fab36670579569b81cd83835780771106524c4ac13588,c13588,8,双,大
2026-08-09 01:02:09,85179178,000000000513bb2acc9d7ff52700ce35da4652bd92d59707f2fc588ac620fee3,20fee3,3,单,小
2026-08-09 01:02:19,85179181,000000000513bb2d9f81f41157d6d4cc3087ef25711a7c7e711e62353a752d46,752d46,6,双,大
2026-08-09 01:02:29,85179185,000000000513bb318de0332b47d9ae2db5df6685d8a67c03ef79de99c101379e,01379e,9,单,大
2026-08-09 01:02:39,85179188,000000000513bb34a8279a454c4b11ba61032f6abfea1cfc181ed47245c9d8b6,c9d8b6,6,双,大
2026-08-09 01:02:49,85179191,000000000513bb3767412fc5f936e2bd00bf43f049f1ed514d4b4650c4f3fc49,f3fc49,9,单,大
2026-08-09 01:03:00,85179194,000000000513bb3a6594cc875d96db5efde5391a39ba8a2342d68c15b4c1cdcb,c1cdcb,1,单,小
2026-08-09 01:03:10,85179198,000000000513bb3e0c22d483071b36601b04e8a67f3572ab7a061e757685dc27,85dc27,7,单,大
2026-08-09 01:03:21,85179202,000000000513bb42d25b5c60a12f4e2c1dade88fc97cf35d3dc1213c27de06a0,de06a0,0,双,小
2026-08-09 01:03:32,85179206,000000000513bb46f52c1e51d5351e6d08132973a9d620f6ab8061deeec5632c,c5632c,2,双,小
2026-08-09 01:03:42,85179209,000000000513bb49a55b9e5672b72e49a23d43304a343b349415a5f1ea0d37b2,0d37b2,2,双,小
2026-08-09 01:03:53,85179212,000000000513bb4c8776768a79c2b5711318f36b9a4fedb75db1bb79d6ddc08e,ddc08e,8,双,大
2026-08-09 01:04:03,85179216,000000000513bb50fdf93130bf279d75e1617a75816d08950a3e1e27ae43f2c9,43f2c9,9,单,大
2026-08-09 01:04:13,85179219,000000000513bb53b32c57799f973fa5573207e209a0fd265460886694f45d64,f45d64,4,双,小
2026-08-09 01:04:23,85179223,000000000513bb577831f2b131f8331cfa4fb0d9581475b98d74be971c53ea4d,53ea4d,4,双,小
2026-08-09 01:04:33,85179226,000000000513bb5a1af2287fe1cfdae488f46951a60f99c08b8123e04aaa7a3d,aa7a3d,3,单,小
2026-08-09 01:04:43,85179230,000000000513bb5eaccab87283ed57d8747ed0c7c8b25d482838f1445ab30f46,b30f46,6,双,大
2026-08-09 01:04:53,85179232,000000000513bb60ea26ea2df7e6465d109f6bbcc1b6c554ab3d13be2e80c76e,80c76e,6,双,大
2026-08-09 01:05:04,85179236,000000000513bb64bb3a88f4fe7e4bc5146a7039754a4c086c4bb1132d31c69a,31c69a,9,单,大
2026-08-09 01:05:14,85179240,000000000513bb68080ac964ec93ea809949adaf29f9b9046dddf70e03d4aef3,d4aef3,3,单,小
2026-08-09 01:05:24,85179243,000000000513bb6bbf1c02ee2c1418358523768070fe8d21d7af4a9864df17c7,df17c7,7,单,大
2026-08-09 01:05:35,85179247,000000000513bb6f20835649c47c04b397c28dd4e9bef9cce1640b42177f02e2,7f02e2,2,双,小
2026-08-09 01:05:45,85179250,000000000513bb72a69167fff03e7aa13f859fc74321e2774b1124fa2d7b003a,7b003a,3,单,小
2026-08-09 01:05:55,85179253,000000000513bb75200245d60c24bfd621bacb4164d69553d2420dc7092a1d82,2a1d82,2,双,小
2026-08-09 01:06:04,85179256,000000000513bb78ea861e24c2be6cac59f678fea0d5dd0a50e6e3f33017a69b,17a69b,9,单,大
2026-08-09 01:06:15,85179259,000000000513bb7b91903f78cd4b17a6af9dbbeaa289fe19e2ef3279c7f51e5e,f51e5e,5,单,大
2026-08-09 01:06:25,85179263,000000000513bb7f11fca81986fca01f06554ca9884c93be14fb92501d8c9ab8,8c9ab8,8,双,大
2026-08-09 01:06:36,85179267,000000000513bb83b9775f4b32f0907ab2ca8a1cd629d1ddf795f4e6c147844b,47844b,4,双,小
2026-08-09 01:06:46,85179270,000000000513bb86312189c3821923644235e50c99156a30403075062b4b3dd7,4b3dd7,7,单,大
2026-08-09 01:06:56,85179273,000000000513bb8984060663392b9fdcdeede37e67dbe2f3eaca34318c5ab7e0,5ab7e0,0,双,小
2026-08-09 01:07:06,85179277,000000000513bb8df5cffebd359ed41cfb5671dc45eb38b80560ef5559a5cfd3,a5cfd3,3,单,小
2026-08-09 01:07:17,85179280,000000000513bb900e3ace92c9d6ea964f1039cebc297d65793e5f1c8b8636bf,8636bf,6,双,大
2026-08-09 01:07:26,85179283,000000000513bb93305a8d25e677641bd34bdae052b0880dd1c795a65fdf7e1c,df7e1c,1,单,小
2026-08-09 01:07:37,85179287,000000000513bb97c3eb27250faeb2a113f5d4c64a0f3f9df8cd4edc86720802,720802,2,双,小
2026-08-09 01:07:47,85179291,000000000513bb9b77673024a9d6804e10cef75fc4873c37a0a001c30099741b,99741b,1,单,小
2026-08-09 01:07:57,85179294,000000000513bb9e72e01245e7e16a38c8c6ad3fb9245c2192f0f9a9b3d7b831,d7b831,1,单,小
2026-08-09 01:08:08,85179298,000000000513bba2264be0bc8b11ff15e05edd7ead9043ab3f496ef58d5644e8,5644e8,8,双,大
2026-08-09 01:08:18,85179301,000000000513bba57d5b7968631506a20c418da16e3fbd3f00151624a501a07b,01a07b,7,单,大
2026-08-09 01:08:28,85179304,000000000513bba82bb6b68db66a92c0f1e820d78684574dca6d2b200c9d6a9e,9d6a9e,9,单,大
2026-08-09 01:08:38,85179308,000000000513bbac690c4bc78016b442055c72a354c10b8bf294f8174cfec69b,fec69b,9,单,大
2026-08-09 01:08:48,85179311,000000000513bbaf7da6bc2ec0deeb55a4d556380fe8e45d52e2835348bc3d38,bc3d38,8,双,大
2026-08-09 01:08:58,85179314,000000000513bbb2d386bd804aa63de5786d9dd2bc32beb6643abbe837219c0b,219c0b,0,双,小
2026-08-09 01:09:08,85179318,000000000513bbb68f690a2251b8c7b9e21cdd3537eed43d32e044c3f2f7b7b8,f7b7b8,8,双,大
2026-08-09 01:09:18,85179321,000000000513bbb9f2e6e34757cce36aeb864c3bb2256ba8cf9494bd11423626,423626,6,双,大
2026-08-09 01:09:28,85179324,000000000513bbbc7b81e9d79b203c2416f57d1a2c8e7777d8cc7b6b5be744c2,e744c2,2,双,小
2026-08-09 01:09:38,85179328,000000000513bbc05ac48006503ee19a29f7b48fcbfe02d7a0ee8381ba2fc31b,2fc31b,1,单,小
2026-08-09 01:09:48,85179330,000000000513bbc2fc4840781118e8aa5233c5ff70ea2c65429b8ed774396f4e,396f4e,4,双,小
2026-08-09 01:09:58,85179334,000000000513bbc6c36c9a54df230d70101ef1f42722f218ea8542655f8bcf3f,8bcf3f,3,单,小
2026-08-09 01:10:08,85179337,000000000513bbc9626ccf9c00df3784cce60319246f29b58c6123de561f5c0a,1f5c0a,0,双,小
2026-08-09 01:10:18,85179340,000000000513bbcc5c1d6f3fc3772716572396e88742765792e1b35598014468,014468,8,双,大
2026-08-09 01:10:28,85179344,000000000513bbd0db0756cf5f80cf36ba65c969d41f12cf818556f84148aeb1,48aeb1,1,单,小
2026-08-09 01:10:38,85179348,000000000513bbd48f3b2d6101bc253720c31c685e654396ffaed0c72024ca04,24ca04,4,双,小
2026-08-09 01:10:48,85179351,000000000513bbd76c9b7f49e00127d35f49f299e26faca9462408539ab26242,b26242,2,双,小
2026-08-09 01:10:58,85179353,000000000513bbd98e67bc269bfbbdeece3ffde9876b5c2b608a27981f28cf8d,28cf8d,8,双,大
2026-08-09 01:11:08,85179357,000000000513bbdd75e4334a5ae29a45719f5db02954a4ee5457d2035fd0618e,d0618e,8,双,大
2026-08-09 01:11:18,85179361,000000000513bbe13a480c5a7aa671ac8181cec2e111298f38c80d1a1596391d,96391d,1,单,小
2026-08-09 01:11:28,85179364,000000000513bbe4d354a1b5971eef6907fb11589bcd245a6d07604c23143466,143466,6,双,大
2026-08-09 01:11:38,85179367,000000000513bbe72284b8a1dfd31c261b6b214de6cbbbbe3a16798b1a72425c,72425c,5,单,大
2026-08-09 01:11:48,85179371,000000000513bbeb344d95acddfac502cdf67c4cfa8d897c2ff320aac351eed3,51eed3,3,单,小
2026-08-09 01:11:57,85179374,000000000513bbee6e89ac025f648e208346058cf8a5efa289b096fbd2931afb,931afb,1,单,小
2026-08-09 01:12:07,85179377,000000000513bbf120a0cfab640492db929c4bd00aff44d9e4ab7a316f886565,886565,5,单,大
2026-08-09 01:12:17,85179380,000000000513bbf4ec46adef77cc61997a7eb4d8ae5d90e55b9ad89587f12ee2,f12ee2,2,双,小
2026-08-09 01:12:27,85179384,000000000513bbf85839515ab057af104b668993f1165226be3f73f825181767,181767,7,单,大
2026-08-09 01:12:37,85179387,000000000513bbfb23c35ca75732608b26883cff33a1df261ec52171f37c06fd,7c06fd,6,双,大
2026-08-09 01:12:47,85179390,000000000513bbfe08979696467d6b9b892ecf43b2656546fba1422114d13229,d13229,9,单,大
2026-08-09 01:12:57,85179394,000000000513bc02cb48c998a6996a51e81a20592ef6b435ffc52f9cfc086aa2,086aa2,2,双,小
2026-08-09 01:13:07,85179397,000000000513bc05b84c1db4098206e59a172e562f0cba2f2a261243579a08b3,9a08b3,3,单,小
2026-08-09 01:13:17,85179400,000000000513bc081b77946b5e8f9818a8e06670fe96aabdab64d499f79aa447,9aa447,7,单,大
2026-08-09 01:13:27,85179404,000000000513bc0cc9219d23b740f1f90ca1a44703f3bd3cbee23a8252592556,592556,6,双,大
2026-08-09 01:13:37,85179407,000000000513bc0fcbc78cdbd8edcfc5b01213bbdcf3bbfb88866c89780562c9,0562c9,9,单,大
2026-08-09 01:13:47,85179410,000000000513bc12a736b84552237043557dc9774b66a0b114c5b22d39353bd7,353bd7,7,单,大
2026-08-09 01:14:01,85179414,000000000513bc1611d256e4e0d62a6ffb806531f50e9ce27f21b3b6dcaca2c8,aca2c8,8,双,大
2026-08-09 01:14:15,85179420,000000000513bc1cb50456f66e7bd735f0355849312ac3dec1982aaebb8e7b16,8e7b16,6,双,大
2026-08-09 01:14:28,85179424,000000000513bc2028d5b3a214139bf97dae82073ac2b4cb4c76fec05c48210d,48210d,0,双,小
2026-08-09 01:14:43,85179430,000000000513bc26c21b9ee73971a57a10e00e13bc38f8ce8707a01d06b5f556,b5f556,6,双,大
2026-08-09 01:14:53,85179433,000000000513bc29b28b3380b5d32a93e6487c1194b3ab9347c5e64912871ac4,871ac4,4,双,小
2026-08-09 01:15:04,85179436,000000000513bc2cda11364192c92237a687f5801e44fe6c324eb4a95ce8f130,e8f130,0,双,小
2026-08-09 01:15:14,85179440,000000000513bc30203372b8b55a95fc1e8660c52c82c890f521060abe33873c,33873c,3,单,小
2026-08-09 01:15:25,85179444,000000000513bc34279dc09a1df5f2e950d4dbe7b4d02038f11599f8e514b857,14b857,7,单,大
2026-08-09 01:15:36,85179447,000000000513bc37a7de215742fe0726ca15a405472cf71dfaec592e2dd4b076,d4b076,6,双,大
2026-08-09 01:15:47,85179450,000000000513bc3aae10942a3198fe8c7f2f2d7b011c8b05200a35f6f5fe4d4f,fe4d4f,4,双,小
2026-08-09 01:15:57,85179454,000000000513bc3ee69f0c764ae8db55a90e9a01bfd97f4f5b427ef29fdf41a8,df41a8,8,双,大
2026-08-09 01:16:08,85179457,000000000513bc41d1b02115994429bc3cf2322f0404cf707c7e07695a2276bf,2276bf,6,双,大
2026-08-09 01:16:18,85179461,000000000513bc4572d62fa12de5ec75be12bcc3e958538c81910137f86f5e14,6f5e14,4,双,小
2026-08-09 01:16:29,85179464,000000000513bc481c2357ef05dbd94d5c5d1317828181e86a40855d7456230d,56230d,0,双,小
2026-08-09 01:16:38,85179468,000000000513bc4c85d0585122973abc08ba45c751074712268341c5566be0e9,6be0e9,9,单,大
2026-08-09 01:16:49,85179471,000000000513bc4f8491be1bf02b67187eb2578fc683d451fce29e1ab49f1849,9f1849,9,单,大
2026-08-09 01:16:58,85179474,000000000513bc528da8824418b174118507d610f2cddeaabd61ddae89ca0556,ca0556,6,双,大
2026-08-09 01:17:08,85179478,000000000513bc56b00317e730a2a22f985aad4de86d21dd5bd552d536f4c05b,f4c05b,5,单,大
2026-08-09 01:17:18,85179481,000000000513bc592d41074afc7e88a43f1c2969cb1e02621d317f25a6734ba0,734ba0,0,双,小
2026-08-09 01:17:28,85179484,000000000513bc5c08396eae32c234a6fd16d86f92be76669e433426fe3c53c7,3c53c7,7,单,大
2026-08-09 01:17:38,85179488,000000000513bc600cdf9a00dac7a8eae721e33aac702a4ffc67aa096367a680,67a680,0,双,小
2026-08-09 01:17:48,85179491,000000000513bc63ad3404900558c360501530430c9a9701664176c5d707db04,07db04,4,双,小
2026-08-09 01:17:58,85179494,000000000513bc669ea3ee4e4fc9b74935444c941a82d7362cfa1392fb9e41b0,9e41b0,0,双,小
2026-08-09 01:18:08,85179497,000000000513bc69115a4f72455149c93dd110da89b3b26edf6a56658b89901a,89901a,1,单,小
2026-08-09 01:18:19,85179502,000000000513bc6e1de5ae6c866b880973d899643cc079b30eb4ffbfdbb61a97,b61a97,7,单,大
2026-08-09 01:18:29,85179505,000000000513bc718c5a39e9c9a9e64d6e67be5e12d31ff4398b71d69b95d9b2,95d9b2,2,双,小
2026-08-09 01:18:40,85179509,000000000513bc75fa0a1e14760147c9132878073b7a0592c7895288cb628a47,628a47,7,单,大
2026-08-09 01:18:51,85179512,000000000513bc78aa0d945b3e0935c5d9768a1a795801662e71ce88f585afd2,85afd2,2,双,小
2026-08-09 01:19:02,85179516,000000000513bc7c3f5e3deab261c2e4f2effd70ef19cfc373741c1609e41a65,e41a65,5,单,大
2026-08-09 01:19:13,85179519,000000000513bc7faf7b155438f05f432e82a6256cb7b24f5365667b410724e9,0724e9,9,单,大
2026-08-09 01:19:24,85179523,000000000513bc83222a4b812565909a53d354a483841d164b7b1c9e6f8dbf99,8dbf99,9,单,大
2026-08-09 01:19:34,85179526,000000000513bc864df6cf442f1c9aa7e60a1bd8ae531d69cc2e43cd60487d99,487d99,9,单,大
2026-08-09 01:19:44,85179530,000000000513bc8a8f1980f20321431938eba07cfe4696250e0ac4fdd0945d3a,945d3a,3,单,小
2026-08-09 01:19:55,85179533,000000000513bc8d509ccb1f7d13f36adfd538e22e235b1b84eb2590515f16ad,5f16ad,6,双,大
2026-08-09 01:20:05,85179536,000000000513bc90b5a71a7f37630b7298d85a7ed051c54a368fc0e61dc6586e,c6586e,6,双,大
2026-08-09 01:20:15,85179540,000000000513bc9446cf64864f57e4c6c2b8d6e1ec3434f427add26588385bc8,385bc8,8,双,大
2026-08-09 01:20:26,85179544,000000000513bc98e2226d146508a5d379f5f01305000f1c14a4b853567e99b3,7e99b3,3,单,小
2026-08-09 01:20:36,85179547,000000000513bc9b34b46b6487b205c08963df79c6a4afe99f757eb2e994a6c0,94a6c0,0,双,小
2026-08-09 01:20:46,85179550,000000000513bc9ed69229d27842f24e2d8ff98ece4d033f5720f28acdac4dc6,ac4dc6,6,双,大
2026-08-09 01:20:56,85179554,000000000513bca21a4ff163af5bbb05c3ace940e211f0fd2e63df78e01bada4,1bada4,4,双,小
2026-08-09 01:21:06,85179557,000000000513bca5716d06ca6554d505322cdcfe0d8def22f760d49304fbddc1,fbddc1,1,单,小
2026-08-09 01:21:16,85179560,000000000513bca82812e1a4378fec6984cbde04478a91f77199b20c0ea2f52c,a2f52c,2,双,小
2026-08-09 01:21:26,85179563,000000000513bcabcbf151c2e7bd948b72bd86f8170a7e4f005b64321a30aeae,30aeae,0,双,小
2026-08-09 01:21:36,85179567,000000000513bcaf189339352db803afe9f44da36007598db90831f38c70fee1,70fee1,1,单,小
2026-08-09 01:21:45,85179571,000000000513bcb3bfa6253dcb7c350510c8060ec0b6483711225668d5ce26ad,ce26ad,6,双,大
2026-08-09 01:21:55,85179573,000000000513bcb561a56a679ba9da3b5b35d0aa117d58a3857c2d133f8f79cf,8f79cf,9,单,大
2026-08-09 01:22:05,85179577,000000000513bcb9b0173b2279762d2ff59364c1b625058472419e4a94f6e4c7,f6e4c7,7,单,大
2026-08-09 01:22:15,85179581,000000000513bcbd18e945e63bde8c5057b41627c3096631dc97f8d218d5e376,d5e376,6,双,大
2026-08-09 01:22:25,85179583,000000000513bcbfc426eebeaf870d149d2a44b4457a273e183c8ea68677e100,77e100,0,双,小
2026-08-09 01:22:35,85179586,000000000513bcc2d2055448335ec6e71ae71a20f73551e4fca8154123e24923,e24923,3,单,小
2026-08-09 01:22:45,85179590,000000000513bcc6c8ca99373e91aeccdc9a3e8c544403a9d84b2e9883f746e0,f746e0,0,双,小
2026-08-09 01:22:55,85179593,000000000513bcc9b677269724478d4248bd4d409200dc0db17c94fc6de43bc4,e43bc4,4,双,小
2026-08-09 01:23:05,85179597,000000000513bccd8b82b75ab9881bd8218eb07ad66fbedd2c58dc17158b6836,8b6836,6,双,大
2026-08-09 01:23:15,85179600,000000000513bcd04a489c792848f22bdd8049f9f14f7a38b20aa25b901a4408,1a4408,8,双,大
2026-08-09 01:23:25,85179603,000000000513bcd3fdd524ef9fb1c7ecf336d62619037a6f5b51966df0ca4409,ca4409,9,单,大
2026-08-09 01:23:35,85179606,000000000513bcd6eee6cca46f56e8a1153a6948b356695ac2dce866fd0c1a4a,0c1a4a,4,双,小
2026-08-09 01:23:45,85179610,000000000513bcda7c2fe30f2881d1ad39b845bd67c4d3a10d648d7d1b503ad5,503ad5,5,单,大
2026-08-09 01:23:55,85179613,000000000513bcdd293585ba6c8d98f80c721d05217b552246570f95750f8e63,0f8e63,3,单,小
2026-08-09 01:24:04,85179616,000000000513bce00556da919c035b3f568a16d6c09bf9b7a6b29046c0fdc6e5,fdc6e5,5,单,大
2026-08-09 01:24:14,85179620,000000000513bce43802165b5ab1fecb1237be111dcc845781de3c9b7d635e4f,635e4f,4,双,小
2026-08-09 01:24:24,85179623,000000000513bce7a492640622c8c8031c78263245bb93c62a0215883664f58d,64f58d,8,双,大
2026-08-09 01:24:34,85179626,000000000513bcea961f6173559c568bd3685d3a823ddf5bbd42f7b3bae62a68,e62a68,8,双,大
2026-08-09 01:24:44,85179630,000000000513bcee9bf9600e52f5a8f3edb16d8eb0e23f98ad7e252b17b7afa9,b7afa9,9,单,大
2026-08-09 01:24:54,85179633,000000000513bcf132fe89d2fdee65b6edbdb74a403ae59857aa24c8baf5e87f,f5e87f,7,单,大
2026-08-09 01:25:04,85179636,000000000513bcf4439869641224fece6a3def44cf28b34762b744c025c6dd9b,c6dd9b,9,单,大
2026-08-09 01:25:13,85179640,000000000513bcf816ed4915a30e75cf17fc58b5e43bd5f9e8037f674325e967,25e967,7,单,大
2026-08-09 01:25:23,85179643,000000000513bcfb5039497392dfa0d8d36936b6c120a66ae94dcec9e3ed4468,ed4468,8,双,大
2026-08-09 01:25:33,85179646,000000000513bcfef74090224b5087ad8e93c64266479998ebac6d59eb25f009,25f009,9,单,大
2026-08-09 01:25:43,85179650,000000000513bd02e933e6a0d4cdb8489732f239c715919c8eec747acf1036c8,1036c8,8,双,大
2026-08-09 01:25:53,85179653,000000000513bd05fb717b3cff45331fad3b2cbc6a98df847a2d6710db3117bf,3117bf,7,单,大
2026-08-09 01:26:02,85179656,000000000513bd0856546826cbf8f60022eb232ffec81be480471d4b01dba5da,dba5da,5,单,大
2026-08-09 01:26:13,85179659,000000000513bd0b14783880d4672dddd7c5270b73de22a546a899caafe643ca,e643ca,3,单,小
2026-08-09 01:26:25,85179663,000000000513bd0f85402596b665be7026a954cbe810aa68b99832124844759e,44759e,9,单,大
2026-08-09 01:26:36,85179667,000000000513bd13a4c04743c6bab9e36fe32e4f480a9534821a9046d564b73c,64b73c,3,单,小
2026-08-09 01:26:46,85179671,000000000513bd1729b6010ddc364cbd6627165cba61c1efcd28658f73fe5b14,fe5b14,4,双,小
2026-08-09 01:26:58,85179675,000000000513bd1b83cfbdf40b616128e8367a10d858512503000995cf613e0e,613e0e,0,双,小
2026-08-09 01:27:09,85179678,000000000513bd1eb7e8b032a917d0987908baa0e9c288bfe4f9d91b710f6089,0f6089,9,单,大
2026-08-09 01:27:20,85179682,000000000513bd22a88cc224463b33af0d3fd68f3630ec16cf35c62a9e1fa16f,1fa16f,6,双,大
2026-08-09 01:27:30,85179685,000000000513bd254dcfa119ca8f6facc8ada62c102ef88ae942d7af30a998f2,a998f2,2,双,小
2026-08-09 01:27:40,85179688,000000000513bd28b22216c7cd68eb7b54db03ce0b68eacafb5dd21c5c0acc89,0acc89,9,单,大
2026-08-09 01:27:51,85179692,000000000513bd2cad85b5db81141f6073ea49869dbd6840d69af62c8fc6acff,c6acff,6,双,大
2026-08-09 01:28:02,85179696,000000000513bd3018a87707d815e8cee0e26d5498bd90e9d8a29fe4549b243c,9b243c,3,单,小
2026-08-09 01:28:13,85179700,000000000513bd34a8ad2868703dc4d83f2a00a29dfcae9c6a90c819fdbd7438,bd7438,8,双,大
2026-08-09 01:28:24,85179703,000000000513bd37d5e64776ccc96008ce2dc6c55d94a20c19b10a6e5adce85d,dce85d,5,单,大
2026-08-09 01:28:35,85179707,000000000513bd3b98d5ee45c20867e74643e096fb5e1fcb3700b22c037b5c68,7b5c68,8,双,大
2026-08-09 01:28:46,85179710,000000000513bd3e61b28abf735719750b4796f737cd3828727a2e14d7bec5f1,bec5f1,1,单,小
2026-08-09 01:28:57,85179713,000000000513bd4162d0280ee449b9c836aea46631bfd1b0b46bcfdc36f772f6,f772f6,6,双,大
2026-08-09 01:29:08,85179718,000000000513bd460d6a624f52af2154b6a7b5f23bd99af88bc97fc049775d2a,775d2a,2,双,小
2026-08-09 01:29:19,85179721,000000000513bd4970a98d9b7a5253ee6c3f6064581e108d1eb873d02b3897ef,3897ef,7,单,大
2026-08-09 01:29:29,85179725,000000000513bd4dd127def861d509cd27d43d3348f176c01242bfb5c9cc430f,cc430f,0,双,小
2026-08-09 01:29:41,85179728,000000000513bd50ae84ffbccf4b8b2e0a05206ad12d133c23740c487d1253f3,1253f3,3,单,小
2026-08-09 01:29:51,85179732,000000000513bd54fd633e953c401c28009e543e5ca57e3d52dac04c41494202,494202,2,双,小
2026-08-09 01:30:02,85179735,000000000513bd57d1d9be57916e3a21cb25a789525d04d865ff4717ef233b3e,233b3e,3,单,小
2026-08-09 01:30:13,85179740,000000000513bd5c7f1891a2882f873365948b2f22e69498eecf8a70a95df19d,5df19d,9,单,大
2026-08-09 01:30:24,85179742,000000000513bd5ee4ed2616b7d0ee33ccba35b84a2e7c537c091f31418608f2,8608f2,2,双,小
2026-08-09 01:30:34,85179746,000000000513bd620dfbde4f8014a210e9a545c75a31705fddfb8ac613cb1d76,cb1d76,6,双,大
2026-08-09 01:30:44,85179750,000000000513bd661b6090b2ea3eb48965060fece41ca0ea695877a69a547b08,547b08,8,双,大
2026-08-09 01:30:55,85179753,000000000513bd69ea21b39a08726ef3d85bb11c0154010b54c9c9909bd8bd33,d8bd33,3,单,小
2026-08-09 01:31:06,85179757,000000000513bd6d0cc4f7e889743999e90a80fae157b4fde7913be3cf87da82,87da82,2,双,小
2026-08-09 01:31:17,85179760,000000000513bd70c6634be3a1116b34910557135f82313abaa542241f3e19f8,3e19f8,8,双,大
2026-08-09 01:31:28,85179765,000000000513bd75fba7c757ca5f24188d47e1c4f421b79e6828eb7af4df43d9,df43d9,9,单,大
2026-08-09 01:31:38,85179768,000000000513bd786d6bc6714cd32f2885c71cac9c577104b4f6dfbdabad2149,ad2149,9,单,大
2026-08-09 01:31:49,85179772,000000000513bd7ca4aafd8c008fb0f26d8e7879f44999eebe57b2730d83a664,83a664,4,双,小
2026-08-09 01:32:00,85179775,000000000513bd7fa9eea28c240475bf6e8a8a77fd5f8f59b76f1e910dbc78f4,bc78f4,4,双,小
2026-08-09 01:32:11,85179779,000000000513bd83b482e020fe356f2fff7eb83207bcb6cb64aae433a072e815,72e815,5,单,大
2026-08-09 01:32:22,85179782,000000000513bd865f63fa4532b7e64ac4e36fa20357bd633daa80b0e204a2b3,04a2b3,3,单,小
2026-08-09 01:32:33,85179786,000000000513bd8aec511056f6dc783eb4d51da8ed1af231ebfd8f59cc68f219,68f219,9,单,大
2026-08-09 01:32:44,85179790,000000000513bd8ed8ad693124f155691263f2b9e26988c6e59506b9d6c169c1,c169c1,1,单,小
2026-08-09 01:32:55,85179793,000000000513bd9102e4a82bf3008e128e661146f68089e877fbb61937c55a33,c55a33,3,单,小
2026-08-09 01:33:06,85179797,000000000513bd9543067bd72069e729eee9aee0107d136b23c9f7d60ba3ea3d,a3ea3d,3,单,小
2026-08-09 01:33:17,85179800,000000000513bd98917b8e822f4fd98d552ee2e8b7ee2eb12ac85d454762bea4,62bea4,4,双,小
2026-08-09 01:33:28,85179804,000000000513bd9cb209e3ef75ff7b362e05a5983a484089e4c83e7824e2881f,e2881f,1,单,小
2026-08-09 01:33:38,85179808,000000000513bda0ec0531529f82f06cd74dfe6ac5785a1891890f9928f48a9a,f48a9a,9,单,大
2026-08-09 01:33:48,85179811,000000000513bda364a45203fd86a3fd612dedf126a240c44ef2987227e640d8,e640d8,8,双,大
2026-08-09 01:33:57,85179814,000000000513bda6edac2bd3820c495560d917cd913b57e1f771161667ac2b64,ac2b64,4,双,小
2026-08-09 01:34:07,85179818,000000000513bdaaf383cd1696312d8cd744d0fcdcf0c4cc5daffbf294bdac01,bdac01,1,单,小
2026-08-09 01:34:18,85179821,000000000513bdadcc0f14c1021f901f48e47e2111c48c3d458840805ab159d9,b159d9,9,单,大
2026-08-09 01:34:28,85179824,000000000513bdb0ab9043ed56d626c23f4d66a7714fb531d0ea90bfe4c4ae1c,c4ae1c,1,单,小
2026-08-09 01:34:39,85179828,000000000513bdb4ad583fd190fd9030a977120690750519617c232f89f1cfa3,f1cfa3,3,单,小
2026-08-09 01:34:50,85179831,000000000513bdb7d86f4f2be8f51cf524c2cbe406078d240a8f88e00530e516,30e516,6,双,大
2026-08-09 01:35:01,85179835,000000000513bdbb7310c74bde6748d0e989fca711b15cfca285b58b2aa954dd,a954dd,4,双,小
2026-08-09 01:35:12,85179839,000000000513bdbf21f0cdf535b125f4919c6c221fab2de35264163a2b253129,253129,9,单,大
2026-08-09 01:35:22,85179843,000000000513bdc37d90a020fa64e1543d68cb706271f312c6cceb962b25c9f2,25c9f2,2,双,小
2026-08-09 01:35:33,85179846,000000000513bdc6af9601c686d982f2931d23b0d3136c6a1123d9064ea113ec,a113ec,3,单,小
2026-08-09 01:35:44,85179850,000000000513bdca8d12e7012608595730390a13ecb8dfd195e399afff3065ad,3065ad,5,单,大
2026-08-09 01:35:55,85179853,000000000513bdcdadff8f6e6d913c718d3c9d79051c16f4b675fbefc3e5e6e8,e5e6e8,8,双,大
2026-08-09 01:36:05,85179857,000000000513bdd1e5c0cc9ea1591e514805fbe760a8f425ddeca6c0b9ab4204,ab4204,4,双,小
2026-08-09 01:36:16,85179860,000000000513bdd4c7d72830617856e572af74025299f61646e47ebb8e642663,642663,3,单,小
2026-08-09 01:36:27,85179864,000000000513bdd8e5439fd2fb3ffebf95ad8de0578a0f6197f6fd38940938fe,0938fe,8,双,大
2026-08-09 01:36:38,85179868,000000000513bddc41c8d023bb4b31ca8acc57c394c0bf2383e9c97d7b6cae1c,6cae1c,1,单,小
2026-08-09 01:36:49,85179871,000000000513bddfbcf8b9e7216e283ac923acbd60989c1fa0dcc96d0980d804,80d804,4,双,小
2026-08-09 01:37:00,85179875,000000000513bde372541eed12caff189c6709b5460d0c59164fa8cba64a32dd,4a32dd,2,双,小
2026-08-09 01:37:11,85179878,000000000513bde693e847301073bfe35a5a94a3027c283df29d015e15561d30,561d30,0,双,小
2026-08-09 01:37:22,85179882,000000000513bdeaf0a593ba4271ec336898c6fe5e06a6d31d0c63166066e51e,66e51e,1,单,小
2026-08-09 01:37:32,85179886,000000000513bdeee255006dcae8b9f39f336a4bcf7ec96775420816d35baa63,5baa63,3,单,小
2026-08-09 01:37:43,85179889,000000000513bdf150213d9f283ad30064c205a97c05d41d68d9a691175f0a6b,5f0a6b,6,双,大
2026-08-09 01:37:54,85179893,000000000513bdf5b1e488b521857646e6b95ee9da229f3a7c5f743f1c33b626,33b626,6,双,大
2026-08-09 01:38:05,85179896,000000000513bdf8785374b991c6190aad7ac62dd8a09f2e599e0a88a1cc18db,cc18db,8,双,大
2026-08-09 01:38:16,85179900,000000000513bdfc46233a86c881eabb8cdcb1b4af665c0689a7cd95f675a5e6,75a5e6,6,双,大
2026-08-09 01:38:27,85179904,000000000513be00d1b97714179754e2bea77cb5235f767d57121ba83f0c0ec4,0c0ec4,4,双,小
2026-08-09 01:38:37,85179907,000000000513be0346574b7991a4d3e9777ca09249272554b6907d64fce1dc4f,e1dc4f,4,双,小
2026-08-09 01:38:48,85179911,000000000513be07de32ac7a7f4186727b722487f7f5ff65a0b994d2cb374bb2,374bb2,2,双,小
2026-08-09 01:38:59,85179915,000000000513be0b71a58ddf30e426f9698f9f49fe0fd64d7996451060c060d6,c060d6,6,双,大
2026-08-09 01:39:10,85179918,000000000513be0e779d5da5b69db553f41d0368f5d8c8e4573a1a42a88982c2,8982c2,2,双,小
2026-08-09 01:39:21,85179922,000000000513be12c38a9c17f04f9bf8dd119aa4864d056f1de9f7cef9a93fdd,a93fdd,3,单,小
2026-08-09 01:39:33,85179926,000000000513be16a6811f07d0911ae0599275b1cd3c4b63fdd5911f9af3f988,f3f988,8,双,大
2026-08-09 01:39:44,85179930,000000000513be1a40c51ca5e8eb75f90f4a9edecd1071425cb210fc5c8956a4,8956a4,4,双,小
2026-08-09 01:39:55,85179933,000000000513be1d5df3c5186ba35a16e0c8be797031b1bb0a53f23300e1e8b2,e1e8b2,2,双,小
2026-08-09 01:40:07,85179936,000000000513be20cd8db60a7ef31dc872e39ae054d6ff432f3765c702a2fd29,a2fd29,9,单,大
2026-08-09 01:40:18,85179941,000000000513be25890168a53fc5ee016b9986f765b59778bbdb69cfbdd4574d,d4574d,4,双,小
2026-08-09 01:40:30,85179945,000000000513be2947e0ff429c46079047f5b1fb10f32cf2c41cda3994c43efb,c43efb,3,单,小
2026-08-09 01:40:41,85179948,000000000513be2c0e75fded83de8e9a9947f6cc458d994daeaca0bb281e8be3,1e8be3,3,单,小
2026-08-09 01:40:53,85179952,000000000513be304d26522017cca7d6ec14b09744bf81b61e6c538bb1346a44,346a44,4,双,小
2026-08-09 01:41:04,85179956,000000000513be34e2809a3a8eadeab9258327a765a1e82da9aa69172f5a1875,5a1875,5,单,大
2026-08-09 01:41:16,85179960,000000000513be38dfbf4e46570c58f8ad337b7ce7f94d96c0f784bf1bca8e44,ca8e44,4,双,小
2026-08-09 01:41:28,85179964,000000000513be3c8b71be374e7d52f73931df963f036a9c940ed795dcacd44e,acd44e,4,双,小
2026-08-09 01:41:40,85179968,000000000513be403f3f34b395f73ce99845aaabc6eb0517e7948b98af230bfc,230bfc,0,双,小
2026-08-09 01:41:51,85179972,000000000513be4477f4427f47154d3aa4936b903ced60678e8a999643471dd4,471dd4,4,双,小
2026-08-09 01:42:03,85179976,000000000513be4835d6769fd7174c1f825bcea5a419ab42f9b8e80a0704ba5f,04ba5f,5,单,大
2026-08-09 01:42:14,85179980,000000000513be4c28b42bf5dadef9e2c2a73728ca489241b066390c6c842258,842258,8,双,大
2026-08-09 01:42:26,85179983,000000000513be4fc4d34f37794649c3c0a4149e645cfe32a4f08a2aba70c459,70c459,9,单,大
2026-08-09 01:42:38,85179987,000000000513be53b9d83ae5115bf2b9aaf1d655f7b736a1731857002980891b,80891b,1,单,小
2026-08-09 01:42:49,85179991,000000000513be5794b55926b6913fc32b8629c0fa1f6e001d017b3520e7d245,e7d245,5,单,大
2026-08-09 01:43:00,85179995,000000000513be5b1d41927d34715c655ec8585fc81566e85b962b4345d0eb52,d0eb52,2,双,小
2026-08-09 01:43:12,85179998,000000000513be5e07fa4e98ec90ae3dd63a069677f3aef8eedeb1c7dd9ed598,9ed598,8,双,大
2026-08-09 01:43:24,85180003,000000000513be6348a97eec97d31c631e7e88ccb3ea3eee595ec9974304d1a1,04d1a1,1,单,小
2026-08-09 01:43:35,85180007,000000000513be67722ac12c7fe15d3e3ca0b031b9c40c6f1030038c9facad3e,acad3e,3,单,小
2026-08-09 01:43:46,85180010,000000000513be6a51c0d477a8af854db7f759ff5b24a1ea689a3570543f3f2a,3f3f2a,2,双,小
2026-08-09 01:58:31,85180306,000000000513bf9281cfbf96eae885393e78b4c61a945dd736f786fb9a945e5b,945e5b,5,单,大
2026-08-09 01:58:44,85180309,000000000513bf95aeac2a200197daed4141547128465c9fcb3dc81a9ca19b5b,a19b5b,5,单,大
2026-08-09 01:58:58,85180314,000000000513bf9a8c48807266b875bc40778b621b0c2fb9950ad1163bbafed9,bafed9,9,单,大
2026-08-09 01:59:11,85180318,000000000513bf9e42b3d79f19bdee2e53709d745477731c2a2533225a7a899b,7a899b,9,单,大
2026-08-09 01:59:25,85180323,000000000513bfa3c20410e081a4c29f6d5329db12e3e9a5f98809deaf148628,148628,8,双,大
2026-08-09 01:59:37,85180327,000000000513bfa7f5fb95b014de2c2d2b39500638c202e1b30b906031adbc4f,adbc4f,4,双,小
2026-08-09 01:59:47,85180331,000000000513bfab1439e67efb112cff05990e02a89027a2fb51a355fff41958,f41958,8,双,大
2026-08-09 01:59:58,85180334,000000000513bfaeb154e72af8f8e86e52e71f9279b684cfc93052c4910cdedb,0cdedb,0,双,小
2026-08-09 02:00:09,85180337,000000000513bfb19a36c13a0e9afa375aaa4c1d6260f81f77a354d41655b2ee,55b2ee,2,双,小
2026-08-09 02:00:28,85180342,000000000513bfb62ca278d8fb2dff03deb34a28327bf750985fe853b7989395,989395,5,单,大
2026-08-09 02:00:51,85180348,000000000513bfbceaeb342c0f5cc4647cba530acd178209644fb918d1166269,166269,9,单,大
2026-08-09 02:01:10,85180356,000000000513bfc4b0cb5f99a5d8aebee2bde191d1bc91f29167e36f2b33624e,33624e,4,双,小
2026-08-09 02:01:23,85180360,000000000513bfc80cdd0de328ca2298a43788806cb2d2e01cc54c0ff3a1fca5,a1fca5,5,单,大
2026-08-09 02:01:34,85180365,000000000513bfcd36cb241300d1021614984d47e4e7674941518de89c1b527d,1b527d,7,单,大
2026-08-09 02:01:45,85180367,000000000513bfcf21401577a88f5f668eb7e805b4f59d73e67010d475ca8df8,ca8df8,8,双,大
2026-08-09 02:01:56,85180371,000000000513bfd3409c60eb9e3514c746f6aa2d415d63ceb40c78c6d00cdea7,0cdea7,7,单,大
2026-08-09 02:02:06,85180375,000000000513bfd7c6b2ffbcf7a0fabe2f095ed2e48284cedb5d43bfca781cad,781cad,1,单,小
2026-08-09 02:02:16,85180378,000000000513bfdaf2e8a0b0da462f2980cf9373188f2f22b0b2ca7765d3017b,d3017b,7,单,大
2026-08-09 02:02:26,85180382,000000000513bfde99125554a1b4383696b8b8ea053515f1d2d42c5d72923f56,923f56,6,双,大
2026-08-09 02:02:36,85180385,000000000513bfe16547eb62d2bd70556bca5ccfb6d0d4be91ac1f30ba75edae,75edae,5,单,大
2026-08-09 02:02:48,85180389,000000000513bfe55fda39cb804b4b643080ba77c41ec4ff243819bce0899c70,899c70,0,双,小
2026-08-09 02:02:59,85180392,000000000513bfe873933c8e2cbd09bef1eb3761330bc3e53f936e7d5516e71c,16e71c,1,单,小
2026-08-09 02:03:10,85180397,000000000513bfedb84c5b2238c249a55d14da850801d0ea634343854faa3af5,aa3af5,5,单,大
2026-08-09 02:03:21,85180400,000000000513bff08219c150c7c44476cdf0f881a970ae87989bff78e74242f4,4242f4,4,双,小
2026-08-09 02:03:32,85180404,000000000513bff4bfe0547bf41068a132c95db4607b182d7d953ead3ef6490c,f6490c,0,双,小
2026-08-09 02:03:42,85180407,000000000513bff76e6a937ae409d25191551e87f689cba1671f0d62da8af383,8af383,3,单,小
2026-08-09 02:03:52,85180411,000000000513bffb38a0e649a99de8590d439b2ca856a20c8a583664d58e901c,8e901c,1,单,小
2026-08-09 02:04:02,85180413,000000000513bffd502fc5033a42cfef7c82b6a12b5932c823bc3e314cbe200e,be200e,0,双,小
2026-08-09 02:04:12,85180417,000000000513c001da2450ef417a5cf5fe104affce4f790e0d3802fa3324bbf6,24bbf6,6,双,大
2026-08-09 02:04:22,85180421,000000000513c005f9d7ea08d76657d6a4f851febcab32beaa583763950ca92b,0ca92b,2,双,小
2026-08-09 02:04:33,85180424,000000000513c008270ea72ecdc4b4cc5fa12e071ad456ed22c7a8621dce72e8,ce72e8,8,双,大
2026-08-09 02:05:21,85180440,000000000513c01810181b261907f77da9a0cdd9814f3cf1aeb49accf120231a,20231a,1,单,小
2026-08-09 02:05:31,85180444,000000000513c01cb8744a88011ea0fdf5667b3b9d7dc3e88c73473a2bec3f63,ec3f63,3,单,小
2026-08-09 02:05:42,85180447,000000000513c01f3d35a98bc04a42b3ec5e4c8a3c231934f50bb6623c09b40a,09b40a,0,双,小
2026-08-09 02:05:53,85180451,000000000513c02358af66152a0cb9d8ae997de87a1ca990b102c73d3db85032,b85032,2,双,小
2026-08-09 02:06:04,85180454,000000000513c02691d703c3e2d10cf7efe3fd5c2af3198df989d917f84c3533,4c3533,3,单,小
2026-08-09 02:06:15,85180458,000000000513c02ac366dd290d8ecbf41be2a56e2a60f36b43d6bfc958eb1be6,eb1be6,6,双,大
2026-08-09 02:06:26,85180461,000000000513c02db0e2882c9599962353ed770c3c4b246701c22598d271e523,71e523,3,单,小
2026-08-09 02:06:37,85180465,000000000513c0313d37dbc02f1fb46687dbc21abcc37d9e24fa94613815d0d4,15d0d4,4,双,小
2026-08-09 02:06:47,85180469,000000000513c035c7757f7d6dfba2b692ae7e677e5a48c45f391574df0ee23f,0ee23f,3,单,小
2026-08-09 02:06:58,85180472,000000000513c038ef04bd9f953c35b0db00ba8b93f7a6b409b4a0666eefc7d4,efc7d4,4,双,小
2026-08-09 02:07:09,85180476,000000000513c03c8bd72dcad0904c7714ad5dd4e051f5877369604af7bceeed,bceeed,7,单,大
2026-08-09 02:07:19,85180480,000000000513c0402b60602bf14b5872d155015e0fa3bdaf3cb5c7956656421c,56421c,1,单,小
2026-08-09 02:07:30,85180483,000000000513c0438960a1f0a4b5ae6ba460392eae609a5ef26f3fffc68976e6,8976e6,6,双,大
2026-08-09 02:07:41,85180486,000000000513c046c8874f4c3d1890b27c70af5e77cf4eae6288b0d67ccfad11,cfad11,1,单,小
2026-08-09 02:07:51,85180490,000000000513c04aa554c216853f35d8ff1753f624bfe155bea6123f16f7d019,f7d019,9,单,大
2026-08-09 02:08:02,85180494,000000000513c04e8952ab4d62a7ed2ce922d17a2b67657a100ecb8808ee9d0b,ee9d0b,0,双,小
2026-08-09 02:08:13,85180497,000000000513c0515c5e2970869c832f620740595cf50c3f3be9394415a97b48,a97b48,8,双,大
2026-08-09 02:08:24,85180501,000000000513c055ce8eacd8d6b37021d300d2f64a400d6ee6989a66e16003ac,6003ac,3,单,小
2026-08-09 02:08:35,85180504,000000000513c058bd67e792cd630a4690eed06de257123638599ecdfc0c43aa,0c43aa,3,单,小
2026-08-09 02:08:45,85180508,000000000513c05c7b954e47ef1c01043bdb9e947db9cf37f307ea673ef42219,f42219,9,单,大
2026-08-09 02:08:56,85180512,000000000513c060b2a543f1115938323a2b092ad85ebc0b637ee464a26d33e8,6d33e8,8,双,大
2026-08-09 02:09:07,85180515,000000000513c0633cc20abcda3633b8d06da3c96388c6ed4bbc6917a9770def,770def,0,双,小
2026-08-09 02:09:18,85180519,000000000513c067fce62f26dd33739d4a8bc43f4b4ebd908e8d549d187e6b17,7e6b17,7,单,大
2026-08-09 02:09:28,85180523,000000000513c06b6e6d118de7dd980e5f326c2a2dff1bdf11548af06d88c224,88c224,4,双,小
2026-08-09 02:09:39,85180526,000000000513c06e57f9fd1c12cad4af3cebc6cfb6e8d84b1d3f089288721a9c,721a9c,9,单,大
2026-08-09 02:09:50,85180529,000000000513c0712409bfb9e6e978b1cce04ba277049fd4a4ddb3011fe9e242,e9e242,2,双,小
2026-08-09 02:10:01,85180533,000000000513c0753d42c7a5f5fd34b1efd1923067c538f2e850f9e72c245b67,245b67,7,单,大
2026-08-09 02:10:11,85180537,000000000513c079d78dd716a7cd86f4ff3acf8276deb726129d2d52a123b48e,23b48e,8,双,大
2026-08-09 02:10:22,85180540,000000000513c07c7e9dfbb50f67f89cb0df507c3ae3f291d9194e644238da0e,38da0e,0,双,小
2026-08-09 02:10:33,85180544,000000000513c0806a902e087f8d7feff99cf47d30d2a6772680d4e4f61644cf,1644cf,4,双,小
2026-08-09 02:10:43,85180548,000000000513c0848c8223eb4717d7604df7893e688cad41732cde0cf86085f9,6085f9,9,单,大
2026-08-09 02:10:54,85180551,000000000513c0877a51d57ba4fc3f5e2271a6194de40350ae826bf019fe2318,fe2318,8,双,大
2026-08-09 02:11:05,85180555,000000000513c08ba215454a0cef8987c83cd91da415b1ff8cca53e612bcb719,bcb719,9,单,大
2026-08-09 02:11:16,85180558,000000000513c08eb844cc8db3d479bf098343d9986422050d90185093afef82,afef82,2,双,小
2026-08-09 02:11:26,85180562,000000000513c092313863e3cd17b9a37537bf4028bd0cf4d9f6bc17b8f61cc5,f61cc5,5,单,大
2026-08-09 02:11:37,85180566,000000000513c096a0f974b83b350e019f0e9f8fb253de7d22742a1e67d2c357,d2c357,7,单,大
2026-08-09 02:11:48,85180568,000000000513c098bc2c7d0c99e43cdb7c954c92d0865be91b65737feae8da32,e8da32,2,双,小
2026-08-09 02:11:59,85180573,000000000513c09da8f7c41502958dc6f09b5db5f0ece32e30003f7fc8ae84d4,ae84d4,4,双,小
2026-08-09 02:12:10,85180576,000000000513c0a0464804deae696ee9117812c453aba92cb460bc42d32e3f2e,2e3f2e,2,双,小
2026-08-09 02:12:20,85180579,000000000513c0a382b365f118c5aee3eca9709e8c9aa2b211fb1ff2b2c6dd50,c6dd50,0,双,小
2026-08-09 02:12:30,85180583,000000000513c0a7e575bb822ec2a40bb5269b9b05da0b7950845aab9768ec29,68ec29,9,单,大
2026-08-09 02:12:40,85180587,000000000513c0abacadf1b64a40cd447f8217663bcb89d5c9b184d39c405578,405578,8,双,大
2026-08-09 02:12:49,85180590,000000000513c0aea9867e8fe9b9598a7a781b1d71209493274f0ce7843ec039,3ec039,9,单,大
2026-08-09 02:13:00,85180593,000000000513c0b19482833975ee902b832ccd8f484d8b246e34bb7178205ece,205ece,5,单,大
2026-08-09 02:13:09,85180596,000000000513c0b4cc423a4ddb77f259c915ad3aded4a8d946ede83a646025bc,6025bc,5,单,大
2026-08-09 02:13:19,85180599,000000000513c0b7cb8e00387d08d4199f9f6e0b353e128ce1257aaedd7c5cbd,7c5cbd,5,单,大
2026-08-09 02:13:29,85180603,000000000513c0bb7c70d6b8660e0892930041933615a18396496d48e684268c,84268c,8,双,大
2026-08-09 02:13:40,85180607,000000000513c0bfb98cdfc6594f688af30870d54a7d65477a90ead440f2bd22,f2bd22,2,双,小
2026-08-09 02:13:51,85180610,000000000513c0c27d29aa44719362102168fba5cdd927934c42ce4e8860e916,60e916,6,双,大
2026-08-09 02:14:02,85180613,000000000513c0c51862329736bb0e19973469ebe7c7f0bb9e4a7bb216ad2549,ad2549,9,单,大
2026-08-09 02:14:12,85180617,000000000513c0c9158cb2cf465b2ee034cbe343aa231c2c9f32870e61abe149,abe149,9,单,大
2026-08-09 02:14:23,85180621,000000000513c0cdd6dcf3131774e16a4b5c8f0bdc1a585deade18b92904102f,04102f,2,双,小
2026-08-09 02:14:35,85180625,000000000513c0d160eaac20df22b42531ff4af54dd0c826b3116e35c117de46,17de46,6,双,大
2026-08-09 02:14:46,85180628,000000000513c0d439c798ebad2198242284f070273ae30c52ab0cecf44e5f72,4e5f72,2,双,小
2026-08-09 02:14:56,85180632,000000000513c0d8f8ff40ac92a8df6f6ae99d4e1dc5b8a839dc9fe70be7605c,e7605c,5,单,大
2026-08-09 02:17:25,85180682,000000000513c10a556872f6df02e52b4a8eb8e533f4e0b01b0ee817214682a4,4682a4,4,双,小
2026-08-09 02:17:35,85180685,000000000513c10db22797dbbf90eed508c2b2f5addef6ee7c6c972eb95a7eab,5a7eab,7,单,大
2026-08-09 02:17:46,85180688,000000000513c110e8d79b8d0b3f1aa9bfe7143f1d4ecadae51fefcde88c995b,8c995b,5,单,大
2026-08-09 02:17:55,85180691,000000000513c113e3bc68e4f7df5fb085727b85ce0cd21ad4f7cd55b4876c09,876c09,9,单,大
2026-08-09 02:18:05,85180695,000000000513c11789d93bddf1434c01e4b287ead201e5425c99e75cac4cc259,4cc259,9,单,大
2026-08-09 02:18:15,85180699,000000000513c11be9b1d3e865f8f19841a200f58805302b385158907294dff0,94dff0,0,双,小
2026-08-09 02:18:25,85180701,000000000513c11d81e0fcd54178766d01ab40738134e7e4c20c401950c6aa96,c6aa96,6,双,大
2026-08-09 02:18:35,85180704,000000000513c120efd75f8327c488a880f9a033479561563c10795528bfbe95,bfbe95,5,单,大
2026-08-09 02:18:46,85180708,000000000513c1246b99d5e1345bdc9de38fcd467c3e5a29307a5a28e50b9e5e,0b9e5e,5,单,大
2026-08-09 02:18:56,85180712,000000000513c128156cce690e4d85e5ddeb2c5fc5a188ee7fff268015bfb258,bfb258,8,双,大
2026-08-09 02:19:07,85180715,000000000513c12beab4f8563755c577b94fdcfd2af79f4838cb83c3cc3d01f2,3d01f2,2,双,小
2026-08-09 02:19:18,85180719,000000000513c12f79b61552b40305616996456d7bc3972e3fdbca348aa0072f,a0072f,2,双,小
2026-08-09 02:19:28,85180722,000000000513c1329e98a190c83833eb07f2a03291ad3bbfbdcf508e56690d62,690d62,2,双,小
2026-08-09 02:19:39,85180725,000000000513c1357b4281f8afe14a51498fceb28793ac5e6b04eaca1d559a45,559a45,5,单,大
2026-08-09 02:19:50,85180730,000000000513c13adb637c3507311a1084f008f19de942ee605be4d3542e6453,2e6453,3,单,小
2026-08-09 02:20:00,85180733,000000000513c13da3f0838b8722d5d13ba86a0868e13a1bfabbbf5df250c637,50c637,7,单,大
2026-08-09 02:20:11,85180737,000000000513c14142fdf0b81d3cf942c66d14829a085670af67f5b0c6c536ed,c536ed,6,双,大
2026-08-09 02:20:22,85180741,000000000513c145575b3d9046e6aa4598027e2441e33b04985c05047181480b,81480b,0,双,小
2026-08-09 02:20:32,85180744,000000000513c148f3eec819894424a498e955afa67b6f275909a4369a922df1,922df1,1,单,小
2026-08-09 02:20:43,85180748,000000000513c14c9aeb42b4169f98db29abba70ee959b75caa6b8f4099bf402,9bf402,2,双,小
2026-08-09 02:20:54,85180751,000000000513c14f6e3a7cf6f1483e8dcd1ff7b199823a935945c2ef9b39e627,39e627,7,单,大
2026-08-09 02:21:04,85180754,000000000513c152afc3086da0027576109d01a04d306c520263bcfcdd6dea65,6dea65,5,单,大
2026-08-09 02:21:15,85180758,000000000513c15690c242463462b4676e5603d3683b7176740b4eee53383161,383161,1,单,小
2026-08-09 02:21:26,85180762,000000000513c15abbb3d7ff9bca3cbff6462993c43175b4dd7fc69a5b1d3b47,1d3b47,7,单,大
2026-08-09 02:21:36,85180765,000000000513c15d09bb2e1ae7966b7575a69f2bc1da95d2721abe26179e13fb,9e13fb,3,单,小
2026-08-09 02:21:47,85180768,000000000513c16062dc03d184a1ee7beabe38ebe5ab5f3bddd64e1edebab1f4,bab1f4,4,双,小
2026-08-09 02:21:58,85180772,000000000513c164604416a19c5c3d4ebce2cfc117a899f389399c323c73123e,73123e,3,单,小
2026-08-09 02:22:08,85180775,000000000513c16733c97814bb3ecff903a78c1e0adab27df2c90b452e6f7581,6f7581,1,单,小
2026-08-09 02:22:19,85180779,000000000513c16b5aa16c333cfa60dbaf86fb3ea2db70618977f3de4ce8c091,e8c091,1,单,小
2026-08-09 02:22:30,85180783,000000000513c16f575a893c427cfa84394e6bd3ec85e72b9e354c4c10f825ed,f825ed,5,单,大
2026-08-09 02:22:41,85180787,000000000513c17381022c20f5c110a3f61545a130aa72dcade1b6d02e7d2fff,7d2fff,2,双,小
2026-08-09 02:22:51,85180790,000000000513c176e53832bd7f94541893fbe09dee0013ce6daab73c4c030cca,030cca,0,双,小
2026-08-09 02:23:02,85180794,000000000513c17a65f573c15ecd0419296fc771febf10075b6d2519fd356f12,356f12,2,双,小
2026-08-09 02:23:12,85180797,000000000513c17d0299815e8dadeda47b400e04c675aa85052e0cce6c49c15c,49c15c,5,单,大
2026-08-09 02:23:22,85180801,000000000513c18166b57990ede1a40d7cd3b7b6f0db8c685c2e5a64fa513e88,513e88,8,双,大
2026-08-09 02:23:32,85180804,000000000513c184cf0617efebda0b14e23d1d352c2ea7dec11f0b8f9c2cf72f,2cf72f,2,双,小
2026-08-09 02:23:42,85180807,000000000513c187cd390f4ec3bb53f16a9501894463412ba9f2e0e386d915a0,d915a0,0,双,小
2026-08-09 02:23:52,85180810,000000000513c18a6dd3180f4eec80096d2da7c0091a9bffe2741e52a92109b1,2109b1,1,单,小
2026-08-09 02:24:03,85180814,000000000513c18e0acfcced3a0211a5a9c217dce6d135d1987f4e5b8818831a,18831a,1,单,小
2026-08-09 02:24:14,85180818,000000000513c19224566e6e6436dcdc524cc0949ed9d5fd4e82103124d6af1f,d6af1f,1,单,小
2026-08-09 02:24:25,85180821,000000000513c1955bd0ac3af41af165dc0628e0ed0c6badce0f0a47187db06a,7db06a,6,双,大
2026-08-09 02:24:36,85180825,000000000513c199079335d0a71356083d34d077d6c22c96703aea65da2ad12b,2ad12b,2,双,小
2026-08-09 02:24:46,85180829,000000000513c19d9aced2db09a53e9ea59359a87a9a1c3921e54583e031cebb,31cebb,1,单,小
2026-08-09 02:24:57,85180832,000000000513c1a08b52d6510bc4041b87e14a14f7f3720e5a92b846f72403bd,2403bd,3,单,小
2026-08-09 02:25:07,85180836,000000000513c1a47e265386fb879bacf48ff6878dccc3f13b1ecc866cdebaac,debaac,6,双,大
2026-08-09 02:43:01,85181193,000000000513c3097132d2e576edbc65d11156b53dceec5ec7216ec09ef7f27b,f7f27b,7,单,大
2026-08-09 02:43:12,85181197,000000000513c30d2ed95030aca340b0fcb8c3bf8b5fff47fa0132ccedab2077,ab2077,7,单,大
2026-08-09 02:43:22,85181201,000000000513c3114ee8f4721794ef7dcf3d81cee28ce34184946520f6778d4a,778d4a,4,双,小
2026-08-09 02:43:32,85181204,000000000513c31462f4e81ded88b9e798d9771e2f900544b43f4236bd8b06ee,8b06ee,6,双,大
2026-08-09 02:43:42,85181207,000000000513c317d74cba45f6e7779b28cc0a396e005795f97c724bddeffc4e,effc4e,4,双,小
2026-08-09 02:43:52,85181210,000000000513c31a36d24e2e704d382978d6672c26d5f87265888db4556a352e,6a352e,2,双,小
2026-08-09 02:44:01,85181213,000000000513c31d89104ee67eeddb08ab4a67e259fe7694578b2675656ea949,6ea949,9,单,大
2026-08-09 02:44:11,85181217,000000000513c3215f330a16f8afa1e3555264aa73f4013d513671e97ce86e73,e86e73,3,单,小
2026-08-09 02:44:21,85181220,000000000513c324dc3c5b33d39658bcc1eaeb9f47ecf41970e7eb4033b4b20d,b4b20d,0,双,小
2026-08-09 02:44:31,85181223,000000000513c327787b8b64e15f6c1d6df4a10827262d0ead84aab89dff77cf,ff77cf,7,单,大
2026-08-09 02:44:41,85181227,000000000513c32bacecb9d00cc59c325b3d12c6144d34e48fe00a1ce80789c0,0789c0,0,双,小
2026-08-09 02:44:50,85181230,000000000513c32e9b8341c7152ee67beaf1bdeb7289f08fbcfef8c925c5efad,c5efad,5,单,大
2026-08-09 02:45:00,85181233,000000000513c33112e3e7f50c59586e1d605d54ce53b447a26d5305723c1b29,3c1b29,9,单,大
2026-08-09 02:45:10,85181237,000000000513c3356e3531b0fd14ab1f7898f47a700eafdd2b25380a4656ce51,56ce51,1,单,小
2026-08-09 02:45:21,85181240,000000000513c338e99de97f2b3ad4a7156eaafe3e4e37508b1617571ffa0338,fa0338,8,双,大
2026-08-09 02:45:31,85181244,000000000513c33c68823ca45b99065d5933481559377cdeab976edd4cc1486b,c1486b,6,双,大
2026-08-09 02:45:41,85181247,000000000513c33f48e7b4cf73a5aff1a101df1f3026842d72bd64ce38c557bb,c557bb,7,单,大
2026-08-09 02:45:51,85181250,000000000513c342c8ba1db35bf6e3db5192f6c84a6385d83c51e60fad0f7db9,0f7db9,9,单,大
2026-08-09 02:46:01,85181253,000000000513c345702770a37dcb59a3696af698dfb63468a705d86707853cd2,853cd2,2,双,小
2026-08-09 02:46:11,85181256,000000000513c3482e68b6b7b8851b77a981ccdba47e8b11ffcc1709fde6277b,e6277b,7,单,大
2026-08-09 02:46:22,85181260,000000000513c34cdd41cfbee7d7cae58c26fa31e1d70ed1d36059691cc46bfc,c46bfc,6,双,大
2026-08-09 02:46:33,85181264,000000000513c35079f6cdbbb255e7d22f824adb6529a41a7b36612733260acf,260acf,0,双,小
2026-08-09 02:46:43,85181268,000000000513c354ac10228f4a8645fbb5913c20ebce45595451e8fe9bb4733d,b4733d,3,单,小
2026-08-09 02:46:54,85181271,000000000513c3579bdba2ee50b334f0d89309d6bd92d994bd0cd9df93b971c6,b971c6,6,双,大
2026-08-09 02:47:05,85181274,000000000513c35a6a1c48324b9f83c4a77b2ed0a9a914c659cc8b0becb5a5b5,b5a5b5,5,单,大
2026-08-09 02:47:16,85181279,000000000513c35f1eb74fb828af7ddc946feddf708c9739bfa74050a33e9949,3e9949,9,单,大
2026-08-09 02:47:26,85181281,000000000513c361fb553c78fff06664576c562e8acaf3cc387d86696bd7d2ac,d7d2ac,2,双,小
2026-08-09 02:47:36,85181285,000000000513c36520d3ab436057ef6717613388f26bdc5833e587ac38e94e2f,e94e2f,2,双,小
2026-08-09 02:47:46,85181288,000000000513c3689b18fc2cdff86c2e97de2a67947f0a50ff125718f4a9400b,a9400b,0,双,小
2026-08-09 02:47:56,85181291,000000000513c36b275ac6910e2b61e8999558fbf27016c4fbc631f393d13d1e,d13d1e,1,单,小
2026-08-09 02:48:06,85181295,000000000513c36f4d1cb6f557405deeb90b1da96afb26bf69e91db35eddc4a1,ddc4a1,1,单,小
2026-08-09 02:48:16,85181299,000000000513c3732e93e2671de7268857f60e110bbd0d64bfa97905bb1b338c,1b338c,8,双,大
2026-08-09 02:48:26,85181301,000000000513c3758f29c5033ff3930d547065a6c96497661fe90bdf1454a1c1,54a1c1,1,单,小
2026-08-09 02:48:35,85181304,000000000513c378995ec1cfc9cc93a224d0170ae8d6558c75aa5f6c497e2522,7e2522,2,双,小
2026-08-09 02:48:45,85181308,000000000513c37cbdc1953f902c412776e129d129de6578e7b976bea3cb2ac3,cb2ac3,3,单,小
2026-08-09 02:48:55,85181311,000000000513c37f02f96d743354982df740adaf97310a0a13737b40f33f0172,3f0172,2,双,小
2026-08-09 02:49:05,85181315,000000000513c3835be907cc52a98df9bd63cf4f4f5d2e3c23e3e5a5550ea8b9,0ea8b9,9,单,大
2026-08-09 02:49:15,85181318,000000000513c386d48219281c6f333a5620bc3320112acd33ea16766e6390d6,6390d6,6,双,大
2026-08-09 02:49:24,85181321,000000000513c389445bb9e21ba3c1054a8e2053ccafcdc7e292979aad77a16a,77a16a,6,双,大
2026-08-09 02:49:34,85181325,000000000513c38d62edb9b3dfeecd807ffbb8e2668e91b53db900b992dc8807,dc8807,7,单,大
2026-08-09 02:49:44,85181328,000000000513c390def1eaa406ee1ce18564ff6b03f026dfad2530d87afb7ed3,fb7ed3,3,单,小
2026-08-09 02:49:54,85181332,000000000513c3945a164954a5ca85986d7765e352575dbc6b948482ab19a91d,19a91d,1,单,小
2026-08-09 02:50:04,85181334,000000000513c3961ea87bb00778b86c59078246b521cac6c8ca0ec2ee6c3fac,6c3fac,3,单,小
2026-08-09 02:50:14,85181338,000000000513c39a3f327a62bd49f20fcf2b16f2fd9f551402c9d33d167550e5,7550e5,5,单,大
2026-08-09 02:50:24,85181341,000000000513c39d50013ea1d179f934765dfadddae12773f7aeee7799f397a9,f397a9,9,单,大
2026-08-09 02:50:35,85181344,000000000513c3a085c20bac616805750e16f7a21ff681104100f551ab2baf73,2baf73,3,单,小
2026-08-09 02:50:45,85181348,000000000513c3a4760e9927fa42747ff0453da68492f802853264f9b1487878,487878,8,双,大
2026-08-09 02:50:55,85181351,000000000513c3a794811025c98387ca01d82d98ef3b4419ec6a05ed3a90db19,90db19,9,单,大
2026-08-09 02:51:05,85181354,000000000513c3aa7a68ce5ae04c0db302520fd4aec1ede881786bade2e9065b,e9065b,5,单,大
2026-08-09 02:51:15,85181358,000000000513c3aee7d0786e486eeb01ddbabe8487a5811b0c414cc2bbfed77f,fed77f,7,单,大
2026-08-09 02:51:25,85181361,000000000513c3b11f073cd16177e0176a9a23b8bf8700705e494c143738e2ae,38e2ae,2,双,小
2026-08-09 02:51:35,85181364,000000000513c3b431c30dfa228e16f0ff3733d160b77b26e75b1d1dbf0a8fed,0a8fed,8,双,大
2026-08-09 02:51:45,85181368,000000000513c3b8d64da021b9c526d4f25e86c3c983ea68920cb1bc9a020a08,020a08,8,双,大
2026-08-09 02:51:54,85181371,000000000513c3bbe79f7a11266e8c43b4a78a2df7626f62a4e2e259dbb3c931,b3c931,1,单,小
2026-08-09 02:52:04,85181374,000000000513c3be62d15963df5c4cca4beaf668e1882d74fe144a2d767ce1cb,7ce1cb,1,单,小
2026-08-09 02:52:14,85181378,000000000513c3c23472dd8ca633f3770e82251833238aac0a32784e56a51a4b,a51a4b,4,双,小
2026-08-09 02:52:24,85181382,000000000513c3c6f54a0a6bf21e0e410e1694fe9e3d8ca76e478f4a5a248bc6,248bc6,6,双,大
2026-08-09 02:52:33,85181384,000000000513c3c8bc37c8b3496fb34bae6ddc2be5f3d8d4b5834c5f0e5616e0,5616e0,0,双,小
2026-08-09 02:52:43,85181388,000000000513c3cc71a609580f03881ec65413e7062d30e0d6a1b26985a2f8d6,a2f8d6,6,双,大
2026-08-09 02:52:53,85181390,000000000513c3cebb1ffddf6facdb7fc8ae5a44933536d5316d6a8e5ee2478b,e2478b,8,双,大
2026-08-09 02:53:03,85181393,000000000513c3d101c84db8ea9438ab844249df7e325aa4ca2138431052eb1d,52eb1d,1,单,小
2026-08-09 02:53:13,85181397,000000000513c3d56488693f1080c3e7e7658d91810b200a638cb1016a58a228,58a228,8,双,大
2026-08-09 02:53:22,85181400,000000000513c3d8e3d7243eb495774ddf3459405f16417b76bd1c40d0923549,923549,9,单,大
2026-08-09 02:53:32,85181404,000000000513c3dc5863eddf56d484c58bef31f3b33b1df10f18c4dc91c2219d,c2219d,9,单,大
2026-08-09 02:53:42,85181407,000000000513c3dfb4703264d2e088105b1cbab9291e4a115059879b86b18183,b18183,3,单,小
2026-08-09 02:53:52,85181410,000000000513c3e2f9740e833e9c95c1cc02d1cd71d6c14a9f4a45d670fdaef8,fdaef8,8,双,大
2026-08-09 02:54:02,85181413,000000000513c3e5c7679b61d7d20188971220e5d450ce7dfce6eb60915c06ad,5c06ad,6,双,大
2026-08-09 02:54:12,85181417,000000000513c3e965a0800ca7a6df13e5d7fdd1b240ce41db08cdd57fa679e8,a679e8,8,双,大
2026-08-09 02:54:22,85181421,000000000513c3edb01df18915eb8c63671b2c18ab510bf4d5293287301b23b3,1b23b3,3,单,小
2026-08-09 02:54:31,85181423,000000000513c3efd49f584bc6e459901f757463cdfbb0874d88dd8433ca3db2,ca3db2,2,双,小
2026-08-09 02:54:41,85181427,000000000513c3f31f45caa80b1fc666ea91a3598a2d5d051de0690f7fd9fbd6,d9fbd6,6,双,大
2026-08-09 02:54:51,85181430,000000000513c3f6447236bd7a270c1c2864e849a604851ca9a4c58801c32cfc,c32cfc,2,双,小
2026-08-09 02:55:02,85181434,000000000513c3fabcf29143389083f977b2671dac39276ef29a3dfecf86cb1a,86cb1a,1,单,小
2026-08-09 02:55:12,85181437,000000000513c3fd1f4948be14effdd381fa34cb112419da7468711d901e10c8,1e10c8,8,双,大
2026-08-09 02:55:23,85181440,000000000513c40000dbe447d2756a7c3cdbcafcc5f6640f29c2b272c4463a6d,463a6d,6,双,大
2026-08-09 02:55:33,85181444,000000000513c404b10dcad410e555b98f60c4d9f792fa0d9340d2b202f02260,f02260,0,双,小
2026-08-09 02:55:44,85181447,000000000513c40709bbb2533f5915dde677366d596e46f448987bb42176cb76,76cb76,6,双,大
2026-08-09 02:55:54,85181451,000000000513c40b90442e2aea2b124d57eecaa46fe76297acd3f3f5b13e7024,3e7024,4,双,小
2026-08-09 02:56:04,85181454,000000000513c40e8acf08b2d26df70503c9bff7bb870a0d825fdaede38ad15a,8ad15a,5,单,大
2026-08-09 02:56:13,85181458,000000000513c4124858504a837e8eeb1e784f401a57dba234353a89bf02b3b9,02b3b9,9,单,大
2026-08-09 02:56:23,85181461,000000000513c41531c5da7d797d7e834857f2a2fba03900e58d1563b240ad02,40ad02,2,双,小
2026-08-09 02:56:33,85181464,000000000513c4184fdf01f980da73f070509b58078751d451267b2f20f01750,f01750,0,双,小
2026-08-09 02:56:43,85181467,000000000513c41b5e963053b3884c1e4140f53cd17695bbd9dc827b5970ecbe,70ecbe,0,双,小
2026-08-09 02:56:52,85181470,000000000513c41ee6ae76c1849b9c1895d50bcebf03525655dc2449f7cb2942,cb2942,2,双,小
2026-08-09 02:57:02,85181474,000000000513c4221405f552f7cf605f1eee1e98ec6b07ea5e124e7e1a7fb1db,7fb1db,1,单,小
2026-08-09 02:57:12,85181477,000000000513c425d067152a43e32a0077d24aa4c3dfa5fbc34c75eb0d9ec0f3,9ec0f3,3,单,小
2026-08-09 02:57:22,85181481,000000000513c429fe41ef20cd42ea6a45eb5a842eca25926c19661a2db3e94e,b3e94e,4,双,小
2026-08-09 02:57:32,85181483,000000000513c42bb0c780231f35c991d6a3fcbf8f1c1b3066578913f8916629,916629,9,单,大
2026-08-09 02:57:41,85181487,000000000513c42f6772407609c5dd07bb44604e392ee9510f66f95e62adee2d,adee2d,2,双,小
2026-08-09 02:57:51,85181490,000000000513c432784c29de3b8012b11477086535ef6b62bd54a33f4802d5a7,02d5a7,7,单,大
2026-08-09 02:58:01,85181493,000000000513c43529f380ede2c0e018d5ee4f6974bf51f92152193980c34114,c34114,4,双,小
2026-08-09 02:58:11,85181497,000000000513c439234abe1f342bb689b68d425c3881776f508feefba14adc97,4adc97,7,单,大
2026-08-09 02:58:21,85181500,000000000513c43c4114242b30da5285004ab9f41fe94717f9a363df06f2a294,f2a294,4,双,小
2026-08-09 02:58:31,85181503,000000000513c43f65c4d7f1716bb63dc926e2ff00360346a421937c2c6b7e77,6b7e77,7,单,大
2026-08-09 02:58:41,85181507,000000000513c443e98072f8f84b9590a67115dd7c3b5449ac3be3e05a5181be,5181be,1,单,小
2026-08-09 02:58:50,85181510,000000000513c44622af0c6e0d907bcbf7c713e93ff467d8b5ebdef37f27ed25,27ed25,5,单,大
2026-08-09 02:59:00,85181513,000000000513c4491506b4285167c559ef16f1969d47d5ede6e30ebe2dbefda8,befda8,8,双,大
2026-08-09 02:59:10,85181516,000000000513c44ca8f904dcc7cae577384193e7d717b9230c551e665e160349,160349,9,单,大
2026-08-09 02:59:20,85181520,000000000513c450324eed8dd586b342c3120d6b5076ccc7185e4b009df532f8,f532f8,8,双,大
2026-08-09 02:59:29,85181523,000000000513c4536aa3ee29d693e0c1c3a049b55d8583d004ccdd1086bd3404,bd3404,4,双,小
2026-08-09 02:59:39,85181526,000000000513c456374ab0d86ca72c15ec42f2bfcd13153d0ef47ae918e46b46,e46b46,6,双,大
2026-08-09 02:59:49,85181529,000000000513c459426eaee7cbb150da228c93284cae22c2a285ff1d23f4ea81,f4ea81,1,单,小
2026-08-09 02:59:59,85181532,000000000513c45ca2de86228715427110011559b1f615544b945e4267d1c00c,d1c00c,0,双,小
2026-08-09 03:00:08,85181536,000000000513c46019012637844aafc133c16f5fd56aac282cb71b8edf3e22a8,3e22a8,8,双,大
2026-08-09 03:00:18,85181540,000000000513c46447697b1dd44b0e5e930276aa93961c213a1932b21861710a,61710a,0,双,小
2026-08-09 03:00:29,85181543,000000000513c467f45e69782aff6de51bdd5c5807645ee428e1c4745a16955d,16955d,5,单,大
2026-08-09 03:00:39,85181547,000000000513c46b931bd8bd2f8d8d282e20ade9ee2a1b6147a72ac57485906e,85906e,6,双,大
2026-08-09 03:00:50,85181550,000000000513c46e85f2dfa5c8ad6097b0acead5c1e13523458e8900c0d214b6,d214b6,6,双,大
2026-08-09 03:01:01,85181553,000000000513c47178f42dca3bdab32ae9d73b8b8cf57ada435dcd5b583feae5,3feae5,5,单,大
2026-08-09 03:01:12,85181557,000000000513c4754b597566aaabae7bb9a51428f734ca859c2fc9bfc70e269e,0e269e,9,单,大
2026-08-09 03:01:22,85181560,000000000513c4781fe18d3e9aabea3a00c32542af61e7b2d87ef12da9bd3390,bd3390,0,双,小
2026-08-09 03:01:32,85181564,000000000513c47c3222bf254e790b252094f54e0f4f379b593be13ab792b61f,92b61f,1,单,小
2026-08-09 03:01:43,85181567,000000000513c47f7010a6c540317dd73c9c1a7beaddb8702d5ebc1b34d14aa5,d14aa5,5,单,大
2026-08-09 03:01:54,85181571,000000000513c483ecdb0a7740faeb267cfb6592d36439cd8a505ebca22e16bb,2e16bb,6,双,大
2026-08-09 03:02:04,85181575,000000000513c48720f6b06b3208a0652d3cc7a8dac80ceeb07ee2dc5fa85be0,a85be0,0,双,小
2026-08-09 03:02:15,85181578,000000000513c48ae0ec903eca76c9043be9181eaf0f57f3ef2ec72f6ee1b4d8,e1b4d8,8,双,大
2026-08-09 03:02:26,85181582,000000000513c48e816932b5835156aeb87f70a3f56b35065c17b3e109392180,392180,0,双,小
2026-08-09 03:02:36,85181585,000000000513c491ba87f6ac3141c7ff0bc1163ecfda070759ab80652bbd9402,bd9402,2,双,小
2026-08-09 03:02:47,85181589,000000000513c4955c678075f6f1270bac4180b4f62e6f4e535ffaa2b3e1db9a,e1db9a,9,单,大
2026-08-09 03:02:58,85181592,000000000513c4980fc62538ba7827662cd6fbcf7a45bb242c963da6fe21ac56,21ac56,6,双,大
2026-08-09 03:03:08,85181595,000000000513c49b4c374e811cc8d9ea9f65945fcf89ad36f758c09b0188f36f,88f36f,6,双,大
2026-08-09 03:03:19,85181599,000000000513c49fc1729e2e0977633ee71d562df586205e9f903dacf0f63943,f63943,3,单,小
2026-08-09 03:03:29,85181602,000000000513c4a26b7d055142a8ccf921e1c42e42488ffce9c0de76780ca7dc,0ca7dc,7,单,大
2026-08-09 03:03:39,85181606,000000000513c4a6319e7bc2ee4bb0f3e5847bfd9c2c2bfd4431a9d21475f79b,75f79b,9,单,大
2026-08-09 03:03:49,85181609,000000000513c4a980bfd6a794cb765cc0c279079f7b908a9909d7b67e70c801,70c801,1,单,小
2026-08-09 03:03:59,85181612,000000000513c4ac3c58059c6fdfbd865473144d2675383b037b4dd99f5d3ea8,5d3ea8,8,双,大
2026-08-09 03:04:09,85181616,000000000513c4b0486580409d56a16d0bc1d33333dc06db119f7f46ce15babe,15babe,5,单,大
2026-08-09 03:04:19,85181619,000000000513c4b3bc4d1af0d15dddbeb5d28d92a6d30bdac15a7922db8ab2fc,8ab2fc,2,双,小
2026-08-09 03:04:29,85181623,000000000513c4b77708890f3f7e155fe10255f3995a6f9716beaac55fd3eb47,d3eb47,7,单,大
2026-08-09 03:04:39,85181626,000000000513c4bae1b512e0aa9446496ff72ed599a509bd59c0cf1de1f542dd,f542dd,2,双,小
2026-08-09 03:04:49,85181629,000000000513c4bdeeb98164784f29f87f87f02e9d5e4079b130f713a585aede,85aede,5,单,大
2026-08-09 03:04:59,85181632,000000000513c4c0eb3c43797c0eccdd8fa7ef9587c2492d153ab5b172c2a319,c2a319,9,单,大
2026-08-09 03:05:08,85181635,000000000513c4c354fc5bf6e662d0b2cf33cfea2faf048fa556bf5341396d88,396d88,8,双,大
2026-08-09 03:05:18,85181639,000000000513c4c763a496ceb6fd83bd33e020738e67d4d33ba9e1065a998367,998367,7,单,大
2026-08-09 03:05:28,85181643,000000000513c4cbddd0ae80675819838088181a189c93341e82563d84cd88e0,cd88e0,0,双,小
2026-08-09 03:05:38,85181646,000000000513c4ced0f50654e609d832531f19505f6aaed26d0bd3a58e01fd54,01fd54,4,双,小
2026-08-09 03:05:47,85181649,000000000513c4d1e95ddc8f60355d113fd19d9ee02738b9762f4f779ad13137,d13137,7,单,大
2026-08-09 03:05:57,85181652,000000000513c4d418f213cc54baf206097c7b07ac05c2e20434df3d23f3958d,f3958d,8,双,大
2026-08-09 03:06:07,85181656,000000000513c4d8ba4b2bd912bcab36df25ddcf0ac070c2f47bfb76d6aab95e,aab95e,5,单,大
2026-08-09 03:06:17,85181659,000000000513c4dbe43db70eda1b5c13842633c1db39dd20c7d93a07239fd0ad,9fd0ad,0,双,小
2026-08-09 03:06:27,85181661,000000000513c4ddf9d9f1185bb6c5c9105b4e5dda63cd03a30b6e7236e490a9,e490a9,9,单,大
2026-08-09 03:06:37,85181666,000000000513c4e29c5787ddb8a900962274635758c52ee56a1edeb6ecb20528,b20528,8,双,大
2026-08-09 03:06:48,85181669,000000000513c4e5f89b799a01ebd37897e3a27cd6ff88c71a0092c8c824d585,24d585,5,单,大
2026-08-09 03:06:58,85181672,000000000513c4e82d5ca1e2f34a3edf95c63381542f1723a897c2143919e3d3,19e3d3,3,单,小
2026-08-09 03:07:08,85181675,000000000513c4eb441c2d657b2728534387833b58091081b553b3e3ec82219c,82219c,9,单,大
2026-08-09 03:07:18,85181679,000000000513c4ef1a0d0fe24b18ac82dc06f46ca2080cb9db12a3fcce40480f,40480f,0,双,小
2026-08-09 03:07:28,85181683,000000000513c4f39600a9c6df576f8962af4c9461dde3a7fd668fb123ec7908,ec7908,8,双,大
2026-08-09 03:07:38,85181686,000000000513c4f6e076d1a496f7dbba887c3f807576540a5e0ea03a01fd2ced,fd2ced,2,双,小
2026-08-09 03:07:48,85181689,000000000513c4f99d8ac18849842c55c327f69b524c3338997bc0171cce70e3,ce70e3,3,单,小
2026-08-09 03:07:57,85181692,000000000513c4fcd36519d402b7e575963c3b864a5aab62f26e85de0f086c06,086c06,6,双,大
2026-08-09 03:08:07,85181696,000000000513c5001328fa28180dcb297d024df40ae87308a006c41872e552c8,e552c8,8,双,大
2026-08-09 03:08:17,85181699,000000000513c503045c62878216cca01ad8411a679f83aa27cf2f5146119acb,119acb,9,单,大
2026-08-09 03:08:27,85181702,000000000513c5068c63b76f4a80ebb0ba743012e99034f59662a3cc138f9296,8f9296,6,双,大
2026-08-09 03:08:37,85181706,000000000513c50ac8af78146f65fbe403c42d752bf276730ac8d7735b047858,047858,8,双,大
2026-08-09 03:08:47,85181709,000000000513c50de31d8c6042bff02dec873075eea4ffbf6aef7174717b3588,7b3588,8,双,大
2026-08-09 03:08:57,85181712,000000000513c510ce64df6476c7d86760da7dc519573eda4ffa5afc4eb97b25,b97b25,5,单,大
2026-08-09 03:09:07,85181716,000000000513c5142b7baa9590426a158033cb8ff8d6d6ad2c23239a4d36e879,36e879,9,单,大
2026-08-09 03:09:17,85181719,000000000513c51720068752e9784f74c03d770216bd194c7617ea7c1fc5ca7c,c5ca7c,7,单,大
2026-08-09 03:09:26,85181722,000000000513c51a6a38d15f60a89ab8c0edd08089c356a4abd37bbdde13982a,13982a,2,双,小
2026-08-09 03:09:36,85181726,000000000513c51ebf6270c0bbd8023dff642dd56feb9e1ce1a88f6ae679b2a2,79b2a2,2,双,小
2026-08-09 03:09:46,85181728,000000000513c520a361df2e69e0fa7d9bb419d8e4ec1a2c309ac0e8ef024b77,024b77,7,单,大
2026-08-09 03:09:56,85181732,000000000513c52477ca7d6ddf6adc3dde5d51901e6cfc83ff35fab49cdc893d,dc893d,3,单,小
2026-08-09 03:10:06,85181735,000000000513c527c5876672049bd72151eb6fccb150778dab74ad8257167f85,167f85,5,单,大
2026-08-09 03:10:15,85181738,000000000513c52ac198be3383451736ec494be944e385cfdfb569f14dd3de41,d3de41,1,单,小
2026-08-09 03:10:25,85181742,000000000513c52ef002ceb70f956960b6d525a971b368646663f6534aa3c9a1,a3c9a1,1,单,小
2026-08-09 03:10:35,85181745,000000000513c531079d423ab98cfa308bdf55883b61f9f99cd3e6719257d0d9,57d0d9,9,单,大
2026-08-09 03:10:46,85181749,000000000513c535a7c81e7fb609351ad1fd01cdeee3fd85376166e8ea62130f,62130f,0,双,小
2026-08-09 03:10:57,85181751,000000000513c5378bf9aec2171ea777f2d6ed035acc77062e102aab4ad13aa8,d13aa8,8,双,大
2026-08-09 03:11:07,85181755,000000000513c53b16f161b508f31df865aec9d6458104e157efb36e8754d203,54d203,3,单,小
2026-08-09 03:11:18,85181759,000000000513c53f7dfc60dab5fc1e68b6d81d440093916ec9a3cd0a5ddfbbd7,dfbbd7,7,单,大
2026-08-09 03:11:29,85181763,000000000513c543b334ad9812c6dcdfe9612e5a8fac6cf8abf376777460f9e4,60f9e4,4,双,小
2026-08-09 03:11:39,85181766,000000000513c54671fd0319a970485781c6282c7757325f203c37e8735f233c,5f233c,3,单,小
2026-08-09 03:11:50,85181769,000000000513c549b6fdcf2d4d12aa2e97345c9e6f203aad380c0e5435c8f1b2,c8f1b2,2,双,小
2026-08-09 03:12:01,85181773,000000000513c54dd9ccd6360c2d0cae83b7d1d41434e8050de179a553d65854,d65854,4,双,小
2026-08-09 03:12:11,85181777,000000000513c55197c3605b9cba81ac0da9f0e2c8ea0bf5db6250f4db3a4410,3a4410,0,双,小
2026-08-09 03:12:22,85181781,000000000513c5550836725064e51ffaeec26f7ec76c3db354b90e02ec5bcbb7,5bcbb7,7,单,大
2026-08-09 03:12:32,85181784,000000000513c558d119e477b2197bddbc51a976dde2b65544e6a94f59af8c1d,af8c1d,1,单,小
2026-08-09 03:12:43,85181787,000000000513c55bcf85c764a7bdc9c10335b738d59f7828d8475dfbda5c080c,5c080c,0,双,小
2026-08-09 03:12:54,85181791,000000000513c55f16fe22deb33a9c0735254a221cab489a1a97d4287206bde1,06bde1,1,单,小
2026-08-09 03:13:04,85181795,000000000513c563d344e7bd5ca46c26cf0c8d5ba64626cbecd3fd11b6b3ffb2,b3ffb2,2,双,小
2026-08-09 03:13:15,85181798,000000000513c566167283b934bd2916dc059f2469fcd05e7a015d7d330ad6ed,0ad6ed,6,双,大
2026-08-09 03:13:25,85181801,000000000513c569049a6a7b7ffc7d08f6fc6609a7bba67205e60870d924d250,24d250,0,双,小
2026-08-09 03:13:35,85181804,000000000513c56ca6b00590e2d0de19f8bec8e8af4db763b222eaba5b8ec24c,8ec24c,4,双,小
2026-08-09 03:13:45,85181808,000000000513c570fb18f9d674b6a7e778a4f6174fd1b12196b9c80b13d06fd3,d06fd3,3,单,小
2026-08-09 03:13:54,85181811,000000000513c5735822807ea9fb41b604eb07fb3a11fa7196d08548966db763,6db763,3,单,小
2026-08-09 03:14:04,85181814,000000000513c576d332e858c22b1dbc09af7fc06081280cf8521afb4767102a,67102a,2,双,小
2026-08-09 03:14:14,85181818,000000000513c57ab57fd74eba12c39b143a3e6d99d85a43509c65137c57eecd,57eecd,7,单,大
2026-08-09 03:14:24,85181821,000000000513c57d2e97682f3e0b3e1e991c8dca045edda876495f11f58456a9,8456a9,9,单,大
2026-08-09 03:14:34,85181824,000000000513c580ebae2896cf3ef031db5a51bfb3b24df6e4ca16432bd5ced0,d5ced0,0,双,小
2026-08-09 03:14:44,85181828,000000000513c5843e70e6a0317f744c770241acadc8da7ba6670d2c84e8f547,e8f547,7,单,大
2026-08-09 03:14:54,85181831,000000000513c5874a549fb46a0fcb388e1a70d01e8eb8b4eb4c137a8fcc92c1,cc92c1,1,单,小
2026-08-09 03:15:05,85181834,000000000513c58abfedb0bceab1c9589ea76ec316260a1356b52b38a3a47479,a47479,9,单,大
2026-08-09 03:15:16,85181838,000000000513c58ec63688ab5c027023a95044fb36d625977393af572d142c5f,142c5f,5,单,大
2026-08-09 03:15:26,85181842,000000000513c59224f17f5f5f64a358a31edb6b1c556b1da2ad9063a5121f58,121f58,8,双,大
2026-08-09 03:15:36,85181845,000000000513c5952e3acf3a66010f651e2234234c4386dbb3632dc2141dd579,1dd579,9,单,大
2026-08-09 03:15:45,85181849,000000000513c599701ced3b906e680d7c62a064b56e40c33ab5d27c688392b8,8392b8,8,双,大
2026-08-09 03:15:56,85181852,000000000513c59c3cbaa172b6a7607851d6d4edd0e37a4eef18de7796287c5c,287c5c,5,单,大
2026-08-09 03:16:06,85181855,000000000513c59f09f553331a90a05aa4a056f2a7bb04d524358ca38821444b,21444b,4,双,小
2026-08-09 03:16:16,85181858,000000000513c5a2b78de3298222e0b7de833c0d18bdb95c8fd26a814c0f3f60,0f3f60,0,双,小
2026-08-09 03:16:27,85181862,000000000513c5a6819399eb058745537c5f6c815970888f53b53b89897532dc,7532dc,2,双,小
2026-08-09 03:16:37,85181865,000000000513c5a90917750a189b48112271c7c1061ab4a3b8a8a71fda49ef70,49ef70,0,双,小
2026-08-09 03:16:48,85181869,000000000513c5ad03d1e98876b130fbf6e09f26a23122f050de546b91d7eaff,d7eaff,7,单,大
2026-08-09 03:16:59,85181873,000000000513c5b18d62a10c2fbbd991223092c3b8f3846d3db23ad9f170dbe5,70dbe5,5,单,大
2026-08-09 03:17:09,85181876,000000000513c5b45b114e0c7aab44e2c14f49fe22872be252861d6e2ac8f6f2,c8f6f2,2,双,小
2026-08-09 03:17:20,85181879,000000000513c5b7c640e57b898297ce8a7e958323d0ebed4e90509adb561302,561302,2,双,小
2026-08-09 03:17:30,85181883,000000000513c5bb4946c019fe518f27f88c6a792254f5441996b921b4589c23,589c23,3,单,小
2026-08-09 03:17:39,85181886,000000000513c5bef26db6a3c62b9ec46e402a9efad414eca55d1fd97b134422,134422,2,双,小
2026-08-09 03:17:49,85181890,000000000513c5c2a824817e0acc9729e726b10ac30b5a5372bbf74ddf0a669c,0a669c,9,单,大
2026-08-09 03:17:59,85181893,000000000513c5c5a7a6310fa6b1871672b89f1761f9cbcf58cdaf7f1c49732c,49732c,2,双,小
2026-08-09 03:18:09,85181896,000000000513c5c82973e9426144a86f7eb39156c1d4bea9f9660738265738f7,5738f7,7,单,大
2026-08-09 03:18:18,85181899,000000000513c5cb8c4b1ea2f0c565dd55d6250ecb37c5030ae5adfb04330378,330378,8,双,大
2026-08-09 03:18:29,85181903,000000000513c5cf302e4c0bd5c8c3c0ae52086359f3a35595b38b9533332cba,332cba,2,双,小
2026-08-09 03:18:39,85181906,000000000513c5d27bbbd72fe7b675ff7a9dc216c5c4f70a36ad666c2aa0230a,a0230a,0,双,小
2026-08-09 03:18:49,85181909,000000000513c5d57370685810034f466e5dd5c545a21e33ffdbff148ad278d9,d278d9,9,单,大
2026-08-09 03:18:58,85181913,000000000513c5d962bb3866320abeed355afa04999aea74a0153317a05617a8,5617a8,8,双,大
2026-08-09 03:19:08,85181916,000000000513c5dce78eafd53f0e5c6ebfeb3b745d7ea1f304909c28fa19a319,19a319,9,单,大
2026-08-09 03:19:18,85181919,000000000513c5dfb2bb214663dc9e024bf6040958928572fa9ae22290e60829,e60829,9,单,大
2026-08-09 03:19:28,85181923,000000000513c5e3017569a341066515972f4b8cbc643358028a4475ad651fb2,651fb2,2,双,小
2026-08-09 03:19:37,85181926,000000000513c5e6df87d7628013b6a34223ea98a37e9e69fd4c1e2505522d4c,522d4c,4,双,小
2026-08-09 03:19:47,85181929,000000000513c5e95803eb65f5f76c022aa1d515a09c0cc32de6292b7dca6c9c,ca6c9c,9,单,大
2026-08-09 03:19:57,85181933,000000000513c5edaa422f85fee49c756b7dae83278cdd671c64dac0355b99ab,5b99ab,9,单,大
2026-08-09 03:20:07,85181936,000000000513c5f0298e62590507640b3bcb7da3d1972a1d3c2ed942b1ceffe9,ceffe9,9,单,大
2026-08-09 03:20:18,85181939,000000000513c5f3b425b4a07d30e4198420e2f2db9c9a34ae11caa5570d8651,0d8651,1,单,小
2026-08-09 03:20:29,85181942,000000000513c5f63feff5811228ea52705f5d9d559ed60ac2f4d127d39b92b8,9b92b8,8,双,大
2026-08-09 03:20:39,85181946,000000000513c5fa9f9c7ca174741756bf48688a4fe26b12a1df951f2f4154e8,4154e8,8,双,大
2026-08-09 03:20:50,85181950,000000000513c5febba1f2c422c5ac934ee25d299dfa1ebbcae0d1062f9fe292,9fe292,2,双,小
2026-08-09 03:21:00,85181953,000000000513c601cbb1915ac7d04eadd4d9dbc8b23ff9c84076c04cb5703f3e,703f3e,3,单,小
2026-08-09 03:21:11,85181956,000000000513c60467adfa378f57421ed8b7002fb16651437f68a6d0d8956cb7,956cb7,7,单,大
2026-08-09 03:21:21,85181961,000000000513c60923e4af881b27686321d54f8427535bd2f7b1935f687c67c4,7c67c4,4,双,小
2026-08-09 03:21:32,85181964,000000000513c60c5df4d001f63957a63ca86d35e0f635926013e1c42f5a1283,5a1283,3,单,小
2026-08-09 03:21:43,85181968,000000000513c610a8c4cc9ff6d25ed5dcc9901c9427470b721bd5a874fd80d3,fd80d3,3,单,小
2026-08-09 03:21:53,85181971,000000000513c6136eae304e3cded7f4af406a10837a5b2ea8478cadeee7bfc1,e7bfc1,1,单,小
2026-08-09 03:22:04,85181974,000000000513c616991164ba92365cc29f6d05924fa2547d40f0e9793d3cbb15,3cbb15,5,单,大
2026-08-09 03:22:15,85181978,000000000513c61a7119adb21ae09b5c4522d38b3cf814d2867dd48dc285dde6,85dde6,6,双,大
2026-08-09 03:22:25,85181981,000000000513c61dd841c84b9441fd8b5d63eadc9391f6c6d6ea64b2d5ad7a39,ad7a39,9,单,大
2026-08-09 03:22:34,85181984,000000000513c620a9a53ba2068179e741ad79cd287e55804dd4390b98d33416,d33416,6,双,大
2026-08-09 03:22:44,85181988,000000000513c624ab0ca40e5066a963b46e6d47944dba8093f315e185528252,528252,2,双,小
2026-08-09 03:22:54,85181991,000000000513c627efd2a975b9e7b1e37b6409f7b0a4d02729616a5418eaab95,eaab95,5,单,大
2026-08-09 03:23:04,85181994,000000000513c62a1dd0b5a859fc722ff22f18f0d972af79704614d8be289bec,289bec,9,单,大
2026-08-09 03:23:13,85181997,000000000513c62d369c181006cff96f8c62951bc32da489a2352e45563d230b,3d230b,0,双,小
2026-08-09 03:23:23,85182001,000000000513c63144c383867702712adb20fa930c09a5eee62d60edab36b382,36b382,2,双,小
2026-08-09 03:23:33,85182004,000000000513c63432ea7bf8571fa86f86a1804e9cbe6ac306bb5c0d3c25f910,25f910,0,双,小
2026-08-09 03:23:42,85182007,000000000513c637daccc8af3baeef8e46e4852db30143947b2969dfb5ff34de,ff34de,4,双,小
2026-08-09 03:23:52,85182010,000000000513c63abc70b8b507d02da990ef49713f8493143985e48567a3ab93,a3ab93,3,单,小
2026-08-09 03:24:02,85182014,000000000513c63e6f5554da8818628bdd8b910892d1bfbbfdd224977ea44c70,a44c70,0,双,小
2026-08-09 03:24:12,85182017,000000000513c641d01a33e963b39ac17a2e75371428147304cd27b6a8f25b1f,f25b1f,1,单,小
2026-08-09 03:24:21,85182020,000000000513c64418858112e5307c6f5ac9580db5937387eadda31ed7941cb3,941cb3,3,单,小
2026-08-09 03:24:31,85182023,000000000513c647cb60b14ccba01a48cd598d92cc4b644773134e90652750e5,2750e5,5,单,大
2026-08-09 03:24:41,85182027,000000000513c64b8b9fe48f049d025843f46b381d7d3c5089db7d13b094cc78,94cc78,8,双,大
2026-08-09 03:24:51,85182030,000000000513c64e1749b46d3e12d0a2752b5ce947b33a6ade39ff3ee817efc6,17efc6,6,双,大
2026-08-09 03:25:00,85182033,000000000513c6512d2ef88d3599bcfa6a2b5b44afe4080b22090f6c0303930b,03930b,0,双,小
2026-08-09 03:25:10,85182036,000000000513c65493f8481976a1b22ded4f010dbecd01c1ac9a94c9e2bf0368,bf0368,8,双,大
2026-08-09 03:25:20,85182039,000000000513c657ef22cc1c0039a0da35e5b48d3edb152d904df16391f79e38,f79e38,8,双,大
2026-08-09 03:25:30,85182043,000000000513c65bc48db9aba23ec75f62912245edc4e74ad4ef8a4fce78b12b,78b12b,2,双,小
2026-08-09 03:25:40,85182047,000000000513c65f65f75b320fab8ae6ec47282f98fcfbc338085171bc537162,537162,2,双,小
2026-08-09 03:25:50,85182050,000000000513c662ad21957801c71e6db14a8495f90d5a592d6bf9a2b63945fd,3945fd,5,单,大
2026-08-09 03:26:01,85182053,000000000513c665c406f6dfd2c0266f9bafb2d99b9b26cdedab8bb2be78500d,78500d,0,双,小
2026-08-09 03:26:12,85182057,000000000513c6692bed4d79961c7aca05d4310cebc8586bed6d19e3ab439d54,439d54,4,双,小
2026-08-09 03:26:22,85182060,000000000513c66c8e71d833de41bb5dcdf54f4986457a2694831e4a81b94baf,b94baf,4,双,小
2026-08-09 03:26:33,85182064,000000000513c670a645df1c2c0d05de663fb26dc148a3d92efb0aa9369bf5b4,9bf5b4,4,双,小
2026-08-09 03:26:43,85182067,000000000513c6736a15af2e954a91005bfa743c3a411bdeba74e2d5ee5ef91f,5ef91f,1,单,小
2026-08-09 03:26:54,85182071,000000000513c6774ccf220c6064cddbb515f1b395e2336fc3f45557afcea3fc,cea3fc,3,单,小
2026-08-09 03:27:05,85182075,000000000513c67b80943ce6693ee81a265c220e3cda7048c1406d6f14a83ad1,a83ad1,1,单,小
2026-08-09 03:27:15,85182078,000000000513c67e092319539063f7c2f3145c4334e984449925e4eb877ecae0,7ecae0,0,双,小
2026-08-09 03:27:26,85182082,000000000513c682e08ba3c6303b0ce7da5917147ae5644856d10291b554f709,54f709,9,单,大
2026-08-09 03:27:37,85182085,000000000513c685f33725f6a0cdc35de0c05a3fdb2df790d837dcc3fe2e8c9c,2e8c9c,9,单,大
2026-08-09 03:27:47,85182089,000000000513c689b4d70bd6469d107012980d6d129d9b9b829aebe1b889b994,89b994,4,双,小
2026-08-09 03:27:58,85182092,000000000513c68c8fe27285b41de83957ec42f8cabefa0819e66566aa82001e,82001e,1,单,小
2026-08-09 03:28:09,85182096,000000000513c690de94488d2c136d4f07e6260fabec5835e46c5ceae4de8fd2,de8fd2,2,双,小
2026-08-09 03:28:20,85182099,000000000513c693a7c1977b460b89e74b421aa35b88f781bd77f646437e4c9a,7e4c9a,9,单,大
2026-08-09 03:28:30,85182103,000000000513c6971dbac8382d1303cc2eafb133a0fc65577519d18e8e1db8e2,1db8e2,2,双,小
2026-08-09 03:28:41,85182107,000000000513c69b9084f34ebb8251b5da3ce555caf5d06e5decf042f34e5a84,4e5a84,4,双,小
2026-08-09 03:28:51,85182110,000000000513c69e9052adf3805450f45a57011344e498c7759943172ff091cc,f091cc,1,单,小
2026-08-09 03:29:02,85182114,000000000513c6a2cc804c8a005b8e2126145d0cd135438d470cfd26fbf6fa17,f6fa17,7,单,大
2026-08-09 03:29:13,85182117,000000000513c6a513f78bf7d77d2fa6446d82208d113d8bef4ca4170fb91895,b91895,5,单,大
2026-08-09 03:29:23,85182121,000000000513c6a9a9ff44981190e166a4e42e4a177c6db1767a07d6a90b25cf,0b25cf,5,单,大
2026-08-09 03:29:34,85182124,000000000513c6ac08859ed3d1db4bd8bdd40e0c706ccfff2bf955f4a60ab9d6,0ab9d6,6,双,大
2026-08-09 03:29:44,85182128,000000000513c6b0ea7a4612e42b84bd88488c9c06da4b6cf976d89f1085591f,85591f,1,单,小
2026-08-09 03:29:55,85182131,000000000513c6b34db80c408087f29487802d5dce6dfb0052862a2ae2d410a9,d410a9,9,单,大
2026-08-09 03:30:05,85182134,000000000513c6b65e385cfb39e2a421a91d66cec8cccb0b6732db9b0a295617,295617,7,单,大
2026-08-09 03:30:16,85182139,000000000513c6bb6ea1bbed38f247df88a8a1589b5742cb35929c246eba3dd6,ba3dd6,6,双,大
2026-08-09 03:30:26,85182142,000000000513c6bef6770a53d17bcd0bdc5ad6547472f50679cb3669c6c24388,c24388,8,双,大
2026-08-09 03:30:37,85182146,000000000513c6c2b81521da1b8f792c4d019e39b9bb79bb339fa355a231b540,31b540,0,双,小
2026-08-09 03:30:48,85182149,000000000513c6c5dcf17a22694444fc763feee527bc8a313eeb47e0fbbb9070,bb9070,0,双,小
2026-08-09 03:30:58,85182152,000000000513c6c873f381467738654d4bf283c775e2756a2c159c9644d8f2bd,d8f2bd,2,双,小
2026-08-09 03:31:09,85182156,000000000513c6cce1abea6b04bd61b6495bd01b60898e620ad3087172ee7102,ee7102,2,双,小
2026-08-09 03:31:20,85182160,000000000513c6d02ae219907efde3d9c2265a418e60cee6e802fb4f6ee325f5,e325f5,5,单,大
2026-08-09 03:31:30,85182163,000000000513c6d32b13732b62be713345c7d724e221dfa649f87fbc63f86cd8,f86cd8,8,双,大
2026-08-09 03:31:41,85182167,000000000513c6d7608c9a9515103f3567e7412e290c750802bdd653715cd392,5cd392,2,双,小
2026-08-09 03:31:51,85182170,000000000513c6da835d6e29f0080d2ca1ad3a0badfc31ecb7bee86991b28eed,b28eed,8,双,大
2026-08-09 03:32:01,85182173,000000000513c6dd8586d9ccb44034c84ec94da5ca91779c5a854300be6700df,6700df,0,双,小
2026-08-09 03:32:12,85182178,000000000513c6e2e31a66d8b6db84d362c6e9784d3954dee0084ba398b3bed3,b3bed3,3,单,小
2026-08-09 03:32:22,85182180,000000000513c6e4ca144dadbdc6e77dc2677c67adef8b1070462770c2cbaebe,cbaebe,2,双,小
2026-08-09 03:32:33,85182184,000000000513c6e8baa33d240853a2ef454b897c01de33451207e4df7dca0806,ca0806,6,双,大
2026-08-09 03:32:43,85182188,000000000513c6ec7a8e54a035c7ff4081e3f4b83b70a41fd0301e575b3d09d0,3d09d0,0,双,小
2026-08-09 03:32:53,85182190,000000000513c6ee9b7e7884f0a1b21b7674c0ad624e05f163d450d3ee3a7cbc,3a7cbc,7,单,大
2026-08-09 03:33:04,85182195,000000000513c6f369221f794bb50e02c8f4c4c7cad6cfc55bbc5fff0c3987f4,3987f4,4,双,小
2026-08-09 03:33:14,85182197,000000000513c6f55dec5f6d353d25c340231db030e8dedfc4c67164affd5c59,fd5c59,9,单,大
2026-08-09 03:33:24,85182201,000000000513c6f9e54975e5526cbccf81a6e6f294ab81441d5f79621a2057f8,2057f8,8,双,大
2026-08-09 03:33:35,85182205,000000000513c6fd0005ae26de46fae5ca4e30472a5bfb01f018e9844014f6c8,14f6c8,8,双,大
2026-08-09 03:33:45,85182208,000000000513c700d64b0c2ab984eb8f439ea29436f72842d19bdb6e7fd4f39c,d4f39c,9,单,大
2026-08-09 03:33:56,85182211,000000000513c70356f387fb58fbe2a847246f3df44c943153c8d54cbb47a0b6,47a0b6,6,双,大
2026-08-09 03:34:06,85182215,000000000513c707991f189bb2801d437538d6786eb982852298a289ac4c8b4a,4c8b4a,4,双,小
2026-08-09 03:34:17,85182219,000000000513c70bb5a3ada5f6378836e72de50b2a6453cecbdc22296628670f,28670f,0,双,小
2026-08-09 03:34:27,85182222,000000000513c70e548c3d70176ee843cd638a17aa511cd97da91750701145e3,1145e3,3,单,小
2026-08-09 03:34:38,85182226,000000000513c71251de8dd70d671c4b1584d9f41d4d84c7794fe8f0a2f66db5,f66db5,5,单,大
2026-08-09 03:34:48,85182229,000000000513c715e0977800780fadf444169071b90e845b1823545e69284af7,284af7,7,单,大
2026-08-09 03:34:59,85182233,000000000513c7198d67538f06a590a4e2c861bfb5bc3f14047189ae52224005,224005,5,单,大
2026-08-09 03:35:09,85182236,000000000513c71c962ca454707e12f5f75bac581b540e2d6b16656480feb932,feb932,2,双,小
2026-08-09 03:35:20,85182240,000000000513c72036993dc866d5f49efe215bb13423473b5809f1b38b5ab811,5ab811,1,单,小
2026-08-09 03:35:30,85182244,000000000513c724b3ddac9a81dc3551ad8d5870cbb8c0abec96a4073fb5a26b,b5a26b,6,双,大
2026-08-09 03:35:41,85182247,000000000513c72728fb5c765c397b051e017d08f8c1a1067000e2a846373950,373950,0,双,小
2026-08-09 03:35:52,85182250,000000000513c72a7c0e8bc037d042d7cfb7b73260bab5217a6c1670a5c165a3,c165a3,3,单,小
2026-08-09 03:36:02,85182254,000000000513c72e70926b553b28afa8f857fe1993c989830d185b9e55d5a460,d5a460,0,双,小
2026-08-09 03:36:13,85182257,000000000513c731e1d6aebf700222af5b457afaef97c647d981e04b070b8d06,0b8d06,6,双,大
2026-08-09 03:36:23,85182261,000000000513c7352a5f5d88feafab65cbeabe75ef43338647c154fe868a60fc,8a60fc,0,双,小
2026-08-09 03:36:34,85182264,000000000513c7380e911a38c091834b7ac86886267aa7f8cc71b5df137fd78f,7fd78f,8,双,大
2026-08-09 03:36:44,85182268,000000000513c73c467e1f7a865a8f7f86c43b069627ee60f299519d348ca3c5,8ca3c5,5,单,大
2026-08-09 03:36:55,85182271,000000000513c73f0461afb8487bfeb9afc4b433af88ceec6c3b1a31ed2cdd88,2cdd88,8,双,大
2026-08-09 03:37:05,85182275,000000000513c743f56d93ea9b4479b9bf1ad3cb0ce82b1b63fecfc92cba3dfd,ba3dfd,3,单,小
2026-08-09 03:37:16,85182278,000000000513c7466d9383057976b18e79e4db8e67bacbf395541584b4c147c9,c147c9,9,单,大
2026-08-09 03:37:26,85182282,000000000513c74a2fea703d1fc218b32722c3a986b8aaa2640f4d7ae588399a,88399a,9,单,大
2026-08-09 03:37:37,85182285,000000000513c74d76321033bf7df00f9a166fa3d98eb36d8480146461b77bd8,b77bd8,8,双,大
2026-08-09 03:37:48,85182289,000000000513c7514384050a578988e020601013bffade5f4086558311265a66,265a66,6,双,大
2026-08-09 03:37:58,85182292,000000000513c75415a5c4337d78ab8d40bca8a470734399ae28cd86864fe788,4fe788,8,双,大
2026-08-09 03:38:09,85182296,000000000513c758262a863c21d63d6aab2be3154e9785533ae3d4be167d244a,7d244a,4,双,小
2026-08-09 03:38:20,85182299,000000000513c75b17de518c8fa5c56d01592e892239b9ad1c05353f82b4f8cb,b4f8cb,8,双,大
2026-08-09 03:38:30,85182303,000000000513c75f526e1643847940bf2346470585da80b151c546bc19d1c6a0,d1c6a0,0,双,小
2026-08-09 03:38:41,85182307,000000000513c7638819a2692eaac11864bcdd5d532d8c35ab2b990c606ac673,6ac673,3,单,小
2026-08-09 03:38:51,85182310,000000000513c7668d66d3b35d04362cbfec6a5e6c5b111086802700ef45cf22,45cf22,2,双,小
2026-08-09 03:39:02,85182314,000000000513c76ad222bd32dd8975a11e74a63234de486ea8d8fc7a65d5c824,d5c824,4,双,小
2026-08-09 03:39:12,85182317,000000000513c76da687e2c01bb094e275eb532b9d7475cf5c31d5ef5cad8631,ad8631,1,单,小
2026-08-09 03:39:23,85182321,000000000513c77145be63aeab26ef17564b45c91f46c01b5ebc120e44602643,602643,3,单,小
2026-08-09 03:39:34,85182324,000000000513c774aebe26a9acbad1738b1f884d7f8ab1fa6154a03accce27c0,ce27c0,0,双,小
2026-08-09 03:39:44,85182328,000000000513c7787f8472cbcbc3dad5b7a892b7dce03d443071e5a43920e3c9,20e3c9,9,单,大
2026-08-09 03:39:55,85182331,000000000513c77b3be123e488f2ca0740acc781674a5ac211f1fc1f8f3f5684,3f5684,4,双,小
2026-08-09 03:40:05,85182335,000000000513c77f3aaa88ed6d725b05b942e7325989b2772d3b5ef6246b7267,6b7267,7,单,大
2026-08-09 03:40:16,85182338,000000000513c7824c9fc9cf8e3ba1bdb7b60a544ee594e0f83dd3dcad2d75a4,2d75a4,4,双,小
2026-08-09 03:40:27,85182342,000000000513c78676ae5d0569bbe8e58cf005810a497f3aaa07fd0bc7d7e005,d7e005,5,单,大
2026-08-09 03:40:37,85182345,000000000513c7894259050754e7c05a3ef2928d48e9caaa22eac13edcd2a54f,d2a54f,4,双,小
2026-08-09 03:40:48,85182349,000000000513c78d5609695705c46ce2dd83cf0e35ce11083d981f4be5ea44b8,ea44b8,8,双,大
2026-08-09 03:40:58,85182352,000000000513c7902121801b78cfe23c3da898261e5996f66be90fd379fa2839,fa2839,9,单,大
2026-08-09 03:41:09,85182356,000000000513c7943ad5daa07b97be3a1a5c78d5f6e6feee1194e16c70ebfaf1,ebfaf1,1,单,小
2026-08-09 03:41:19,85182359,000000000513c7974f06b1dc71370baea95c42a92c26b12616256736f7210119,210119,9,单,大
2026-08-09 03:41:30,85182363,000000000513c79b97441864f169c4201be45510b9b207cc58efc05a2a48d06e,48d06e,6,双,大
2026-08-09 03:41:40,85182366,000000000513c79e5e218e2ae09671a7e25eaf0e2247857cce7481c4d06051ba,6051ba,1,单,小
2026-08-09 03:41:51,85182371,000000000513c7a366f6125498eae7a452465e983a775f372eaab6a2cfab1488,ab1488,8,双,大
2026-08-09 03:42:02,85182374,000000000513c7a6825b1eafc85d6cd7875f24029cdf82e607f768000c3e73f5,3e73f5,5,单,大
2026-08-09 03:42:12,85182377,000000000513c7a9402762ccf873b2f20e5e0af18bfae0993544e07b25c28156,c28156,6,双,大
2026-08-09 03:42:23,85182381,000000000513c7ad3aca1bf1a62ebbcb341dc1cdad4c628592165e63cb36c023,36c023,3,单,小
2026-08-09 03:42:33,85182384,000000000513c7b041a240520d84c4e67c63d2520af86e700bed126fe9af2e0f,af2e0f,0,双,小
2026-08-09 03:42:44,85182388,000000000513c7b4a13ff31d9c3790c84d7c29a2db2cd3fc6208cf8ce7448d41,448d41,1,单,小
2026-08-09 03:42:54,85182391,000000000513c7b7345944688cbd6a67942c1e46cf5c1a489f0adcd519583282,583282,2,双,小
2026-08-09 03:43:05,85182394,000000000513c7ba49c765f078a286a035f90f2be6da56744ca0281eb674ba84,74ba84,4,双,小
2026-08-09 03:43:16,85182398,000000000513c7be5f00154ee41617fa52aedf5833348bed509abd4d0016c0fc,16c0fc,0,双,小
2026-08-09 03:43:26,85182402,000000000513c7c24071549ec378b6eb24a8303df3af736a734ef3b59a9c3484,9c3484,4,双,小
2026-08-09 03:43:37,85182405,000000000513c7c50893df9cd9a0feb8d025ec9527cbed621eaf5225f364ce61,64ce61,1,单,小
2026-08-09 03:43:48,85182409,000000000513c7c9cb4e4bd8291080fb31f75f932c56e04aed44186252abbbd4,abbbd4,4,双,小
2026-08-09 03:43:58,85182413,000000000513c7cd209de672480fab8da044e67de928e9edf42bdd44b4207440,207440,0,双,小
2026-08-09 03:44:09,85182416,000000000513c7d07efff9fe82300dca59acb6e440aeed53e8bc3ece467676e2,7676e2,2,双,小
2026-08-09 03:44:19,85182419,000000000513c7d321c087983a6dd6122ba953d40122a15deab6ffe69b3c29b8,3c29b8,8,双,大
2026-08-09 03:44:30,85182423,000000000513c7d770c661f19f97731f3959a12c81ddf375684554d076e28ee3,e28ee3,3,单,小
2026-08-09 03:44:41,85182426,000000000513c7da25f96b606c37f0215f2c5c5bf4ee17bb89018a50bce1f7d7,e1f7d7,7,单,大
2026-08-09 03:44:51,85182430,000000000513c7de00af4e352a63444331e6c3c66654600aad3677c4d940b713,40b713,3,单,小
2026-08-09 03:45:01,85182434,000000000513c7e230afe10de4fa5bd4e80463e4fd6ae49d76b27c2bdea265e5,a265e5,5,单,大
2026-08-09 03:45:11,85182437,000000000513c7e59ac02b00244b07308548a37fb406a3667a01fbb9d51fbb4c,1fbb4c,4,双,小
2026-08-09 03:45:22,85182440,000000000513c7e8cda8129a10e1b2812ffde6394b6721cca8ceeb56e6bccbdf,bccbdf,6,双,大
2026-08-09 03:45:33,85182443,000000000513c7eba8ed0c107ed49150f684a6a05d2f5df98632d8d234ba728b,ba728b,8,双,大
2026-08-09 03:45:43,85182447,000000000513c7ef9b36dfd57fe5206e1498a82cce1ee19ee8c7d9c3bb78217b,78217b,7,单,大
2026-08-09 03:45:53,85182450,000000000513c7f2f87a9ec5c50f06081fb740b1b06ebd729c07bcce325f8308,5f8308,8,双,大
2026-08-09 03:46:02,85182454,000000000513c7f6edb8bbe4771a36f8aef1c0aa6d580b90296d3ccce61ba50d,1ba50d,0,双,小
2026-08-09 03:46:12,85182457,000000000513c7f98df73a753c6663d8d409417f2e059cd0e38e15cf8e5b4686,5b4686,6,双,大
2026-08-09 03:46:22,85182461,000000000513c7fd54c15d32b2ea59bc783f84de59ae79a684b183f8c100d3e0,00d3e0,0,双,小
2026-08-09 03:46:31,85182464,000000000513c8008ae48faa54643df00fe7abb687817c1513ebf909118898e4,8898e4,4,双,小
2026-08-09 03:46:42,85182467,000000000513c803bf08c019ee1f5d91a05401ff0188ec57dbf9a2ad7b392dd5,392dd5,5,单,大
2026-08-09 03:46:52,85182471,000000000513c80784387fcabce0ac22108e644d40c34098486d05eb5bb3af3a,b3af3a,3,单,小
2026-08-09 03:47:02,85182473,000000000513c80965a260d3f1d0da4ee0be2cc4b393cd8d44b11b6c80c4ae26,c4ae26,6,双,大
2026-08-09 03:47:11,85182477,000000000513c80d132cc56f058648c9ce385c879f715353d0c8ffbbe5f41d88,f41d88,8,双,大
2026-08-09 03:47:20,85182480,000000000513c810e0a7ab64bb25e70b0af76f310791c58af8e5779824a714fc,a714fc,4,双,小
2026-08-09 03:47:30,85182483,000000000513c81315d1f3ab3579fd80a1e2eede50640073222f8d2924dc503d,dc503d,3,单,小
2026-08-09 03:47:40,85182486,000000000513c81671a4580dc010df507fb438c3637959583507e511e22f09e3,2f09e3,3,单,小
2026-08-09 03:47:51,85182490,000000000513c81a5a847ab02f5e946459107fbd47b545b1f17ba2443af99c80,f99c80,0,双,小
2026-08-09 03:48:01,85182494,000000000513c81e9fa0320d09c3ecd0ffe7e346b906be0009f0eb32e67fe2b7,7fe2b7,7,单,大
2026-08-09 03:48:11,85182497,000000000513c82103dbfed0857f3e5118983bec3abba38e5016191ee3c0dd38,c0dd38,8,双,大
2026-08-09 03:48:22,85182500,000000000513c824a8935b89afc5ae7f2f9b4e3bc871ba91ccce412e416ba403,6ba403,3,单,小
2026-08-09 03:48:31,85182504,000000000513c828d4efd85f7084fefd2c8505cf5a0f551aab1dc3ff8b37b7b7,37b7b7,7,单,大
2026-08-09 03:48:41,85182507,000000000513c82b4d5d74f06409eaf57a367753822f4b11a2919838f54fe6f3,4fe6f3,3,单,小
2026-08-09 03:48:51,85182510,000000000513c82e7596b493ab01297715e1f05444bc0514d1ec4eacbaf0163f,f0163f,3,单,小
2026-08-09 03:49:01,85182513,000000000513c831b0c3a899339c984b0eb8c8c0be624c23c73fea097ce15b58,e15b58,8,双,大
2026-08-09 03:49:10,85182516,000000000513c834340e53075677b9bd96dd760fa28214360804952875c16c33,c16c33,3,单,小
2026-08-09 03:49:20,85182520,000000000513c838d75c391b3338c924eb081825a49e7063ea5405e6ef9d5ee4,9d5ee4,4,双,小
2026-08-09 03:49:29,85182523,000000000513c83bc2ad687aeb5a13ea6227790e055ebe17221a3ccaf60d8825,0d8825,5,单,大
2026-08-09 03:49:39,85182526,000000000513c83e7d1577553d1adcab95f7fca090e229cd38354dcc08c7d826,c7d826,6,双,大
2026-08-09 03:49:49,85182529,000000000513c841d56756456494ed28a10b7b908a23e78d4f91eb39f2698bae,698bae,8,双,大
2026-08-09 03:49:58,85182533,000000000513c845d00de51a70abd8fc3853e6dd4427a097e8b2385678617f18,617f18,8,双,大
2026-08-09 03:50:08,85182536,000000000513c84830613bd021855bb0ad52aebd5c1f7512218ba56795c8d79c,c8d79c,9,单,大
2026-08-09 03:50:18,85182539,000000000513c84bdd06064e4ac78f9cda0d31f7ca707d9edda108473685388f,85388f,8,双,大
2026-08-09 03:50:28,85182542,000000000513c84e4134963af1ac76e9789446c89a981b5c91b3e553be700808,700808,8,双,大
2026-08-09 03:50:38,85182546,000000000513c852a6ca762f7957f0cdce1a32f25416e1099693bcec076547b2,6547b2,2,双,小
2026-08-09 03:50:48,85182549,000000000513c855912e623f93feb45249f2119b3deb73608a7f1b485d04599d,04599d,9,单,大
2026-08-09 03:50:59,85182553,000000000513c859c32e73bded87d822f3c86d3307c90c2cae4cf4fa39164906,164906,6,双,大
2026-08-09 03:51:09,85182556,000000000513c85c24116b35887deba114c2dd028b4f636cbc2aa21d3f9117b0,9117b0,0,双,小
2026-08-09 03:51:20,85182560,000000000513c8605a7e676dd4f7233e3cb395b2aa870449cd1fa9dce0143c0c,143c0c,0,双,小
2026-08-09 03:51:30,85182563,000000000513c863ad0f62162ebebd52da284535f343413783c22a46b0c43c5d,c43c5d,5,单,大
2026-08-09 03:51:40,85182566,000000000513c866f99919406d5cd438618c8c2fdcde29cb74f535443a9fefc7,9fefc7,7,单,大
2026-08-09 03:51:51,85182570,000000000513c86a2e5d0026c0f278bfdd8015784ded899e1d2413766d25ccc7,25ccc7,7,单,大
2026-08-09 03:52:01,85182573,000000000513c86d1859304e2802fa41e24432752aec11498bab075ab7c9b364,c9b364,4,双,小
2026-08-09 03:52:12,85182577,000000000513c871aa2238e5914aec25b751a9f36d5c735633910ec7535a8636,5a8636,6,双,大
2026-08-09 03:52:22,85182581,000000000513c8753f4a58472527273223e175ccb07c79c47983717c6a5e9cad,5e9cad,9,单,大
2026-08-09 03:52:33,85182584,000000000513c8788fd41c27f164133761a379ce39e5f4096838bdf3b083234f,83234f,4,双,小
2026-08-09 03:52:42,85182587,000000000513c87bbc04790dda5bf6a440d41bb4076a3f57158579b7199b5e29,9b5e29,9,单,大
2026-08-09 03:52:52,85182590,000000000513c87ed0a05c8404fb03e84056cbdb6a1ea2ecc27845fdad28d8be,28d8be,8,双,大
2026-08-09 03:53:03,85182594,000000000513c882c8f7ae2d00e66d17fa9c27401f19a42b1d44672ef43059c6,3059c6,6,双,大
2026-08-09 03:53:13,85182598,000000000513c886edce213683a2c44483dce14c26b01504adf8c24b744f8e77,4f8e77,7,单,大
2026-08-09 03:53:23,85182601,000000000513c889641f0e8ca920fd07ed112cbd399367970533e1a7d5a7387e,a7387e,7,单,大
2026-08-09 03:53:33,85182604,000000000513c88c4829d4d2e7868e22796a554ea1280a78e7ca7a1d9ebd520a,bd520a,0,双,小
2026-08-09 03:53:42,85182607,000000000513c88fd925a6f896e25b17717e54943c17e6fc1942f5c6608938f9,8938f9,9,单,大
2026-08-09 03:53:52,85182611,000000000513c893f70cfcd235b80e25458a370a42bf9159ef2ad5c86a8f5c93,8f5c93,3,单,小
2026-08-09 03:54:02,85182614,000000000513c8962ba2d364c54656cfa81ec1926e89f6df492e6a78bae0788c,e0788c,8,双,大
2026-08-09 03:54:12,85182617,000000000513c899c0d4e06a3eb50d432fd5bf479ba004961935ae97b5bc8623,bc8623,3,单,小
2026-08-09 03:54:22,85182620,000000000513c89c45e4a0cba5da914685ef5654edce7a7e856ac060edc34847,c34847,7,单,大
2026-08-09 03:54:32,85182624,000000000513c8a0a5847a3150037f65aa17f9cf6eee885354d06cd5feff7c3a,ff7c3a,3,单,小
2026-08-09 03:54:41,85182627,000000000513c8a356e414692a4013aa9813f0566bddf8a996da6313575d8809,5d8809,9,单,大
2026-08-09 03:54:51,85182630,000000000513c8a676bdc4be0305e9d54eedb5e22371a74be9a51c82a78945d9,8945d9,9,单,大
2026-08-09 03:55:01,85182633,000000000513c8a97091c5aa91316c5b485d34598f48ea3e9b61d60528544110,544110,0,双,小
2026-08-09 03:55:10,85182636,000000000513c8ac6e9e404aa20271aba700feb2e2196f22428fe3318f564a1f,564a1f,1,单,小
2026-08-09 03:55:20,85182640,000000000513c8b0377c8f812f78f203981e2b7e0d73089bbf2e068b90fa1a38,fa1a38,8,双,大
2026-08-09 03:55:29,85182643,000000000513c8b3b98c77ff7c008930e477174c13acf77000bccb9c357aa6be,7aa6be,6,双,大
2026-08-09 03:55:40,85182647,000000000513c8b7b4314fd5323752a4ec389fc05d767e9d409c94172afea9f4,fea9f4,4,双,小
2026-08-09 03:55:50,85182650,000000000513c8ba05e9d2ea212beb694cffe866c8c16a711f4dc8f3993772b8,3772b8,8,双,大
2026-08-09 03:56:00,85182653,000000000513c8bd4984a6ee392fb399d43f9c5947ec7c27a1c7a280d97871c2,7871c2,2,双,小
2026-08-09 03:56:10,85182656,000000000513c8c0b8ef271fbf51ec119abb90c0a304ad4a539f2857b2d69d80,d69d80,0,双,小
2026-08-09 03:56:20,85182660,000000000513c8c412a809a4ed8e2401a926c6eb1173f0ad902f393f7f3d345d,3d345d,5,单,大
2026-08-09 03:56:30,85182663,000000000513c8c74585653ad347303da54108afe01d08dae0d52ff24ddac637,dac637,7,单,大
2026-08-09 03:56:39,85182666,000000000513c8ca0eb37f7e0e177787c4d897c069c6d140cfe9ec2eb48de545,8de545,5,单,大
2026-08-09 03:56:49,85182669,000000000513c8cdcd66d2a451727fc0ee78ab96507b0d2f83e5bf1856ab1cf8,ab1cf8,8,双,大
2026-08-09 03:56:58,85182672,000000000513c8d0867344bb28968b3a979ccf54f81280f0d51cc8afb9703169,703169,9,单,大
2026-08-09 03:57:07,85182676,000000000513c8d411c70a8887384e55ae6b2d3042ee8ff57072fb7e60c87580,c87580,0,双,小
2026-08-09 03:57:17,85182679,000000000513c8d7e56fea11daf332e321a608ad47f804c8e7ab415a908f8f2c,8f8f2c,2,双,小
2026-08-09 03:57:26,85182682,000000000513c8dac8c1c834f6eb68095423ce34441bab97a8ca0df536dbea73,dbea73,3,单,小
2026-08-09 03:57:37,85182685,000000000513c8dd78470f709ee9d8bddebd0dd1a4c839c5510b567e627c4508,7c4508,8,双,大
2026-08-09 03:57:47,85182688,000000000513c8e0799b2f62ad38e6cf050bce68fbd13fbf309666d265878481,878481,1,单,小
2026-08-09 03:57:56,85182692,000000000513c8e48f66dc2aca50cabc7826ed4560a9cf9d16017d41573a0cc3,3a0cc3,3,单,小
2026-08-09 03:58:05,85182695,000000000513c8e711694b3b44f3cb281700ee9c8f4c14aed666182bee68dd12,68dd12,2,双,小
2026-08-09 03:58:15,85182698,000000000513c8eac60c9ba1b387feac9fe7e06c34d380bd3319ce2d1aab0066,ab0066,6,双,大
2026-08-09 03:58:24,85182701,000000000513c8edaadf0475ebc643f97eb10f66f6ffffc50ff0f5940fbece41,bece41,1,单,小
2026-08-09 03:58:34,85182704,000000000513c8f0c3b0c9d7ba284c2909c72d188d73b00c1c8847b5c3c0f48b,c0f48b,8,双,大
2026-08-09 03:58:43,85182708,000000000513c8f438bc89b149c125152501869dfba5a2c5732654d61c4bf88e,4bf88e,8,双,大
2026-08-09 03:58:53,85182711,000000000513c8f7300e5eea544ec63299e8cae3f643ff5e5760ee186008858f,08858f,8,双,大
2026-08-09 03:59:03,85182714,000000000513c8fa2cc05523c0e5a381fc5cd3581f46077f52d4c3760e437bf2,437bf2,2,双,小
2026-08-09 03:59:12,85182717,000000000513c8fd9cdea6888091548ab1963367766ee8637875f01c016a75f6,6a75f6,6,双,大
2026-08-09 03:59:22,85182720,000000000513c90031de612dafa25d05dcb955f2c461034af8c93558761805fa,1805fa,5,单,大
2026-08-09 03:59:31,85182724,000000000513c904e58979faa9703e5e35c41b26e70686c25ee047681dcc28ac,cc28ac,8,双,大
2026-08-09 03:59:41,85182727,000000000513c907ccf657aa69e725d75e7ec2e74c8142b2024087856f39d482,39d482,2,双,小
2026-08-09 03:59:52,85182730,000000000513c90aa7eab7cef1d9917921694f60be411b8cf2d23a919fb32fcb,b32fcb,2,双,小
2026-08-09 04:00:02,85182734,000000000513c90e49bde746e6638c25648001b10a36566cbd453785694e939d,4e939d,9,单,大
2026-08-09 04:00:11,85182737,000000000513c9117c39d853f037b2aa486aea92caf31d7e43569cd40303b546,03b546,6,双,大
2026-08-09 04:00:21,85182740,000000000513c914f413cbebeda6b985b8ee1504041c229641b6c1c2b3c4029a,c4029a,9,单,大
2026-08-09 04:00:31,85182743,000000000513c91766bc9968312f9e3177dea2e3c8d334f6c236ab8f63ea963e,ea963e,3,单,小
2026-08-09 04:00:40,85182747,000000000513c91b9f62931819ddad6114a1e5cd7470276043df0bcecc574b14,574b14,4,双,小
2026-08-09 04:00:50,85182750,000000000513c91e89e9a745926ca87ed7225ac5413ed8c2a38453c287995c9f,995c9f,9,单,大
2026-08-09 04:01:00,85182753,000000000513c9219c87f9af5efba29177eacfc9a6e84fcea16f0540c6b602a6,b602a6,6,双,大
2026-08-09 04:01:10,85182757,000000000513c9254284d378835ff95c7800f277fe6f3b55e3c0ae321a936048,936048,8,双,大
2026-08-09 04:01:20,85182760,000000000513c928f9d906f2d8ae4501489a9d60dd4745deacb821a01fc79ae2,c79ae2,2,双,小
2026-08-09 04:01:29,85182763,000000000513c92b5b782d4190fb9707f18dc5f665bbac974c8d36dbd2dc7e4f,dc7e4f,4,双,小
2026-08-09 04:01:39,85182767,000000000513c92f1515717ef17198922cee4899d096a312c6817d17d76c9890,6c9890,0,双,小
2026-08-09 04:01:49,85182769,000000000513c931352c4a5be5632210f8ffe1b38b630994bbec602b9035701b,35701b,1,单,小
2026-08-09 04:01:59,85182772,000000000513c934f059a01f15954c8ddeafa16a7f7304c6c45f4f965a2c0ece,2c0ece,0,双,小
2026-08-09 04:02:09,85182776,000000000513c9381ce49158a5c743a821d1fd8e67ca2f80ceb73d903494d387,94d387,7,单,大
2026-08-09 04:02:19,85182779,000000000513c93bd34c799e39e18ea44f6d46ca06a2a03b1f1f1cb6b5a0aa36,a0aa36,6,双,大
2026-08-09 04:02:28,85182783,000000000513c93ff072cbd6d8fb59da91e17fc1cbf84404ccf47862732624f8,2624f8,8,双,大
2026-08-09 04:02:38,85182786,000000000513c942cf8034d96d618f1811b39f2bb637f0c8b4d03df44e5770ea,5770ea,0,双,小
2026-08-09 04:02:48,85182789,000000000513c9450643159a1317319cdc700781196dc2b972b1a3178fa14def,a14def,4,双,小
2026-08-09 04:02:58,85182792,000000000513c948a2bc36fb955854cdc6a058d78f995cacc01ecfed231b59ca,1b59ca,9,单,大
2026-08-09 04:03:08,85182796,000000000513c94c7ccd25e3116bb83fb83957090be3e99d31028d998f6f87de,6f87de,7,单,大
2026-08-09 04:03:18,85182799,000000000513c94f90a5df0d130e8088de33d3a54c5fc6c816d44fd15fb4895e,b4895e,5,单,大
2026-08-09 04:03:28,85182802,000000000513c95269f78935bd5709db61dfe2d3acd04d8c9d244639699a301a,9a301a,1,单,小
2026-08-09 04:11:54,85182971,000000000513c9fb8b4d660d807b49d8e6521229f8bce86afceb913b1b7d5dde,7d5dde,5,单,大
2026-08-09 04:12:04,85182974,000000000513c9fe4b64526fc44771931e44f78e6c7e8d470d4b5facbca818ee,a818ee,8,双,大
2026-08-09 04:12:14,85182978,000000000513ca0215f1824c7f982cdad7f926bf70a27fb2ee8545565ce159f6,e159f6,6,双,大
2026-08-09 04:12:24,85182981,000000000513ca05e5dfb37049f4238d57ebce2a04ffac0ee454f6ddae8cccc9,8cccc9,9,单,大
2026-08-09 04:12:34,85182984,000000000513ca08ff2ae37dc31c9dbc7ab375706ebed59f337be40c730bd940,0bd940,0,双,小
2026-08-09 04:12:44,85182987,000000000513ca0b7e478ada84482e5f19b3e1f34cd73e613922831f62690733,690733,3,单,小
2026-08-09 04:12:54,85182991,000000000513ca0f41127702d69d76ea6c75fe299ad1c2a9298db8590859d8e4,59d8e4,4,双,小
2026-08-09 04:13:03,85182995,000000000513ca134b74f9b39316b4732ee218b60ced144534786dee08c5318f,c5318f,8,双,大
2026-08-09 04:13:14,85182998,000000000513ca16c50bbf7ddda080535d3806878b3fa2c15f7040d53ade6a5d,de6a5d,5,单,大
2026-08-09 04:13:24,85183001,000000000513ca192756f4bcfb20cf7836bdace639c7f6c2dcb1afefe517bed0,17bed0,0,双,小
2026-08-09 04:13:35,85183005,000000000513ca1df9e44ef6ad46fd9b44882d7e27bd3fed666603a3b45073bd,5073bd,3,单,小
2026-08-09 04:13:44,85183008,000000000513ca2037a1fc6def721302b7b526e0340748950e2e1b948b6c272f,6c272f,2,双,小
2026-08-09 04:13:54,85183011,000000000513ca233be7a09d1f618232ec050ace1a3c1f2d3da6538e66a4e7c4,a4e7c4,4,双,小
2026-08-09 04:14:05,85183014,000000000513ca26421a0450607c51f55b03ff43f427c6fd15db3d870a8159d3,8159d3,3,单,小
2026-08-09 04:14:15,85183018,000000000513ca2a0bc100f308717d3f3259f3270ec5f3fecea554dd9dee368d,ee368d,8,双,大
2026-08-09 04:14:26,85183022,000000000513ca2eb6cff4375734557f7cb044840442d7380f87267fb34180b7,4180b7,7,单,大
2026-08-09 04:14:37,85183026,000000000513ca32ca8c1dfcb4bcb6f2d7d2e010c219a81925847bbe25ecef52,ecef52,2,双,小
2026-08-09 04:14:47,85183029,000000000513ca355294be98385402f5ae35167821fb8d469daeca51d1b91761,b91761,1,单,小
2026-08-09 04:14:58,85183033,000000000513ca399c31641e9b6065cbd933ed6ea3949eb8cf9f8e94e833b666,33b666,6,双,大
2026-08-09 04:15:08,85183036,000000000513ca3c1c078a2cc5bc2eff764450353bb5b70b7f3efc0308f0bcc4,f0bcc4,4,双,小
2026-08-09 04:15:19,85183039,000000000513ca3fb40acb465dc4ef798569869475f8c11412cea6a0ac8aa9f1,8aa9f1,1,单,小
2026-08-09 04:15:29,85183043,000000000513ca4343d43db3b5b8f011bb99985f56e3a8dcc67cc35477697fa4,697fa4,4,双,小
2026-08-09 04:15:40,85183046,000000000513ca46addb565ee09e3aa7b76ae417dd6ae64d8d57d9cb28e76ef3,e76ef3,3,单,小
2026-08-09 04:15:49,85183049,000000000513ca49090eb917339695eac6ca3ea3d6b6588999d4963e0498298c,98298c,8,双,大
2026-08-09 04:15:59,85183053,000000000513ca4d7efea29f9e6c7de67d0256c5161ef443c3538728ee23bced,23bced,3,单,小
2026-08-09 04:16:08,85183056,000000000513ca50539bf955e4cfb00f8eb3154a2afd94d31834ad0f924b2e97,4b2e97,7,单,大
2026-08-09 04:16:19,85183059,000000000513ca53b6fda7a1edc14786cf3135997c9ad2697e92bdf4525c37af,5c37af,7,单,大
2026-08-09 04:16:29,85183062,000000000513ca56ddd21b722f0d4c5c8a49aa45cabdcee37ef38666c375a570,75a570,0,双,小
2026-08-09 04:16:38,85183066,000000000513ca5a4eb6516e3b7ac280990f9ca96ee7f52cacda66878544cb99,44cb99,9,单,大
2026-08-09 04:16:48,85183069,000000000513ca5d1eb831d3972bab3d959bbeff155ebbe09f39bcecf1c98426,c98426,6,双,大
2026-08-09 04:16:58,85183073,000000000513ca6158e5656d40069a70a7153949fab3574b76df113f1224772d,24772d,2,双,小
2026-08-09 04:17:08,85183076,000000000513ca64bb08558c03b49c9a7b743049d45c7a254eceedd677a4490c,a4490c,0,双,小
2026-08-09 04:17:18,85183079,000000000513ca678a2e5160aa01b499bd523af2bef0e6ef8b6d08b62dd02403,d02403,3,单,小
2026-08-09 04:17:29,85183083,000000000513ca6bfaf56da47fc773b36863c1d0083ef7b36ff6e3a8ea6b8463,6b8463,3,单,小
2026-08-09 04:17:39,85183086,000000000513ca6eeecc680cea4bb59b6760a30db2eee17b2fd9d458fc8981df,8981df,1,单,小
2026-08-09 04:17:49,85183090,000000000513ca729e62346a646bb5e8acd73473fc40a4d90e98f98f0d2be0ba,2be0ba,0,双,小
2026-08-09 04:17:58,85183092,000000000513ca748c77bd81c20853cb3f5fa7d610e5a3303047df6207f85fdd,f85fdd,5,单,大
2026-08-09 04:18:09,85183096,000000000513ca7837891815158754328c92ed1075059149e511d117c797f68d,97f68d,8,双,大
2026-08-09 04:18:18,85183099,000000000513ca7b791d26cff13d9ffd77f680d4520be7c6853f5ffa88a00017,a00017,7,单,大
2026-08-09 04:18:28,85183102,000000000513ca7e2ec4446d18b1d5ce1a6df54b128e468d0f753a3f377f4562,7f4562,2,双,小
2026-08-09 04:18:37,85183106,000000000513ca821274cf7f57c7deea7fbf6faad8b8d1fe5ba6499b225f777b,5f777b,7,单,大
2026-08-09 04:18:47,85183108,000000000513ca8498c37f48b5eb2d354cc9257fd2e3e72ae2ea346ef96ae58d,6ae58d,8,双,大
2026-08-09 04:18:56,85183112,000000000513ca8870554c6e4e1afb7a25cc219b72188f9277b5ceb93f371c49,371c49,9,单,大
2026-08-09 04:19:06,85183115,000000000513ca8b4d5376a1485c5f2e3474d3cbae5a193075e3d26f3e9a26aa,9a26aa,6,双,大
2026-08-09 04:19:16,85183118,000000000513ca8e4e9980f3d788d8eb605416b5801e3045c9b221aadf8cb731,8cb731,1,单,小
2026-08-09 04:19:26,85183122,000000000513ca921cf9da0e9a5f27cf6682abec19a600a9eb41f84e52824c0c,824c0c,0,双,小
2026-08-09 04:19:36,85183125,000000000513ca9580b7c5970632c37db977e1f48eb71a204d5a2411f76bec89,6bec89,9,单,大
2026-08-09 04:19:47,85183129,000000000513ca99ae92d235c94c66f73b404dd34da7bc5fb4ed2b62c3ceb14a,ceb14a,4,双,小
2026-08-09 04:19:57,85183132,000000000513ca9ca692e1c56d54671be69850f8466aa373c0c091e89e8b11ea,8b11ea,1,单,小
2026-08-09 04:20:08,85183136,000000000513caa0c81a4348eb143eb038870f2e045c3092a939c2578ef19ede,f19ede,9,单,大
2026-08-09 04:20:18,85183139,000000000513caa3d996c3a9fd28336c72b106844c6ed041cf255793803d92b5,3d92b5,5,单,大
2026-08-09 04:20:28,85183143,000000000513caa7cc1206799734c7affe62fd13dbcfc3daae07509fc9eb2b1b,eb2b1b,1,单,小
2026-08-09 04:20:39,85183146,000000000513caaae281a7260051fc8c1751f5b26f13fd533699cc63e042112e,42112e,2,双,小
2026-08-09 04:20:49,85183149,000000000513caad55f05aa4faa2c7c96c4731a1a5b0049cac7ecca43cbe52b5,be52b5,5,单,大
2026-08-09 04:20:58,85183153,000000000513cab1bbae1f13a2b1c57e6c4766a90e8e030e0081e30f82e29c4d,e29c4d,4,双,小
2026-08-09 04:21:08,85183156,000000000513cab411506e578c6860b10b6ee490edaf0901ef58592c09a7f189,a7f189,9,单,大
2026-08-09 04:21:18,85183159,000000000513cab78b0ee84e21529e5d1629f32aeb1c1a789bf07c35b2d8e5c7,d8e5c7,7,单,大
2026-08-09 04:21:28,85183163,000000000513cabb7990d1ec4bfc5a09a2cc2e644c4652aef14605af02548f9f,548f9f,9,单,大
2026-08-09 04:21:37,85183166,000000000513cabeeb4cd05f1095d634c558129166e2521be73097bb00089964,089964,4,双,小
2026-08-09 04:21:47,85183169,000000000513cac10ca6fd3625f045a32ce7472df852dba85b9e6b07767e6e44,7e6e44,4,双,小
2026-08-09 04:21:57,85183172,000000000513cac4c4f5f256f0dc6d5a33ed5d44c7280fcffaab48437500f279,00f279,9,单,大
2026-08-09 04:22:06,85183175,000000000513cac76b703532edf2ff9494ec29788069f60a6412c1a1e3ef247a,ef247a,7,单,大
2026-08-09 04:22:16,85183179,000000000513cacbf050903a7c6c801e5284ef4611c17ded9c0208c4c710237a,10237a,7,单,大
2026-08-09 04:22:26,85183182,000000000513cace799fcc4ad1af3ee1e6476edbd5fd49af1de41e2a84a4c398,a4c398,8,双,大
2026-08-09 04:22:35,85183185,000000000513cad10dee1b940b0bd19d3409e5b7c244b2d05709bc2c0a58263a,58263a,3,单,小
2026-08-09 04:22:45,85183188,000000000513cad42509c8cd2d864c753a6f0c891d84798dce1cb25efb508299,508299,9,单,大
2026-08-09 04:22:55,85183192,000000000513cad828cdf89141187e44b4502e2ff748bf758e51873d4d870b52,870b52,2,双,小
2026-08-09 04:23:05,85183195,000000000513cadb686d3e9a4c8b3e3cfe944bf5f175bf2518d25fc6e5d5ec3d,d5ec3d,3,单,小
2026-08-09 04:23:16,85183199,000000000513cadf758700aaca31e81eb874ac12b96578d24ce0762e655be51b,5be51b,1,单,小
2026-08-09 04:23:26,85183201,000000000513cae12559c8b1363c6a2cdd36ac52d2a7824a1d63c0fbb7956f9f,956f9f,9,单,大
