时间,区块高度,Hash,Hash尾6,尾数,单双,大小
2026-08-06 15:51:22,85110593,000000000512af4114d26be1e5989355b21ee233de1e2b9edc55a691855f8f26,5f8f26,6,双,大
2026-08-06 15:51:29,85110596,000000000512af447911823c6736fb9ca6283c32f6f68bde1c4b28cae6bb520b,bb520b,0,双,小
2026-08-06 15:51:35,85110598,000000000512af46b82618e5eebd4a87eeeff83180f81dc8cf732adbd004592b,04592b,2,双,小
2026-08-06 15:51:42,85110600,000000000512af48dbae540754adf238155f6dcde4e2b0912491483fe3bb8fd1,bb8fd1,1,单,小
2026-08-06 15:51:48,85110602,000000000512af4a8614bcbbf922efd318d658927cf2713b408718586031b0d7,31b0d7,7,单,大
2026-08-06 15:51:55,85110604,000000000512af4c1f15e13e76fbde30926f30cd233338739c82a6eaaf681609,681609,9,单,大
2026-08-06 15:52:01,85110606,000000000512af4e74565bd4edaf1b8fed14456063cb40ad50b1c3868579d09b,79d09b,9,单,大
2026-08-06 15:52:08,85110609,000000000512af5152b409642a6542efe3280c8e4d10ecb1fd8215093f568fea,568fea,8,双,大
2026-08-06 15:52:15,85110611,000000000512af533d49f64942993751faf93248684656d8a6f70f210970a3b4,70a3b4,4,双,小
2026-08-06 15:52:22,85110614,000000000512af566b94ddd7b2d66bc3dcfc4c38a6dbd64d2a2a0895c12b297a,2b297a,7,单,大
2026-08-06 15:52:29,85110615,000000000512af571ad47e885651861cd106b4c8c93cdbe0ff847590563d77ba,3d77ba,7,单,大
2026-08-06 15:52:36,85110618,000000000512af5ac3e09b3381fbb0a3b6eb60408ea7512e3ecb352fd5ef55e5,ef55e5,5,单,大
2026-08-06 15:52:44,85110621,000000000512af5dad6e882701613b4fe00224902ef96a0702a3c2c946c93dcd,c93dcd,3,单,小
2026-08-06 15:52:51,85110624,000000000512af60ebd47a6c91f0307a96d21e14a35173366333d2b4e9107d68,107d68,8,双,大
2026-08-06 15:52:58,85110625,000000000512af61ef0a33a1ea78b1408f6453df4893607708dc25362c54e950,54e950,0,双,小
2026-08-06 15:53:05,85110628,000000000512af64f8ba82b6448863866d1429e0758c70dc90f9c504a87de7ad,7de7ad,7,单,大
2026-08-06 15:53:12,85110630,000000000512af6612b0a06e46a25694bf68704e1f3cba9667d99d0fc744c285,44c285,5,单,大
2026-08-06 15:53:19,85110632,000000000512af68d2debf575de4a3dec766651ea9721a2ad691f9e4bc2dd595,2dd595,5,单,大
2026-08-06 15:53:26,85110635,000000000512af6b3b1a9cc8e90ac281b0d281f5bcd0367f2ba6e48ff868854b,68854b,4,双,小
2026-08-06 15:53:33,85110637,000000000512af6dd7fbe049fd1f34ce78f13e6b5665015ee6e942562f161055,161055,5,单,大
2026-08-06 15:53:40,85110640,000000000512af702808cccf44815122968ac552dd72b4732d4a14a8a98acafd,8acafd,8,双,大
2026-08-06 15:53:47,85110642,000000000512af72a7578e6a08fe42175cdedb1e05048db2470c2bdfce1fc64f,1fc64f,4,双,小
2026-08-06 15:53:54,85110645,000000000512af754247aa5f51133718ec9fe286975dbdd7e2c8a2ce99871f49,871f49,9,单,大
2026-08-06 15:54:01,85110646,000000000512af7637fa7bfaff239c47504f135b4f66dc86f6be7d6560f3171a,f3171a,1,单,小
2026-08-06 15:54:08,85110649,000000000512af7993bdeab12a4b8ec710e4636cef0520c8d80d03aa6aa487d7,a487d7,7,单,大
2026-08-06 15:54:15,85110651,000000000512af7b944e7e809b42868efa3932d6e17930326dc93874a134c6cb,34c6cb,6,双,大
2026-08-06 15:54:21,85110654,000000000512af7e1890843a10725e5b575aa4403e8e168482f5bb9709ce903b,ce903b,3,单,小
2026-08-06 15:54:28,85110656,000000000512af80b3c004c626a80389226989e593f6144b970d865c474e3c34,4e3c34,4,双,小
2026-08-06 15:54:35,85110658,000000000512af82e8132cb679fe916c48000d7746cc196ad1d2ddf20635fe8a,35fe8a,8,双,大
2026-08-06 15:54:41,85110660,000000000512af84825755b01258d85c819975a04657ce1da24fc707c3f2c6ca,f2c6ca,6,双,大
2026-08-06 15:54:48,85110663,000000000512af873787cdc6c9a030606321028f8c676575bf877a6e1fb0830a,b0830a,0,双,小
2026-08-06 15:54:55,85110664,000000000512af884e84463c0739bb6538fa4a1fa1da1f9a43774c7221681095,681095,5,单,大
2026-08-06 15:55:02,85110667,000000000512af8bc9bf24efb1c019f3ed7aeb5a7641a8dfc4b8c86cd818058e,18058e,8,双,大
2026-08-06 15:55:09,85110669,000000000512af8dba322888428ce57776fbf7dfe2a7649ce0f90d77fa0ac715,0ac715,5,单,大
2026-08-06 15:55:16,85110672,000000000512af90ae5d011c715d38c89c53ee4c09f80dc17a89dfddac9797ef,9797ef,7,单,大
2026-08-06 15:55:23,85110674,000000000512af924d5adc7003e1ea29c3af109796bb726b44e50859f88fd204,8fd204,4,双,小
2026-08-06 15:55:30,85110676,000000000512af948609cefe21d77ac1e81349fd1cbbb478768aa2ff2b179c04,179c04,4,双,小
2026-08-06 15:55:37,85110678,000000000512af9694e69315415ce5eb272dc070eb40f60c00e79f64a139f481,39f481,1,单,小
2026-08-06 15:55:43,85110680,000000000512af98116ab4979ca4a56fcae8f205feb83e1f0d7942464dfbb2b6,fbb2b6,6,双,大
2026-08-06 15:55:51,85110683,000000000512af9b61a9a03270c016beaa7675e20dc46dd5a5ff2516ee2f0b94,2f0b94,4,双,小
2026-08-06 15:55:57,85110685,000000000512af9d810adc55fe26aa03c37efbe98c9845c9e714f240d39e024a,9e024a,4,双,小
2026-08-06 15:56:04,85110688,000000000512afa04b9ebc427aa6a8840c083817344e13f57131d4d7da0e1f2c,0e1f2c,2,双,小
2026-08-06 15:56:11,85110689,000000000512afa186d13d195a2dd92d1063116cfdc9a9eeb6f8255062d92c6c,d92c6c,6,双,大
2026-08-06 15:56:18,85110692,000000000512afa4cab79ad366464222df70749ebc3e81a48a9c69217ec7a6fe,c7a6fe,6,双,大
2026-08-06 15:56:25,85110694,000000000512afa63c0b6a224d41acc4c9b223c5a80171fe5751b97e2a649661,649661,1,单,小
2026-08-06 15:56:32,85110697,000000000512afa9195ade3e6fbc62ee66786f993ff6e8ecd330abb0e73d38a7,3d38a7,7,单,大
2026-08-06 15:56:39,85110699,000000000512afabedf4ed3fd825a8d8412a7b1de14ed1880e1241936d855424,855424,4,双,小
2026-08-06 15:56:46,85110702,000000000512afae8add762eedcca0d084416c38f6f228292cc180fc6777410d,77410d,0,双,小
2026-08-06 15:56:54,85110704,000000000512afb052c4feaec5a5fc7c6f23a9312591da3be8d2dc6e42ef643f,ef643f,3,单,小
2026-08-06 15:57:01,85110706,000000000512afb2c5efb0c742f627a3c72031a6715daedc3266ebbca9333c6e,333c6e,6,双,大
2026-08-06 15:57:07,85110708,000000000512afb4819228d7a2ce330e9cec0845791648e18867cc3f7e68e85c,68e85c,5,单,大
2026-08-06 15:57:14,85110710,000000000512afb6e7882dca406073409fe33473e021706a853376477c94c0d3,94c0d3,3,单,小
2026-08-06 15:57:21,85110713,000000000512afb9bd1a6f1cdd68a7de9f680f274de427594e36c328cec14507,c14507,7,单,大
2026-08-06 15:57:27,85110715,000000000512afbbbbb1bce9125302701089c0ca3c312bdf6fe8fcf160145a20,145a20,0,双,小
2026-08-06 15:57:34,85110718,000000000512afbeca204b8b556be2f3fd23f87634e5780e7383bea19d9d4273,9d4273,3,单,小
2026-08-06 15:57:40,85110720,000000000512afc0b9abdf0c31af254bc8b3e1c1d1e68cb9b8e6748788d78b9d,d78b9d,9,单,大
2026-08-06 15:57:47,85110722,000000000512afc243ee46f19d10564487d78a52a6c74e7c4e627efe93ba8728,ba8728,8,双,大
2026-08-06 15:57:54,85110724,000000000512afc4566a9808c87844712232a3dfea9e3552a5302027b5099521,099521,1,单,小
2026-08-06 15:58:00,85110726,000000000512afc6ebcc0691fd814f15e1cf195aec13e1fc44471ec65cb744c4,b744c4,4,双,小
2026-08-06 15:58:07,85110728,000000000512afc8813c20ba665566f423c119ca386959bdeeddd1c998b3772e,b3772e,2,双,小
2026-08-06 15:58:14,85110731,000000000512afcb9b0ce7ebeee865810e61e4d3b640ae9beb3aadebdfd08e31,d08e31,1,单,小
2026-08-06 15:58:21,85110733,000000000512afcd97aac421b45750c52fd15243f3e5b5f297947724f3b709ce,b709ce,9,单,大
2026-08-06 15:58:28,85110735,000000000512afcfdeaa805743cd027100d71ebddbec24163e57980d416e0656,6e0656,6,双,大
2026-08-06 15:58:34,85110738,000000000512afd2eb3f4783c8dd070cad55d5496e29d29da2f421f99c510834,510834,4,双,小
2026-08-06 15:58:41,85110739,000000000512afd31400fb12133d5d83d88d8ed47b31c64ad2a3587304e34e0a,e34e0a,0,双,小
2026-08-06 15:58:48,85110742,000000000512afd6d25d7edc7584dddc5df9de2e8facfeaca342471471e28163,e28163,3,单,小
2026-08-06 15:58:54,85110744,000000000512afd887ff6cf89df0aeade73a3cbee652297879610f78b9e7d502,e7d502,2,双,小
2026-08-06 15:59:01,85110746,000000000512afdae042fcf42bcc707316d22c3c7146bc056207fbd73bb33d13,b33d13,3,单,小
2026-08-06 15:59:07,85110748,000000000512afdcb68b6adefe0b36a0a394be67110006d37a9d88952655e40d,55e40d,0,双,小
2026-08-06 15:59:14,85110751,000000000512afdf3784006fcafa01d8c7a9f92e8824484840115b8f83778d20,778d20,0,双,小
2026-08-06 15:59:21,85110753,000000000512afe151f407f61aca7145b219b71303b2040d769dbe66a3ba3980,ba3980,0,双,小
2026-08-06 15:59:27,85110755,000000000512afe3b43a9a4aebeef5aff9527dbe5ef8d1e49df920999172b72f,72b72f,2,双,小
2026-08-06 15:59:34,85110757,000000000512afe51ec0cdc925fa738ae08ef7a8e51d7d424e4ff1902547a29a,47a29a,9,单,大
2026-08-06 15:59:41,85110760,000000000512afe8cb1b7782b5859e38d52b9c62264941187a73c99aee3136f7,3136f7,7,单,大
2026-08-06 15:59:48,85110762,000000000512afeafc3103469c8f5075f64e5f53258c8026c67d5ff4c2ac15cc,ac15cc,5,单,大
2026-08-06 15:59:55,85110765,000000000512afed737ac93a350c7fb230c850cf98f33c17ec1f52688683952f,83952f,2,双,小
2026-08-06 16:00:01,85110766,000000000512afee62dc7278f5d448aafd97def8c48e36e8cbba23f95d739c62,739c62,2,双,小
2026-08-06 16:00:09,85110769,000000000512aff1c4ad1b3faf118f265b5e66693a2c05e4c0d419135353ddbe,53ddbe,3,单,小
2026-08-06 16:00:16,85110771,000000000512aff3741e643e50438e9c16dcd0b48f8dab08471f9aa6196aa159,6aa159,9,单,大
2026-08-06 16:00:25,85110774,000000000512aff64c0e6862d217de74c878b2b18cc1daa243d73c4c63e76303,e76303,3,单,小
2026-08-06 16:00:33,85110777,000000000512aff9fdd1a4113001f61c6755e697ce11a602cc19cec2e7088790,088790,0,双,小
2026-08-06 16:00:40,85110780,000000000512affcd0c72dd176824b76ef72271d574e4fac2e132fa76b60ccc4,60ccc4,4,双,小
2026-08-06 16:00:47,85110782,000000000512affebbf47a22f6f566a4e620bf552b1d4e8f0ee2135f86bf5232,bf5232,2,双,小
2026-08-06 16:00:54,85110784,000000000512b0004b6cf099edc991ce0bed6ae41a5bbfbdfcd73a17f5c235c8,c235c8,8,双,大
2026-08-06 16:01:01,85110786,000000000512b00299a69e6a23ff14061cefc4ae2c641300eba15cf800015722,015722,2,双,小
2026-08-06 16:01:08,85110789,000000000512b0050b1f5de637b07b8ddd38ecb66cbef5317b91ccc183c17163,c17163,3,单,小
2026-08-06 16:01:15,85110791,000000000512b0077860384cfe3fe0b8e14ebfc6fe76743c063732fc422d9af0,2d9af0,0,双,小
2026-08-06 16:01:22,85110794,000000000512b00afe0970f37831a5c5bf849603262e09af0257b7098db5c5ba,b5c5ba,5,单,大
2026-08-06 16:01:29,85110796,000000000512b00ced89da5aa9c77283b9589e7dc89cac49ab2fafbed7cfb284,cfb284,4,双,小
2026-08-06 16:01:35,85110798,000000000512b00e12c926ffc63417ee734c06398ca9d7e1cfeee7f09b9a2835,9a2835,5,单,大
2026-08-06 16:01:42,85110800,000000000512b01084a68b097942ebdcb9e4dcbca517054c424f82150cd18c04,d18c04,4,双,小
2026-08-06 16:01:49,85110802,000000000512b0126bfadb5d837bfc7d23cc8053f2067efecaaea1321fdd6f3f,dd6f3f,3,单,小
2026-08-06 16:01:56,85110805,000000000512b01532a91ffec01b5858eea912cf8706d776edc934ac59c280b4,c280b4,4,双,小
2026-08-06 16:02:03,85110806,000000000512b0169942e52f8afd06c172fee237ec6154d33eaa15a7ac13eaa9,13eaa9,9,单,大
2026-08-06 16:02:10,85110809,000000000512b0194bbbf43799fc14045094c77a29c889d021078b3a57cf4498,cf4498,8,双,大
2026-08-06 16:02:17,85110812,000000000512b01c19425c1d55a700b9a1b7a2af85c67e82ab02b8ecefa3bbb7,a3bbb7,7,单,大
2026-08-06 16:02:24,85110814,000000000512b01e57fb1f2d3ce8968ccd602877a11f54437fedd59b1d132361,132361,1,单,小
2026-08-06 16:02:31,85110817,000000000512b0214ba54b15907aa517fb806f35319235b245a0cefccdd13758,d13758,8,双,大
2026-08-06 16:02:37,85110819,000000000512b023741f8295361f94331c4f063a41b88b7850e778d8c0873114,873114,4,双,小
2026-08-06 16:02:44,85110821,000000000512b0259520e15867040f9adf8222b8ac43cd106314755e35ee70c0,ee70c0,0,双,小
2026-08-06 16:02:51,85110823,000000000512b02714d75b3bd038f2ec8bbf66a36849a29443134acde60d6a40,0d6a40,0,双,小
2026-08-06 16:02:58,85110825,000000000512b029f32fc1a751a817b6de30fd49405e67a9d707035a1d93acfe,93acfe,3,单,小
2026-08-06 16:03:05,85110828,000000000512b02c499e653cdc51cf4aa991b4bc6b56a168f6fd1d3834a9bacc,a9bacc,9,单,大
2026-08-06 16:03:13,85110830,000000000512b02e6fcb3fbcb463120e73d854ad68f774e6f439e25108708f61,708f61,1,单,小
2026-08-06 16:03:20,85110833,000000000512b031ccbc97ab3d89334fa77c28c726d5e529263c384870012c6e,012c6e,6,双,大
2026-08-06 16:03:26,85110831,000000000512b02fa1d912c17db815adf6c120487a3f0c7aad6054ef06f2f93b,f2f93b,3,单,小
2026-08-06 16:03:33,85110837,000000000512b0358c9e5347f2b5fbc174ca8fb820a1d8e0ac6210365a2b6fa8,2b6fa8,8,双,大
2026-08-06 16:03:40,85110839,000000000512b037c8e86560c1f94713b367d82d52255bb874a7bd5aa65cf9ae,5cf9ae,9,单,大
2026-08-06 16:03:47,85110842,000000000512b03a120ee9717209f3ac6959b809e058274d1eccc167926455a4,6455a4,4,双,小
2026-08-06 16:03:54,85110845,000000000512b03dbdbafbe5db1b7572282f31a88ba6d0678531a3227161ffd7,61ffd7,7,单,大
2026-08-06 16:04:02,85110847,000000000512b03ffadd429e6c362cd4391431e05bcafd161b58adad670af18c,0af18c,8,双,大
2026-08-06 16:04:09,85110849,000000000512b041cd4075674c9e0d8c02a1684d19653efcd95d3f91ecc09042,c09042,2,双,小
2026-08-06 16:04:16,85110851,000000000512b043caf0ec2a08433ca195e00c690101f0cbafedcc860df88662,f88662,2,双,小
2026-08-06 16:04:23,85110854,000000000512b046227a4d9f41b38a637162a89e4c5f9d8a427218d56a56df8f,56df8f,8,双,大
2026-08-06 16:04:30,85110856,000000000512b048187a4729ba7e05044559ff9b5438aba962129046ce31eb4a,31eb4a,4,双,小
2026-08-06 16:04:36,85110859,000000000512b04b99d1b4e0d059ccbba083dec407273a8700e2943b9eebb6ba,ebb6ba,6,双,大
2026-08-06 16:04:43,85110860,000000000512b04c43c2dc00416aa80929ca5d876aface99ad4dd88365fb5b40,fb5b40,0,双,小
2026-08-06 16:04:50,85110863,000000000512b04f6d3037cdcaa5feae454baab3bb36dc8ae35fb9721542d217,42d217,7,单,大
2026-08-06 16:04:56,85110865,000000000512b0519dbd9a1e3f39bbf31562d11cba2982c1a6d1359fdfeb45d0,eb45d0,0,双,小
2026-08-06 16:05:03,85110867,000000000512b053d9ecd0554849b95f874a86ac5f144365ccb6ece396cc1899,cc1899,9,单,大
2026-08-06 16:05:10,85110868,000000000512b054161cdbcc737729b684cd0d1821afd2e76135a17a2797da1f,97da1f,1,单,小
2026-08-06 16:05:17,85110871,000000000512b0577a1740bfc158018ea181b8ac0944872cd510481b882e0616,2e0616,6,双,大
2026-08-06 16:05:24,85110874,000000000512b05a5568e866e8b7631394e5dc1be5099739a7fa605963cd7963,cd7963,3,单,小
2026-08-06 16:05:30,85110876,000000000512b05c631d783db15b2270a625a16ff3c661abf17728d5e9f1f322,f1f322,2,双,小
2026-08-06 16:05:37,85110878,000000000512b05e53bac8b9124c7de28ae92986014e0499748fa8104d283dde,283dde,3,单,小
2026-08-06 16:05:44,85110881,000000000512b0611f1e0f7a7b92daa40db4e7fdfabd9706e3c7875174f3a2ef,f3a2ef,2,双,小
2026-08-06 16:05:51,85110883,000000000512b063d649d44de53c47d2aae2f4e3d33ae6d8988ad7768fc8fd82,c8fd82,2,双,小
2026-08-06 16:05:58,85110885,000000000512b0658c1b9ba81f46d042bf0b75a7737ec3f1f7b5986c5beb1405,eb1405,5,单,大
2026-08-06 16:06:05,85110887,000000000512b06717eefc90b2cd5c62989c2eea0f72c9813f350cfce0e314b0,e314b0,0,双,小
2026-08-06 16:06:12,85110889,000000000512b0699151c7c78e0ac0a88713da61b529c64e3495b8c8b43a1b77,3a1b77,7,单,大
2026-08-06 16:06:18,85110892,000000000512b06cf4132ef947856a4e12b76d15f8dcf35140811a943125c6fb,25c6fb,6,双,大
2026-08-06 16:06:25,85110894,000000000512b06e2c8f39d4de1d6575d786be8aa2a2d2c45774158a42b8eabc,b8eabc,8,双,大
2026-08-06 16:06:32,85110896,000000000512b070ebb4c9a0728f5bead6de3f5da429e84a8a7ad082aec27575,c27575,5,单,大
2026-08-06 16:06:39,85110899,000000000512b07337e1c1fc4a8dd35320975ceb5dcfc1ce3ed6fce61b5fd9c7,5fd9c7,7,单,大
2026-08-06 16:06:46,85110901,000000000512b07591d31b9f46e9144a38e73614553242aed66c0fd066ceee6f,ceee6f,6,双,大
2026-08-06 16:06:53,85110904,000000000512b07851ff59803caf59354642dff5f271beabb170047ad9db54bd,db54bd,4,双,小
2026-08-06 16:07:00,85110906,000000000512b07a018d9040c5ad117dbc56a11d3442ea3dbbb2d47ceaf02e28,f02e28,8,双,大
2026-08-06 16:07:07,85110909,000000000512b07d4618b9b3854c53ffd5b446fc4aac62434c9a7c2ea9f34e2a,f34e2a,2,双,小
2026-08-06 16:07:13,85110910,000000000512b07e25b9ac4407fe6812f4ee70ced3ce1d57506f17c12e24e9f0,24e9f0,0,双,小
2026-08-06 16:07:21,85110913,000000000512b081ec32787364b12776c61114315343ac27a421799a28be0290,be0290,0,双,小
2026-08-06 16:07:27,85110914,000000000512b08249af10dbeb28e6372a8cedf0b64f413924695ef205c52965,c52965,5,单,大
2026-08-06 16:07:34,85110917,000000000512b0859a7ae0006460b8fce528dde271cf47a37d784b362ddbd959,dbd959,9,单,大
2026-08-06 16:07:41,85110920,000000000512b08861444b3fdbbaf157e10d2ae399d966902eed6a4c95ae1e31,ae1e31,1,单,小
2026-08-06 16:07:48,85110922,000000000512b08a3e07e1a65d0ffcdb51a59257714da65344dff21c08699c06,699c06,6,双,大
2026-08-06 16:07:54,85110924,000000000512b08c2c8af92095c5095fab021d778d8692e1fdf050eb80f9f7dc,f9f7dc,7,单,大
2026-08-06 16:08:01,85110927,000000000512b08fda38f5a4e90c813f553a63c289606bd99736ba373089f263,89f263,3,单,小
2026-08-06 16:08:08,85110928,000000000512b0906fe12092bfc334d00901fee60a325f20456d447a6e4bd91a,4bd91a,1,单,小
2026-08-06 16:08:15,85110931,000000000512b093c108995770b4c5e21af943bb0c5367c8d3226b8869d1f57a,d1f57a,7,单,大
2026-08-06 16:08:22,85110934,000000000512b0964169b572affd7afb709796a71b58670f57efd8d3f90d884f,0d884f,4,双,小
2026-08-06 16:08:29,85110936,000000000512b0980c73bec3565965635a3361eb2e615362b8a796803697d555,97d555,5,单,大
2026-08-06 16:08:36,85110938,000000000512b09a17504562df2433af202203548863acf1620a521fe9261fde,261fde,1,单,小
2026-08-06 16:08:43,85110941,000000000512b09dd1a501ba797f88f0816ce2ff699499683c04c0c760501e5c,501e5c,5,单,大
2026-08-06 16:08:50,85110942,000000000512b09eae183bb091a27d25cac9fe08fdc519cc72b77321f7254e26,254e26,6,双,大
2026-08-06 16:08:57,85110945,000000000512b0a1286a404c2571da1118597fece91b84b5cd858f376a73e060,73e060,0,双,小
2026-08-06 16:09:04,85110947,000000000512b0a3dbb3e2167fbe92d2e943bda23507a58e911cb2bf4b9f5813,9f5813,3,单,小
2026-08-06 16:09:10,85110949,000000000512b0a55b4aeeef804117cf074e87822e5ecf6f3628478c0809d0e8,09d0e8,8,双,大
2026-08-06 16:09:17,85110952,000000000512b0a881e766d99d70f3a20427882cd3aee5f9f7d4ff606d42ea62,42ea62,2,双,小
2026-08-06 16:09:24,85110954,000000000512b0aaaae47fcda9615dda88c367c030447058f304cbc5d57fa0d0,7fa0d0,0,双,小
2026-08-06 16:09:32,85110957,000000000512b0ad6b805d3002d38ef05a239e8943effc0fcf907391e740d96f,40d96f,6,双,大
2026-08-06 16:09:38,85110958,000000000512b0aeb76e5c8231724e7cfe34692f0306185256bcc3a67569c499,69c499,9,单,大
2026-08-06 16:09:45,85110961,000000000512b0b16383cc9bc81b9c34e89af45cdf4f7f1803fc677b190b06b9,0b06b9,9,单,大
2026-08-06 16:09:52,85110963,000000000512b0b3a5b0141701ef84b0a160141d1e1a38a77d275aa41b198373,198373,3,单,小
2026-08-06 16:09:59,85110965,000000000512b0b579b6b074918859fa1d8c36c8b27d8c6ec643a56f92ae9081,ae9081,1,单,小
2026-08-06 16:10:06,85110968,000000000512b0b88c952fc88ab9120e27dd7cf24424c4349a2eb6f28bbd7407,bd7407,7,单,大
2026-08-06 16:10:13,85110971,000000000512b0bbc8a1bc8fb27ef103fb5f5aac205352188b020ae59932402c,32402c,2,双,小
2026-08-06 16:10:20,85110973,000000000512b0bd45df71d87b8b1ce91d6f85be8ccdbc6057f5b9ccbd6894e7,6894e7,7,单,大
2026-08-06 16:10:26,85110975,000000000512b0bf0aa661f366f38943fd0f05f98d0c73db5d7facc34c416aea,416aea,6,双,大
2026-08-06 16:10:33,85110977,000000000512b0c1efc7f78bff27d2a2ca9ce7c530b7fd2e05ce19eabb4e4820,4e4820,0,双,小
2026-08-06 16:10:40,85110979,000000000512b0c39fded6d579d01f8711aefaab887921a0dc4aaee34e27708b,27708b,8,双,大
2026-08-06 16:10:47,85110982,000000000512b0c651534a2c30d628e2a4a62169fb2cfb8bb00f55e54fe35eb2,e35eb2,2,双,小
2026-08-06 16:10:54,85110984,000000000512b0c8f92b123cd4bda2533c6ecf4139d766697c18be5b9da986c9,a986c9,9,单,大
2026-08-06 16:11:01,85110986,000000000512b0ca31ffccf96b2222f6f9ff2c2fc78a93935fb8f53c9e13af3d,13af3d,3,单,小
2026-08-06 16:11:07,85110989,000000000512b0cdb6dd468bd0fc6f8fa98de94d604670cefef78176fefcae00,fcae00,0,双,小
2026-08-06 16:11:14,85110991,000000000512b0cf7c326452668d2f8e1d9e6fc245866a16973776f776640089,640089,9,单,大
2026-08-06 16:11:21,85110992,000000000512b0d08f332d936e234bf62a02b5f7536c08ced160d394d8e5cb4a,e5cb4a,4,双,小
2026-08-06 16:11:28,85110996,000000000512b0d424e5cb3cb7393481b9c482fb5b2bca22fe33363f26174df6,174df6,6,双,大
2026-08-06 16:11:35,85110997,000000000512b0d573673ed7e04bf3bcc0754d11ba2339f04a82ec308f29a5a0,29a5a0,0,双,小
2026-08-06 16:11:42,85111000,000000000512b0d8579d8107d0aeb30e64b6ed3561da576dcb2b5f011be60575,e60575,5,单,大
2026-08-06 16:11:50,85111003,000000000512b0dbd1f0fece0d17693e1ff3b7056a0d8fc822443a39b1dd7919,dd7919,9,单,大
2026-08-06 16:11:56,85111004,000000000512b0dc7f56c49da089cec0a3be7326346fe99963ec253feb3514cb,3514cb,4,双,小
2026-08-06 16:12:03,85111008,000000000512b0e05df3e057c6692409625d0de1a911b26f3e6bf0ef983706e9,3706e9,9,单,大
2026-08-06 16:12:10,85111009,000000000512b0e1b5e5498fcdf8be6e4c377b147e499a6647b9fd504d94f5af,94f5af,5,单,大
2026-08-06 16:12:17,85111012,000000000512b0e4c00347b32d55b9b35fd62b766619b62f5547085f9f6bf70c,6bf70c,0,双,小
2026-08-06 16:12:24,85111014,000000000512b0e63bdef32f5077f8f3c3b6a05094f96af0e4bbce51b0f955b9,f955b9,9,单,大
2026-08-06 16:12:31,85111017,000000000512b0e971c8ee82adc99f6720194ec0d8781764de2917f4cc3a88a5,3a88a5,5,单,大
2026-08-06 16:12:38,85111018,000000000512b0eade9744905e372c243376f93e8b868ce6bb9b59b981ec7646,ec7646,6,双,大
2026-08-06 16:12:45,85111021,000000000512b0ed6be44562cc2cc14bc818edddbd43b7313d1d3be33d2edc61,2edc61,1,单,小
2026-08-06 16:12:51,85111023,000000000512b0ef5838154d363b03c484d9bf6d0a456fa42b304df0a8822380,822380,0,双,小
2026-08-06 16:12:58,85111025,000000000512b0f1de4fd60e938fe129fb068b75529fc3ea2cb7edfbb6874c56,874c56,6,双,大
2026-08-06 16:48:48,85111742,000000000512b3be09fef4710e0cbcbe231fccc5a8dfa0e2d94d167223a07964,a07964,4,双,小
2026-08-06 16:48:55,85111744,000000000512b3c03cd761ca338fe4a52aa18ab622749b3602d25778abec793a,ec793a,3,单,小
2026-08-06 16:49:03,85111747,000000000512b3c3ece4e8bad3496275f42037a82587744f06a9b270f256d1e8,56d1e8,8,双,大
2026-08-06 16:49:10,85111749,000000000512b3c5051dbca91614700739a8fe6c244fdfccc1c1d1059c9591a2,9591a2,2,双,小
2026-08-06 16:49:16,85111751,000000000512b3c7beba5f30778286ef3db8b069fa373d56c19d0738d77843c6,7843c6,6,双,大
2026-08-06 16:49:23,85111753,000000000512b3c9f110cdcd3beb4f583f406a110885d846041423df97c6231e,c6231e,1,单,小
2026-08-06 16:49:30,85111756,000000000512b3cc1bf374a4c227a25ed857cdce7f8f760ba24c042c1b540db8,540db8,8,双,大
2026-08-06 16:49:36,85111758,000000000512b3ced0c6752a8bf3fb3bad4a7cc876803f0264af311d11efa399,efa399,9,单,大
2026-08-06 16:49:49,85111763,000000000512b3d31d95a0c620701d8eddc646adcff98e25765f342cce51a1a1,51a1a1,1,单,小
2026-08-06 16:50:01,85111766,000000000512b3d67d602b7405f7f59a6c1375727b934fd698a4a821187c26df,7c26df,6,双,大
2026-08-06 16:50:14,85111770,000000000512b3da0b977350a52c00488de386903a4b6bcf842f0c6da516064b,16064b,4,双,小
2026-08-06 16:50:21,85111773,000000000512b3dd2a67ca85e785d598fead7500789069ccfe5f6d653ec84adc,c84adc,4,双,小
2026-08-06 16:50:27,85111775,000000000512b3dfb4c96e615dfcfb2aa097b83a5c51cc839ba6f87175f999ca,f999ca,9,单,大
2026-08-06 16:50:40,85111780,000000000512b3e4862fd41bb79f33be210807b935be0ef288f10245946cafa8,6cafa8,8,双,大
2026-08-06 16:50:47,85111782,000000000512b3e6f05e7ccac16a823ea1a268ace0bab90ff8c45bd258f47bff,f47bff,7,单,大
2026-08-06 16:50:53,85111784,000000000512b3e8f28c2d78c94a928fc89899f619f543ec44639475f42d1291,2d1291,1,单,小
2026-08-08 21:50:41,85175356,000000000513ac3cf68fc59350a82da95e3c9e8935e107d3e531d0d5ab242884,242884,4,双,小
2026-08-08 21:50:52,85175360,000000000513ac409f05e12883331195e68b8889548538af97b195d8ac9f5053,9f5053,3,单,小
2026-08-08 21:51:02,85175364,000000000513ac440e1de458196e4bf3fd0dccc82d2760bf362d34dafc71ce1b,71ce1b,1,单,小
2026-08-08 21:51:13,85175367,000000000513ac47386fbb175a41feebb7872f007c99f29209991380058f41e8,8f41e8,8,双,大
2026-08-08 21:51:26,85175372,000000000513ac4c2d4e7912ca82fd94e8c97557d81a2644d5e92ddfa50e6658,0e6658,8,双,大
2026-08-08 21:51:38,85175375,000000000513ac4fc509530ce9b5dd97dbc172321261f8e68f0ef557cbf5c548,f5c548,8,双,大
2026-08-08 21:51:50,85175379,000000000513ac5315effc43a9723f953153961b1f1a2103fae454c7c6bdae28,bdae28,8,双,大
2026-08-08 21:52:02,85175384,000000000513ac58a10d3579e3191223eeaeb6a4006f4bca6ca5084b9bb540c7,b540c7,7,单,大
2026-08-08 22:00:34,85175555,000000000513ad0304a56c54c336fb5ecfaf73e9f96eb2e78d645d561fcdbd14,cdbd14,4,双,小
2026-08-08 22:01:08,85175565,000000000513ad0dd79bdd2a6409a47592063483b9cc34b06c7e6b716700f450,00f450,0,双,小
2026-08-08 22:01:28,85175575,000000000513ad17acf7708214c91826cfbe3c9b4bbd3c55d9491cc61939b513,39b513,3,单,小
2026-08-08 22:01:57,85175580,000000000513ad1ce24ce571cc6d259cb7c9511609dc4153c0ddb94c1ac92a8c,c92a8c,8,双,大
2026-08-08 22:02:33,85175595,000000000513ad2b069e4195473c6f2a905db1ded24a7ecf30202d5ebe1f6a13,1f6a13,3,单,小
2026-08-08 22:03:07,85175605,000000000513ad355b72538ff6c5ddacd355d6b3c6abef2bb9ca5752ce88b0a8,88b0a8,8,双,大
2026-08-08 22:03:32,85175615,000000000513ad3f5ac09cc3de59991c47b6bcca978f28af73cdc2486730b89a,30b89a,9,单,大
2026-08-08 22:08:28,85175716,000000000513ada4540e1301bdf82d396a3d4f0b197106b3138e66deb8f1f6a4,f1f6a4,4,双,小
2026-08-08 22:09:51,85175744,000000000513adc0f22b1d6cefb34780da99f6510feba0fc19d767c631e93c07,e93c07,7,单,大
2026-08-08 22:14:42,85175841,000000000513ae218e1e1176bf82da341bf9396a46034bf1691afc4e5003ade0,03ade0,0,双,小
2026-08-08 22:23:19,85176007,000000000513aec749ac3ee1c9a3e54eb72ffa91eb7635e08d4c42c9ef64b24b,64b24b,4,双,小
2026-08-08 22:23:31,85176011,000000000513aecb33c94da94c9a845bb369802a194abf322fce5fcbfaeee919,eee919,9,单,大
2026-08-08 22:23:43,85176015,000000000513aecf086b8c130947d99bc7c624982226173304ce0d7cdb8fc1e8,8fc1e8,8,双,大
2026-08-08 22:23:54,85176019,000000000513aed35e0e770068ae0d42e0d1d7a9c9fc0ef6549392674c26ce62,26ce62,2,双,小
2026-08-08 22:24:06,85176023,000000000513aed78ec765567118d6b9287fda5be8122c004ed74c7b44324275,324275,5,单,大
2026-08-08 22:24:17,85176026,000000000513aedaba021fb0f870234482715e1a12a52960e3b93ab9bd8ed0d6,8ed0d6,6,双,大
2026-08-08 22:27:17,85176086,000000000513af16994e7ba8c14431b6d8696155fe062573a52d09fb10f4892a,f4892a,2,双,小
2026-08-08 22:27:29,85176090,000000000513af1a6c642ca30a3b2ef3360c425c7e71e36d2f46d552601b3f63,1b3f63,3,单,小
2026-08-08 22:27:50,85176097,000000000513af21b32c9e3299b8f29a45d7ab6fa58020668526926199fb4168,fb4168,8,双,大
2026-08-08 22:28:11,85176104,000000000513af287a8c286b7f04c561ec36296e4c1b715a4a386d859b0cc809,0cc809,9,单,大
2026-08-08 22:28:24,85176109,000000000513af2dfcd496fdb52c88453833f7527e707ccd78d445458451ddce,51ddce,1,单,小
2026-08-08 22:28:38,85176113,000000000513af31deba6873709579a0e49f558d110bc8b4043ae88b099a8792,9a8792,2,双,小
2026-08-08 22:28:51,85176117,000000000513af3556d6c7f73c9317d1e070120f2da498369f580b2846482196,482196,6,双,大
2026-08-08 22:29:04,85176122,000000000513af3ace1dd5ba234b094e738cdaf358ace8383c62b6250e7a9559,7a9559,9,单,大
2026-08-08 22:29:16,85176126,000000000513af3e664f9768bd256121f67cbc7afb31f604c4fe34dffe21dc15,21dc15,5,单,大
2026-08-08 22:29:28,85176129,000000000513af41c1f856e53e829ad44c181a4271f6156cd50758d080d2f488,d2f488,8,双,大
2026-08-08 22:29:42,85176135,000000000513af4746f7fe8aab34e521e4006f194fd7e43d61b940dd739463b0,9463b0,0,双,小
2026-08-08 22:29:54,85176139,000000000513af4b630b6f679c93a2b9b183a055ef37311e8f7b0783dadffd15,dffd15,5,单,大
2026-08-08 22:30:07,85176143,000000000513af4f82a79b9dd6f933a3b0b056a142a36029988034d4a49b42f0,9b42f0,0,双,小
2026-08-08 22:30:20,85176147,000000000513af53e6dd086bc8078c0a583ddf485cf2fea2e43c19d05765cf0a,65cf0a,0,双,小
2026-08-08 22:30:33,85176152,000000000513af58f8663d0f239ab8c00305a4003e364eaa81a2f3f171fbf12f,fbf12f,2,双,小
2026-08-08 22:30:48,85176157,000000000513af5d8bdc10e7f01a9deaffaef0913a23f07a9b56a3931efa4bb9,fa4bb9,9,单,大
2026-08-08 22:30:58,85176159,000000000513af5fe630c673886bf0a735029e8adffbf26ebf32f0353b6d1916,6d1916,6,双,大
2026-08-08 22:31:09,85176164,000000000513af64f6104cf936ef0970a59fdc8c09cbf10a366df0274d6687ea,6687ea,7,单,大
2026-08-08 22:31:22,85176168,000000000513af68af8ac43d5d2a309df523791ee1be3d3862db2e43242a8626,2a8626,6,双,大
2026-08-08 22:31:35,85176173,000000000513af6ded8168125e6c22ebd87a69c5251ef357782dd752c27ee192,7ee192,2,双,小
2026-08-08 22:31:51,85176178,000000000513af72a584cf7956d813532fa80f4544fe0955784ef88960f99272,f99272,2,双,小
2026-08-08 22:32:03,85176181,000000000513af7505dfc3d0afe138d83a771fd9eda60c551a40d16d0a8a0cd0,8a0cd0,0,双,小
2026-08-08 22:32:15,85176186,000000000513af7af7935e8fd65cdc7851a64eb9a3382679bdb4badc4e4401d8,4401d8,8,双,大
2026-08-08 22:32:27,85176189,000000000513af7d2c4456156f68300606e2933a2710c9470436dab7f295097a,95097a,7,单,大
2026-08-08 22:32:39,85176194,000000000513af8235b1a092238018c358c5d9602e04596a64e31f0e2c231d7e,231d7e,7,单,大
2026-08-08 22:32:52,85176198,000000000513af865cc1b82fcc120d162da0438a8723069a1ad67f864df598e8,f598e8,8,双,大
2026-08-08 22:33:04,85176202,000000000513af8abd9bebf2c4db1de144c330c42f68e93c5dbec4323e073238,073238,8,双,大
2026-08-08 22:33:18,85176207,000000000513af8f902b5f5622d685b07e43f8e8ad07190e3fe3e185dc5a8e81,5a8e81,1,单,小
2026-08-08 22:33:30,85176211,000000000513af93f509b3b1e84c2cbd9039f70832a83470c141881dc378d7e9,78d7e9,9,单,大
2026-08-08 22:33:42,85176215,000000000513af9715aae98b4fb97696c112b5c3e299145e8c6bb48f64ec00b6,ec00b6,6,双,大
2026-08-08 22:33:55,85176219,000000000513af9bdaab49c771f260caa8c263693ea02b174aa4eb4621f27d4d,f27d4d,4,双,小
2026-08-08 22:34:07,85176223,000000000513af9f6852f76fe9d78fba158407538408629a7cffb8174e81b9f6,81b9f6,6,双,大
2026-08-08 22:34:21,85176227,000000000513afa312d2b1b253cb170bcd5c6ebcc46a0d6f98d473eed3b0335f,b0335f,5,单,大
2026-08-08 22:34:34,85176232,000000000513afa8eadc0afd2696ff01b450d3d8b58dc4a778e7f75a81a8b793,a8b793,3,单,小
2026-08-08 22:34:49,85176237,000000000513afad124b8c9fa0fea3f82d327de0f75c2e6657f5429c871f707b,1f707b,7,单,大
2026-08-08 22:35:02,85176242,000000000513afb2da8a54a11ee9ae8f4e386d71920fbcaaff9f2feda4110072,110072,2,双,小
2026-08-08 22:35:18,85176246,000000000513afb6370fbeca66a26fb181178efb58e5ce9c3fe08e8273465568,465568,8,双,大
2026-08-08 22:35:31,85176251,000000000513afbb41bd55899c00af61e7e4ef9ece941ed5f16274147f3571af,3571af,1,单,小
2026-08-08 22:35:44,85176256,000000000513afc097b17af47a74e7da30249d968123a63f34e7573a271bca61,1bca61,1,单,小
2026-08-08 22:35:57,85176259,000000000513afc31cb799eefd49ca5455023cf1f9da7ba6e59c4c068aafd3cb,afd3cb,3,单,小
2026-08-08 22:36:09,85176264,000000000513afc81ccffc8c7e4d2241b55df7ce21f9c626eabb55c15ff754cc,f754cc,4,双,小
2026-08-08 22:36:21,85176268,000000000513afccbd677f46c4fcbb2ae16d33e381a0b724194999e4d8f07322,f07322,2,双,小
2026-08-08 22:36:34,85176273,000000000513afd1a4c7f8192880bd3af3ae371527a6cc2696efeaa8fbb6b6b7,b6b6b7,7,单,大
2026-08-08 22:36:50,85176277,000000000513afd5a339260178a5b2ce3f79cba86dab5b0aa05e79ce3562bfce,62bfce,2,双,小
2026-08-08 22:37:04,85176283,000000000513afdbe43c70791cb25ca08369a7e85fd300f2fc67514dfe249742,249742,2,双,小
2026-08-08 22:37:15,85176286,000000000513afde3e5b5360f765a75e698d6d90a4d17e76dd0c26dedf3738cb,3738cb,8,双,大
2026-08-08 22:37:27,85176289,000000000513afe1c183d403b792538379e63989ec9a4efb34868fc796a56d41,a56d41,1,单,小
2026-08-08 22:37:39,85176293,000000000513afe53577ecdc837f98ef09def17542880910d6ebcd4c6682a996,82a996,6,双,大
2026-08-08 22:37:51,85176298,000000000513afeadfa3ac636bf40d86eeeb3132c2ee2d8787b07ab1000ef5b3,0ef5b3,3,单,小
2026-08-08 22:38:04,85176302,000000000513afee9524c23f461da58d5037b95a4d21ef202ada2b26cd1152c3,1152c3,3,单,小
2026-08-08 22:38:17,85176306,000000000513aff24f4db2c1aaf7cd00b6dfe0816eb1c0e699386a176518b018,18b018,8,双,大
2026-08-08 22:38:28,85176310,000000000513aff6c6447f3584b36aba2b6b9fbbb2fddd6091925a1304efc138,efc138,8,双,大
2026-08-08 22:38:41,85176315,000000000513affb7a6f0dc8516d040dbc6c5312435c7c64a5a1930c0ca11529,a11529,9,单,大
2026-08-08 22:38:56,85176318,000000000513affe9eec8fcf0f758ac7af04c656513e5981763a0ce35fdebbf0,debbf0,0,双,小
2026-08-08 22:39:09,85176324,000000000513b0048309db4c82ed19a81b10bdbc84f47642f5f9b5df15888272,888272,2,双,小
2026-08-08 22:39:23,85176328,000000000513b00869b58548e715cd61c6592dad9ba9ee8d5a9051293471c6e4,71c6e4,4,双,小
2026-08-08 22:39:36,85176333,000000000513b00d255f4c754ed9afd9b50bb220cfc514f86ed21e626b1a2f4c,1a2f4c,4,双,小
2026-08-08 22:39:50,85176337,000000000513b0113875be4c733edae9fc0667a1fb29316bf0107f3b21fc6be6,fc6be6,6,双,大
2026-08-08 22:40:03,85176342,000000000513b016af3d3313ea1f31fd173ae554b5bf8aa57181e2a947c0dc88,c0dc88,8,双,大
2026-08-08 22:40:17,85176347,000000000513b01bb8390d369e428df35c57788137c9d01b646c92a7f9dc9b4e,dc9b4e,4,双,小
2026-08-08 22:40:28,85176350,000000000513b01eb7bd835c80393c1d7cf953eaffec181dbafeca36d9a352a9,a352a9,9,单,大
2026-08-08 22:40:42,85176355,000000000513b023d09639796943a129279fc84697f2ca91b2890518727f39ae,7f39ae,9,单,大
2026-08-08 22:40:57,85176360,000000000513b0287d5f3ac1b3a2d223275b61f0cdd24f82872f19fa1265262a,65262a,2,双,小
2026-08-08 22:41:10,85176364,000000000513b02ceb34a93593b1cbe7113023903e4187f781242c8cf21a7334,1a7334,4,双,小
2026-08-08 22:41:26,85176369,000000000513b0317228d06228c5c62a4edfabce558cb60adf4c029e58279447,279447,7,单,大
2026-08-08 22:41:40,85176374,000000000513b0364b6e61ea684704f7f8f4fa708655757b084f2e47966c59fc,6c59fc,9,单,大
2026-08-08 22:41:57,85176379,000000000513b03b8fc981f1fdba216220592f6adae7fa71fe088b2544cf1aa2,cf1aa2,2,双,小
2026-08-08 22:42:09,85176383,000000000513b03fd627568a4dcb3dabe0f2d3f4c325977885a9f24b45bd33fc,bd33fc,3,单,小
2026-08-08 22:42:23,85176388,000000000513b04420f827a6b4abc4fd0b41c22f5aff4aad27f0e480403e5a35,3e5a35,5,单,大
2026-08-08 22:42:37,85176393,000000000513b049b1e8ac29f7cf6e6c2008b1afb419db004e8ca5e0cc9246e7,9246e7,7,单,大
2026-08-08 22:42:50,85176398,000000000513b04e9e9284391673bcaf1c200c32e73d232004205ed10e7920be,7920be,0,双,小
2026-08-08 22:43:03,85176402,000000000513b052ac5ee58cbb786e85650ad945e1ca3dd60709db2c0d3a7c6d,3a7c6d,6,双,大
2026-08-08 22:43:17,85176406,000000000513b0568a5c092db19f99d2f4e464fdba9eb1ebf31ca47568127fa9,127fa9,9,单,大
2026-08-08 22:43:29,85176410,000000000513b05ae93a4cdf3ebe3eac2a5e216e53b514150f538fd68d9f83cc,9f83cc,3,单,小
2026-08-08 22:43:42,85176415,000000000513b05ff12d496f81127bf781b2596b2cfacd94266befee38be63f7,be63f7,7,单,大
2026-08-08 22:43:55,85176419,000000000513b063106ef346cdcdeda9b2c57eb21cd5e366dd89f85bab1e9772,1e9772,2,双,小
2026-08-08 22:44:09,85176423,000000000513b06717157fc649820cb7dc3086d7de2d12333641dcd0e3fbfaa2,fbfaa2,2,双,小
2026-08-08 22:44:22,85176428,000000000513b06c12561df8053a99db5765261e08e929a462ea5678c02ae9d9,2ae9d9,9,单,大
2026-08-08 22:44:34,85176432,000000000513b070e4f0f11d0fd52320b6d42e293b6d3d637b4485c238c0656c,c0656c,6,双,大
2026-08-08 22:44:47,85176436,000000000513b074396d7ff1d5fc8e245db54e59be5a3c95749d311f6de83efa,e83efa,3,单,小
2026-08-08 22:45:00,85176441,000000000513b079465263e8d6fadf856e4ba3aa3935878a6e5a9959092af74a,2af74a,4,双,小
2026-08-08 22:45:13,85176445,000000000513b07dc575761ce91ab9f86adce03ef7da6c9a1e77a72f6f5de958,5de958,8,双,大
2026-08-08 22:45:27,85176450,000000000513b082a434729da716c764c68a87e3de058b1d38976194872b81e3,2b81e3,3,单,小
2026-08-08 22:45:39,85176454,000000000513b086044147325dfa6f248a25a9dcf86a72478a1d17beef77fca8,77fca8,8,双,大
2026-08-08 22:45:52,85176458,000000000513b08ade45ef22ca289da224376de5763781d9661113caa19d1a37,9d1a37,7,单,大
2026-08-08 22:46:05,85176463,000000000513b08f101b78c4caf9d11097eb18fc02c6facb076fb0ff640c59c6,0c59c6,6,双,大
2026-08-08 22:46:18,85176466,000000000513b092749b8800e2229bbb543ac1e26ddcbce1a1c4a367ead1e8ce,d1e8ce,8,双,大
2026-08-08 22:46:32,85176471,000000000513b097abdbc635bd503a884af0187f8d9fd88760cb4dc45399fd8f,99fd8f,8,双,大
2026-08-08 22:46:45,85176476,000000000513b09c26a7d6715ff92ac0fa268881961e7155c47757bcb1bafb35,bafb35,5,单,大
2026-08-08 22:46:58,85176480,000000000513b0a013aaec71135d174965bc5de7547b94e7cbad4d376281a5dd,81a5dd,5,单,大
2026-08-08 22:47:11,85176484,000000000513b0a4126b2296df2f00bd417e697fcc2e2bf33f7ff7bf96a8765b,a8765b,5,单,大
2026-08-08 22:47:24,85176489,000000000513b0a99aeb7454e1c3742a9e708c4135d07db24906758113eeedd5,eeedd5,5,单,大
2026-08-08 22:47:36,85176493,000000000513b0adce4d8da274aa515f2295cb729ab8daf8ba8247c615aac2cd,aac2cd,2,双,小
2026-08-08 22:47:50,85176497,000000000513b0b12159d3697ffd37fadd77e9016e965758d9c285f6a5e008a9,e008a9,9,单,大
2026-08-08 22:48:03,85176502,000000000513b0b659f0807c842c26ce3c48594a637478ac7d969ef50c1520d8,1520d8,8,双,大
2026-08-08 22:48:16,85176505,000000000513b0b914659d229600f1946d19866a98de62e21e98ebaf1db32cca,b32cca,2,双,小
2026-08-08 22:48:29,85176510,000000000513b0be5668f9dedcb6df6157d2c19a2f03cdd0552f8d41490cbd30,0cbd30,0,双,小
2026-08-08 22:48:42,85176515,000000000513b0c34a204abe6ac5714f33e2040275188c3d2890ec2f3da25800,a25800,0,双,小
2026-08-08 22:48:55,85176519,000000000513b0c7887e6415133935e51aecaf0b1a3f2546f4000d813947561e,47561e,1,单,小
2026-08-08 22:49:06,85176522,000000000513b0cada9b6feb992f9cb337c410eb7a177b690a0ce6fda94464d2,4464d2,2,双,小
2026-08-08 22:49:19,85176527,000000000513b0cf93e689b37e39b8b9f584e2af2543c5a861fb7629427f0bfd,7f0bfd,0,双,小
2026-08-08 22:49:31,85176531,000000000513b0d380e4c7af48fd88186362eb1b8415af12a77a2800d111112c,11112c,2,双,小
2026-08-08 22:49:44,85176535,000000000513b0d7ff65df5ee6780b659a6d0c2ad8b84767acaf781609ccaee0,ccaee0,0,双,小
2026-08-08 22:49:56,85176540,000000000513b0dc34c0b2c4e868eaaed417725821e674248e7850a9c851648d,51648d,8,双,大
2026-08-08 22:50:10,85176544,000000000513b0e0f0c1cec4cdabfd80678fce3e54100fd3580e4a9597ebb577,ebb577,7,单,大
2026-08-08 22:50:23,85176549,000000000513b0e5484021bc77b6d8e2ccec21f2e3f4417711425a4a89831234,831234,4,双,小
2026-08-08 22:50:36,85176553,000000000513b0e99b8195e3e2e4090b696c98c37860bc2d9a6c00c8744a2bff,4a2bff,2,双,小
2026-08-08 22:50:48,85176557,000000000513b0edc8489f4e78826425e8bac08f94e927104437b29abacf59ff,cf59ff,9,单,大
2026-08-08 22:51:01,85176561,000000000513b0f1d5e14b0849f75f8437c3c5a171b2a67832c03925b364a590,64a590,0,双,小
2026-08-08 22:51:14,85176565,000000000513b0f5f64e16e6b63f0cfac1dfe411a33baa3b4bcaa7c3c8294711,294711,1,单,小
2026-08-08 22:51:30,85176571,000000000513b0fbf95c39b3a691aef5bdb2baea8785ea1168280f4f71656685,656685,5,单,大
2026-08-08 22:51:45,85176576,000000000513b1002e8b9b43b58a642e2a1da885cbcf53e3833061881fa6375a,a6375a,5,单,大
2026-08-08 22:51:58,85176580,000000000513b104e64a795dd6231cf5b9adb943558f4cc7e73372dc4f974d96,974d96,6,双,大
2026-08-08 22:52:15,85176585,000000000513b109ed410e0b9549294e6cd329974c17e23bcc9a1f1db943661b,43661b,1,单,小
2026-08-08 22:52:28,85176590,000000000513b10e5849a8e2124b4768e4cf6242a9cf915260f491f740b77cb3,b77cb3,3,单,小
2026-08-08 22:52:41,85176594,000000000513b112cd29082f951b025ed62698e71808cc3226e4538a5bbd349c,bd349c,9,单,大
2026-08-08 22:52:54,85176599,000000000513b11757dce7b7bee1525716e5251d6189d535cd0ed95859f47ad0,f47ad0,0,双,小
2026-08-08 22:53:07,85176603,000000000513b11b0040d5ea7b8a0da84005341f6bac3ece59a8cc46a3d8f831,d8f831,1,单,小
2026-08-08 22:53:20,85176607,000000000513b11f338dcd21617a9851185e2347d4e428ac6ea41f7893789e68,789e68,8,双,大
2026-08-08 22:53:33,85176612,000000000513b124f70996cb26b4a163c905cfa3bd9db36098ec460a33e5f5c7,e5f5c7,7,单,大
2026-08-08 22:53:46,85176616,000000000513b128da82ee9f197e2c8ac21702af6f971e4a81422e925a261f67,261f67,7,单,大
2026-08-08 22:54:00,85176620,000000000513b12c5098f18540b1268390be1be31650dfa1da35f4a5145f10db,5f10db,0,双,小
2026-08-08 22:54:12,85176625,000000000513b1317837862ba072d027ac15412934dede5697cd1d7c14999c67,999c67,7,单,大
2026-08-08 22:54:25,85176629,000000000513b1354f238ab59c0395ccf2bf7eee4d2b09f7ec7f9c048b06993a,06993a,3,单,小
2026-08-08 22:54:39,85176634,000000000513b13a4b84db4e0b70ca9e30c3f437d4e4aaacd874621a735fa249,5fa249,9,单,大
2026-08-08 22:54:53,85176638,000000000513b13e194de9fc10278114da083b372720cd923a8f0395910289d3,0289d3,3,单,小
2026-08-08 22:55:06,85176643,000000000513b1431d61943a826a7ec0f71e5b10df3ccbe061067f8c1f69f8b5,69f8b5,5,单,大
2026-08-08 22:55:20,85176648,000000000513b14868eb8738cf605d101d6ddb83e4d781f59e1e54f2339560b8,9560b8,8,双,大
2026-08-08 22:55:31,85176651,000000000513b14b5247375385ceaf7ba160d4c210b5f8ffdbd004a24d703046,703046,6,双,大
2026-08-08 22:55:42,85176655,000000000513b14f24867a5f25200d1ff2e37956cfb7deb596b830b5e66d003e,6d003e,3,单,小
2026-08-08 22:55:55,85176658,000000000513b15236849dcbfc424721703ec41d8ca1b0ad1f9d0389fd5fa4aa,5fa4aa,4,双,小
2026-08-08 22:56:06,85176663,000000000513b1579d791e2baa39123b620b52608d6ef6faf9dfa21198824c5c,824c5c,5,单,大
2026-08-08 22:56:21,85176667,000000000513b15b866e97473d36de04e96af48f3110106ef3966ac519216ab3,216ab3,3,单,小
2026-08-08 22:56:35,85176673,000000000513b1616173050075128d5c8dda1de8038e8ecbe16ff15324adb1c1,adb1c1,1,单,小
2026-08-08 22:56:49,85176677,000000000513b1654c9254a30642ffc3e28e26440ea4741527e70bb436bf50df,bf50df,0,双,小
2026-08-08 22:57:03,85176682,000000000513b16a3a2535060b80bb6dbb9c2f1e57619c6d3cae3ddf3a5b2614,5b2614,4,双,小
2026-08-08 22:57:21,85176688,000000000513b170b813a81a6b4535db79fb8f2cad3e051dca7df9610e36b3d7,36b3d7,7,单,大
2026-08-08 22:57:35,85176692,000000000513b1740c6291338ad23897f5fd0cabeb8f35e81236e05d6542b778,42b778,8,双,大
2026-08-08 22:57:47,85176696,000000000513b178ca26f3cb94d1d0e58140ba286eda8c9bf899764a41036171,036171,1,单,小
2026-08-08 22:58:01,85176701,000000000513b17d9ca02cac95d03d4b35368ccd40a817487476c393fdfd8f7e,fd8f7e,7,单,大
2026-08-08 22:58:13,85176705,000000000513b1819aced2b0beea6b0b4fdaef28ef2e571c5e501f1916789912,789912,2,双,小
2026-08-08 22:58:26,85176709,000000000513b18539f25a6634d71b370e6cae5da18d6b895c20a46a59fd691b,fd691b,1,单,小
2026-08-08 22:58:39,85176713,000000000513b189edd03c5144aea73327705038307cefd08b39e61d4b9277fb,9277fb,7,单,大
2026-08-08 22:58:51,85176718,000000000513b18e01b6378088e66fd03f7e4990d199847a1a3ce4bf711554cf,1554cf,4,双,小
2026-08-08 22:59:04,85176723,000000000513b193dd2993a36af83c9c1e14e8333fc1b94039b120b4065f41fc,5f41fc,1,单,小
2026-08-08 22:59:19,85176726,000000000513b196371734bc791ebf621516ef16bdea576e68e44ddc2ee63ec0,e63ec0,0,双,小
2026-08-08 22:59:31,85176731,000000000513b19baa20ff5b5968980c951e665c8c3bca7f58d542036e17a8c2,17a8c2,2,双,小
2026-08-08 22:59:42,85176735,000000000513b19fc9b9438baa964bb8584f40a608e13c576d6bde3eb532c04d,32c04d,4,双,小
2026-08-08 22:59:55,85176739,000000000513b1a3b86046c6b1bb0382bf8a128c20117ed93fa2ec56e58cfebf,8cfebf,8,双,大
2026-08-08 23:00:11,85176744,000000000513b1a85f0763bb7d90ecd6ee6c993e01d0cf0c399b54dda1102c8d,102c8d,8,双,大
2026-08-08 23:00:24,85176748,000000000513b1ac02082900d995cae7b12e61a7a32db8aaba56884922fe5836,fe5836,6,双,大
2026-08-08 23:00:37,85176752,000000000513b1b0d11ab46c8f7a3e6463ed0385111891cb706ab86cf6abfdea,abfdea,6,双,大
2026-08-08 23:00:50,85176758,000000000513b1b666c9e2617d878978092e0ead2b5971fab400ed9eef3d9664,3d9664,4,双,小
2026-08-08 23:01:05,85176762,000000000513b1ba3ecb5dfdf16a88e42973344b7032520e06934fb353b29ea1,b29ea1,1,单,小
2026-08-08 23:01:20,85176767,000000000513b1bf84080559d4e0d0f95e71f8f06de0b375cf99b40efb2400b9,2400b9,9,单,大
2026-08-08 23:01:35,85176772,000000000513b1c446fb38fe598392e27ac5772566733ecfa530caca4466883d,66883d,3,单,小
2026-08-08 23:01:49,85176777,000000000513b1c9fc40b36157f54e59975cc0a4b2931f0ecc228cb9a766433d,66433d,3,单,小
2026-08-08 23:02:02,85176781,000000000513b1cd1fdd41e347a417499ba7a4ff3e6368caa65985a1442bf6ea,2bf6ea,6,双,大
2026-08-08 23:02:14,85176786,000000000513b1d282f3dcd7bb24ab91ab4c71f5ad624701b5d78a6e9659ef29,59ef29,9,单,大
2026-08-08 23:02:28,85176790,000000000513b1d61fa0d1ffd879c1f8f71ab48883b118f60843431311ed8280,ed8280,0,双,小
2026-08-08 23:02:41,85176794,000000000513b1daca8d6af868a90997203985ba93bdf4ecc942350e73cc4223,cc4223,3,单,小
2026-08-08 23:02:53,85176798,000000000513b1de6d556de7b0761a24282e6dff9ca17f295c5d9d84de49b044,49b044,4,双,小
2026-08-08 23:03:05,85176803,000000000513b1e31782d3b765052dd380af84d7596399c465639cb04d385b5f,385b5f,5,单,大
2026-08-08 23:03:18,85176806,000000000513b1e6c9e1ef74d6044f5e703449a6321ed4526d52ddbd78542cd0,542cd0,0,双,小
2026-08-08 23:03:30,85176811,000000000513b1ebe3e2929bd34c3b2709dcd9b0f58c79d6ee8bceb7fe220275,220275,5,单,大
2026-08-08 23:03:43,85176815,000000000513b1efa8cab372276e65fb8903fc7a806740cc558272468d8f6caf,8f6caf,6,双,大
2026-08-08 23:03:55,85176819,000000000513b1f3be87b7a7d9b96109ba4a3b7157ff6f5c923bd486ec0f4a15,0f4a15,5,单,大
2026-08-08 23:04:07,85176823,000000000513b1f72132b80576d57f63ae43b6da9e39d7c269e82be8fd1fdc9f,1fdc9f,9,单,大
2026-08-08 23:04:19,85176827,000000000513b1fbba44a561e226d2edf94388aba351e85a470adb52b9e0e036,e0e036,6,双,大
2026-08-08 23:04:32,85176832,000000000513b20063e043bf9ecc1074518ba8609ee762c070741802a5d2f944,d2f944,4,双,小
2026-08-08 23:04:44,85176836,000000000513b204e3f1c9786b43ad70fb3d34c4322aa69a850f3e997f58bfe6,58bfe6,6,双,大
2026-08-08 23:04:57,85176839,000000000513b207917043e138502d2d43e710eb2e1092d3e6d3a89563dd92fe,dd92fe,2,双,小
2026-08-08 23:05:12,85176844,000000000513b20ca074eed0fb73d3ce5247f14a48cf416aefe574b1eee9ce2e,e9ce2e,2,双,小
2026-08-08 23:05:24,85176849,000000000513b2117a203bebab4e70656c58ccb6b56e942a3fd23da3ec2b0739,2b0739,9,单,大
2026-08-08 23:05:36,85176853,000000000513b215e17c9925262989d4c5f383e6435bd3edeb34c66b08d83b1f,d83b1f,1,单,小
2026-08-08 23:05:48,85176857,000000000513b2196ed9aded3064bbf94f09e036726f2ed034c830eb133355c1,3355c1,1,单,小
2026-08-08 23:06:00,85176861,000000000513b21db2f3bcfedb7246316c7278257ea86a94d7470868f06642e9,6642e9,9,单,大
2026-08-08 23:06:12,85176864,000000000513b2209766f8582ad198e97c510dd0b90e6de407e8db68a9289445,289445,5,单,大
2026-08-08 23:06:23,85176868,000000000513b22482c40bab11d87a37b58d3ecc22710f08ffc93d54ac97d418,97d418,8,双,大
2026-08-08 23:06:36,85176872,000000000513b228a6ed8d5b9c90f2ea7a029171b4a2ecf4eaabc1819f399113,399113,3,单,小
2026-08-08 23:06:48,85176877,000000000513b22df4083b7a26ad9f03795931d103d6bdc0bd8ba0690dfff637,fff637,7,单,大
2026-08-08 23:07:01,85176881,000000000513b231bd7071b1b7ed85c2ac8dc3bec6a6bb5d82e82e66ffbf80d3,bf80d3,3,单,小
2026-08-08 23:07:14,85176885,000000000513b235c5fd4b9c728b4f1887a08705ec90981c6078ae8a32de43b8,de43b8,8,双,大
2026-08-08 23:07:26,85176889,000000000513b239d91bc529a410cdca9c062ee5dc7dd9ab8dc83415c8c579e7,c579e7,7,单,大
2026-08-08 23:07:38,85176893,000000000513b23d24ee8e33e6802fa82e8923bcf2f6c7efb7ad624ece215a09,215a09,9,单,大
2026-08-08 23:07:52,85176898,000000000513b242dbd620dfbdc6d4dbd54c4020cc2ec56d9b28f893999e8a6e,9e8a6e,6,双,大
2026-08-08 23:08:05,85176902,000000000513b24687086cc01472c0a498c80fdfdf7fa311e410f8d16e0088f1,0088f1,1,单,小
2026-08-08 23:08:20,85176908,000000000513b24c74b272600d2718a6c7337831a03cedaffa5c4b3f91097cd9,097cd9,9,单,大
2026-08-08 23:08:38,85176913,000000000513b251a814a77f8f5c5d15310c6e9cbbe786b249496cb39c9d6bf5,9d6bf5,5,单,大
2026-08-08 23:08:51,85176918,000000000513b25668a2497ce4aaa5a433d7291c2c2f140be8a50123546d5654,6d5654,4,双,小
2026-08-08 23:09:08,85176923,000000000513b25bcce825d23cf716ef3b6f963c61619545522506f9c5f76aad,f76aad,6,双,大
2026-08-08 23:09:22,85176929,000000000513b26136faae119e1305a0d9bf57a8bf90f5122262f0a36bc044d8,c044d8,8,双,大
2026-08-08 23:09:39,85176934,000000000513b266604cde9fd7e14d875ed06d6e694406b6cf2e05cc4bcd8534,cd8534,4,双,小
2026-08-08 23:09:55,85176938,000000000513b26ae66ba1f9dc6cd73b87f7eace35a1553b3b1d6cfb56598394,598394,4,双,小
2026-08-08 23:10:14,85176945,000000000513b2717f64abe5e9f40b726721fa8fd76fea2a71078112eab9ba92,b9ba92,2,双,小
2026-08-08 23:10:31,85176950,000000000513b276febb0701a4b12f9e701a020b114c113658f013b80538b509,38b509,9,单,大
2026-08-08 23:10:45,85176955,000000000513b27b4866723d2b6d646305226bac3a66cadb06de05822051717d,51717d,7,单,大
2026-08-08 23:10:58,85176960,000000000513b280375a063d3f128b1a38b6ca194000967a78bcd00f2e939f61,939f61,1,单,小
2026-08-08 23:11:14,85176965,000000000513b285ab73f6676745a63b97088bf6ccd9c48200a1322c7b128c0a,128c0a,0,双,小
2026-08-08 23:11:29,85176970,000000000513b28af5115ecd5108570ed0854c6d8bca79b05d9ed651507e7efd,7e7efd,7,单,大
2026-08-08 23:11:43,85176975,000000000513b28f9d9ddd0e37f8dbe21df518604bbd581373fc93a0278e0364,8e0364,4,双,小
2026-08-08 23:11:57,85176980,000000000513b294931376c5c4496ece2d6a5b3388003464c74b108ffce480c8,e480c8,8,双,大
2026-08-08 23:12:09,85176984,000000000513b2986a57cb985948df9f2f00b8b75a12ae5b4eed5c441c9727b6,9727b6,6,双,大
2026-08-08 23:12:23,85176988,000000000513b29c3c84e458463fc1cf5eae343b660de4e896c023a787ad46ab,ad46ab,6,双,大
2026-08-08 23:12:37,85176993,000000000513b2a139f1a23bddd54cbc1ba4e5e68f8cc921e13605bb6bbc5551,bc5551,1,单,小
2026-08-08 23:12:51,85176998,000000000513b2a692ce7a192cd130d21c431498a5da943078cacf207167a094,67a094,4,双,小
2026-08-08 23:13:06,85177003,000000000513b2abf727cf88e3e7c53498d1ed620b946dea3c9fb78e0a909377,909377,7,单,大
2026-08-08 23:13:19,85177007,000000000513b2af11802f2bcb1afd364c983765545ab2b9e09ca1d47b18919b,18919b,9,单,大
2026-08-08 23:13:32,85177011,000000000513b2b3cc61562f4e5fe130fc9fd10a4a62f3f54604f6431f8760e8,8760e8,8,双,大
2026-08-08 23:13:45,85177015,000000000513b2b7c4d16c9e9a2bf220a27800993b552f1ed890c10d9f0316b7,0316b7,7,单,大
2026-08-08 23:13:58,85177020,000000000513b2bc980ce260ce2d389972e6e9df3e0fa8a767a6e1c2f5fe44d7,fe44d7,7,单,大
2026-08-08 23:14:12,85177025,000000000513b2c1550b594c6b3c47f3c727f1bc5ad7218f7c12779ff0873189,873189,9,单,大
2026-08-08 23:14:26,85177029,000000000513b2c516fa4af78871b539bd83f63d5c757670f864c248fca0da34,a0da34,4,双,小
2026-08-08 23:14:40,85177034,000000000513b2ca823f7d59ba72a391541907fa1669cc42c520ec609593706b,93706b,6,双,大
2026-08-08 23:14:52,85177038,000000000513b2ce2fd946a5b19ed9ce336dba9979567ac77dead9cb11138096,138096,6,双,大
2026-08-08 23:15:05,85177042,000000000513b2d20fa27f011cd73180f19259954547fa09a7faa592875e2bfb,5e2bfb,2,双,小
2026-08-08 23:15:18,85177046,000000000513b2d697fcad9640ec6edf4d17a1dadab208894891989ddc1a5c80,1a5c80,0,双,小
2026-08-08 23:15:30,85177051,000000000513b2db5e5e27f6a2369fd3ff492512ee4f5d64e21692a5b38a6113,8a6113,3,单,小
2026-08-08 23:15:42,85177054,000000000513b2de5fbddf224632c5874f84f5ef5e48eecb8c1107a630cf1492,cf1492,2,双,小
2026-08-08 23:15:54,85177059,000000000513b2e34973319f186882407af8ab448a2ff376edb3e2d6d4b317f7,b317f7,7,单,大
2026-08-08 23:16:08,85177064,000000000513b2e8f6ecd2352b2d631c833926613cd75e48bbd86034f40a16eb,0a16eb,6,双,大
2026-08-08 23:16:21,85177068,000000000513b2ece19d706a6693dcacf0b9269bdcc6513e3d9ba8a55e1ab703,1ab703,3,单,小
2026-08-08 23:16:32,85177071,000000000513b2ef8137b56f9e868043a9d8fcea1c2feb9486622fd2ae161ae7,161ae7,7,单,大
2026-08-08 23:16:46,85177076,000000000513b2f48fb183894c1da8247c5e79fb8a998755ef706036c510f8ec,10f8ec,8,双,大
2026-08-08 23:16:58,85177080,000000000513b2f8779792718ca30217f93ea820b74dcefada15d9085fbfc8cf,bfc8cf,8,双,大
2026-08-08 23:17:09,85177084,000000000513b2fcfc6ae509b88d2163adb2b29797ca7d1a5bb1bee84c3dfd74,3dfd74,4,双,小
2026-08-08 23:17:20,85177088,000000000513b30003f525e963d91c4e846cfab663772229b11a0f9963b81780,b81780,0,双,小
2026-08-08 23:17:33,85177092,000000000513b3043da730408da7b8a2e69e6bf2f846ae0993790604181d0f9a,1d0f9a,9,单,大
2026-08-08 23:17:44,85177095,000000000513b307dfb65e174e16f433bb92a7186e72f80fdcaa2b6bfc924a03,924a03,3,单,小
2026-08-08 23:17:55,85177099,000000000513b30b7a373b50aec0cf341e14674025f123eb697d566f9dd6d61b,d6d61b,1,单,小
2026-08-08 23:18:08,85177104,000000000513b310f8aa1df885a3e82595768a8657abb08b56d2c7e16b512643,512643,3,单,小
2026-08-08 23:18:19,85177107,000000000513b31387c6dc829544029a0f1b196ec54063b7e4f40bc665180a2a,180a2a,2,双,小
2026-08-08 23:18:30,85177111,000000000513b317612ef1d595a95ee35139314976f7645eb1b56164d79ceb5e,9ceb5e,5,单,大
2026-08-08 23:18:41,85177114,000000000513b31aa1be2b9e4abcb8422e248d647e94825ad2c619c20d6dd7dd,6dd7dd,7,单,大
2026-08-08 23:18:52,85177118,000000000513b31e24eb4ead3539d425f2b1c413f68fd239d183ca11629ea29e,9ea29e,9,单,大
2026-08-08 23:19:03,85177122,000000000513b322aac22a31ce63f28427e23165e180b7d37c726d3f01c6f54d,c6f54d,4,双,小
2026-08-08 23:19:14,85177126,000000000513b326e70f232c74ae72d69e8a75ddb5b7177fff0e21502a156cf1,156cf1,1,单,小
2026-08-08 23:19:25,85177129,000000000513b329d8f0c7962a82ab4b9a3c192247d8b9eee976428a65047ac7,047ac7,7,单,大
2026-08-08 23:19:36,85177133,000000000513b32d5723ab1e9fd01965f3aa3cb049c31153d7f91e4415761c9d,761c9d,9,单,大
2026-08-08 23:19:46,85177136,000000000513b330a0476f34eb911fe2ed14a6c255476b1d782348ba0a3d0d41,3d0d41,1,单,小
2026-08-08 23:19:58,85177140,000000000513b3344c916cc3d2fa97f92a858541e0f39fe95a6489e876326852,326852,2,双,小
2026-08-08 23:20:09,85177143,000000000513b3378993b25e26f0540cb5fbe7e51949b5c6ef70ba893b22246d,22246d,6,双,大
2026-08-08 23:20:21,85177147,000000000513b33b24c990edcc8919b5c6b86b7b479b27bb276c0a56123417a3,3417a3,3,单,小
2026-08-08 23:20:32,85177151,000000000513b33f687227523d73c5c5448c727a14d81d6cb2f2b124aa2dbc1d,2dbc1d,1,单,小
2026-08-08 23:20:44,85177156,000000000513b344ba62a8faf0e80226b4144a5cc2154dc7e899c567eeaf3793,af3793,3,单,小
2026-08-08 23:20:55,85177159,000000000513b3472a2926c3eadf530ab60bb09941c2e327ae31e770ce7c981f,7c981f,1,单,小
2026-08-08 23:21:06,85177163,000000000513b34bececb3b4de1b77c5769030d4798a9bcf0bc109bf916a8a26,6a8a26,6,双,大
2026-08-08 23:21:18,85177167,000000000513b34f265683aa5c2f73b2d4e0a79dfc93e6c716cb9ad383b2a53f,b2a53f,3,单,小
2026-08-08 23:21:29,85177170,000000000513b3526046bf1beaa06f9f57079cf0cae477bcdb9fdcb74ab54dbf,b54dbf,4,双,小
2026-08-08 23:21:40,85177174,000000000513b35654fb85b8e605106fb6f0767bf36c354629fc1e7238d5bdbb,d5bdbb,5,单,大
2026-08-08 23:21:52,85177178,000000000513b35a8070d7fbb9178ca6f9a0f17f40a8735562e95d5c0ca3a90b,a3a90b,0,双,小
2026-08-08 23:22:04,85177182,000000000513b35e39442d5dd1462205789a9dcd4bf29e507efcca127115fb07,15fb07,7,单,大
2026-08-08 23:22:16,85177186,000000000513b3624f2a220b2f97084555797c47b68eaac95e906ffa8617deb3,17deb3,3,单,小
2026-08-08 23:22:27,85177190,000000000513b3668035e74228e535193188029b77d6ce7c9722c51646770fd9,770fd9,9,单,大
2026-08-08 23:22:39,85177194,000000000513b36a9b1a927d2d47ba3b87bf57bf9e5931dfd653253aa6d20127,d20127,7,单,大
2026-08-08 23:22:50,85177197,000000000513b36d5da3a75486ad832d6f68f769257dd7a844cc6871fa19a5f2,19a5f2,2,双,小
2026-08-08 23:23:02,85177201,000000000513b3710cfb358bcfe188c86402b5e50b926aa5d698c60bbf518977,518977,7,单,大
2026-08-08 23:23:15,85177206,000000000513b37632caf63fa68cd69f4139c0351234a8959dabf4074bfc2300,fc2300,0,双,小
2026-08-08 23:23:28,85177210,000000000513b37a77f31c576a3ef607e1c24e6a2490b23dab0bdae0df43138d,43138d,8,双,大
2026-08-08 23:23:39,85177214,000000000513b37eec3f1a68317cd778e92a114d3d51fe0fe3a17b9f57e2e914,e2e914,4,双,小
2026-08-08 23:23:51,85177218,000000000513b38297d61db6386c7e1ef6d671d739e024bfd6c99f06d0634ee8,634ee8,8,双,大
2026-08-08 23:24:02,85177222,000000000513b38670fae21cafb492ea699a9879e62c1d17f90d40cb0af64494,f64494,4,双,小
2026-08-08 23:24:16,85177226,000000000513b38a0d573c488a9b57978cf4ed0ad320ee5e15fff2597ca8a594,a8a594,4,双,小
2026-08-08 23:24:27,85177229,000000000513b38dea68006e049f15173147cd867349ca4e07fac6971aabb125,abb125,5,单,大
2026-08-08 23:24:38,85177234,000000000513b392da2b0dea7c66e341539dd438e050e2a9c8b9b007f77601f1,7601f1,1,单,小
2026-08-08 23:24:50,85177237,000000000513b395be9c0fd9e35a1f79b8fac58bf8c4d8e9ec6257859bdbf32a,dbf32a,2,双,小
2026-08-08 23:25:02,85177242,000000000513b39acbd23b4574823a1763efe9dc5d6d12cada6de0542216de9b,16de9b,9,单,大
2026-08-08 23:25:13,85177245,000000000513b39dd48a0bd9fc3ebde466402d1d1ba7566b1c1473aa478d1e43,8d1e43,3,单,小
2026-08-08 23:25:24,85177249,000000000513b3a1f0aade9be2f9535380ff9fc43ee5703d11e74f823f01e547,01e547,7,单,大
2026-08-08 23:25:35,85177253,000000000513b3a54517ab72f81eb09689268c239f52e75ddf5cc64b14439ed4,439ed4,4,双,小
2026-08-08 23:25:47,85177256,000000000513b3a8cc4938876cd8d4bceb57cf60e560c61ab4912642f48afbaa,8afbaa,8,双,大
2026-08-08 23:25:58,85177260,000000000513b3ac572d08f637ab2090dc5c4c1814ffb4f441cdb976b181f333,81f333,3,单,小
2026-08-08 23:26:08,85177263,000000000513b3af5ad10663a854e7892c2018c5d0ec20ff0d6d18e5a921b095,21b095,5,单,大
2026-08-08 23:26:20,85177267,000000000513b3b38537783680996d5a24bcb5b743dec49280be6f17e5e53dd5,e53dd5,5,单,大
2026-08-08 23:26:32,85177272,000000000513b3b81b6b4bf6755a067f0ae4a20610f2419278c3191c226f5c97,6f5c97,7,单,大
2026-08-08 23:26:44,85177276,000000000513b3bc0f12d387929a291af2c50aa402bdd799e6bd53babeed876e,ed876e,6,双,大
2026-08-08 23:26:55,85177279,000000000513b3bf5eb9cba79bf26caeef1487bf380dc73e4cf27bb53f26f46f,26f46f,6,双,大
2026-08-08 23:27:07,85177283,000000000513b3c3cbdbf511cfb342301b932179873d04fbf88703c32a57fa0a,57fa0a,0,双,小
2026-08-08 23:27:19,85177287,000000000513b3c780f6ac70939ed9f73e43f5ddfb924aad7f295e6ed15ad45f,5ad45f,5,单,大
2026-08-08 23:27:30,85177291,000000000513b3cbbc93dd53cad719e14a211982ccb30729a2502e007fe9abbe,e9abbe,9,单,大
2026-08-08 23:27:43,85177295,000000000513b3cfecfbbd50109b2b8900d1920ccf606dbe7f55a1f017332924,332924,4,双,小
2026-08-08 23:27:55,85177299,000000000513b3d36f87012d83094d09c1a73e2298083bb54935dd6d1a7a069b,7a069b,9,单,大
2026-08-08 23:28:09,85177304,000000000513b3d8c58433ca53b50228153be3c9499c07f4b120182a0b9932c1,9932c1,1,单,小
2026-08-08 23:28:23,85177309,000000000513b3dd226b3bbaaee16673f0f2b1e9040ccfcdb4519cbbe0b3436b,b3436b,6,双,大
2026-08-08 23:28:35,85177313,000000000513b3e18e7d977a2e31e08cd2c5fcb7a308bb1fb913b00ca7206b1a,206b1a,1,单,小
2026-08-08 23:28:47,85177317,000000000513b3e563df0ff3c3b38b35ac9cca9f272f2ab394c484eb76b8d6ea,b8d6ea,6,双,大
2026-08-08 23:28:59,85177321,000000000513b3e94bb05c3cbc2a9250e4f05142fcceb601ce0693f8ae1792c3,1792c3,3,单,小
2026-08-08 23:29:11,85177324,000000000513b3ecd50266c4aef75ef49729c70cf8ad5ce5d68b6da6482e813b,2e813b,3,单,小
2026-08-08 23:29:22,85177328,000000000513b3f0690e00467ccbc3e4690ef00014cb20ba0207086318d59d09,d59d09,9,单,大
2026-08-08 23:29:33,85177332,000000000513b3f44e2a063c660db401ce0e6008e228303471d4bb31451add92,1add92,2,双,小
2026-08-08 23:29:44,85177336,000000000513b3f80dfd9acaa4d5b93ee679b5dfa700f8addc46a249f153e5ac,53e5ac,5,单,大
2026-08-08 23:29:54,85177339,000000000513b3fbc25dcc3b0a40027a64cf50cf4f04abbb10a8d20c3282c766,82c766,6,双,大
2026-08-08 23:30:05,85177342,000000000513b3febd367b3dc40fb67ef0e4fb659d181cecb77031c758c413ce,c413ce,3,单,小
2026-08-08 23:30:17,85177346,000000000513b4020736b4afbf149a84a008a371027883d40c109a19317f36cb,7f36cb,6,双,大
2026-08-08 23:30:28,85177350,000000000513b4068e5958c76d4cf078e6ef88627079735257225bce111ecc91,1ecc91,1,单,小
2026-08-08 23:30:39,85177353,000000000513b409d59d72cd5c098c78c7f5c737ebac14185a08995b2dc3fd62,c3fd62,2,双,小
2026-08-08 23:30:50,85177357,000000000513b40da40f8dc069cd67899d2bcb490688c924248ebaf254d323ab,d323ab,3,单,小
2026-08-08 23:31:01,85177361,000000000513b4116f4c6615779313a03b08265991322f0853f64ffd3d68b2c9,68b2c9,9,单,大
2026-08-08 23:31:13,85177365,000000000513b415cffb555b814074b27710369830e8e86885f11b06621be786,1be786,6,双,大
2026-08-08 23:31:26,85177370,000000000513b41a5cf4775f483d8fb753b15bca459403beba74d3e895fcf0e9,fcf0e9,9,单,大
2026-08-08 23:31:38,85177373,000000000513b41dbc73f4104ed25c0de187adb3d23a7a8c9143f23637527fc0,527fc0,0,双,小
2026-08-08 23:31:50,85177377,000000000513b42199a974194dc959aa21270e736713a2a974f6630e8c6c0d13,6c0d13,3,单,小
2026-08-08 23:32:02,85177381,000000000513b425eb2113614a3dd01f16d45264450e64ccecc1c04da73556c8,3556c8,8,双,大
2026-08-08 23:32:16,85177386,000000000513b42a2db9273ad6b5d7ba4a51f13875a74c4a3ee76bad43701458,701458,8,双,大
2026-08-08 23:32:30,85177391,000000000513b42f218128179347e59ba1f1acf68e2f7c8238d52c6b73bf47ed,bf47ed,7,单,大
2026-08-08 23:32:43,85177395,000000000513b433b522745fb28f9deb0cc9bb37a2711d1ea8d9e58755682039,682039,9,单,大
2026-08-08 23:32:55,85177399,000000000513b437e856c03acd93745eea9bae083b3af3b732dc5a45efb92d32,b92d32,2,双,小
2026-08-08 23:33:06,85177403,000000000513b43bc594ccd143d9b4577e0f8ff6ff610d0647ca1734bdd00a93,d00a93,3,单,小
2026-08-08 23:33:17,85177406,000000000513b43e5037c7918322c7e59adfbda398e9762e0d3a16140b892a5a,892a5a,5,单,大
2026-08-08 23:33:29,85177411,000000000513b443bef54e48f9c2d0d5c2aee5cfffc39cd12e9b140710f6b244,f6b244,4,双,小
2026-08-08 23:33:40,85177414,000000000513b4468ef4e560a0b7f3c76207700de253fc05ad5d266142dd2b50,dd2b50,0,双,小
2026-08-08 23:33:52,85177418,000000000513b44a3450a743368ab5ef08faed1f7a7da685b444f04359fbd283,fbd283,3,单,小
2026-08-08 23:34:04,85177422,000000000513b44e4c59e918d1346f3f3e7e7bb79049bca91faf2c08fe5626a5,5626a5,5,单,大
2026-08-08 23:34:15,85177426,000000000513b452f797b76c36381b186104b214ffec46bae467e4395ad504bf,d504bf,4,双,小
2026-08-08 23:34:26,85177430,000000000513b45624ea9958e7c8c8946d5a93c3b4159b2d228ca69b739dabc1,9dabc1,1,单,小
2026-08-08 23:34:38,85177434,000000000513b45a2224431c70f4065dcfa17d54da49a5def8c16c8d47010959,010959,9,单,大
2026-08-08 23:34:51,85177438,000000000513b45efb318532cf3c451d9afc968f0915819d4e4d8175c6b5c7e9,b5c7e9,9,单,大
2026-08-08 23:35:03,85177441,000000000513b4619861006708bdefcac2a63f5a48ff98ada6c9cf0919ef3b14,ef3b14,4,双,小
2026-08-08 23:35:15,85177446,000000000513b466c9d03c26beae1a49d49dbde5499da0e53c0503ec3106db2b,06db2b,2,双,小
2026-08-08 23:35:27,85177449,000000000513b46938ea906199fc497db69a1ebe0915cba2466bcf17c984ef96,84ef96,6,双,大
2026-08-08 23:35:39,85177454,000000000513b46e7ce514fed09aa54ee9066a5661105f47d4942f46b16eb0d0,6eb0d0,0,双,小
2026-08-08 23:35:51,85177458,000000000513b4727b7dcaa39231d551891428efb668ce5f51c159e1332a64e6,2a64e6,6,双,大
2026-08-08 23:36:03,85177461,000000000513b4754a59ea9be35d14c65946b0c646af47181abfaaf39d952cb0,952cb0,0,双,小
2026-08-08 23:36:14,85177466,000000000513b47ae0d236029ed1c61e4459679c55ffcb329d78d580ea62fe17,62fe17,7,单,大
2026-08-08 23:36:25,85177469,000000000513b47df6199746862f5f76837c33bc804f2a9329d1fab744d7ce50,d7ce50,0,双,小
2026-08-08 23:36:36,85177473,000000000513b481573500d412ba6293a1cf230604121cceb3bdc84c9b80b29f,80b29f,9,单,大
2026-08-08 23:36:47,85177477,000000000513b485a45c9d339616c6a7388a77ae41301138e325956126193446,193446,6,双,大
2026-08-08 23:37:00,85177481,000000000513b4898aee64e6771a64c08649161e10503ca734246d30e16f3cd3,6f3cd3,3,单,小
2026-08-08 23:37:11,85177485,000000000513b48d9524553a82cde64a49fc46004cfcc411cd47979c5df610a9,f610a9,9,单,大
2026-08-08 23:37:22,85177489,000000000513b491116d77e1f6ec6b7dbdd495defad198baae93b72b634b19bb,4b19bb,9,单,大
2026-08-08 23:37:34,85177492,000000000513b494c7df2711c55a3c2d2fefdf229bd22bb51c8896d10e71e3c6,71e3c6,6,双,大
2026-08-08 23:37:45,85177496,000000000513b49827b64d70e4985dd0a9ab7a7a19f64959dbf0afed87c1f3fc,c1f3fc,3,单,小
2026-08-08 23:37:56,85177500,000000000513b49ccbfc0521e1d576499bbbdb12907736701e5165d819d84b77,d84b77,7,单,大
2026-08-08 23:38:10,85177505,000000000513b4a1e996a1a346f031ae2b52492baf95d161899e87651d7e30e8,7e30e8,8,双,大
2026-08-08 23:38:22,85177508,000000000513b4a466858ceb76904d195d79669a2009da6e4471f1271af25be1,f25be1,1,单,小
2026-08-08 23:38:33,85177512,000000000513b4a8ea5925a38927e868b8151d23e9877bbc538327f60918bfae,18bfae,8,双,大
2026-08-08 23:38:45,85177516,000000000513b4ace8934e2c8995adf09079768dfd98aafdb8c5a86578c7e183,c7e183,3,单,小
2026-08-08 23:38:56,85177520,000000000513b4b08f14261592925107e5f3d60d0aad1fe6155750e405d573ec,d573ec,3,单,小
2026-08-08 23:39:08,85177523,000000000513b4b35e2f6b67e1bf51f505a5b9c477c5aaa75ac5e1d14368b291,68b291,1,单,小
2026-08-08 23:39:19,85177528,000000000513b4b8d3cd202ea3b26bb75d4682747ddb9b072f0859264c1795d7,1795d7,7,单,大
2026-08-08 23:39:31,85177531,000000000513b4bb3a1441011588f69adb6e1249b234c3ab5dd7bf1f6be3d328,e3d328,8,双,大
2026-08-08 23:39:42,85177535,000000000513b4bf96b4d4fb94e195c58744461344b917b15dbdb6bc1451c794,51c794,4,双,小
2026-08-08 23:39:54,85177539,000000000513b4c31dfd79c6a7633e0137604cf5665a95336c345a030e468f3e,468f3e,3,单,小
2026-08-08 23:40:05,85177542,000000000513b4c6519cf20741ce2a4ec00e768bd4e9ee1394a5899da0f908d9,f908d9,9,单,大
2026-08-08 23:40:16,85177546,000000000513b4ca143d6ced3dcf3b633d1182e35ef3002f57c4934ce4171324,171324,4,双,小
2026-08-08 23:40:28,85177550,000000000513b4ce1d6118af3b8ed4d42969617ec44230962b1052a3b28a3c54,8a3c54,4,双,小
2026-08-08 23:40:39,85177554,000000000513b4d274856b2aeea0e29d35990870437ca21d18e36d0a670560ca,0560ca,0,双,小
2026-08-08 23:40:52,85177558,000000000513b4d60d33aa3c677152629977b05b0dda52d0ef6253e2373cf228,3cf228,8,双,大
2026-08-08 23:41:03,85177562,000000000513b4da876fcd1f7f444562f90a37fe56ed7529f1c4d18964daef21,daef21,1,单,小
2026-08-08 23:41:13,85177566,000000000513b4de75755d45248c6a5cca7e5d502ce8fb709f5b3b11f8a21b8e,a21b8e,8,双,大
2026-08-08 23:41:25,85177569,000000000513b4e1c5d112de2f4c11ce42d3a21a503d149bd5319e62ec5ee4ab,5ee4ab,4,双,小
2026-08-08 23:41:38,85177574,000000000513b4e6d4722716f45a1c993b5570d2ea8d472f2c2391ab23b238eb,b238eb,8,双,大
2026-08-08 23:41:50,85177577,000000000513b4e9bf51c107fd2e60e502c29a04cc6f6b7b784e2f54fd4fcd7b,4fcd7b,7,单,大
2026-08-08 23:42:01,85177581,000000000513b4edff3f6150a684cbe2b78e47c90e005dd39608d836187cdf3e,7cdf3e,3,单,小
2026-08-08 23:42:14,85177586,000000000513b4f217f2be84216c14e245ebb0d634444fa070a21cffe797dbbf,97dbbf,7,单,大
2026-08-08 23:42:26,85177590,000000000513b4f66b934a55990373dcd27088a9608f0daf175a93ee4b853c9a,853c9a,9,单,大
2026-08-08 23:42:38,85177593,000000000513b4f9eecaa7645b6d9e870a8d9cdd2fec62393846388f51f96e28,f96e28,8,双,大
2026-08-08 23:42:50,85177598,000000000513b4fe565068602c89435b5f46e655fb0aa9ade16f4b194e3e4016,3e4016,6,双,大
2026-08-08 23:43:02,85177601,000000000513b501edb7ea84ed78301e365b049c48b5768b05bc8642fc91e007,91e007,7,单,大
2026-08-08 23:43:15,85177606,000000000513b5065a818055ebe419befef015b7442cc815a1c99709d09047cd,9047cd,7,单,大
2026-08-08 23:43:30,85177611,000000000513b50bbcf0b317431fcc66aa12bc3f32de9aab7673a5d06ff080ff,f080ff,0,双,小
2026-08-08 23:43:42,85177615,000000000513b50f3f78e672f9a95b7efaf1953c27f630b904123b354f8b9972,8b9972,2,双,小
2026-08-08 23:43:55,85177618,000000000513b512a946441435b08a08fdbffa478b62a32f4328a429fef586a8,f586a8,8,双,大
2026-08-08 23:44:07,85177623,000000000513b51790d9283ca594f593501f4694e80402fd990de1a8ea43a81e,43a81e,1,单,小
2026-08-08 23:44:19,85177627,000000000513b51b4bde45bce460a2a3ea67cb94521f18f08774852d2ef8aa13,f8aa13,3,单,小
2026-08-08 23:44:33,85177633,000000000513b5215ec7d893f03591966d53f135b8bd51b9abc4ae28e4c6b7e8,c6b7e8,8,双,大
2026-08-08 23:44:47,85177636,000000000513b524d7e7fcc3828f810f3d56a3a9d36332c061d5f2639eea0497,ea0497,7,单,大
2026-08-08 23:44:58,85177640,000000000513b5284d7b4200e2cc34434cd53f35018983c80e8adabbbd2f9125,2f9125,5,单,大
2026-08-08 23:45:11,85177645,000000000513b52d3a0c866013c03cf9d1aac567049f1352d3ac69896ee45df0,e45df0,0,双,小
2026-08-08 23:45:23,85177649,000000000513b5311205360b68062bc268294be6781d09a6f003cb4bd15097cc,5097cc,7,单,大
2026-08-08 23:45:35,85177652,000000000513b5340ccd3a9c8a6c89073db02ccec30edabdd7b3623fcf1f6d31,1f6d31,1,单,小
2026-08-08 23:45:51,85177657,000000000513b53902b454cb06e74ef17a3cff80a63be4dfe353fd0860d585b5,d585b5,5,单,大
2026-08-08 23:46:02,85177661,000000000513b53d91df31f5613769d5ec5be00da098e8108f69b6b1529fda75,9fda75,5,单,大
2026-08-08 23:46:14,85177665,000000000513b541384f6ec57810e9dfedb4d8ea597a44bc5e2e864df66e38e9,6e38e9,9,单,大
2026-08-08 23:46:26,85177669,000000000513b545e9f285d936cdd171f2a893274b4b73b3c6f317257bb38f79,b38f79,9,单,大
2026-08-08 23:46:38,85177673,000000000513b5496b42c36e09f02ce2123c4711139ba9d7108e835055eb0479,eb0479,9,单,大
2026-08-08 23:46:49,85177677,000000000513b54d16cf5fe900930878a5522e8f9e1f5dd3c3b8bca48c4196df,4196df,6,双,大
2026-08-08 23:46:59,85177681,000000000513b55178aca38ecc29368cd8608ec61dcbb8cb2c2b373745a53074,a53074,4,双,小
2026-08-08 23:47:12,85177685,000000000513b5557070633039fa721c155793eede92c12e39ff3bd3d8c05508,c05508,8,双,大
2026-08-08 23:47:23,85177688,000000000513b558541d74220d94d75dbd11da3e6f8a643cdf9865c7bfafa495,afa495,5,单,大
2026-08-08 23:47:35,85177692,000000000513b55ce2ffa01a2b0c4864f2c3d1e04af52c45725fc5c0034a1b48,4a1b48,8,双,大
2026-08-08 23:47:47,85177696,000000000513b5600451a1bad4025eff3adb476322f4a45b939e0de68a2c1248,2c1248,8,双,大
2026-08-08 23:47:58,85177700,000000000513b56462d41e17a71df3482b1f13625dd46c68b15dad6c20bd2922,bd2922,2,双,小
2026-08-08 23:48:10,85177704,000000000513b5688c05c04b15e55dfde8bdfc01bca79e0b427f8e72939d0eb9,9d0eb9,9,单,大
2026-08-08 23:48:20,85177708,000000000513b56c705b30cfa2cdbb1381498f5a7b4520640ebb3fc3a41f7e30,1f7e30,0,双,小
2026-08-08 23:48:31,85177711,000000000513b56f917b61b8e75ea9b8eebf2d7781898984b7ccfba4295d26ec,5d26ec,6,双,大
2026-08-08 23:48:43,85177715,000000000513b5736652f728ef0ad7e40bdcbd847e20d24a527bb54975917904,917904,4,双,小
2026-08-08 23:48:53,85177718,000000000513b576b97ffc616f65939aeb4130e37992468487ed5ce34a0e3309,0e3309,9,单,大
2026-08-08 23:49:05,85177722,000000000513b57a7a2158f5ea5491abddc14f815a66dbd857d1625d350c6ce8,0c6ce8,8,双,大
2026-08-08 23:49:18,85177727,000000000513b57fa4adcdd37ed54965f2e0db86fe0e1f860c32929ae8551015,551015,5,单,大
2026-08-08 23:49:29,85177731,000000000513b5831334634d3af541976d02c9b43186cb8a77554e39f8172a45,172a45,5,单,大
2026-08-08 23:49:40,85177734,000000000513b586d64884312130a35bba4da52e90c3206c7270610c86b8b677,b8b677,7,单,大
2026-08-08 23:49:50,85177738,000000000513b58aad074ccde5d07abf00a96df95c2ef4638c3e8511dafb63f9,fb63f9,9,单,大
2026-08-08 23:50:01,85177741,000000000513b58d46af568fb4cc94ac2a6cffe4e9755c4f17f8ceade763c041,63c041,1,单,小
2026-08-08 23:50:13,85177745,000000000513b5911b3f471cb6f11c5f9cda6e0a347ab5702bf29ca7f8a8b45c,a8b45c,5,单,大
2026-08-08 23:50:24,85177749,000000000513b595bacdd462d077159fa8c219a44267996c3608a5489c7d344e,7d344e,4,双,小
2026-08-08 23:50:35,85177752,000000000513b59871d7d68b01b405cfe13660bfc605cc49e50d9d3d4c75620a,75620a,0,双,小
2026-08-08 23:50:47,85177756,000000000513b59c796fe66aa8a4d2064005e81aa3a676012cca44390687c3cc,87c3cc,3,单,小
2026-08-08 23:50:57,85177760,000000000513b5a08f832ad3e5d9e1893545e81bcfea0d5fc0a7ee12282e6a10,2e6a10,0,双,小
2026-08-08 23:51:08,85177763,000000000513b5a36e76654915cba2d24c299dbfc51ee8f52f3500006b111824,111824,4,双,小
2026-08-08 23:51:20,85177768,000000000513b5a805da0038e9bf5480e49eab16c7da5bcb0cfe763d5002706a,02706a,6,双,大
2026-08-08 23:51:31,85177771,000000000513b5abb16ed7e4e75f59582d3ab9ced728696ed41bda5e640792ea,0792ea,2,双,小
2026-08-08 23:51:42,85177775,000000000513b5af50b7d858804181ff8c82cb3b84a2156650ec43e8f2b92555,b92555,5,单,大
2026-08-08 23:51:53,85177778,000000000513b5b2ec302ee1b3e6fddb58fabc104c6f077f310d43d86546ba94,46ba94,4,双,小
2026-08-08 23:52:04,85177782,000000000513b5b6bf5502a071e167fbd1947ff222b0b4c3c4bbc64729fb7439,fb7439,9,单,大
2026-08-08 23:52:14,85177785,000000000513b5b9dc88bb5257bc3944ca937df5569fb793ca27472d5a9d5bed,9d5bed,5,单,大
2026-08-08 23:52:25,85177789,000000000513b5bd28cca1e66c26d74441d1073a82d8e01b9cbcc7f215673bea,673bea,3,单,小
2026-08-08 23:52:36,85177793,000000000513b5c18e6f53c757fb8e10f2f929488e2183820487a72d70967fa0,967fa0,0,双,小
2026-08-08 23:52:47,85177797,000000000513b5c5e52cdbaae81a22ff553648fa91ac6c8a97dd9d4340452500,452500,0,双,小
2026-08-08 23:52:58,85177800,000000000513b5c8f1a04c53a6d2f5f2d57087029811fc3bb43a563c61e165b9,e165b9,9,单,大
2026-08-08 23:53:10,85177804,000000000513b5cc06bc17273d13bf2d3ab23a1b0a6be844e0b0daf731ead51d,ead51d,1,单,小
2026-08-08 23:53:23,85177808,000000000513b5d0801759e387e35546e518e23cfea7163519cb6e2b81b10483,b10483,3,单,小
2026-08-08 23:53:35,85177812,000000000513b5d41c5b270bf82df8e54ca123f0da58db8058663e4f64fe8fd2,fe8fd2,2,双,小
2026-08-08 23:53:45,85177815,000000000513b5d70966c8d63bfa59c1cc6e59c5468abbcf2b3e5a70272f5060,2f5060,0,双,小
2026-08-08 23:53:56,85177820,000000000513b5dc5d03aacb879792a708108cc57c8954944f8a3af9cb572c3d,572c3d,3,单,小
2026-08-08 23:54:06,85177823,000000000513b5df7c4cb34de367a878b009c06d9b6de8a06c760cff79793814,793814,4,双,小
2026-08-08 23:54:17,85177827,000000000513b5e3ed91fbbfc65588c42fc247db670ddc7a60ad07bfe326d545,26d545,5,单,大
2026-08-08 23:54:28,85177830,000000000513b5e6224ee2a34bbe93dc59e4fab87e8096b558f732e505bf87fc,bf87fc,7,单,大
2026-08-08 23:54:38,85177834,000000000513b5ea9525ee789aee3c607f42df1043db10db16acee2b67061c40,061c40,0,双,小
2026-08-08 23:54:49,85177837,000000000513b5edc9eed55c5268f2d609332e929b584871cb72f16feb2b77e9,2b77e9,9,单,大
2026-08-08 23:55:00,85177841,000000000513b5f14461f8b3750c04cd3301c9b575bbf49e308b8fb640e9d8c0,e9d8c0,0,双,小
2026-08-08 23:55:11,85177844,000000000513b5f42f74ce757352c36b94cb90e0f095486a007df60c92f8e616,f8e616,6,双,大
2026-08-08 23:55:23,85177848,000000000513b5f87af4ec03341d2d37929c2ad84d87096b082db66de4f94f76,f94f76,6,双,大
2026-08-08 23:55:34,85177852,000000000513b5fc6f382638687556c1419ec0653b312052d7acf13771e7e50c,e7e50c,0,双,小
2026-08-08 23:55:45,85177856,000000000513b60003c5dc9a3e7d39058004b9102318f95923f2de02e526fe87,26fe87,7,单,大
2026-08-08 23:55:55,85177859,000000000513b603ba45ba250e735084f84216083b201177676e9012b8d56bb0,d56bb0,0,双,小
2026-08-08 23:56:06,85177863,000000000513b607cf82df8dd1cb1298316ac54df4fe8649bf4ad0909e6c00b9,6c00b9,9,单,大
2026-08-08 23:56:16,85177866,000000000513b60abe78ca54d331d0f8c2121b070dc5d085c1a6b7aee12c7cd2,2c7cd2,2,双,小
2026-08-08 23:56:27,85177870,000000000513b60e100e68b8766fa99bc6292edd7f69133cd71d4a822c010cbc,010cbc,0,双,小
2026-08-08 23:56:38,85177873,000000000513b6114998e5a9a3f5836fd1ba3c60573823815011e7ea9377e1f9,77e1f9,9,单,大
2026-08-08 23:56:49,85177877,000000000513b615df1ad59a9987fee6c66a20ee091f569c0bde83bd633e0fba,3e0fba,0,双,小
2026-08-08 23:56:59,85177880,000000000513b618c43540d9a6f685c2607f5834a69af176f6336f178b91ddff,91ddff,1,单,小
2026-08-08 23:57:10,85177884,000000000513b61c874845da1c2c0b14654329630b1e810b282c6fdc295260b3,5260b3,3,单,小
2026-08-08 23:57:21,85177888,000000000513b62040cad7dbde3143df7e9c2a16f030ed41a767c8151b0f8ac5,0f8ac5,5,单,大
2026-08-08 23:57:32,85177891,000000000513b6235c04e4de6046228adc1a88e5ec1638f8b1ca96e6456a6799,6a6799,9,单,大
2026-08-08 23:57:43,85177895,000000000513b627a81cee6ebf9d25b56f102c496383501b190a700117b36e33,b36e33,3,单,小
2026-08-08 23:57:54,85177899,000000000513b62bbd86e94bd3e8af067aaf78544ea47028e9f8a15bd0b55882,b55882,2,双,小
2026-08-08 23:58:05,85177903,000000000513b62f58fd510377add208c691b602fc70415b299e22f30a71db4b,71db4b,4,双,小
2026-08-08 23:58:16,85177906,000000000513b632a0c1e89cdfc2cd75652a4ddb1c2f20aa6c970cc67f354688,354688,8,双,大
2026-08-08 23:58:26,85177909,000000000513b635832bd99b973e2995436a2a5528cc77e09e4994e8cd142a35,142a35,5,单,大
2026-08-08 23:58:36,85177913,000000000513b639f05145cc97bb212cc32ec06a1c93475ae0907a62d4d76382,d76382,2,双,小
2026-08-08 23:58:47,85177917,000000000513b63d6117e145e67cc74aad3635f20403f6db028c32403e0ff5c9,0ff5c9,9,单,大
2026-08-08 23:58:58,85177920,000000000513b6402b80e3047c24ee646a8566070e8565bb46ef666d4c17ef5f,17ef5f,5,单,大
2026-08-08 23:59:08,85177924,000000000513b6447f790ac8d5c46335c4a1dfe86f8c427edd62996934266c47,266c47,7,单,大
2026-08-08 23:59:19,85177927,000000000513b6474a6ae9f7880072e7f723ecdb1c463d45b6f80e67b16e62b3,6e62b3,3,单,小
2026-08-08 23:59:29,85177931,000000000513b64bbf56f5fa641c01f2ac98eea5c9f4ad5498f5f8c91db541bb,b541bb,1,单,小
2026-08-08 23:59:39,85177934,000000000513b64e661ef802ff12ff43f88b28d6f8b783c052211b7e08a3f0af,a3f0af,0,双,小
2026-08-08 23:59:50,85177937,000000000513b651f84b53a7b828708809a60f8dc9ce61fba68d5324318b6437,8b6437,7,单,大
2026-08-09 00:00:00,85177941,000000000513b65501a6249fd63d8488cd450d29abac686ef54b5ac410932dda,932dda,2,双,小
2026-08-09 00:00:11,85177944,000000000513b6580a1e52c201f15c328b3d913ab0626f2a08d73d5e17aed43b,aed43b,3,单,小
2026-08-09 00:00:22,85177948,000000000513b65c3fd7476f3046761d31c1bdfe9c0b0bd49092e4ced9a514fa,a514fa,4,双,小
2026-08-09 00:00:33,85177952,000000000513b6600ec7587432ffcb74236d779a6ba8e7ad924fbbab9b1b249f,1b249f,9,单,大
2026-08-09 00:00:43,85177955,000000000513b663e778131f67ab01a496aafd0be26b3c7f51960858b5497114,497114,4,双,小
2026-08-09 00:00:54,85177959,000000000513b667da6c31c219eec0684f298a4aab34907bd44b30b05c8bb806,8bb806,6,双,大
2026-08-09 00:01:04,85177962,000000000513b66a591f9f9079b4abb527dd26cbe08644d77625c2835b0d905a,0d905a,5,单,大
2026-08-09 00:01:15,85177966,000000000513b66eec06859a1bc045bb5afdb13cbe266d48292a537fd2c811f8,c811f8,8,双,大
2026-08-09 00:01:26,85177970,000000000513b672c040164647967abd97e43699538430bc868b04b1ac4978f7,4978f7,7,单,大
2026-08-09 00:01:37,85177973,000000000513b675cd6aa10bd7cee99e5800b3a8395c1ddfb18a3c49f2ae69e9,ae69e9,9,单,大
2026-08-09 00:01:48,85177977,000000000513b6790b3ea38cfd5404d0c9e4fab339dc662cd12bfb57863ccf95,3ccf95,5,单,大
2026-08-09 00:01:59,85177980,000000000513b67cdb2f702facb74af853b0ec85d4d9a4b23d409507acf282a7,f282a7,7,单,大
2026-08-09 00:02:10,85177984,000000000513b68022eb6a42f4a73d122b8795a5ae19bc875cc8f15f5039a3de,39a3de,3,单,小
2026-08-09 00:02:20,85177988,000000000513b6844d6c0ba318cdd69717fd79f192fa5b687247555d2d6c268c,6c268c,8,双,大
2026-08-09 00:02:31,85177991,000000000513b687bcbd4c3098fe718d9eed81eb74a4ae10ffa9c344ba40b654,40b654,4,双,小
2026-08-09 00:02:42,85177995,000000000513b68b9846133d0077defecb3af1c6f10befc0bcbc0bdcecafaa01,afaa01,1,单,小
2026-08-09 00:02:52,85177998,000000000513b68ef284916ff401120ac3229f4d6f2a493441e0fba905c12a07,c12a07,7,单,大
2026-08-09 00:03:03,85178002,000000000513b692983f06164fe63eae09786af73dfdb12b6cf58b2e883d5886,3d5886,6,双,大
2026-08-09 00:03:14,85178006,000000000513b696ea843255ed94af845cbb6961c2f0347af402107c2a235eda,235eda,5,单,大
2026-08-09 00:03:26,85178009,000000000513b6993d259ce6d57829537b43c96308963afdca83b0de6d96bae9,96bae9,9,单,大
2026-08-09 00:03:37,85178014,000000000513b69e67e775f9e09b4ed7a0fea1ad9b55cf60020fe3e2c1e28f82,e28f82,2,双,小
2026-08-09 00:03:49,85178017,000000000513b6a1f3070c8ff80dd051e39736b12a9b1ff1af7dcb8a81ae3bab,ae3bab,3,单,小
2026-08-09 00:04:01,85178021,000000000513b6a5835d1b74b91eab7f2d9db1694e08505e87216a8879e25adc,e25adc,5,单,大
2026-08-09 00:04:11,85178024,000000000513b6a8b2f7e6384222aa92b41af4ca35a9678590c2454a82446e49,446e49,9,单,大
2026-08-09 00:04:23,85178028,000000000513b6ac060c900b3864cdff8bcae3bd9b9083f0fc341e389323a4fe,23a4fe,4,双,小
2026-08-09 00:04:34,85178033,000000000513b6b197a90d1f6648c6fc970bcdb754dd09895a7225a40efcda97,fcda97,7,单,大
2026-08-09 00:04:45,85178035,000000000513b6b36493d4cf196a8d465ea35671db64d249a7ac5931cf996c37,996c37,7,单,大
2026-08-09 00:04:56,85178039,000000000513b6b75d8933e37b0ce2cd03a5b669279e125b33126fc42bc0f138,c0f138,8,双,大
2026-08-09 00:05:07,85178042,000000000513b6ba6e26531db0311c4df61747d79cba7e0b2b7605e918f38b7c,f38b7c,7,单,大
2026-08-09 00:05:18,85178047,000000000513b6bf4cd4b626b0900e197c0d907aec8de97eb96b658729e8f68e,e8f68e,8,双,大
2026-08-09 00:05:29,85178050,000000000513b6c2bb624568693bb86e9d748f20a81153b60ef6f76d266ab97e,6ab97e,7,单,大
2026-08-09 00:05:41,85178054,000000000513b6c63c295b9fe95356a730cc5ab12c318942d2920f3fc57347dc,7347dc,7,单,大
2026-08-09 00:05:53,85178058,000000000513b6cab117918ff6b931e6d2aa04214d2816dbde193c558a0e5a0e,0e5a0e,0,双,小
2026-08-09 00:06:05,85178062,000000000513b6ce5901c0840aea48b272d0a93a35de542b0ef5eecc52ecd84b,ecd84b,4,双,小
2026-08-09 00:06:17,85178066,000000000513b6d216ed164e194959eee4717b479055aaa4af4697713c3397d2,3397d2,2,双,小
2026-08-09 00:06:29,85178070,000000000513b6d6c053d9a0ec42f8cd12ad5e98b24d888d183a9ad213b444dc,b444dc,4,双,小
2026-08-09 00:06:40,85178075,000000000513b6dbb3c67ba4a960f8f2474e9760255be8ee3b5a6d4260be29cb,be29cb,9,单,大
2026-08-09 00:06:52,85178078,000000000513b6de2aee95a4d45c77e53ea546aa5233c8c89c7498878732bf85,32bf85,5,单,大
2026-08-09 00:07:04,85178082,000000000513b6e2f74f2b9974b0abf18962993f88a8022643c36b0b1a858f43,858f43,3,单,小
2026-08-09 00:07:15,85178086,000000000513b6e6650b522a436937dfb69899455e17e571daae82a9ec713b37,713b37,7,单,大
2026-08-09 00:07:26,85178090,000000000513b6ea188983b164b1ef69205e53fede503607703be464fea9f089,a9f089,9,单,大
2026-08-09 00:07:37,85178093,000000000513b6ed7eebf12cf44a545b618e61b9c3ad66564490fa198c293b3e,293b3e,3,单,小
2026-08-09 00:07:48,85178097,000000000513b6f1fa783588320e0e1bbbbaff464421ec9f7639c0c424d6c616,d6c616,6,双,大
2026-08-09 00:07:58,85178100,000000000513b6f47a0b99690dfaad7c1f9d49031848c4a380f03b3a0802d85b,02d85b,5,单,大
2026-08-09 00:08:09,85178104,000000000513b6f8630a453a87881a8bb9702d4fc967a6f811a4fd641016e745,16e745,5,单,大
2026-08-09 00:08:20,85178107,000000000513b6fb8b1da12a61dbf38a007a8691187f07df9c8dcb85b550875d,50875d,5,单,大
2026-08-09 00:08:30,85178111,000000000513b6ff0c9d09ec26d5d4a8ec8aa372ac3549c6542eb52e7b2523cf,2523cf,3,单,小
2026-08-09 00:08:41,85178114,000000000513b702ccfefd6452039c8dcc261c40f2fab423d3f23840bee3d66a,e3d66a,6,双,大
2026-08-09 00:08:52,85178118,000000000513b70615b650eb943aad71e6478269ec06829a202356089141de08,41de08,8,双,大
2026-08-09 00:09:02,85178121,000000000513b7094727b1501b83dc02ebba406f9da1ccf3a4b53194d3dc93be,dc93be,3,单,小
2026-08-09 00:09:13,85178126,000000000513b70e8f6052464070481917404eaa46031c197082c13346a8b019,a8b019,9,单,大
2026-08-09 00:09:24,85178129,000000000513b711e51bd48177a382b5f6f55ef538c61b45ea1f3214aff85ac3,f85ac3,3,单,小
2026-08-09 00:09:34,85178132,000000000513b7146fae9d34346949b665f3a49ceb3f1f1b13398c3afeee95c7,ee95c7,7,单,大
2026-08-09 00:09:45,85178136,000000000513b718b7215263c9293c108c892a58bc6fbb3c767c96ccde8e1ec4,8e1ec4,4,双,小
2026-08-09 00:09:56,85178139,000000000513b71bdaa8c8302fcb21c4eb5840de9ed040b2fa94c7ec97a33c24,a33c24,4,双,小
2026-08-09 00:10:08,85178143,000000000513b71fea612a29cb7f296756b7dd4614f3f64f13e787a71c5397d5,5397d5,5,单,大
2026-08-09 00:10:19,85178147,000000000513b723a54c17730cb20bc5716e9fa3b9d657ea492ee8656bc2b55b,c2b55b,5,单,大
2026-08-09 00:10:31,85178152,000000000513b72838311c49ed5c27c28c0e6a7f9de5e33e56fedddc09db0494,db0494,4,双,小
2026-08-09 00:10:43,85178154,000000000513b72a4347655ccf1d8baefcd473aaa6d7a9933566786c49ad2b98,ad2b98,8,双,大
2026-08-09 00:10:55,85178159,000000000513b72f0ce7f68555b818c0a19f302fd2b01286b9ff0cc12881ccda,81ccda,1,单,小
2026-08-09 00:11:06,85178163,000000000513b73359abe3c63dcb7ea107dc47271aa97fd4c9fa6d9a39acde2e,acde2e,2,双,小
2026-08-09 00:11:17,85178167,000000000513b737ac225f86f9d4ef5a2372a04e5d5a62434a7876823794780c,94780c,0,双,小
2026-08-09 00:11:29,85178170,000000000513b73a2762e5e4402dd517ac8d586fe663319bdb34bd0e78c889f9,c889f9,9,单,大
2026-08-09 00:11:41,85178174,000000000513b73efe762fd6a35f45a62a61e54dbd7d9ce8c790d8429facfb6a,acfb6a,6,双,大
2026-08-09 00:11:52,85178178,000000000513b742cd2684c03d5b424d39cf202f1aa5f097653bb71a6779f405,79f405,5,单,大
2026-08-09 00:12:03,85178181,000000000513b745a56be6940cdf82c7808af8d34517e4d09a518716cb5a1dcc,5a1dcc,1,单,小
2026-08-09 00:12:15,85178185,000000000513b7491e5a3d648fde439b85dac13e3bf47387bbd0637ae01be0c6,1be0c6,6,双,大
2026-08-09 00:12:27,85178190,000000000513b74e46708739bf33754302b863ae447b0f00b66dbb625da9379c,a9379c,9,单,大
2026-08-09 00:12:38,85178194,000000000513b7522773ad26eb9ffe9c0a44f9901a74db809f423f3248ddd9e2,ddd9e2,2,双,小
2026-08-09 00:12:50,85178197,000000000513b755aba264e71e525344ab31d50532db98b8058f7479a3a032fb,a032fb,2,双,小
2026-08-09 00:13:01,85178202,000000000513b75af27e1ee06cc9283297c40f0442be5e20c9605c3e6d6aefa8,6aefa8,8,双,大
2026-08-09 00:13:13,85178205,000000000513b75dfca5c2ed80e7892b1eb17606e9fe720fb7f3b6c10eda544e,da544e,4,双,小
2026-08-09 00:13:24,85178209,000000000513b761fb67bf8bd27226b747e96cc830d72f978f5ea3ff4adeae74,deae74,4,双,小
2026-08-09 00:13:35,85178212,000000000513b764ee6504c1afafdad393b600daa0fbd9aa2b23c6fb1205a2a5,05a2a5,5,单,大
2026-08-09 00:13:46,85178215,000000000513b7676e7e0f585f38a7f416cc081f6fe84bbfba53a4f2fe96eb2a,96eb2a,2,双,小
2026-08-09 00:13:56,85178219,000000000513b76bc989a453ef00ef1055fc4ebf3dd629b5d95bb6cfe38b9d3e,8b9d3e,3,单,小
2026-08-09 00:14:06,85178223,000000000513b76fc9f7cbcc20ef889534b3943a8075a1a7503acfeecdb08266,b08266,6,双,大
2026-08-09 00:14:16,85178227,000000000513b7736e8c9d5ae65ce190dc8e7c1303259d14bffe5075ce6c2b82,6c2b82,2,双,小
2026-08-09 00:14:26,85178230,000000000513b776cf2830e02ae17a54aaa609198ab739def707c9f34cdc0bcb,dc0bcb,0,双,小
2026-08-09 00:14:37,85178233,000000000513b7798fe3bf34d56e4b599318419053b85dfc3bdda67d8bcf8b33,cf8b33,3,单,小
2026-08-09 00:14:48,85178237,000000000513b77d2bfadb5821e5a5f25d1309701b5c39fd2f8f1f5214ee0377,ee0377,7,单,大
2026-08-09 00:14:59,85178240,000000000513b780ef3ecf93371aff4992cef39eff046f8ea9aa048062f5b89b,f5b89b,9,单,大
2026-08-09 00:15:09,85178244,000000000513b784776b7c3e88cc0074fd6a32d7258bcd903241b4321f0585d0,0585d0,0,双,小
2026-08-09 00:15:20,85178248,000000000513b78866a9eb17899605909cd4ff6830390c6867bc4f10b40422c3,0422c3,3,单,小
2026-08-09 00:15:31,85178251,000000000513b78b835126e2033e1303536363d5f660c28e218be09db8dd742c,dd742c,2,双,小
2026-08-09 00:15:41,85178255,000000000513b78f3a54d8ed9d27dc205bcf03f9c09ebc112b7895ea3d17590c,17590c,0,双,小
2026-08-09 00:15:52,85178258,000000000513b792f26954b02c48eec47446fa9f62421426d75ecc43cdbc839f,bc839f,9,单,大
2026-08-09 00:16:04,85178262,000000000513b796dbd9eb34295c3211a385ea7989a2c0baacc7442108bb0892,bb0892,2,双,小
2026-08-09 00:16:15,85178266,000000000513b79af6f3a6350cfbc0f77394c2c4497ccc1b92bd70f7937b3705,7b3705,5,单,大
2026-08-09 00:16:27,85178270,000000000513b79ed86f3e3ccc215412ca308e91fe3fe7d6ae6733d3989bb7b0,9bb7b0,0,双,小
2026-08-09 00:16:38,85178274,000000000513b7a20be3a2799b54e1e6b0066de055a453aa4d39e974880d1f71,0d1f71,1,单,小
2026-08-09 00:16:48,85178277,000000000513b7a5f28a833f3920ab2c4b49f537109097dd71e54ec2c930e82d,30e82d,2,双,小
2026-08-09 00:16:59,85178280,000000000513b7a84f9b2f91ed1539f898a377c30612904d9fba8517e100f7f4,00f7f4,4,双,小
2026-08-09 00:17:10,85178284,000000000513b7ac67fab6fe1be2cf7fed0ff3d134135db9874c5302f6ba3eb1,ba3eb1,1,单,小
2026-08-09 00:17:22,85178288,000000000513b7b038810c330e8eb9835356587adbccc4e0278cd5cc811615e7,1615e7,7,单,大
2026-08-09 00:17:33,85178292,000000000513b7b4d536c34c4f61c579c58d1435006d8a0a41f634a7f9c2dc73,c2dc73,3,单,小
2026-08-09 00:17:43,85178295,000000000513b7b7186516158acf22b1910a1ce90e63623e351e06ff71f605ab,f605ab,5,单,大
2026-08-09 00:17:55,85178299,000000000513b7bb843777420412165ab479781f8baf75ac6128a27ebd55175a,55175a,5,单,大
2026-08-09 00:18:06,85178303,000000000513b7bf18e1b79e87fa26b57dbff971a2499aaa7bc3d9a4b2cbd4a7,cbd4a7,7,单,大
2026-08-09 00:18:17,85178306,000000000513b7c200a44e2235ccd89a7a6fd54d767c013a4de578285691ab78,91ab78,8,双,大
2026-08-09 00:18:29,85178311,000000000513b7c7d1f9a12d0c66fb766734d1ebb79bd572d33104f29776145f,76145f,5,单,大
2026-08-09 00:18:41,85178315,000000000513b7cb566b57efe717412566bbb85237f0fad46f66f21c1a679ade,679ade,9,单,大
2026-08-09 00:18:54,85178319,000000000513b7cf737855551bacbfdb0e03b97a280494740709413aafe71578,e71578,8,双,大
2026-08-09 00:19:05,85178322,000000000513b7d2c403e24fb50fcb6ae573826a5c1b5b3f7feb20f13faf3b04,af3b04,4,双,小
2026-08-09 00:19:16,85178326,000000000513b7d6ef100d4cc1b233b1aefb72d381e991a78676d407bafa8750,fa8750,0,双,小
2026-08-09 00:19:26,85178330,000000000513b7da0b894e6c74346bdc7d70184833a753121a3f8f56ac3643c4,3643c4,4,双,小
2026-08-09 00:19:36,85178333,000000000513b7dd22ddae68eda317655feb029fe702db29db28dcdf7362b3f5,62b3f5,5,单,大
2026-08-09 00:19:47,85178337,000000000513b7e184d3de05f0e76ab685e35fe34167cb92194efb30710e3778,0e3778,8,双,大
2026-08-09 00:19:58,85178340,000000000513b7e44255c8443ee9d390dde4eb356037919f72f53b161be24890,e24890,0,双,小
2026-08-09 00:20:08,85178344,000000000513b7e8f2afe205290dd1df474c9e93c917751fa7784ffb178b0fd1,8b0fd1,1,单,小
2026-08-09 00:20:19,85178347,000000000513b7eb8d736e7b57974cffd9625c1108bdb4ff7618ab1b5a25884b,25884b,4,双,小
2026-08-09 00:20:30,85178351,000000000513b7efd19fa6adde2fa02367f01db753c5c37c7c6dde95088b7c42,8b7c42,2,双,小
2026-08-09 00:20:41,85178354,000000000513b7f2c7c356c759bf068f38bbb1eafa010164f04c68e692065457,065457,7,单,大
2026-08-09 00:20:52,85178358,000000000513b7f69169eaa23d5a403774a7763e97644474de8edddf84a72047,a72047,7,单,大
2026-08-09 00:21:04,85178362,000000000513b7fae3a8c17116ed5ee516d1681c0d288fd0ddac5e0c4f0f803e,0f803e,3,单,小
2026-08-09 00:21:15,85178366,000000000513b7fec6cd3af13cdad4579de79d7f9c00f3846172f15fa93cf56f,3cf56f,6,双,大
2026-08-09 00:21:25,85178370,000000000513b802cf1606a4c1c36b42d01e746662c8aa311af8f93965e64f13,e64f13,3,单,小
2026-08-09 00:21:37,85178373,000000000513b805c6a284c956d2d2383a1aaec5b7505b2333327939b5a06d51,a06d51,1,单,小
2026-08-09 00:21:47,85178376,000000000513b8087538ed8a2ef84e52199aae2abf9a3e9880b220e4b4c2d466,c2d466,6,双,大
2026-08-09 00:21:57,85178380,000000000513b80c16aba6679b144a92b0c8c231fd1f6488614846274dbdc558,bdc558,8,双,大
2026-08-09 00:22:08,85178384,000000000513b81045db17c87ab5deec2cae093ecc9c292e379c42adf8a629f1,a629f1,1,单,小
2026-08-09 00:22:19,85178387,000000000513b813b8dbe97cff8a1a805215c4b11256015a1f618f3e6c2fd699,2fd699,9,单,大
2026-08-09 00:22:29,85178391,000000000513b8176b57e6eff60c589597f12398ecfe6a5bc4686522dc26f37c,26f37c,7,单,大
2026-08-09 00:22:39,85178394,000000000513b81a779971e9b00e3d7d9f73c82bd2432330b54d0aeea690c867,90c867,7,单,大
2026-08-09 00:22:50,85178397,000000000513b81d314797b649a59d5d32920635a0beb395118cbe2d6f00fbb4,00fbb4,4,双,小
2026-08-09 00:23:01,85178402,000000000513b822248dfeb505ac5dc6a4d07cddb489dc3094202011c5c6be30,c6be30,0,双,小
2026-08-09 00:23:11,85178404,000000000513b8247a0acf164cfc93d4cf6b2390031d1160846030c0dd885e9d,885e9d,9,单,大
2026-08-09 00:23:22,85178408,000000000513b828f8581382732a91789a2d3ab910474896a31793ef44918a2b,918a2b,2,双,小
2026-08-09 00:23:33,85178413,000000000513b82d669ab33b49f47540439c21cb4ce1e8f9e4106efb355be84e,5be84e,4,双,小
2026-08-09 00:23:45,85178416,000000000513b830f85d717dfd52fb201641cbea75934e412929345f3de998e2,e998e2,2,双,小
2026-08-09 00:23:56,85178419,000000000513b833547e9dc64789a4d08deed309a1482be5ec06f1028dcd49f7,cd49f7,7,单,大
2026-08-09 00:24:06,85178423,000000000513b837d9148c3e13cb1dcf23778a7e2a36eb6336778e102ca4d872,a4d872,2,双,小
2026-08-09 00:24:16,85178426,000000000513b83ae827cba630e119eea0a9fec2ddbc2ec16728f375f977a709,77a709,9,单,大
2026-08-09 00:24:27,85178430,000000000513b83ef97db6ba465f2fdbb4ef786bf2fa2ad391183ea309870512,870512,2,双,小
2026-08-09 00:24:37,85178433,000000000513b84110f9c201194dcb6b2cdd74cc5519a4e55a0c3aad56ae0416,ae0416,6,双,大
2026-08-09 00:24:47,85178436,000000000513b84416259e5fbc2942523aabab95b6da08600d24c7ee010dc3e6,0dc3e6,6,双,大
2026-08-09 00:24:57,85178440,000000000513b848dc94d55eac51f47a216feedf909fee87ef457204392e94d1,2e94d1,1,单,小
2026-08-09 00:25:08,85178444,000000000513b84cee724b730e891f175357057242fcbd8f961973368b4f5fd5,4f5fd5,5,单,大
2026-08-09 00:25:18,85178447,000000000513b84ff34c3ad0b6dd1e776f799158186221306b089542be7ec706,7ec706,6,双,大
2026-08-09 00:25:28,85178451,000000000513b8534b7364c6cc7fd6c4a3ef2f132b9975e07eb040bd7497e54a,97e54a,4,双,小
2026-08-09 00:25:38,85178454,000000000513b856011fddbf25bffabe40d3dd97d3f4295207cbf809f8e8267b,e8267b,7,单,大
2026-08-09 00:25:48,85178457,000000000513b859819290511a433f3ef31459704c362f2a7a116d4518883eb6,883eb6,6,双,大
2026-08-09 00:25:58,85178460,000000000513b85c6af1e04a5e74adc24bdb7bd8aaa14879ac3320c1f3492152,492152,2,双,小
2026-08-09 00:26:09,85178464,000000000513b860bf908b685c9ca248deebb98cdff1bc12126b69fb29673a4d,673a4d,4,双,小
2026-08-09 00:26:21,85178468,000000000513b864f4e9b5c9cb64c45755eecf2e39d20c446afeb36a1c9448cd,9448cd,8,双,大
2026-08-09 00:26:33,85178472,000000000513b868d1f1f5d5542d64d9210e7ec475af621ce4a8238ed8e1e002,e1e002,2,双,小
2026-08-09 00:26:43,85178475,000000000513b86b44b3e7f4b233f936395418be952ff90b85aaf1609b6b3a6a,6b3a6a,6,双,大
2026-08-09 00:26:53,85178479,000000000513b86fc4931178778433eaeb69ac70a80a88d6d477c45a7e12f30c,12f30c,0,双,小
2026-08-09 00:27:04,85178482,000000000513b8725c789b0b19ad229c5a17d38e1df7c8744dc4f3f840d8a765,d8a765,5,单,大
2026-08-09 00:27:15,85178486,000000000513b8765e25d0614702c90e2777a2a81f6e239f996255c9a6fb9f27,fb9f27,7,单,大
2026-08-09 00:27:25,85178489,000000000513b879a6aae64bd5b30ff0e020804f9ad46dc8d1e8bfcc9cc128bb,c128bb,8,双,大
2026-08-09 00:27:35,85178493,000000000513b87debd102685d30d85f83257cb2dbfd486bfee60bcee791cfb5,91cfb5,5,单,大
2026-08-09 00:27:45,85178495,000000000513b87f0374843a05352063a642e4f95c17d8e5eb441489ed8470e0,8470e0,0,双,小
2026-08-09 00:27:56,85178500,000000000513b884976107be21fc7834857f7f0203823d24c847f4c9cf0817af,0817af,7,单,大
2026-08-09 00:28:07,85178503,000000000513b8875d74c3e53d2c5b3bc56eb861424fdfed4773a45b21d49317,d49317,7,单,大
2026-08-09 00:28:17,85178507,000000000513b88b06701ed870223638f3c0c58c72e8faba15f378a7d2553006,553006,6,双,大
2026-08-09 00:28:27,85178509,000000000513b88d4fd2d0a18a11a1753c36348c189172a1fca9fe040dfacdbb,facdbb,0,双,小
2026-08-09 00:28:37,85178514,000000000513b8926f55147f85afbac0eb6a9d5f9949923c3b6bdb1817497d04,497d04,4,双,小
2026-08-09 00:28:48,85178517,000000000513b895a17de1865f28aff88dadff6e3c73146216cd9cab2bd71d57,d71d57,7,单,大
2026-08-09 00:28:58,85178520,000000000513b898243ef5e82cd79b95fa37ba9eda5541ed48d1d326f5a76aa6,a76aa6,6,双,大
2026-08-09 00:29:08,85178523,000000000513b89bbdcf64372f133fab15e160a9d23ef444930841a7256a0590,6a0590,0,双,小
2026-08-09 00:29:18,85178527,000000000513b89f68272b50c49382965cbd41ca5662d9288d238dce3d5645d0,5645d0,0,双,小
2026-08-09 00:29:30,85178531,000000000513b8a376b676f8f7c26c1697d0cac404d2a5da9109a5d49fae3181,ae3181,1,单,小
2026-08-09 00:29:40,85178535,000000000513b8a77a49c6b835f4f8356738315fb69df4a8d8ea16c9055b50bb,5b50bb,0,双,小
2026-08-09 00:29:50,85178538,000000000513b8aa232203f0c38e37c11d08a9a3d5ea8b3c30d0c568f3b78192,b78192,2,双,小
2026-08-09 00:30:00,85178541,000000000513b8adf2cad26e8b3d15daa5b5011b7f397022c8e3e154df113818,113818,8,双,大
2026-08-09 00:30:11,85178544,000000000513b8b082ec2bd768bede43d6187f86af9976ed72f5bf1c80a9fda2,a9fda2,2,双,小
2026-08-09 00:30:22,85178548,000000000513b8b4a240a62a50d268cc3355152aac169047c5d8d8cf2b9f6e24,9f6e24,4,双,小
2026-08-09 00:30:33,85178551,000000000513b8b7ccf55419ed7f6b30e7ffefe20c63a5adc54ab3311c8d8c8b,8d8c8b,8,双,大
2026-08-09 00:30:44,85178555,000000000513b8bbd47bd52cbf891a6b006bcfaf3afe440c7f82bb98eb1ee1cf,1ee1cf,1,单,小
2026-08-09 00:30:54,85178559,000000000513b8bfda218987cc875df6b8f88be8f1b19d49c565185ccf0c850c,0c850c,0,双,小
2026-08-09 00:31:04,85178563,000000000513b8c349086c6ad92351d935aefa5c03c3bf832e5402e0b4669e40,669e40,0,双,小
2026-08-09 00:31:14,85178565,000000000513b8c5310f4614a2fa8ffa26705a2993762e472a30931c5a9533e9,9533e9,9,单,大
2026-08-09 00:31:25,85178569,000000000513b8c968899fbd070fee70a929f752d69d5d6cc1d41018c33e3f8b,3e3f8b,8,双,大
2026-08-09 00:31:35,85178572,000000000513b8ccf6327ce06f6a19e394e50c74fdc3d445dfccb99dfb052eb1,052eb1,1,单,小
2026-08-09 00:31:45,85178576,000000000513b8d0d33ed66d87d2e62ff9d8779aa99c114844d03bf1f3a7170d,a7170d,0,双,小
2026-08-09 00:31:56,85178579,000000000513b8d3fcd928be768f4c8dab9229cf4a0cfcfcbd44f82126d3e501,d3e501,1,单,小
2026-08-09 00:32:07,85178583,000000000513b8d7a823944ffe8f36b78271918cbc6c8eaa72a38943157e70d9,7e70d9,9,单,大
2026-08-09 00:32:18,85178587,000000000513b8dbd62cef4f3f0abb0645aa94d7f66c107118831d087ecbdd84,cbdd84,4,双,小
2026-08-09 00:32:29,85178590,000000000513b8dec562bda502e1eb75e513eabe09c259d599d2c4c344dc387f,dc387f,7,单,大
2026-08-09 00:32:40,85178594,000000000513b8e2439b1d4819029d3cbb6943140ae2f39a204c1c3c3cc28e98,c28e98,8,双,大
2026-08-09 00:32:50,85178597,000000000513b8e540cc0e9d6c8a7ea530ce548257ca931de2050a355de3e034,e3e034,4,双,小
2026-08-09 00:33:01,85178601,000000000513b8e90811dce0275b91b9bcc9845d4526dbe79d15acdf52a383b0,a383b0,0,双,小
2026-08-09 00:33:12,85178605,000000000513b8ed00008a00cb4c8513fbcb7c4dc6471c6ec808d43520ae8a8c,ae8a8c,8,双,大
2026-08-09 00:33:22,85178608,000000000513b8f0f66eadecfc20bc3ebcea12515f6c26ebdf40ffb03f376611,376611,1,单,小
2026-08-09 00:33:33,85178611,000000000513b8f3df3edd821c8cac31bb9785e3e49ea632c654874b13debf28,debf28,8,双,大
2026-08-09 00:33:43,85178615,000000000513b8f7e540986344ab9bb2db2ae337235e0ad8c772a0066cf1d467,f1d467,7,单,大
2026-08-09 00:33:54,85178619,000000000513b8fb1317034b59353810584a8f68d921ca900760d30f2c3fe87a,3fe87a,7,单,大
2026-08-09 00:34:05,85178623,000000000513b8ff7c35dc7438ce55dfb585cc4bed72ba8f867a4d41d79c8d1e,9c8d1e,1,单,小
2026-08-09 00:34:16,85178626,000000000513b902c8b0519bd179445c6d46a389407058e7deed810632e4cefe,e4cefe,4,双,小
2026-08-09 00:34:27,85178630,000000000513b906a37fb204a78aff669a89a05a4486a4074a0594d4c229b90c,29b90c,0,双,小
2026-08-09 00:34:37,85178633,000000000513b9099b178d8e0e3eeec4b84917bf8a3313dc7c8fe8274b4c43f8,4c43f8,8,双,大
2026-08-09 00:34:48,85178637,000000000513b90d264c705f5eb3abc9927dc74ad6fc9860e635ad181d71e4ce,71e4ce,4,双,小
2026-08-09 00:34:58,85178640,000000000513b91060dff798449821ae822c201d2c25502ee8ba46dc47433a23,433a23,3,单,小
2026-08-09 00:35:08,85178644,000000000513b914a49734c71a2e143fe3902dc1220965bbc8dc7e9460050908,050908,8,双,大
2026-08-09 00:35:19,85178648,000000000513b9181e521aad2c029cf755aafbfd438bcfc0ab724b0c6a344fe3,344fe3,3,单,小
2026-08-09 00:35:30,85178651,000000000513b91b1c17d6a3b69ae7fe940d44fb4763ac00c6c64d4bafa255c4,a255c4,4,双,小
2026-08-09 00:35:40,85178654,000000000513b91e4bb776cb7a0c5d573fb548fc2e74efea690790542d2a22f3,2a22f3,3,单,小
2026-08-09 00:35:50,85178658,000000000513b922be6677ebabfad79b60f091025cded8c97a948d53d8011839,011839,9,单,大
2026-08-09 00:36:01,85178661,000000000513b9253c9912f59a01084b32c7809631d074e80336caf60faa837a,aa837a,7,单,大
2026-08-09 00:36:12,85178665,000000000513b929a72ed6f28c503df9000a37335f7b36ac918ee0a8d5b5070d,b5070d,0,双,小
2026-08-09 00:36:22,85178668,000000000513b92c34fcb307f5a19188d2d240d4b48fbdf28c3bc63fc604a591,04a591,1,单,小
2026-08-09 00:36:33,85178672,000000000513b9308bee6a4fe25c2f46d46957c731d498fe9e54600898924fb5,924fb5,5,单,大
2026-08-09 00:36:44,85178676,000000000513b93495ef2d5e9295dd10aade48157b4ff85bacc315eea1a0c794,a0c794,4,双,小
2026-08-09 00:36:55,85178679,000000000513b9374f612cc89bdf4f1e3acdc7302527fd6835ca070492699be1,699be1,1,单,小
2026-08-09 00:37:06,85178683,000000000513b93b8977a73f47770f37817f789f56c9fbef8f6230ac39119482,119482,2,双,小
2026-08-09 00:37:17,85178686,000000000513b93e84ab07e9812e4f1cb50e7d8429664a089d39b69f690775e0,0775e0,0,双,小
2026-08-09 00:37:27,85178689,000000000513b941ac6d243a4028c7ea81a5779ce581f8e2e8645a423c7963fb,7963fb,3,单,小
2026-08-09 00:37:37,85178693,000000000513b945436d3c2cae3e94833d698b2d10338b74d504e407fd614d21,614d21,1,单,小
2026-08-09 00:37:47,85178697,000000000513b949841c447b3fe7b11bec5fa61ef1498426f88bed8c8aadd08b,add08b,8,双,大
2026-08-09 00:37:57,85178700,000000000513b94c914e4d19b8a6828dc449b739c66a393cdf14282f52601e3f,601e3f,3,单,小
2026-08-09 00:38:08,85178704,000000000513b950fc316ce2a4e5c37807042a4ff33a868a0d51d952fa92ce28,92ce28,8,双,大
2026-08-09 00:38:18,85178707,000000000513b953445b582c40b0bef93d4bfaf5c46ffc2bea4ebeb547a6b3c2,a6b3c2,2,双,小
2026-08-09 00:38:28,85178710,000000000513b956f6e828ce735c77a628ff3c2a7bb217a195d88c3874b95133,b95133,3,单,小
2026-08-09 00:38:38,85178713,000000000513b959e8f93fa2657a007bc3bd0295df1dc2c2fd503d674c5a9e99,5a9e99,9,单,大
2026-08-09 00:38:48,85178717,000000000513b95d0871013cfee1614346e3f47320a6f1c497cd5ddc90b93430,b93430,0,双,小
2026-08-09 00:38:59,85178720,000000000513b9605f0e6f8ddff45b06adb726b58364bda62d455ccabb9ebc26,9ebc26,6,双,大
2026-08-09 00:39:09,85178724,000000000513b964005eac475056b0112454947c6131223dfed3f5cc8aa5389f,a5389f,9,单,大
2026-08-09 00:39:21,85178728,000000000513b9682539a84efab2683fc51aa3aa570e8d4b852544459ae7cb95,e7cb95,5,单,大
2026-08-09 00:39:31,85178731,000000000513b96b010ce25c37eb5dbf33620355ec04bdf2690f9e8508d42bbb,d42bbb,2,双,小
2026-08-09 00:39:41,85178735,000000000513b96f675ca0ea47f6047286a5c68d80941fa096939850042c0e01,2c0e01,1,单,小
2026-08-09 00:39:51,85178738,000000000513b97261087104504f08fe64cd541940a887d63351c093018b083a,8b083a,3,单,小
2026-08-09 00:40:01,85178741,000000000513b975652fbe1af015a14799ed7db1910fd89d58e6b18e2d514fe7,514fe7,7,单,大
2026-08-09 00:40:11,85178745,000000000513b979e36883b70554bd9daea5e0ebb59bc130e8e47e09bfdce74c,dce74c,4,双,小
2026-08-09 00:40:21,85178748,000000000513b97cb45424debbee57f812e7ba5ed805ec012da933ee25783c27,783c27,7,单,大
2026-08-09 00:40:31,85178751,000000000513b97f4090014ba362d182c9c1c6ccce67917f539de106c64b8346,4b8346,6,双,大
2026-08-09 00:40:42,85178755,000000000513b983ec6a52b13392ad8a4398bb3da85ce3019b029a805d48d380,48d380,0,双,小
2026-08-09 00:40:52,85178759,000000000513b9879ab945679d8de116c4d14482e768adf7cd0a972d59cccf02,cccf02,2,双,小
2026-08-09 00:41:03,85178762,000000000513b98adbc0e57937c8e6ee331d7b15a9648b4795ccd1fca66da482,6da482,2,双,小
2026-08-09 00:41:14,85178765,000000000513b98da93db31e8010972871bcbf9f379c0ea59f47839c3660e585,60e585,5,单,大
2026-08-09 00:41:24,85178769,000000000513b9910a458075cf0b80f43ed1245db3c3fc5f40016514ac112fec,112fec,2,双,小
2026-08-09 00:41:35,85178772,000000000513b994b9ae44dd950666a891451c2f88010e3557465e4e119b04e8,9b04e8,8,双,大
2026-08-09 00:41:46,85178777,000000000513b999dc34343eadb395790a191e881163e97c9b417fd9e62bac77,2bac77,7,单,大
2026-08-09 00:41:56,85178779,000000000513b99b24c63a1b7a3b6cb0dfe92a0b54288ef01b0f31eb4c086032,086032,2,双,小
2026-08-09 00:42:06,85178783,000000000513b99ff438a978a0f22f710f5ddad1f8c2480d404bc41c40dbf23c,dbf23c,3,单,小
2026-08-09 00:42:18,85178787,000000000513b9a358e708d23f7ae5660e08ce455fa41d751cf69b6fddc6435c,c6435c,5,单,大
2026-08-09 00:42:29,85178790,000000000513b9a696f5feb683383a6812b1c18d9d905928bd6f8ecbb034b45d,34b45d,5,单,大
2026-08-09 00:42:41,85178795,000000000513b9ab4f7b73dd87d22d6a61f419c4055a475df47720b5f4b82ee7,b82ee7,7,单,大
2026-08-09 00:42:53,85178799,000000000513b9af8f03aaf83cea8ac2ff8ca420342315847f91e42303274173,274173,3,单,小
2026-08-09 00:43:04,85178802,000000000513b9b2bf20ab4e00f8803b002d8b2f071c00b06610466a5c102ab3,102ab3,3,单,小
2026-08-09 00:43:16,85178806,000000000513b9b62fdc4f3442137da9388605ddeb8dbe59dac81bbcbb5567dc,5567dc,7,单,大
2026-08-09 00:43:27,85178810,000000000513b9bad08be748a33771af1b3ec7ee797a0c69a9cc5fd27974e1c1,74e1c1,1,单,小
2026-08-09 00:43:37,85178813,000000000513b9bd7856217ec019a5dab28e6ace0db60abc83cd6961de989c1a,989c1a,1,单,小
2026-08-09 00:43:49,85178817,000000000513b9c1055ef84fdedf4b7bda288ced719f7c6731fb973a0c60a1d3,60a1d3,3,单,小
2026-08-09 00:44:00,85178821,000000000513b9c5600751774ae4b04d7f8089b6ff72a62b5ae71ef34f630955,630955,5,单,大
2026-08-09 00:44:13,85178825,000000000513b9c92a8cb0b8a39ad32de7093dc8730e1f792cf8de818b37b960,37b960,0,双,小
2026-08-09 00:44:23,85178828,000000000513b9cc159c304bbbb934345fb62e4eca8734638b3bbe511deee42e,eee42e,2,双,小
2026-08-09 00:44:33,85178832,000000000513b9d0f348dfa7e188720ecdeaedf89652f8c88cc3544d0c484ee1,484ee1,1,单,小
2026-08-09 00:44:44,85178835,000000000513b9d3974ccaeded1a43de67024a039cbce597b2b3e42d982d1682,2d1682,2,双,小
2026-08-09 00:44:54,85178839,000000000513b9d7ac77a1cb15b3bf114b11621b5528f4fb6753a0005fa90a82,a90a82,2,双,小
2026-08-09 00:45:04,85178842,000000000513b9da1cd94dbcf1fc3f2405b52a1c1d720828725c5db00a0bdad5,0bdad5,5,单,大
2026-08-09 00:45:14,85178846,000000000513b9de322b481e47bd45c97cf0343524aacec8b772989447d3100d,d3100d,0,双,小
2026-08-09 00:45:25,85178850,000000000513b9e2f61c844054d83cae87abd3e9b5364e832fe1cfd6b38844aa,8844aa,4,双,小
2026-08-09 00:45:35,85178853,000000000513b9e54af6e7c715338b1d8e67ff8f19d3eb9837da88ed42aa45dd,aa45dd,5,单,大
2026-08-09 00:45:45,85178856,000000000513b9e86312bc6d27a4f03f30157b2236809ec5f2fec8009ff7fcb4,f7fcb4,4,双,小
2026-08-09 00:45:56,85178859,000000000513b9eb06824ffb486edaf385399dbaa6a83fd25ccdb15b1a267017,267017,7,单,大
2026-08-09 00:46:07,85178863,000000000513b9ef81a5433d55e69df96860b352839d38ef5ed05bd60981d9d9,81d9d9,9,单,大
2026-08-09 00:46:18,85178867,000000000513b9f3cf35c763f523110167494c673236b6d2b325b75590abb719,abb719,9,单,大
2026-08-09 00:46:28,85178870,000000000513b9f6cde15dfec4b641fc14014a291173b39d335dafeba2e86110,e86110,0,双,小
2026-08-09 00:46:38,85178873,000000000513b9f9f61dd0b4d788ddfa85ba2474c1d6f9265fc7c70cf6c42dd1,c42dd1,1,单,小
2026-08-09 00:46:48,85178877,000000000513b9fd404cb81b03c13768e98a11567af44199a4d2dd609cce0fc5,ce0fc5,5,单,大
2026-08-09 00:46:58,85178880,000000000513ba0052dc3d15e255d6d2a2d9035d5912293452a62b8ac82aeba2,2aeba2,2,双,小
2026-08-09 00:47:07,85178884,000000000513ba0449335ec40911b42187246c7070c9f110982dbf8d68d61d87,d61d87,7,单,大
2026-08-09 00:47:17,85178887,000000000513ba07dafb18f5db25fd0c283fcbe56481285217101893dfa2c385,a2c385,5,单,大
2026-08-09 00:47:27,85178890,000000000513ba0a7a737aac17e5f3c2c0fbb802b081f1eb8dcfbc8081e4f48f,e4f48f,8,双,大
2026-08-09 00:47:37,85178894,000000000513ba0e06282656b55476870d516b0ef3f90a175d01d8248f0cfa35,0cfa35,5,单,大
2026-08-09 00:47:47,85178896,000000000513ba102c130f91ae2e1526ba323beec594948b111734b57647a0c5,47a0c5,5,单,大
2026-08-09 00:47:57,85178900,000000000513ba14e16a081d9e2cba486df29e18321aa0f9b94b0ca6eb12a25c,12a25c,5,单,大
2026-08-09 00:48:07,85178903,000000000513ba17fc8d654429d1af5986bf33027e921ced49cfa142167547e2,7547e2,2,双,小
2026-08-09 00:48:17,85178907,000000000513ba1baa0a3a7e58c05d817e2623f72d30b4182118f94892698717,698717,7,单,大
2026-08-09 00:48:28,85178910,000000000513ba1e3650f2693e27fe2190eff8ff97b1bc9551d8dabecd4db572,4db572,2,双,小
2026-08-09 00:48:37,85178914,000000000513ba2201608eddb6a16c0a59e3de49426b3b26e6301eedbd9cc4aa,9cc4aa,4,双,小
2026-08-09 00:48:48,85178917,000000000513ba25228d78636d356fb35e57974fe37e901e04ad21bd7da97f89,a97f89,9,单,大
2026-08-09 00:48:59,85178920,000000000513ba28577603bfb20633f96faee3c096d1f5533387699019540885,540885,5,单,大
2026-08-09 00:49:09,85178924,000000000513ba2c56616ecfc8055b4a32efb876a3ae6eaaf5f047689844ee5e,44ee5e,5,单,大
2026-08-09 00:49:20,85178927,000000000513ba2fe77d9a69ef97efcbf7309c3eb7901fd13f5a910070c8964f,c8964f,4,双,小
2026-08-09 00:49:29,85178931,000000000513ba332c3aff7da15296e5ca35cd5863444c2edbd17a1e5c586e8a,586e8a,8,双,大
2026-08-09 00:49:40,85178934,000000000513ba36dbf75fbc980e35c0e6749f23bdc8a8ba66c0e7169bd7464c,d7464c,4,双,小
2026-08-09 00:49:50,85178938,000000000513ba3ae0e2b3891bf852418d90bbc977d3d3c0ac61f2ce8b8aa5da,8aa5da,5,单,大
2026-08-09 00:50:00,85178941,000000000513ba3d5816111a6bd77d668db625e94b6c80f0728a042990e86da1,e86da1,1,单,小
2026-08-09 00:50:11,85178945,000000000513ba41c0b3ed41d86563abd8013a0b78194f9a36a8580819e6cca3,e6cca3,3,单,小
2026-08-09 00:50:21,85178948,000000000513ba44fcae5e54a44895ff4881a608e125893a6beecd50a1b0c10d,b0c10d,0,双,小
2026-08-09 00:50:31,85178951,000000000513ba4777aa5c4b700c498b94af764c62d3e4c6d5727fc3ad6b38e4,6b38e4,4,双,小
2026-08-09 00:50:41,85178955,000000000513ba4badb2c55fb366db82d94a2812eceeba955e0b4cda1af5d34d,f5d34d,4,双,小
2026-08-09 00:50:51,85178958,000000000513ba4ea8dedbee55a1cdc668aeffa834cebc580f339dafcdd83280,d83280,0,双,小
2026-08-09 00:51:02,85178961,000000000513ba51db1974980304dae1a38640248930abd5a0eebe7405738483,738483,3,单,小
2026-08-09 00:51:12,85178964,000000000513ba548b76767b2095cfb744194acbf34cfd2c2f7fb7431ff7acf5,f7acf5,5,单,大
2026-08-09 00:51:23,85178968,000000000513ba58631f90419d62cdb2319b9fe92ded091f7064ba4b46b0a9a6,b0a9a6,6,双,大
2026-08-09 00:51:33,85178972,000000000513ba5c16ea3f815f8d7fae91c86da51a2e54e79f680dc3aabc947c,bc947c,7,单,大
2026-08-09 00:51:43,85178975,000000000513ba5fa781511e7dd8297878613863e6cad7896ffb2fdd13f1c3bc,f1c3bc,3,单,小
2026-08-09 00:51:53,85178978,000000000513ba62f547fb87d5ea1d7687badae10cea045a750951edc59170d9,9170d9,9,单,大
2026-08-09 00:52:03,85178982,000000000513ba6645a7ac30f17ada5961f52775d6b73a13480576b163aa3832,aa3832,2,双,小
2026-08-09 00:52:14,85178986,000000000513ba6aea595d0597b7fa03104c0edfa57fde9d628de7b6b7bc8c6f,bc8c6f,6,双,大
2026-08-09 00:52:24,85178989,000000000513ba6d8aca173997a7f61a4ca92040d67914796981308c4c8f1a29,8f1a29,9,单,大
2026-08-09 00:52:34,85178992,000000000513ba70d4078a278ae7d8cd57e4f49b48502cb313d02bd5a90ebe7f,0ebe7f,7,单,大
2026-08-09 00:52:45,85178996,000000000513ba740f8379954520bd49ccc39908a98a7292771c195ae6c18169,c18169,9,单,大
2026-08-09 00:52:55,85178999,000000000513ba772554ece2564dffa9a8eb785483c089bc5aa8f9642708c1ce,08c1ce,1,单,小
2026-08-09 00:53:06,85179003,000000000513ba7beb716ac56aaf14c5bcf00c3085e24f5c0f26d3b8169550cc,9550cc,0,双,小
2026-08-09 00:53:17,85179007,000000000513ba7f837bc27e9faef74b93399e25d04829e31ac817fd6aa8f315,a8f315,5,单,大
2026-08-09 00:53:28,85179010,000000000513ba8218dcb745a01be59158d0688caea2c51d2daa398e9e98e52d,98e52d,2,双,小
2026-08-09 00:53:38,85179014,000000000513ba867647b45fae5e3b851ec4413602e2dc3db791106d0664a902,64a902,2,双,小
2026-08-09 00:53:48,85179017,000000000513ba895c22dfd27de0e747a8e334f31a77bff3c7679511ce6f41cf,6f41cf,1,单,小
2026-08-09 00:53:58,85179020,000000000513ba8c306602287eff830c0e124f2ca88d0fd0c7eb2f82b0b93c82,b93c82,2,双,小
2026-08-09 00:54:08,85179024,000000000513ba909c43aa15c5c035a782d3f620e0a17e509530f4c11b7394a2,7394a2,2,双,小
2026-08-09 00:54:19,85179027,000000000513ba933068e7b5bf52541b1865db115f347c4d3392f965e14eb403,4eb403,3,单,小
2026-08-09 00:54:29,85179031,000000000513ba978ea2c6e1e7b082031dd76b9598a1c59e6603c4c1fc3121b2,3121b2,2,双,小
2026-08-09 00:54:39,85179034,000000000513ba9a4a5dca4929d745d9e9e021c7b5f3a832bee861868359c903,59c903,3,单,小
2026-08-09 00:54:48,85179037,000000000513ba9d8419f9b1c73f44b85e2212886c90bfe03be76ec4d9e55844,e55844,4,双,小
2026-08-09 00:54:59,85179040,000000000513baa0483110ea51ce3c016fd295222b02907eddbd8594d188a9c1,88a9c1,1,单,小
2026-08-09 00:55:09,85179044,000000000513baa41b29198d5c3a76390d9671add2a43bde38387776704c5915,4c5915,5,单,大
2026-08-09 00:55:20,85179048,000000000513baa814f76274b667f55bd736e3ef0ec00e78018cf902efd7d46c,d7d46c,6,双,大
2026-08-09 00:55:31,85179051,000000000513baab30c9fcb44ca99e74c65170d36329fb2ba04ee72bc13b17f3,3b17f3,3,单,小
2026-08-09 00:55:40,85179054,000000000513baae5d0179be8bd2f121158dc185e8124873a09463ec46bbc48e,bbc48e,8,双,大
2026-08-09 00:55:50,85179058,000000000513bab2dfd1d102436ec3589ed023e9e8da0f48bfbce9e8d297e9d0,97e9d0,0,双,小
2026-08-09 00:56:00,85179061,000000000513bab5985ed328dc0d2f014d157654ec26c8d7270e826d799ac8a8,9ac8a8,8,双,大
2026-08-09 00:56:10,85179064,000000000513bab8f89dbf4f07368cbccee92fb3ac86b057e822a987ad4a9f93,4a9f93,3,单,小
2026-08-09 00:56:21,85179067,000000000513babbe75ecf83490d1958b8587fd21cb08a617e9df3bde09189be,9189be,9,单,大
2026-08-09 00:56:31,85179072,000000000513bac0752ba356aa213eca6c45d492d0af2824049c9d07fcb6ce7c,b6ce7c,7,单,大
2026-08-09 00:56:42,85179075,000000000513bac3dc4f9f251a63404fe6a8d6e918e05eb2907b0e344d04ee11,04ee11,1,单,小
2026-08-09 00:56:52,85179078,000000000513bac66d9f82a8c813e99bb28709f105c8af8fc5c4698526517a9a,517a9a,9,单,大
2026-08-09 00:57:02,85179082,000000000513bacaba199ddc7c21657565738f95db0a83f8f1b731c396aad923,aad923,3,单,小
2026-08-09 00:57:12,85179085,000000000513bacdf59ddb72560633be942cbea711f5ef1671124c011b251e87,251e87,7,单,大
2026-08-09 00:57:22,85179088,000000000513bad087647db54cd46d5e4f4b99226fc31d61136dd431ae2d012a,2d012a,2,双,小
2026-08-09 00:57:32,85179091,000000000513bad3ce562c3b371e527a5daf1a3a3bfd70a240adf06e1c897005,897005,5,单,大
2026-08-09 00:57:42,85179095,000000000513bad7f6ecd42accb518e2c583ed0755adddccb84addf765d2a831,d2a831,1,单,小
2026-08-09 00:57:52,85179099,000000000513badb14048486075ab42c1e4e46cb08e54e00fdfb1ccc65974c88,974c88,8,双,大
2026-08-09 00:58:02,85179102,000000000513bade7bad8c6d178875a14b57e3f520c7360e1dfefefc6280cd79,80cd79,9,单,大
2026-08-09 00:58:11,85179105,000000000513bae1bbfd3a18c0debac03b93551db2700f61f1cd06735c225cd4,225cd4,4,双,小
2026-08-09 00:58:21,85179108,000000000513bae4cfdd5a35aaa9f165f627c610f50f243e53648e5f49790a31,790a31,1,单,小
2026-08-09 00:58:31,85179111,000000000513bae75b9630d5408eede119f39a48cf1c958a0afc5e8f9d2aee97,2aee97,7,单,大
2026-08-09 00:58:41,85179115,000000000513baeb90617d0b8521f66fa889dda36a6ede6facf98a29bf3be212,3be212,2,双,小
2026-08-09 00:58:51,85179118,000000000513baee94a15c6b46ca286ab49adfb3bdf46a59ddd071f44ea759e3,a759e3,3,单,小
2026-08-09 00:59:02,85179121,000000000513baf1ea6f36ca2e581f1e2c30d8ab862ab6165abee4ec243190d7,3190d7,7,单,大
2026-08-09 00:59:13,85179125,000000000513baf5741a0ac88cc370cb564ecd5fc55d2d5ae4176bee306a1d5a,6a1d5a,5,单,大
2026-08-09 00:59:23,85179129,000000000513baf95ee01fa210393ed560dfb42e4f973366f7017c17bb2b6fee,2b6fee,6,双,大
2026-08-09 00:59:34,85179132,000000000513bafcfbe7c94c7c234aca63bddebbf2cafe86e9e595a7ed1c8280,1c8280,0,双,小
2026-08-09 00:59:43,85179136,000000000513bb009a19787e237930377bf20ec764aa2f1efb0aa61acd8da604,8da604,4,双,小
2026-08-09 00:59:53,85179139,000000000513bb0346ed75a876d66e43e292b0eac431a8b6024682d8f602b2e8,02b2e8,8,双,大
2026-08-09 01:00:03,85179142,000000000513bb0680c7144c55e51e62ceff07c80409a1153712c2546affbf58,ffbf58,8,双,大
2026-08-09 01:00:13,85179146,000000000513bb0a1156de64b0f6493584fee4c473919600ce3d4ceec945af30,45af30,0,双,小
2026-08-09 01:00:25,85179149,000000000513bb0db76a1d7ca8c822607418e4139c5d27f4e6501c0109e36750,e36750,0,双,小
2026-08-09 01:00:34,85179152,000000000513bb100413366f580aa60d080ac7a29a6737ea97418272c3a44c96,a44c96,6,双,大
2026-08-09 01:00:45,85179156,000000000513bb14cefc8a7ca785a6d81cb246dee92844b49e1c566aa9fb8617,fb8617,7,单,大
2026-08-09 01:00:55,85179159,000000000513bb17ea3ce174cccf266784c31cf31c879a4644a87cbf0214c5f9,14c5f9,9,单,大
2026-08-09 01:01:05,85179163,000000000513bb1bac814feaea50c4d4c954b44eae377f329dd4e8986243de42,43de42,2,双,小
2026-08-09 01:01:15,85179166,000000000513bb1e2de1d53585d467418c61c965b2d63b704accea7dfd2194c9,2194c9,9,单,大
2026-08-09 01:01:25,85179169,000000000513bb210eb5f12ddafe53d25c8f77ea08b65dca8b4280fde7012258,012258,8,双,大
2026-08-09 01:01:36,85179173,000000000513bb25e4a881c4046df190bed1939b5a087b752d10374e66fcb62d,fcb62d,2,双,小
2026-08-09 01:01:46,85179177,000000000513bb298d5540c7c8b5583d8745fff5ec528bdb36445f17a966d586,66d586,6,双,大
2026-08-09 01:01:56,85179180,000000000513bb2ca8ed99a6c739787eb60412fdf4010139685898bfe483ebbb,83ebbb,3,单,小
2026-08-09 01:02:07,85179183,000000000513bb2fb12093b6f1fe70a3ab965eac1305cafa88fd261bf6eccd7d,eccd7d,7,单,大
2026-08-09 01:02:18,85179186,000000000513bb32daccc4804ea6e7c83c01941ce6a36c72f38e696342e1b093,e1b093,3,单,小
2026-08-09 01:02:28,85179190,000000000513bb3650e9550c7494ee3498a1c05dc4a331143d5cb1c88e5be6e7,5be6e7,7,单,大
2026-08-09 01:02:38,85179194,000000000513bb3a6594cc875d96db5efde5391a39ba8a2342d68c15b4c1cdcb,c1cdcb,1,单,小
2026-08-09 01:02:48,85179197,000000000513bb3de8afd622e54d984431528ae6065b049122c34b18efbc5711,bc5711,1,单,小
2026-08-09 01:02:58,85179200,000000000513bb406a0c7d5e5cf4366048aaf9ed85fb5be141cae5edf304c60d,04c60d,0,双,小
2026-08-09 01:03:09,85179204,000000000513bb4429472420a40bb36572ac0110d2af6381c0c76624070c70b8,0c70b8,8,双,大
2026-08-09 01:03:20,85179208,000000000513bb4840606954c257a1298311fcd7a9a28338abfcffe08d0108a0,0108a0,0,双,小
2026-08-09 01:03:31,85179211,000000000513bb4b2e031d5c3f1f0250fa17d888c11108b4ead59213d5b13383,b13383,3,单,小
2026-08-09 01:03:41,85179215,000000000513bb4f374a5058864976b4e930e4b329b2b8336646349b019ae0a3,9ae0a3,3,单,小
2026-08-09 01:03:51,85179218,000000000513bb52f232502ab392d125b0f7e26c70369f8e7dcd13bb815be49c,5be49c,9,单,大
2026-08-09 01:04:02,85179221,000000000513bb55310fb4d23489a021521bd970858140ba39440a6299692f87,692f87,7,单,大
2026-08-09 01:04:12,85179224,000000000513bb5865d0c2f7d4b77f06a113910a4768074aeae0c62c46fa2ec8,fa2ec8,8,双,大
2026-08-09 01:04:22,85179228,000000000513bb5ca6b88502ad30feded2e8b14c9b83f05bd0c947e8711f07bb,1f07bb,7,单,大
2026-08-09 01:04:32,85179232,000000000513bb60ea26ea2df7e6465d109f6bbcc1b6c554ab3d13be2e80c76e,80c76e,6,双,大
2026-08-09 01:04:42,85179235,000000000513bb63fddc53af9f12a05c28e55489285d575d3503f1e3b9754246,754246,6,双,大
2026-08-09 01:04:52,85179238,000000000513bb66e4e3b97168747e9b098b91ba69c24b2268958c1668016a52,016a52,2,双,小
2026-08-09 01:05:03,85179242,000000000513bb6add61ff1e46febbd06f0591eaeeb5078e9972e2857dc84284,c84284,4,双,小
2026-08-09 01:05:13,85179245,000000000513bb6dba87795396184a78659b3f88ff75f6744328367412f45eea,f45eea,5,单,大
2026-08-09 01:05:23,85179248,000000000513bb7060e29d0eb1c22546443586af09691e072f5cc38d0a9189fd,9189fd,9,单,大
2026-08-09 01:05:33,85179251,000000000513bb73814880a89d6fa3462aaf7fd2965ff3c1a8256d9449ab32e5,ab32e5,5,单,大
2026-08-09 01:05:44,85179256,000000000513bb78ea861e24c2be6cac59f678fea0d5dd0a50e6e3f33017a69b,17a69b,9,单,大
2026-08-09 01:05:53,85179259,000000000513bb7b91903f78cd4b17a6af9dbbeaa289fe19e2ef3279c7f51e5e,f51e5e,5,单,大
2026-08-09 01:06:03,85179262,000000000513bb7e00b2cbbfcf6299657f9a6f015f7733ae6e53a1ebfae4308f,e4308f,8,双,大
2026-08-09 01:06:13,85179265,000000000513bb81b4067f609bb3bc1024461a11720518faf926b74cb9b5c4a7,b5c4a7,7,单,大
2026-08-09 01:06:24,85179268,000000000513bb84e0aea774b6cd58fb6095523494d3eb0de9e7125ab5b4cd20,b4cd20,0,双,小
2026-08-09 01:06:35,85179273,000000000513bb8984060663392b9fdcdeede37e67dbe2f3eaca34318c5ab7e0,5ab7e0,0,双,小
2026-08-09 01:06:45,85179276,000000000513bb8c32cef63c1cf17388bebcc2bed3569b6abdb587d15c7f03b6,7f03b6,6,双,大
2026-08-09 01:06:55,85179279,000000000513bb8fc628205289040f3d68680beb02227ffb7f9ed3e66ce88381,e88381,1,单,小
2026-08-09 01:07:05,85179283,000000000513bb93305a8d25e677641bd34bdae052b0880dd1c795a65fdf7e1c,df7e1c,1,单,小
2026-08-09 01:07:15,85179286,000000000513bb96461a85ced62d69463ba4f8ffea6782a148ad973cc1a48242,a48242,2,双,小
2026-08-09 01:07:25,85179289,000000000513bb99cb645d0919849b0dc71a0a977f74d8d1da51c08769eb35ca,eb35ca,5,单,大
2026-08-09 01:07:35,85179293,000000000513bb9d6ab04c65aa622d3d6c180b86f70bc8d76b88508d2c767a13,767a13,3,单,小
2026-08-09 01:07:46,85179296,000000000513bba05b7dbcf3a337224312c6ad14745ebba947dce6ea7bf0c3e2,f0c3e2,2,双,小
2026-08-09 01:07:56,85179299,000000000513bba3b9d50ce69b1970e768b9ab4d9b33a11c7a4f02cbb6739b1c,739b1c,1,单,小
2026-08-09 01:08:06,85179303,000000000513bba7b82ac830d7446beacf294bd82c51920f0c84935ead465669,465669,9,单,大
2026-08-09 01:08:16,85179306,000000000513bbaaf1b4e133fa4e76f6fe8a87baec1ad5099214c422ff95c99a,95c99a,9,单,大
2026-08-09 01:08:26,85179310,000000000513bbae823a2d074c9671dff5de974c54d48b7ef7f48341f59c0699,9c0699,9,单,大
2026-08-09 01:08:36,85179313,000000000513bbb121ef1107deb7e670b188db203b9a602ac130f98ef21474e9,1474e9,9,单,大
2026-08-09 01:08:46,85179316,000000000513bbb4f251aec97987b7833d29f07f44e5e0c3ac215ca0f9a16497,a16497,7,单,大
2026-08-09 01:08:56,85179319,000000000513bbb7bd67ea2a50d3fe2cff837eb3ffd54ed841076b914cfbf9bb,fbf9bb,9,单,大
2026-08-09 01:09:06,85179323,000000000513bbbb3cc9ff54b710f2944be3f5aa2cdd716a67866d161ac1b48b,c1b48b,8,双,大
2026-08-09 01:09:17,85179326,000000000513bbbebf10e4a72a6456847558f5a251d64dedde01219528211e64,211e64,4,双,小
2026-08-09 01:09:27,85179330,000000000513bbc2fc4840781118e8aa5233c5ff70ea2c65429b8ed774396f4e,396f4e,4,双,小
2026-08-09 01:09:37,85179333,000000000513bbc5d7baf9c0fcff3735807a3aafb499227b485dbe77ed6869fb,6869fb,9,单,大
2026-08-09 01:09:47,85179336,000000000513bbc870ec3bee040a8a78167a444af9493382b12755ea9e728b2a,728b2a,2,双,小
2026-08-09 01:09:57,85179339,000000000513bbcb6a4e42d9b534e4c14dcdfbc6d925a429543e9eed4a71761e,71761e,1,单,小
2026-08-09 01:10:06,85179343,000000000513bbcf052c4e143508450fd96a374a2bea953f31a950daa6bbfdd6,bbfdd6,6,双,大
2026-08-09 01:10:16,85179346,000000000513bbd2954824b8694c07195aaf83d1b0591809a96bb75da0611362,611362,2,双,小
2026-08-09 01:10:27,85179350,000000000513bbd614522738c411349da726d9ab7bb6f72b5d88d01fd3498555,498555,5,单,大
2026-08-09 01:10:36,85179353,000000000513bbd98e67bc269bfbbdeece3ffde9876b5c2b608a27981f28cf8d,28cf8d,8,双,大
2026-08-09 01:10:47,85179357,000000000513bbdd75e4334a5ae29a45719f5db02954a4ee5457d2035fd0618e,d0618e,8,双,大
2026-08-09 01:10:56,85179360,000000000513bbe02c6f15c1ca75de831a16a1ef8816074473b45febac8db9f5,8db9f5,5,单,大
2026-08-09 01:11:06,85179363,000000000513bbe377ae4e4c332f068a712e294b5e92183659f9bbc8fb194571,194571,1,单,小
2026-08-09 01:11:16,85179366,000000000513bbe6fba27b12e101b526a8ecbe2875b68731ca46a2a3c2c5a431,c5a431,1,单,小
2026-08-09 01:11:26,85179370,000000000513bbea2906eb6a507e35846178b348bb6f92c5defa628f543fbfe6,3fbfe6,6,双,大
2026-08-09 01:11:36,85179373,000000000513bbeda0bcd0387d4698d0a1ffe920b509cfcb1561985878d9c64c,d9c64c,4,双,小
2026-08-09 01:11:46,85179377,000000000513bbf120a0cfab640492db929c4bd00aff44d9e4ab7a316f886565,886565,5,单,大
2026-08-09 01:11:56,85179379,000000000513bbf30fe628504f6b0ade7e0023133d19564520a69f1af8e75b79,e75b79,9,单,大
2026-08-09 01:12:06,85179383,000000000513bbf7ac57c0047a23969db6428f106cca6e7b1293834cd811028f,11028f,8,双,大
2026-08-09 01:12:16,85179386,000000000513bbface9b0cab14d9fdc48899243b6fd546064a64204bcff85d9c,f85d9c,9,单,大
2026-08-09 01:12:26,85179389,000000000513bbfd13aee82a99764fa5a5ed8405a12c137720649d96c71660d6,1660d6,6,双,大
2026-08-09 01:12:36,85179393,000000000513bc019d2d8ba52aaec1e260515214431a7956322d420089e78575,e78575,5,单,大
2026-08-09 01:12:46,85179396,000000000513bc042ec558d2d21860a573ee184a6b0fb2f4552240225878e61d,78e61d,1,单,小
2026-08-09 01:12:56,85179400,000000000513bc081b77946b5e8f9818a8e06670fe96aabdab64d499f79aa447,9aa447,7,单,大
2026-08-09 01:13:06,85179402,000000000513bc0a5ef41de499cd735217ee696a513726768d470342260640ef,0640ef,0,双,小
2026-08-09 01:13:16,85179407,000000000513bc0fcbc78cdbd8edcfc5b01213bbdcf3bbfb88866c89780562c9,0562c9,9,单,大
2026-08-09 01:13:26,85179409,000000000513bc11ed67a42c3f2f54bd92aeeb1b642cdff979588c4f11af2621,af2621,1,单,小
2026-08-09 01:13:35,85179413,000000000513bc15f853efd8a7acb8bca75f09f176abc7d267c4501616bf13c9,bf13c9,9,单,大
2026-08-09 01:13:45,85179416,000000000513bc18b15bc7dad8ba73d9e9f71e59fb2d022d7dfd5e20f0f1953d,f1953d,3,单,小
2026-08-09 01:13:58,85179420,000000000513bc1cb50456f66e7bd735f0355849312ac3dec1982aaebb8e7b16,8e7b16,6,双,大
2026-08-09 01:14:12,85179425,000000000513bc213638109efa1ae2398c6b163d0e8d5d3275dc577f8b15ce35,15ce35,5,单,大
2026-08-09 01:14:25,85179429,000000000513bc25fa6f9544b0171ce9551fb6b10508b3f0d91314af812e191f,2e191f,1,单,小
2026-08-09 01:14:42,85179435,000000000513bc2bfbaef2a65deb1540155bb118d5a7f0f16175a292a623c708,23c708,8,双,大
2026-08-09 01:14:52,85179439,000000000513bc2f73fc28e31279334742ab59c16d28495ccc86f6753769bba9,69bba9,9,单,大
2026-08-09 01:15:02,85179441,000000000513bc31c8b36a5e8f05cb0d1a8e595302e05efe6f45ec73669b12f7,9b12f7,7,单,大
2026-08-09 01:15:13,85179445,000000000513bc35cf4c4e54e2d91fc2eb9e32b908ea5a8f5dade304c13acf0b,3acf0b,0,双,小
2026-08-09 01:15:24,85179449,000000000513bc39c4a5ffc0634e3c0a610a35e406d2516e1357bb474686e3e2,86e3e2,2,双,小
2026-08-09 01:15:34,85179452,000000000513bc3ca5add111b5b29a1b453603581adf4cc493458432ad5933a5,5933a5,5,单,大
2026-08-09 01:15:45,85179456,000000000513bc40a0dac7716899c933322473cf29594ef2d3b62d80728fb1d0,8fb1d0,0,双,小
2026-08-09 01:15:56,85179459,000000000513bc43bf9ff60652041b0eaa81996dfb42024967c64b2c0ec9148e,c9148e,8,双,大
2026-08-09 01:16:07,85179463,000000000513bc47cdc2a52c762bcb3b057edf55e26af708b788e600b86e8dac,6e8dac,8,双,大
2026-08-09 01:16:17,85179467,000000000513bc4b7ed27ac7ac66d39745daf23a9887b246c6bb7b224058b44f,58b44f,4,双,小
2026-08-09 01:16:27,85179470,000000000513bc4e4bbaceb5773e958f3a1f94b277651cedc6387d4fae484bad,484bad,4,双,小
2026-08-09 01:16:37,85179473,000000000513bc5133574cc82e3add274fb7b99c49a02335f1f4f62bfee5cc7a,e5cc7a,7,单,大
2026-08-09 01:16:47,85179476,000000000513bc5470237bd56cb611f493d0b06be129b0146104ce8b7d3cdba3,3cdba3,3,单,小
2026-08-09 01:16:57,85179480,000000000513bc586e995a658e73b994ced7da2d5beb0068698030a5f47fc406,7fc406,6,双,大
2026-08-09 01:17:07,85179484,000000000513bc5c08396eae32c234a6fd16d86f92be76669e433426fe3c53c7,3c53c7,7,单,大
2026-08-09 01:17:17,85179486,000000000513bc5e52b130d014f5d0de51640e890bbb148b1b8f5b8280147358,147358,8,双,大
2026-08-09 01:17:27,85179490,000000000513bc6223ce077737708da8746946097bac16eb48c82c78bf0c1595,0c1595,5,单,大
2026-08-09 01:17:37,85179493,000000000513bc65f4600b50a0526512f34ca87f6cea5e32a25a29ebd5d57e0a,d57e0a,0,双,小
2026-08-09 01:17:47,85179496,000000000513bc68a2e2382e709644a3ac3f96fb267f80d2f5fec3d27a3ef5ed,3ef5ed,5,单,大
2026-08-09 01:17:56,85179499,000000000513bc6b0fc1222c5fccf26c7952071485799f687e876148f964b31f,64b31f,1,单,小
2026-08-09 01:18:06,85179503,000000000513bc6fb3699c5d9fb97fc15d563e1198fef84ce7eeaa91ebec30da,ec30da,0,双,小
2026-08-09 01:18:17,85179506,000000000513bc72f52969806a4395e0009b6d7ed88387f6c5349f3167bcb9c8,bcb9c8,8,双,大
2026-08-09 01:18:28,85179510,000000000513bc76e90599ead38713ebab6762da1691941cd710f7b8556ab837,6ab837,7,单,大
2026-08-09 01:18:39,85179514,000000000513bc7a97567ceecd9532b0aa586b7cc82e4f438ba74255a4143644,143644,4,双,小
2026-08-09 01:18:49,85179518,000000000513bc7eae70a5ec9ddf1514a3f17f05b767aee42d3571dbade4d9bd,e4d9bd,9,单,大
2026-08-09 01:19:00,85179521,000000000513bc8193ce28149dfa455ffc615368a85fc482aa03668ce36661c3,6661c3,3,单,小
2026-08-09 01:19:11,85179525,000000000513bc858a02121e3dc6278f6dfb591ec59861fed143a6e6c2e41ebe,e41ebe,1,单,小
2026-08-09 01:19:22,85179528,000000000513bc88b4a6ecb7cbd53ea3771a85f0f413f10bcb1c0d144277d6b3,77d6b3,3,单,小
2026-08-09 01:19:33,85179532,000000000513bc8cce283d50657e507ee23b6b96a898ec6ae1920935125674d0,5674d0,0,双,小
2026-08-09 01:19:43,85179536,000000000513bc90b5a71a7f37630b7298d85a7ed051c54a368fc0e61dc6586e,c6586e,6,双,大
2026-08-09 01:19:53,85179538,000000000513bc928bba7efbec93a84b6df7e767c0644fa64cdd8ad7f736b398,36b398,8,双,大
2026-08-09 01:20:03,85179542,000000000513bc96aab25729bc213e1fa11ce498c448393ca4d98f8af73e8f35,3e8f35,5,单,大
2026-08-09 01:20:14,85179545,000000000513bc993f3f227bd98d6c106ce08485b50ec877ed764353641dd265,1dd265,5,单,大
2026-08-09 01:20:24,85179549,000000000513bc9d38e04c986a60c1a1fc330f187978baef31f2338ab338c6a5,38c6a5,5,单,大
2026-08-09 01:20:35,85179552,000000000513bca00e7785526d8c129fed4dc991037896dd384225035ba844fa,a844fa,4,双,小
2026-08-09 01:20:45,85179556,000000000513bca4d30bf51306076ac3861cd32149b3c760cd077d6b2449574e,49574e,4,双,小
2026-08-09 01:20:55,85179558,000000000513bca6378458beb11e72969d520a096d64f38ed50218e551a1bac2,a1bac2,2,双,小
2026-08-09 01:21:05,85179562,000000000513bcaac13d2a02327cdbb1ab2bddab46338ee52b6d0a347114d921,14d921,1,单,小
2026-08-09 01:21:14,85179566,000000000513bcae37f433d4ab87b4c15503ba30f8065835fd251e10d9e0458b,e0458b,8,双,大
2026-08-09 01:21:24,85179569,000000000513bcb1f850882535a9c0db571263dadceb708cde2a8819c4d3e49f,d3e49f,9,单,大
2026-08-09 01:21:34,85179573,000000000513bcb561a56a679ba9da3b5b35d0aa117d58a3857c2d133f8f79cf,8f79cf,9,单,大
2026-08-09 01:21:44,85179576,000000000513bcb855ba17a58b2f46e0ec9c540d4acb928d8f89ce32d3a6a394,a6a394,4,双,小
2026-08-09 01:21:54,85179579,000000000513bcbb5cc05152e30db7036eaf577a07b34bd2fa7031f84fbd0114,bd0114,4,双,小
2026-08-09 01:22:04,85179583,000000000513bcbfc426eebeaf870d149d2a44b4457a273e183c8ea68677e100,77e100,0,双,小
2026-08-09 01:22:14,85179586,000000000513bcc2d2055448335ec6e71ae71a20f73551e4fca8154123e24923,e24923,3,单,小
2026-08-09 01:22:24,85179589,000000000513bcc5e82e42681095a650c233ce73a8d18e7256ced12577a5c1b8,a5c1b8,8,双,大
2026-08-09 01:22:34,85179592,000000000513bcc8eea7a862495b8d689ccf9a249caa7b38aef45a9854da2364,da2364,4,双,小
2026-08-09 01:22:43,85179596,000000000513bccc52382e8c6eed48ea2197b4fb6cbfff29b180ca09bf7dbc12,7dbc12,2,双,小
2026-08-09 01:22:53,85179599,000000000513bccf0d400b5b5a40de75f0057cabd0837cffc337fcbd607681c5,7681c5,5,单,大
2026-08-09 01:23:03,85179602,000000000513bcd2524e708b21b5d7ade82a9dbabc426235f06bed208fab9453,ab9453,3,单,小
2026-08-09 01:23:14,85179605,000000000513bcd51713bc84cc040b0350d627735458048d9ab9b517e5033a83,033a83,3,单,小
2026-08-09 01:23:24,85179609,000000000513bcd9a72284a8428174c1eeaaad562b068a864c2752cd34f778ca,f778ca,8,双,大
2026-08-09 01:23:34,85179612,000000000513bcdc5ada333a60eaa2f22d4b50857e28a6e4e9225840e0f4c2c3,f4c2c3,3,单,小
2026-08-09 01:23:43,85179616,000000000513bce00556da919c035b3f568a16d6c09bf9b7a6b29046c0fdc6e5,fdc6e5,5,单,大
2026-08-09 01:23:53,85179619,000000000513bce3ff07f92c99b76c1237f207c97306368eb7480bbc3232a552,32a552,2,双,小
2026-08-09 01:24:03,85179622,000000000513bce62d9eeb057f4f1a94962dfd26ad82ec37cc5966bf97a33b47,a33b47,7,单,大
2026-08-09 01:24:13,85179626,000000000513bcea961f6173559c568bd3685d3a823ddf5bbd42f7b3bae62a68,e62a68,8,双,大
2026-08-09 01:24:23,85179629,000000000513bcedeed85b90669818b3a63a447a98bfbf6729a61df08a0b3c6e,0b3c6e,6,双,大
2026-08-09 01:24:33,85179632,000000000513bcf06fc43dd38c9759b1ae2b31fc97c18a35165d9a33baf999d9,f999d9,9,单,大
2026-08-09 01:24:43,85179635,000000000513bcf315c7292f92e5730d9d083a2c138e574fd24d4afa88dc2c87,dc2c87,7,单,大
2026-08-09 01:24:52,85179639,000000000513bcf79f127ee4b410621e960933a8a99c46aa948eda7a4f77a49f,77a49f,9,单,大
2026-08-09 01:25:02,85179642,000000000513bcfac05e6992e7d136c6cf9891d6b2c5de4b5a2993baf2e57568,e57568,8,双,大
2026-08-09 01:25:12,85179645,000000000513bcfda50757370b855a3e0d86b5822edaf0f0be3dd3e53e8dbcc3,8dbcc3,3,单,小
2026-08-09 01:25:22,85179648,000000000513bd001bc6aad40daeab387a7ae89620800ce1ef1fc6f46444d3b5,44d3b5,5,单,大
2026-08-09 01:25:32,85179652,000000000513bd04e3720ad7c12adf985b21c166fe7d9e5ea1eb756e06771efc,771efc,1,单,小
2026-08-09 01:25:41,85179654,000000000513bd064c6bf5aa0e4c9664da4eaa7879fada14eea57ec9bc6b332b,6b332b,2,双,小
2026-08-09 01:25:51,85179658,000000000513bd0a0c72aa3322591ff34567ce8e559f2e0835babc5d58906c59,906c59,9,单,大
2026-08-09 01:26:01,85179662,000000000513bd0e0e71c47bcb89eb93e6d53ce9ea7d3a3640080e1d27362346,362346,6,双,大
2026-08-09 01:26:12,85179664,000000000513bd10caf38070e17a2e89960fbf3aa7c9ee900c71fc8b726c2eb5,6c2eb5,5,单,大
2026-08-09 01:26:23,85179668,000000000513bd149343900264e1993e069df3e7f150f18592e261e1dea7a0d9,a7a0d9,9,单,大
2026-08-09 01:26:34,85179673,000000000513bd19385f963c06adefe6e6bdf345f1032a2216e4ce62c67204c1,7204c1,1,单,小
2026-08-09 01:26:45,85179675,000000000513bd1b83cfbdf40b616128e8367a10d858512503000995cf613e0e,613e0e,0,双,小
2026-08-09 01:26:57,85179679,000000000513bd1fbf03f5095d2e014a9e19211b50bdd0dfdaba21afc2fc202c,fc202c,2,双,小
2026-08-09 01:27:07,85179684,000000000513bd2430e32b93b4a9e949b853fa4a6348cefac09d386386e776ba,e776ba,6,双,大
2026-08-09 01:27:18,85179687,000000000513bd27a05cd640b6f549817a35b791910dfbd4f9ed413fb98b1df7,8b1df7,7,单,大
2026-08-09 01:27:28,85179690,000000000513bd2a4cbdac8eea3d95f1ad444604bfc91f4694aad9849bbe9b92,be9b92,2,双,小
2026-08-09 01:27:39,85179694,000000000513bd2eed69d3b5d3ab6d9a00e23e3c22f32bcb0aa8d18dd7263fe5,263fe5,5,单,大
2026-08-09 01:27:49,85179698,000000000513bd32ebb7e41bf72a3f56766d07504f75b6986256c3eb239b5536,9b5536,6,双,大
2026-08-09 01:28:00,85179701,000000000513bd35ce534d74c5aae93091182e804bd5f2fcd48853ce41734799,734799,9,单,大
2026-08-09 01:28:11,85179705,000000000513bd39fc70ac02c650bc3bf099bfac0f18ffe66a146f2b73e656b3,e656b3,3,单,小
2026-08-09 01:28:22,85179708,000000000513bd3c3e04aadac4a3186a760f769bef6940fd4dde6fc1a9870bd7,870bd7,7,单,大
2026-08-09 01:28:34,85179712,000000000513bd40a6ad003bd33eed6281349c66ca956baad7cce0fc87488d3f,488d3f,3,单,小
2026-08-09 01:28:45,85179716,000000000513bd4412863d636aebf6b8065908be9253dfe12003033b8f2a80ce,2a80ce,0,双,小
2026-08-09 01:28:55,85179719,000000000513bd47ee9bda3f48d76aadba629daccc0f3e42be495be52512e1d7,12e1d7,7,单,大
2026-08-09 01:29:06,85179723,000000000513bd4b9aebf7c28651c377fff1b2cbe7bbf4337b230142bb10087f,10087f,7,单,大
2026-08-09 01:29:17,85179727,000000000513bd4f720ae651aca3e21dd75432e3f9d132aa0e21a06fa7c225d5,c225d5,5,单,大
2026-08-09 01:29:28,85179730,000000000513bd52915e7b0669a4d793946ca1b9ad225e0fd62fa1e833f5e913,f5e913,3,单,小
2026-08-09 01:29:39,85179734,000000000513bd563d453ce5709b3783539a5806664283a543e48f8cda9a2e44,9a2e44,4,双,小
2026-08-09 01:29:50,85179738,000000000513bd5a91f823ee8e250390e8d59299904ab0a965297d3883dfb2a0,dfb2a0,0,双,小
2026-08-09 01:30:01,85179741,000000000513bd5d2c75381f3267d4fa6ee0928eb85768a007bbd5a622b23825,b23825,5,单,大
2026-08-09 01:30:11,85179745,000000000513bd612fba11fd630babafb0d2954232244bcab9959296176433c3,6433c3,3,单,小
2026-08-09 01:30:22,85179748,000000000513bd6434f68f02d1afa245a43a1795dbe14cae13bf82ac5b2b27d1,2b27d1,1,单,小
2026-08-09 01:30:33,85179752,000000000513bd687237d9b1f9342288019acc954afc411148857da60421b859,21b859,9,单,大
2026-08-09 01:30:43,85179755,000000000513bd6b834fde6c1bda7a727e4016f20b4bb0574f42b5e2e0369cdb,369cdb,9,单,大
2026-08-09 01:30:53,85179759,000000000513bd6fdc1d628b8b1d15da22b5b979df0ab976cc8c3aebf300ff35,00ff35,5,单,大
2026-08-09 01:31:04,85179762,000000000513bd72a126f1e1a9e295140d2cd905db28126dbc9d9239c15b207f,5b207f,7,单,大
2026-08-09 01:31:15,85179766,000000000513bd76be3005a9d0828a1b496ac4e6cc714fda6f3cd60e2784237a,84237a,7,单,大
2026-08-09 01:31:26,85179769,000000000513bd79c3ce3dc0c856365cacd2de6abae11f0e37a267a3db797420,797420,0,双,小
2026-08-09 01:31:37,85179773,000000000513bd7d011e719395a92d34e8c048cbfff77e5eb34fcf2cd7d79d4e,d79d4e,4,双,小
2026-08-09 01:31:48,85179777,000000000513bd81db5bd5f8e2ccb6b1d93d130183f4486e1ac7ea333e97247c,97247c,7,单,大
2026-08-09 01:31:58,85179780,000000000513bd847ef4acf52c4ae040932cc598ede27c1d2b9e2ed16b111179,111179,9,单,大
2026-08-09 01:32:09,85179785,000000000513bd894bdffe82898fd1b731cb4fa7e375ed4efb543559a46c8c04,6c8c04,4,双,小
2026-08-09 01:32:20,85179787,000000000513bd8b4536a9fcd195fcef51cd28d6ae14e84c4503c66f33feb8e7,feb8e7,7,单,大
2026-08-09 01:32:31,85179792,000000000513bd90e1e92542201abc4e8e19c50947c3a830fb8558d7c8eadce1,eadce1,1,单,小
2026-08-09 01:32:42,85179796,000000000513bd9423b98cfd8422720f6be443018217d91f01d106ef09fbabbc,fbabbc,9,单,大
2026-08-09 01:32:53,85179798,000000000513bd96a7b43c4d97bd10632d6c0bd026f689aca21aa1f4f4566f5f,566f5f,5,单,大
2026-08-09 01:33:04,85179802,000000000513bd9a999058680b1175098e17a6876ba7f28106c6527f7eaa1c00,aa1c00,0,双,小
2026-08-09 01:33:15,85179806,000000000513bd9eb8ffcc2ce62d5aff8f9f4f75f847ad629f8c6b9c7645917c,45917c,7,单,大
2026-08-09 01:33:26,85179809,000000000513bda1d3c3cc058019e296181dc567ed3d7de7cb820fda3e761a15,761a15,5,单,大
2026-08-09 01:33:36,85179813,000000000513bda596dd530842978a769b09bcf6cdde15462b70bd0adac45ed3,c45ed3,3,单,小
2026-08-09 01:33:46,85179817,000000000513bda9635782cef7c893fc4aaf536ecf5ebf57fd75a068acf1ac4d,f1ac4d,4,双,小
2026-08-09 01:33:56,85179820,000000000513bdac7bb5d86aa11637dfa9e01d986cc81bb668a4d19030393172,393172,2,双,小
2026-08-09 01:34:06,85179823,000000000513bdaf6d13271329062876edf18da853497c695675ade07cf56e14,f56e14,4,双,小
2026-08-09 01:34:16,85179827,000000000513bdb3a659b921e5db970272f00473c2915b31dc418c83506fcc26,6fcc26,6,双,大
2026-08-09 01:34:27,85179830,000000000513bdb64de09279d18adf1b964504f845146cb62dafc9b56c709c0c,709c0c,0,双,小
2026-08-09 01:34:38,85179834,000000000513bdba6f506a8c11ca815bed72bd9508be6f367f8571273530197e,30197e,7,单,大
2026-08-09 01:34:48,85179837,000000000513bdbd68b9ed4fc30b8131c9d4e721c8fe50a258315710ab45d767,45d767,7,单,大
2026-08-09 01:34:59,85179840,000000000513bdc0b647bd9b8d00cca9dbd5c07c36d0e9efac8ddcccabb05919,b05919,9,单,大
2026-08-09 01:35:10,85179844,000000000513bdc4199dc9a711065544be2495bbc747b015d1f2117f3da1b17f,a1b17f,7,单,大
2026-08-09 01:35:21,85179847,000000000513bdc731ab98acd33be90366a585c4bc9450b95a52c8e0ebd522a0,d522a0,0,双,小
2026-08-09 01:35:31,85179852,000000000513bdcc5cb8e13fac7d880fcd4a0a0746787e12ebd5d648988861fd,8861fd,1,单,小
2026-08-09 01:35:42,85179856,000000000513bdd085e15e4b134d1efb15e5e52d2aab0e9df9005c6e532e282f,2e282f,2,双,小
2026-08-09 01:35:53,85179859,000000000513bdd370ae3703a3be5ebc8a9f4a35314206f9e62dd303050a34df,0a34df,4,双,小
2026-08-09 01:36:04,85179862,000000000513bdd6457fa7b71c5e05f59921e70726668265aabf529f7ba3e3fd,a3e3fd,3,单,小
2026-08-09 01:36:15,85179866,000000000513bdda56e6dac35c3372d7440224c4da023d0e6d76b488e8b62fab,b62fab,2,双,小
2026-08-09 01:36:26,85179869,000000000513bdddaa70903f9a5484b1441aefa850b63a740f590fe79d1c5977,1c5977,7,单,大
2026-08-09 01:36:37,85179874,000000000513bde249619a6879402e12b8d1d94b35528626e062c4d1ede1b3c9,e1b3c9,9,单,大
2026-08-09 01:36:48,85179877,000000000513bde514679032aa127b49a12829de5b0d34a4ecb35a5e508c4bf8,8c4bf8,8,双,大
2026-08-09 01:36:58,85179880,000000000513bde84dcca602d5e4734c412b7bb9c4a42948dc66abfe9d81e63e,81e63e,3,单,小
2026-08-09 01:37:09,85179884,000000000513bdec60321a42a6ecabcea4f8c6fc8da2384ac07a0d77a7549cd3,549cd3,3,单,小
2026-08-09 01:37:20,85179888,000000000513bdf0f0e44ae856b0a1b1dc8c595b380e5221c75d1efc0c07bda6,07bda6,6,双,大
2026-08-09 01:37:31,85179891,000000000513bdf3111244249c01265c0db41423241f870a29cd36827bc02656,c02656,6,双,大
2026-08-09 01:37:42,85179895,000000000513bdf770fc99eeecea8d5075eb8589f51ac1f53e618e37bf1a9c94,1a9c94,4,双,小
2026-08-09 01:37:52,85179898,000000000513bdfa7040b71a8e2e73f56928220bcb9a4b2a036971622a038ed7,038ed7,7,单,大
2026-08-09 01:38:03,85179902,000000000513bdfe362476c73f94ba7952acb7f230967bb6aca7f2f3c429befd,29befd,9,单,大
2026-08-09 01:38:14,85179906,000000000513be02e25304ba367c4ad29bf5eb55e74d42415fefbfdcce694d4e,694d4e,4,双,小
2026-08-09 01:38:25,85179910,000000000513be067b0f65b12413d189097aeb51d9047255e1bf4420fda492ff,a492ff,2,双,小
2026-08-09 01:38:36,85179913,000000000513be093096a2e5a3ea2cd04a1f18764292f376aebe82d5852a6f7e,2a6f7e,7,单,大
2026-08-09 01:38:47,85179916,000000000513be0c879a7a2b284cb359c39e5b1d41f2b17b9239b188e2e17137,e17137,7,单,大
2026-08-09 01:38:58,85179920,000000000513be1083f7466ad28e0dc1e89d461daebf90d28a595d4e1c6b537c,6b537c,7,单,大
2026-08-09 01:39:08,85179924,000000000513be14d63cb5ea9cbde166b5194cc23f06a48643688057319c3c19,9c3c19,9,单,大
2026-08-09 01:39:20,85179928,000000000513be1898e14521bf6cce01e147902f7360804f49ee1844e654d483,54d483,3,单,小
2026-08-09 01:39:31,85179931,000000000513be1bc78898c38f48c13046b20a62e30ad28d6341148d4a28ea65,28ea65,5,单,大
2026-08-09 01:39:43,85179935,000000000513be1f1c239da757dde9cee1c68be8ebdc784f5a59e8e94fbe0140,be0140,0,双,小
2026-08-09 01:39:54,85179939,000000000513be23e045870e7d36ddf3c651ae1a3a5dbade767db103fed754ad,d754ad,4,双,小
2026-08-09 01:40:05,85179942,000000000513be26f0f6f37e0c30c9c702dcc6039860569c2d0c1948ab970030,970030,0,双,小
2026-08-09 01:40:17,85179947,000000000513be2baab5101ce3225144e93d0f00fd71f52b3b0a9fcc4ddd759f,dd759f,9,单,大
2026-08-09 01:40:28,85179950,000000000513be2ed66adbe586fb30cfa035c836635f6478361192a6cba8b377,a8b377,7,单,大
2026-08-09 01:40:40,85179954,000000000513be325a875d0624b11ea5714268f65b410306212a2d9509416ee9,416ee9,9,单,大
2026-08-09 01:40:51,85179958,000000000513be365b85e4ee9be8e4320270e56460278d15a8dfb31905d283b4,d283b4,4,双,小
2026-08-09 01:41:02,85179962,000000000513be3a9e2c12434be7418bc0d49c6fc6d60b585cf74819302161ce,2161ce,1,单,小
2026-08-09 01:41:14,85179966,000000000513be3e5af21df276a2734cfa2c406b8f39a6f98733804441f6ed80,f6ed80,0,双,小
2026-08-09 01:41:26,85179969,000000000513be4151ac8313f813ba3a0be09d5ba792c6ceb7e1b8a7890f49a8,0f49a8,8,双,大
2026-08-09 01:41:38,85179974,000000000513be46e19774d9e97bedc877094016d6ffaa35c82fe16f5f3bccca,3bccca,3,单,小
2026-08-09 01:41:50,85179977,000000000513be49e36d05445adfb8c8394a7f99964894bb939553937ca2c30b,a2c30b,0,双,小
2026-08-09 01:42:01,85179981,000000000513be4d655e56bf67eddc42e67e8d9874d546193cfe2ee7bbb182ce,b182ce,2,双,小
2026-08-09 01:42:13,85179985,000000000513be515c923ce581b2af8a49cc6050c77337ad4ee61fb4173ef793,3ef793,3,单,小
2026-08-09 01:42:24,85179989,000000000513be558bb5a15f15138fc835a21eabe97a602df39d3581e41a2dc4,1a2dc4,4,双,小
2026-08-09 01:42:36,85179993,000000000513be599b58e209cbda0e574cdec8be90e2f94fd680853d254da3dc,4da3dc,3,单,小
2026-08-09 01:42:47,85179996,000000000513be5ceb21ccb62f8ace8aa0e69c356685f168cd514dfe14e1ed9c,e1ed9c,9,单,大
2026-08-09 01:42:59,85180000,000000000513be60005e3ed3852cabf377f29e8e2d473272e50bc6a03dcfbc25,cfbc25,5,单,大
2026-08-09 01:43:10,85180004,000000000513be6461190bf96f778785444c1bcd8fdfd22ccea90c9d1c5513b2,5513b2,2,双,小
2026-08-09 01:43:22,85180008,000000000513be68330404c8cb3bd06da2b60ddb12d6f84da0219e703fca5c9a,ca5c9a,9,单,大
2026-08-09 01:43:34,85180012,000000000513be6c2250db4a981c2a9cf824fa9d80000fa76c2ff00a57063953,063953,3,单,小
2026-08-09 01:43:45,85180015,000000000513be6faabb62b032de0ed12519511a299505585b06f7431d6945bf,6945bf,5,单,大
2026-08-09 01:58:30,85180311,000000000513bf97425839f403e3d6cc0de306eed85490013166e2cfd35c5234,5c5234,4,双,小
2026-08-09 01:58:42,85180315,000000000513bf9b98e3ef717048871f1ec2fe2b70bb24254cca23b818ac8d0c,ac8d0c,0,双,小
2026-08-09 01:58:55,85180319,000000000513bf9febf3dc3268cc2db6d3af9e0961844c10e84ce1e687ba84c4,ba84c4,4,双,小
2026-08-09 01:59:09,85180323,000000000513bfa3c20410e081a4c29f6d5329db12e3e9a5f98809deaf148628,148628,8,双,大
2026-08-09 01:59:23,85180328,000000000513bfa8ebb55ece113595741384a429edf636012aa41c838a56e6c7,56e6c7,7,单,大
2026-08-09 01:59:35,85180333,000000000513bfad8b0723d9bf29f05919796b52b3e18bcabfe9bac82e311c7b,311c7b,7,单,大
2026-08-09 01:59:46,85180336,000000000513bfb01ba8866f45d4b43977c7d776546bd44607cdc12246a837e7,a837e7,7,单,大
2026-08-09 01:59:57,85180340,000000000513bfb4bd238de80d4d4e48a171e9abf543389557e40fef01ca4508,ca4508,8,双,大
2026-08-09 02:00:07,85180343,000000000513bfb712706d420e6867b2a9636ffa1920b6f31326096cd75e4af8,5e4af8,8,双,大
2026-08-09 02:00:25,85180347,000000000513bfbb80204f45d0176d7c258178ef941523e66a46801b44d1669f,d1669f,9,单,大
2026-08-09 02:00:43,85180353,000000000513bfc1851e240503eba5fb3af9da39f27265ddf4ddb019833d2554,3d2554,4,双,小
2026-08-09 02:01:07,85180361,000000000513bfc9fb80506fc768a36c350114c949209033a65876bc00394269,394269,9,单,大
2026-08-09 02:01:21,85180366,000000000513bfceb21411230958145a934785a15af023154166cab2a3821023,821023,3,单,小
2026-08-09 02:01:32,85180370,000000000513bfd2225e68ee474a58a7b033fade5b64188fe418458bf14719ef,4719ef,9,单,大
2026-08-09 02:01:43,85180373,000000000513bfd5208211479f44f1b86377ce4113cc93716d054b4bc73dcbbb,3dcbbb,3,单,小
2026-08-09 02:01:54,85180377,000000000513bfd9dfb25ae8262bcb9d74e8c2710e000b877edc0e0196f0a65e,f0a65e,5,单,大
2026-08-09 02:02:05,85180381,000000000513bfddba584ebb37f1b0e53c35d62fd6dcf6ba13f01c5edb480d87,480d87,7,单,大
2026-08-09 02:02:15,85180384,000000000513bfe0dcc19670121e5cb70bb397da9a82e14954fff649ee35d9ab,35d9ab,9,单,大
2026-08-09 02:02:25,85180387,000000000513bfe324cc7d43f0982e57d5a17b614aabb4b05451f733836fc79a,6fc79a,9,单,大
2026-08-09 02:02:35,85180390,000000000513bfe6d07d17aee569c900baccbec634e10c7722583d9377e85f61,e85f61,1,单,小
2026-08-09 02:02:46,85180394,000000000513bfea7325b7861bc23f54b076a97738a5ac220550ec69932b34bc,2b34bc,4,双,小
2026-08-09 02:02:57,85180398,000000000513bfee31dd81586f46f8c8dce5adc7d525d42807f122fc9a2b3a18,2b3a18,8,双,大
2026-08-09 02:03:08,85180402,000000000513bff2b9917f7bba6a770b5edaef39978790fe6a06bcc1b943d409,43d409,9,单,大
2026-08-09 02:03:19,85180406,000000000513bff63a7061d12fcfd6dabaf26046ae2f69784021e88e0f815e27,815e27,7,单,大
2026-08-09 02:03:30,85180409,000000000513bff9c117fe0f44759fa31334b70a9296abe4c5cab22665794fa9,794fa9,9,单,大
2026-08-09 02:03:41,85180413,000000000513bffd502fc5033a42cfef7c82b6a12b5932c823bc3e314cbe200e,be200e,0,双,小
2026-08-09 02:03:51,85180416,000000000513c0007fb050570d9117f7be0b44ee511e66622b52bc8b066cc4a7,6cc4a7,7,单,大
2026-08-09 02:04:01,85180419,000000000513c00358c4cf65aa14992364f62f3a3bc06e7585020b58f6782fd3,782fd3,3,单,小
2026-08-09 02:04:11,85180423,000000000513c00793093e7cd4ed08b4cd3f2894744a5828524caf35303f895f,3f895f,5,单,大
2026-08-09 02:04:21,85180425,000000000513c009e01f49e8819587fa2a3768d4d731240f6adb835748762490,762490,0,双,小
2026-08-09 02:04:31,85180430,000000000513c00ec22271961dcdd8cf3b142b10dd92df11000b499c391c3cdc,1c3cdc,3,单,小
2026-08-09 02:05:19,85180446,000000000513c01eefd9172c70584d30ae8cb0fa68d6a4fc868d4665125fd76e,5fd76e,6,双,大
2026-08-09 02:05:30,85180449,000000000513c02155131d57a834a85d0fd999ad35e74170849ae2fe43f34b9a,f34b9a,9,单,大
2026-08-09 02:05:40,85180452,000000000513c024db6f391abf9e1fff45eb5888d6fc928a85eee26197950409,950409,9,单,大
2026-08-09 02:05:51,85180456,000000000513c0285dda09cdc265c74d6f799da6a95909ca063348c88cd1e30d,d1e30d,0,双,小
2026-08-09 02:06:02,85180460,000000000513c02c69042913042720d067d29b469614e24ba5167d46c17b7b6e,7b7b6e,6,双,大
2026-08-09 02:06:13,85180463,000000000513c02f614ebcc6afd0a708b4f1be5430e2960d33ac7d51c2db9dc0,db9dc0,0,双,小
2026-08-09 02:06:24,85180467,000000000513c033b050296499467242a6ac01d96735cf52b462fbecc3b3c128,b3c128,8,双,大
2026-08-09 02:06:35,85180470,000000000513c0364d4cf8a9b68ccc48874438385ea9dbe9eb4328927f96b9ca,96b9ca,9,单,大
2026-08-09 02:06:46,85180474,000000000513c03a1331dd813c6f811d58a3912fb5d16f72ece15c11741b6a18,1b6a18,8,双,大
2026-08-09 02:06:56,85180478,000000000513c03e48fc820d1af031dbb727e0c38f7ba269c22d22cc085f8c9e,5f8c9e,9,单,大
2026-08-09 02:07:07,85180482,000000000513c0422439a7e61c7f529190a20a80ef7451c5d2453fd9b31e3cc1,1e3cc1,1,单,小
2026-08-09 02:07:18,85180485,000000000513c0455266ec27e486db3b1f883bcc8ed0c22dcc2ad26d97b18cfb,b18cfb,8,双,大
2026-08-09 02:07:28,85180488,000000000513c048f9d7cf0d5c89fbb2546f239f0888850a638fc424cad8f37a,d8f37a,7,单,大
2026-08-09 02:07:39,85180492,000000000513c04c29586fac0ed12a49a0a38a2205f234ae6954700223413d61,413d61,1,单,小
2026-08-09 02:07:50,85180495,000000000513c04f24f6e66747d5a5325de6e9d982b6d2c01012106c12c3b6a9,c3b6a9,9,单,大
2026-08-09 02:08:01,85180499,000000000513c053ffa8fe834f8b843887ae43c12e34b9162413e23c6faef80f,aef80f,0,双,小
2026-08-09 02:08:11,85180503,000000000513c0575fc9cc339fdaa8c0db394bad9a3cfbf0731e4b2539e139c9,e139c9,9,单,大
2026-08-09 02:08:22,85180506,000000000513c05a2b9a0bfc2351c6c8a1cd5761c43af93d1fc1f1c975927879,927879,9,单,大
2026-08-09 02:08:33,85180510,000000000513c05e54b2587f6827c9cd587b36e1517d6fe553a7bcdec685376b,85376b,6,双,大
2026-08-09 02:08:44,85180513,000000000513c061af77c6375377477924fa70a2f63be9274a172fc5a6159f6a,159f6a,6,双,大
2026-08-09 02:08:54,85180518,000000000513c06611ad0310732baa976d036e1a569707d2f8304d242382c3ea,82c3ea,3,单,小
2026-08-09 02:09:05,85180521,000000000513c0694e7a2af0e9b9a68bc4db1fd993ba33ec37aabdc3e83822e6,3822e6,6,双,大
2026-08-09 02:09:16,85180524,000000000513c06c297d89fb392f9bd9a4136f3affce581a93daf430dd84b20d,84b20d,0,双,小
2026-08-09 02:09:27,85180528,000000000513c070a5fe474413e93674ddb1b0f3ccfffaf85fe8d660dbd47352,d47352,2,双,小
2026-08-09 02:09:38,85180531,000000000513c0736324a668731657c66458b963937d908af204ce1843eb3998,eb3998,8,双,大
2026-08-09 02:09:48,85180535,000000000513c07782f87c181d7e5974d63b88657892ba4d9e257c0af48563a4,8563a4,4,双,小
2026-08-09 02:09:59,85180538,000000000513c07a371d166f36a0b17a648546ae1a9a4013658bec40fbffe61a,ffe61a,1,单,小
2026-08-09 02:10:10,85180542,000000000513c07e0dd6aa782c34d8c9daa041dd9a8fc4dfcb1bebfee519233a,19233a,3,单,小
2026-08-09 02:10:20,85180545,000000000513c081aa66dc1732d51681570c6af64db07ad06cc03bcfb5d659bb,d659bb,9,单,大
2026-08-09 02:10:31,85180550,000000000513c08698d683eab135d290cb46c2685fe6b0b068c4f67d5dda3f8d,da3f8d,8,双,大
2026-08-09 02:10:42,85180553,000000000513c089fc35801b9cc69e630f9488cb13cd23bfab9cb9236acf1143,cf1143,3,单,小
2026-08-09 02:10:53,85180556,000000000513c08c980b21a807d5f46acfb38ef85c6290243a4db481990b0d10,0b0d10,0,双,小
2026-08-09 02:11:03,85180560,000000000513c09013fdd0911ca8407f30b72020ae1d036aa764f9633633a1b7,33a1b7,7,单,大
2026-08-09 02:11:14,85180564,000000000513c094506987ef0d1d1b3506bb523077004f6a7f79686e52fa2419,fa2419,9,单,大
2026-08-09 02:11:25,85180567,000000000513c097b42bace6a8459fcf99d6a989fe2891853303aa5412f98e30,f98e30,0,双,小
2026-08-09 02:11:36,85180571,000000000513c09b8d40f9c49787405605ee4f4d543f49155d6aed0624ad96ed,ad96ed,6,双,大
2026-08-09 02:11:46,85180574,000000000513c09e6028413e5db1bea137be4ea7cd65c12a32fb39d763b230f5,b230f5,5,单,大
2026-08-09 02:11:57,85180577,000000000513c0a11f3fec45e183cd31312fae262c0911c07be596217f865e25,865e25,5,单,大
2026-08-09 02:12:08,85180582,000000000513c0a6bdf871c0fb52afe3fea33e9a013b4f1614a7bd1738a83bc4,a83bc4,4,双,小
2026-08-09 02:12:19,85180585,000000000513c0a9f0ca02a683b4ac87de2d59deb1f2232bc374b5fc496342be,6342be,2,双,小
2026-08-09 02:12:28,85180589,000000000513c0adcab22e413f7692a0169e418be3c49945c5f017ed823f8b44,3f8b44,4,双,小
2026-08-09 02:12:38,85180592,000000000513c0b0c282ad4eda2bbb7d75120172c489bddb12532bec26153d68,153d68,8,双,大
2026-08-09 02:12:48,85180595,000000000513c0b3c538d19a877410e431ffdd56ec340da85a5e5ab20e9c847f,9c847f,7,单,大
2026-08-09 02:12:58,85180598,000000000513c0b6d14057ee0370f5a231208e6c8848d0cadcb41e90dfe400bf,e400bf,0,双,小
2026-08-09 02:13:08,85180602,000000000513c0ba862ff9bca3841d18b79f40c521a1ad033a33ba2fc20b0bd2,0b0bd2,2,双,小
2026-08-09 02:13:18,85180605,000000000513c0bd1557bedbe941dfaaaa56c7dc77bec24840745424a2c43f5d,c43f5d,5,单,大
2026-08-09 02:13:28,85180608,000000000513c0c042fb056ef616717023c0902956037d91a7e01938b1aac5f6,aac5f6,6,双,大
2026-08-09 02:13:39,85180612,000000000513c0c45e8eda3e713164ecd849e9ab477112d2bbccf9f6d6ebc8d2,ebc8d2,2,双,小
2026-08-09 02:13:49,85180615,000000000513c0c7100242a29d26c6269b4c95d3c69d90c57f2df9c4966295c4,6295c4,4,双,小
2026-08-09 02:14:00,85180619,000000000513c0cb4535aacb2e629e6281436a00db32a4935ce719a866537fb3,537fb3,3,单,小
2026-08-09 02:14:11,85180622,000000000513c0ce0553f1e218d0c2b29d7d942c3291a3f63a4f27e8d402c025,02c025,5,单,大
2026-08-09 02:14:22,85180626,000000000513c0d2e5f4a1e085ad7e63eef44e7555fd92f98e8aea6c2bcd0800,cd0800,0,双,小
2026-08-09 02:14:33,85180630,000000000513c0d6d02e3412028f97936a4a434d4d983151c92da535859e72e9,9e72e9,9,单,大
2026-08-09 02:14:44,85180634,000000000513c0da284cb34447f75eabf28946c667f5ff942cb801aaba912f47,912f47,7,单,大
2026-08-09 02:14:54,85180637,000000000513c0dd5b7119385ae6df474bfaeac10689cb367c9a0a859fcaa7bf,caa7bf,7,单,大
2026-08-09 02:17:23,85180687,000000000513c10f545292ee3dd9e04bf9282de21fb75fd8eaad3ef1099542e7,9542e7,7,单,大
2026-08-09 02:17:33,85180690,000000000513c112c414c2e036d3286119097ad810d82b1236164f1cef52313e,52313e,3,单,小
2026-08-09 02:17:44,85180693,000000000513c11525e31237546b8c9400f715d3449cb474caf252212e40422c,40422c,2,双,小
2026-08-09 02:17:54,85180697,000000000513c119b386a0513edbdbb13da69acc219b1714795a6a2b15e43240,e43240,0,双,小
2026-08-09 02:18:04,85180700,000000000513c11c603035f7a359eb02c1c1b74366225c359ea570e25ad6a179,d6a179,9,单,大
2026-08-09 02:18:14,85180704,000000000513c120efd75f8327c488a880f9a033479561563c10795528bfbe95,bfbe95,5,单,大
2026-08-09 02:18:23,85180707,000000000513c123d56971c77fee0258e60ead3ae1e5eaead2cd845f40015807,015807,7,单,大
2026-08-09 02:18:33,85180710,000000000513c126417becad374de9e5c326ec8801a6148d748167c35dcbc670,cbc670,0,双,小
2026-08-09 02:18:44,85180714,000000000513c12a0391a42f94decc1221831af4ddb0e52057d4b231e1986d08,986d08,8,双,大
2026-08-09 02:18:55,85180717,000000000513c12d760db5c5641c6b656ef2744cc02520845c9e02e04a2145a7,2145a7,7,单,大
2026-08-09 02:19:05,85180721,000000000513c131bc05c53cd5029054bbeb123f5eb603fff675979886c67b30,c67b30,0,双,小
2026-08-09 02:19:16,85180724,000000000513c134bb9e9aa93579b67e6c2cec182ea2e71df42bb9a9a63935f6,3935f6,6,双,大
2026-08-09 02:19:27,85180728,000000000513c138289725d97ce4b8cfefc6b94bd17a0aaada7e766a0433d506,33d506,6,双,大
2026-08-09 02:19:37,85180731,000000000513c13b35fcda14839ff15a54f075851b650ce122e64a941f841c1e,841c1e,1,单,小
2026-08-09 02:19:48,85180735,000000000513c13f1fbf22d2b410e8d3a0bb50028eb5cf75efdad4a0c944a7c0,44a7c0,0,双,小
2026-08-09 02:19:59,85180738,000000000513c142bb82ac554c67b301552e0894715f03dba14e8568ea827a21,827a21,1,单,小
2026-08-09 02:20:10,85180742,000000000513c14640fd207202fdd7c42918b30ac17859c335e77f3bbbc67828,c67828,8,双,大
2026-08-09 02:20:20,85180746,000000000513c14a38743e8fdfe830f4b2fa8a02dfeb167789d726798485532b,85532b,2,双,小
2026-08-09 02:20:31,85180749,000000000513c14d54df1a8063c4e76b851aacea3a81aec6c391fa46322f8c91,2f8c91,1,单,小
2026-08-09 02:20:42,85180753,000000000513c151fc973ea0a1587cc418fb29a54d21da75255f5a03217b1073,7b1073,3,单,小
2026-08-09 02:20:52,85180757,000000000513c155a711de3cba0584ea2252b9e11e883b85a2f0bf5162a6eef0,a6eef0,0,双,小
2026-08-09 02:21:03,85180760,000000000513c158f080ff6afa7ecf305d095c2e3bab8fdca7c096d1a919f0c6,19f0c6,6,双,大
2026-08-09 02:21:14,85180763,000000000513c15b907c8f74c130c9bd81f862f17349f176322ec1d0bbc446d5,c446d5,5,单,大
2026-08-09 02:21:24,85180767,000000000513c15fd1b9426d3b016066b27c8b2bb7c4a43d198512021bb01881,b01881,1,单,小
2026-08-09 02:21:35,85180770,000000000513c162179b4c792282010b283a2c4159ebfb5090e926ed0037e9ce,37e9ce,9,单,大
2026-08-09 02:21:46,85180774,000000000513c166fe37ef09b22459a617a354f7f76e756e3507ae6bf9cfffc4,cfffc4,4,双,小
2026-08-09 02:21:56,85180778,000000000513c16aac043e6bedf8df9b4108ddfad38734f9863488f1bb090427,090427,7,单,大
2026-08-09 02:22:07,85180781,000000000513c16dabbbff7e882881035804c0ef0c002f056be6bf965d630be3,630be3,3,单,小
2026-08-09 02:22:18,85180785,000000000513c171f7b6fb0ee57206fcf00ff9d2085a537fbc18fa41f02f7185,2f7185,5,单,大
2026-08-09 02:22:28,85180788,000000000513c1745845e0e99954c86fef6b30de955b3f2c2622ec67e8e4b16d,e4b16d,6,双,大
2026-08-09 02:22:39,85180792,000000000513c178a8d41d143fb2de3773d2627e4773842e775b97676c0c3b32,0c3b32,2,双,小
2026-08-09 02:22:50,85180796,000000000513c17cd7cd95ef41f010e0b35c6e41f0742e8aef2eff4f734978b4,4978b4,4,双,小
2026-08-09 02:23:00,85180799,000000000513c17ff885ebc3309ef552a3e2b9eb4cf7ca3cdda4613ba8cf0b0d,cf0b0d,0,双,小
2026-08-09 02:23:11,85180803,000000000513c18385c185504ac036f0d80b6aaf9846678498ce4462a0ecc9c5,ecc9c5,5,单,大
2026-08-09 02:23:21,85180806,000000000513c1865a935c35fb28a3f80827f983a13e9d6db7955db6c4cc3e6b,cc3e6b,6,双,大
2026-08-09 02:23:31,85180809,000000000513c1894937ffe137f8fa31c3420b6f4de36e59f905e0cb889dc0bb,9dc0bb,0,双,小
2026-08-09 02:23:40,85180813,000000000513c18dbb8fe08e50e778efd3ab18b946d0a69975ff84c584a247f8,a247f8,8,双,大
2026-08-09 02:23:51,85180816,000000000513c190ec1a50149aae3129e2b411e6729465c2871e89a833d5f163,d5f163,3,单,小
2026-08-09 02:24:01,85180820,000000000513c194ff8e51ef9442669ef5a7fc86f9208de7a53cba79a8913506,913506,6,双,大
2026-08-09 02:24:12,85180823,000000000513c1978fd0bee92dcee454f84e5a82e9f9bf6826eace477d3eb19e,3eb19e,9,单,大
2026-08-09 02:24:23,85180827,000000000513c19bc80b047ad7840b660ae381877eeb15a7d53fefa7e5513d6a,513d6a,6,双,大
2026-08-09 02:24:34,85180830,000000000513c19e19afb1cebfbf2b5b9301d5416dd4dcabe1e0b69e42cc634d,cc634d,4,双,小
2026-08-09 02:24:45,85180834,000000000513c1a2da53a56c23284be868aee2e00d77eddf7076078eedeb1509,eb1509,9,单,大
2026-08-09 02:24:56,85180837,000000000513c1a5e3e5da3faf2dc89364f933209b83695db9d574b7e47da87a,7da87a,7,单,大
2026-08-09 02:25:06,85180841,000000000513c1a9b986a3190299da2c31c5ade8041201426ac2a1d191a9c185,a9c185,5,单,大
2026-08-09 02:43:00,85181199,000000000513c30fd3a03b0ca00c481e97b36c1a4a16f25529f320153040911f,40911f,1,单,小
2026-08-09 02:43:10,85181203,000000000513c313ad828464fcbb8b1322b9501535ed0ab449cb12d004ac687c,ac687c,7,单,大
2026-08-09 02:43:21,85181206,000000000513c31612fa0df4531e81c124f9bc5aee04cd0be3f41bd13aec5507,ec5507,7,单,大
2026-08-09 02:43:31,85181209,000000000513c31945f2eaa49848f4b0cca1b5cc39042932a792bcee79efd7d3,efd7d3,3,单,小
2026-08-09 02:43:41,85181212,000000000513c31c1150d8e0cbc4069caacfa02e72840c87648c989c00c14f9b,c14f9b,9,单,大
2026-08-09 02:43:50,85181216,000000000513c320005b8a1e61453666c0380206b94f775d03721fd722f65c77,f65c77,7,单,大
2026-08-09 02:44:00,85181219,000000000513c323468385af2e0d489f2bcdaf8e4e61b36f43513c026b345714,345714,4,双,小
2026-08-09 02:44:10,85181223,000000000513c327787b8b64e15f6c1d6df4a10827262d0ead84aab89dff77cf,ff77cf,7,单,大
2026-08-09 02:44:20,85181226,000000000513c32a8527bb3fafcbdce4892e2b50e705f71a405750f94350c94f,50c94f,4,双,小
2026-08-09 02:44:29,85181228,000000000513c32cc2b67735d05ce1abdeea7c5fcf6fb9ee247bd313219cad17,9cad17,7,单,大
2026-08-09 02:44:39,85181232,000000000513c330b4cbbe8c02e0bc7291f943ca42de3375d47cc239c90e2f6e,0e2f6e,6,双,大
2026-08-09 02:44:49,85181235,000000000513c3335ed19abae4898803f5e31d31c61209bed100a4b456232577,232577,7,单,大
2026-08-09 02:44:59,85181239,000000000513c337a35c8805b06d7963fab93957ff82e38667b8774bce2108c1,2108c1,1,单,小
2026-08-09 02:45:09,85181242,000000000513c33ab47a77c5a869afedc5dc985810956af6647a11a89f502f5b,502f5b,5,单,大
2026-08-09 02:45:20,85181245,000000000513c33d2405e482bc94628e716eaa7eb4ed05d9e5b8a58429cbb0ff,cbb0ff,0,双,小
2026-08-09 02:45:30,85181249,000000000513c3415278efd128b9df1fbf6aadcb461ddb608b0de14541ce24b3,ce24b3,3,单,小
2026-08-09 02:45:40,85181252,000000000513c3448b82b118aba0c77a20d20d8bf7477740fe45a217b2d601c9,d601c9,9,单,大
2026-08-09 02:45:49,85181256,000000000513c3482e68b6b7b8851b77a981ccdba47e8b11ffcc1709fde6277b,e6277b,7,单,大
2026-08-09 02:45:59,85181259,000000000513c34b287dae83c4cb07065fe2c2b46bc2d3edcf006d97e6d4e148,d4e148,8,双,大
2026-08-09 02:46:10,85181262,000000000513c34e0f104dd861f9442b3e78de80c54a83ad49aa5b0ba1a6e448,a6e448,8,双,大
2026-08-09 02:46:20,85181266,000000000513c352d1dc4e9cf1d631e9274a02a33083bb6a07398f89c9749f09,749f09,9,单,大
2026-08-09 02:46:31,85181270,000000000513c35659b4f0b7ed8d920682bd69590d5c70715ac499599357a2f1,57a2f1,1,单,小
2026-08-09 02:46:42,85181273,000000000513c3593d83f671fb3d86a8a651ac4a2ecdc02bd3bc8262ff0ed5fa,0ed5fa,5,单,大
2026-08-09 02:46:53,85181277,000000000513c35d705cc2362edc917937f0882bd78cf8c2017cd7baab233340,233340,0,双,小
2026-08-09 02:47:03,85181280,000000000513c36006c0b72c686a90a529e81c20ce6acee46bff827e83e77c51,e77c51,1,单,小
2026-08-09 02:47:14,85181284,000000000513c3644f3d2b1726c759b76efb61f8222b4ee0262f63e5a20d2d88,0d2d88,8,双,大
2026-08-09 02:47:24,85181287,000000000513c3678ec17ce711eef181fc681871d7f907f2ecd88c8e3b13afc1,13afc1,1,单,小
2026-08-09 02:47:34,85181290,000000000513c36a3dec86d149419a56cf0c18f988aed3aba3661beeebc001f5,c001f5,5,单,大
2026-08-09 02:47:44,85181294,000000000513c36e6022ad3d3c26f5571a0118f5d4c12bf8581e8edaec879396,879396,6,双,大
2026-08-09 02:47:54,85181297,000000000513c3716d9e477d1d72d9954225b0d14b8aea29dede3e350fb0032a,b0032a,2,双,小
2026-08-09 02:48:05,85181301,000000000513c3758f29c5033ff3930d547065a6c96497661fe90bdf1454a1c1,54a1c1,1,单,小
2026-08-09 02:48:14,85181304,000000000513c378995ec1cfc9cc93a224d0170ae8d6558c75aa5f6c497e2522,7e2522,2,双,小
2026-08-09 02:48:24,85181307,000000000513c37b0ddfee020e9996c772f0e5466c9ef90766590cba094b48e3,4b48e3,3,单,小
2026-08-09 02:48:34,85181310,000000000513c37eabcfc4ba3a9b5108fc2ce593b023267cd0a1863415b72070,b72070,0,双,小
2026-08-09 02:48:44,85181314,000000000513c38282801f6fa80477cad428a3e13ddf07028c577748899853e7,9853e7,7,单,大
2026-08-09 02:48:54,85181317,000000000513c38518acac749a1fd167460d72c5e4f12ff00c89806a2d95020a,95020a,0,双,小
2026-08-09 02:49:04,85181320,000000000513c388c7605b7aa05da9576c318acb543fa761c49019c64367aeb2,67aeb2,2,双,小
2026-08-09 02:49:13,85181323,000000000513c38be7b90665b32825bf7b5eba5b949b4e6e8a78298562a20848,a20848,8,双,大
2026-08-09 02:49:23,85181327,000000000513c38f7c55c87d980d41fbeecb8abc2e6f682d56d23fc0c2bcf0d8,bcf0d8,8,双,大
2026-08-09 02:49:33,85181330,000000000513c392c845b0bfd2b7e6f01df922d556ca3ad492c8a406a22e982c,2e982c,2,双,小
2026-08-09 02:49:43,85181333,000000000513c395e853c1c8936e795ae9c9a1d14678b4e7e14897e1dc6a17b3,6a17b3,3,单,小
2026-08-09 02:49:53,85181337,000000000513c399b7296fa73dd1a1936bad988d7b3766d1d15e6a58e201263c,01263c,3,单,小
2026-08-09 02:50:02,85181340,000000000513c39c22c07d4d86db7be660d8707cc02b7d43b809612e84f47e51,f47e51,1,单,小
2026-08-09 02:50:12,85181343,000000000513c39fdd0e9c999171a8331c5542146368fafef9b917d7a946ceb8,46ceb8,8,双,大
2026-08-09 02:50:22,85181346,000000000513c3a2dafdf9e7dc60a75be0ae045b2370960a4a74e74df3830b7a,830b7a,7,单,大
2026-08-09 02:50:33,85181349,000000000513c3a5aa7493e49cc5f937bdb56e33e4214269e3d810d3348fa347,8fa347,7,单,大
2026-08-09 02:50:44,85181354,000000000513c3aa7a68ce5ae04c0db302520fd4aec1ede881786bade2e9065b,e9065b,5,单,大
2026-08-09 02:50:54,85181357,000000000513c3ad408a8ab304889df16240e2296d4faa5009f591dbb71bff45,1bff45,5,单,大
2026-08-09 02:51:04,85181360,000000000513c3b05b3b85a45dff3d08ccfb4eb573adbd32eac0d1f76204a9d3,04a9d3,3,单,小
2026-08-09 02:51:14,85181364,000000000513c3b431c30dfa228e16f0ff3733d160b77b26e75b1d1dbf0a8fed,0a8fed,8,双,大
2026-08-09 02:51:23,85181367,000000000513c3b7b877f6159d6bd20fcc1a41438c97f85169b77060e935ff9e,35ff9e,9,单,大
2026-08-09 02:51:33,85181370,000000000513c3bacf91e3d8ec50e3161cac67ab471ea7bed64ae35fbf8c2f69,8c2f69,9,单,大
2026-08-09 02:51:43,85181373,000000000513c3bd05f6ce617fab4cc138d0d8576af7fde78a9d6e98a87e10a9,7e10a9,9,单,大
2026-08-09 02:51:53,85181377,000000000513c3c1ac6505ebfbb59dffe234bafd7efb709edc6d9fe9e31a787f,1a787f,7,单,大
2026-08-09 02:52:03,85181380,000000000513c3c4a8e01106effa8c692e6d99fe396833380b5743310c543a1d,543a1d,1,单,小
2026-08-09 02:52:13,85181383,000000000513c3c7deb71d4f7510f43b81c3a3eb77e5c75b27d1ceeb7b0db393,0db393,3,单,小
2026-08-09 02:52:22,85181387,000000000513c3cb98419aadacd8ec793c703e35942264ce6be2c066d166987e,66987e,7,单,大
2026-08-09 02:52:32,85181390,000000000513c3cebb1ffddf6facdb7fc8ae5a44933536d5316d6a8e5ee2478b,e2478b,8,双,大
2026-08-09 02:52:42,85181393,000000000513c3d101c84db8ea9438ab844249df7e325aa4ca2138431052eb1d,52eb1d,1,单,小
2026-08-09 02:52:52,85181396,000000000513c3d4f3a18aa1d285cb2845242a203c146f6707b7342eab76ed96,76ed96,6,双,大
2026-08-09 02:53:01,85181399,000000000513c3d7f30ab10bf6a982be29f0b648a88796481a606e27962a60f2,2a60f2,2,双,小
2026-08-09 02:53:11,85181403,000000000513c3dbf5ba2a2759a0c22078a466fe2e7aecdcdb0f4ca8847ed4f0,7ed4f0,0,双,小
2026-08-09 02:53:21,85181406,000000000513c3debced2769cf2bee08a0862f9ec9d76efbdb5696a08fbcc491,bcc491,1,单,小
2026-08-09 02:53:31,85181409,000000000513c3e1514706340a5c0bfde021e615f1d82cfd77de8626108048d4,8048d4,4,双,小
2026-08-09 02:53:41,85181412,000000000513c3e4c365a475630a848a3bc7cb701da076efe58f155f0cbf6d62,bf6d62,2,双,小
2026-08-09 02:53:51,85181416,000000000513c3e8815aa25928ffe63d0fb9595b2f728d4dec74618d666a889f,6a889f,9,单,大
2026-08-09 02:54:01,85181419,000000000513c3eb8815f53de064f5e28eeeb8be26c5d99b8441075f477e5ecc,7e5ecc,5,单,大
2026-08-09 02:54:11,85181422,000000000513c3eec4b5e580c027174452c9d1855a5958ab5f4a31a8b305b8fd,05b8fd,8,双,大
2026-08-09 02:54:20,85181426,000000000513c3f21cdc124a4f68c359970e58cde4f252eda7604846b50ba9d8,0ba9d8,8,双,大
2026-08-09 02:54:30,85181429,000000000513c3f5ca9bb9030817a8dd900d5336e619bf81e893faf956dfeead,dfeead,6,双,大
2026-08-09 02:54:40,85181432,000000000513c3f82cca9b9f8443e39aa17ce4c7c220cb2a4c87f266b1001da6,001da6,6,双,大
2026-08-09 02:54:50,85181436,000000000513c3fcc9fc52ae6d2b78d5c011c35444e8a5ff65f2e5df1e888c3e,888c3e,3,单,小
2026-08-09 02:55:00,85181439,000000000513c3ff5e69056edb3ce4dd69d9726de99a170584fb2f1c439a6b49,9a6b49,9,单,大
2026-08-09 02:55:11,85181443,000000000513c403aa614f4a23fa288950518958ce5d7bd6f9d2dad4cd53834e,53834e,4,双,小
2026-08-09 02:55:21,85181446,000000000513c406fb1ca56759c275bc747ede31d5b6543ada14db0d7e386920,386920,0,双,小
2026-08-09 02:55:32,85181450,000000000513c40aa7875fde3305b4d6a3aaa626dd3de08fd31f26c27375ab30,75ab30,0,双,小
2026-08-09 02:55:42,85181453,000000000513c40d7b3eeba795a26153dd4ee72cfb3ba54e228ce77550dc54f5,dc54f5,5,单,大
2026-08-09 02:55:52,85181456,000000000513c4104f12b4c1b0880f797f098b6f676960f57d4608e80b859c95,859c95,5,单,大
2026-08-09 02:56:02,85181460,000000000513c414330fe60d38c04d27ea9560d90e3234876c7fff0c75afdcf3,afdcf3,3,单,小
2026-08-09 02:56:12,85181463,000000000513c417dfbe2fdedb6b10d3a7b76e0081471d98c17d216064f86c82,f86c82,2,双,小
2026-08-09 02:56:22,85181466,000000000513c41aaf7837e8b6d882d2338ba2893a4fbbed70924c27011ec249,1ec249,9,单,大
2026-08-09 02:56:32,85181469,000000000513c41d7ed36c3a4f37f4fa84f14956ae25a8811eb44e6542482501,482501,1,单,小
2026-08-09 02:56:41,85181473,000000000513c4218a648da37c3d80587921e2a4528d63f59e9c5e48c405b3a2,05b3a2,2,双,小
2026-08-09 02:56:51,85181476,000000000513c42465e5918cf65dac1c0d825d6b199dfdcdbc5ca38a87a3cec1,a3cec1,1,单,小
2026-08-09 02:57:01,85181480,000000000513c428a799c66b2aaf7f19512fb5f394265b7c145bbaee52325b13,325b13,3,单,小
2026-08-09 02:57:11,85181483,000000000513c42bb0c780231f35c991d6a3fcbf8f1c1b3066578913f8916629,916629,9,单,大
2026-08-09 02:57:21,85181486,000000000513c42e53c1fe252a196c4c495510b149038fc7690e268ffb72bb9b,72bb9b,9,单,大
2026-08-09 02:57:30,85181489,000000000513c43126de8f392f9370dc664ccea662484e09aa2e852906772c06,772c06,6,双,大
2026-08-09 02:57:40,85181492,000000000513c434a416ca437ab83b16a25624c6b4ee6e12abf1c36290ea1631,ea1631,1,单,小
2026-08-09 02:57:50,85181496,000000000513c43864f7060ec5bcfe8c96845c8ae326c08b1ee38c825041844f,41844f,4,双,小
2026-08-09 02:58:00,85181499,000000000513c43ba1f8b918df8fd02910ccbbbd00f43896f2b82df8f5b5693e,b5693e,3,单,小
2026-08-09 02:58:09,85181502,000000000513c43ef1294496f015fef060c18b5bd76848ec99fcfe2a57834c9c,834c9c,9,单,大
2026-08-09 02:58:20,85181506,000000000513c442f663bc30c5d0c9be0755de2fd4706713c2c9318f9d71bf7f,71bf7f,7,单,大
2026-08-09 02:58:29,85181509,000000000513c4456123141d75b0364580dbd18e18ca9da51f33731b5f4334df,4334df,4,双,小
2026-08-09 02:58:39,85181513,000000000513c4491506b4285167c559ef16f1969d47d5ede6e30ebe2dbefda8,befda8,8,双,大
2026-08-09 02:58:49,85181515,000000000513c44b7759326ccf6fa86b169af1fe32c8d690754262402cae7016,ae7016,6,双,大
2026-08-09 02:58:59,85181518,000000000513c44e49f890d63cf0afae3b3d20932a128fa0e79e6d3a2ab6e77d,b6e77d,7,单,大
2026-08-09 02:59:08,85181522,000000000513c452b05df760807a4d18f5a02de33d365bfd07aeb4a339b192a6,b192a6,6,双,大
2026-08-09 02:59:18,85181525,000000000513c455b9b9a7c320ee3676cf7f59ade28d7c8f3b0c8e65e832a9ea,32a9ea,9,单,大
2026-08-09 02:59:28,85181528,000000000513c4580a2b228355c5f696b02c62690b25fa8e80e8f1a2fd43f619,43f619,9,单,大
2026-08-09 02:59:38,85181532,000000000513c45ca2de86228715427110011559b1f615544b945e4267d1c00c,d1c00c,0,双,小
2026-08-09 02:59:47,85181535,000000000513c45f4107b7ed2a315ee317b0b3b800de3a6e01c2c99ce6d0293f,d0293f,3,单,小
2026-08-09 02:59:57,85181538,000000000513c462a26117a26e56e7ee7a43ccd30a529a6322e675682b8f6e5a,8f6e5a,5,单,大
2026-08-09 03:00:07,85181541,000000000513c465afcf82793898cc972a6a293101dd00d5461fcfb50ca33fc2,a33fc2,2,双,小
2026-08-09 03:00:17,85181544,000000000513c46844a501c0fba4f64215733192cf2c7febf295b3784a4d1714,4d1714,4,双,小
2026-08-09 03:00:28,85181548,000000000513c46c2d81ca2a9eea6a72807f04e95e2e3ed1a7a0c2e52cd5278c,d5278c,8,双,大
2026-08-09 03:00:38,85181551,000000000513c46f3b2b0c959fb414b79cfdbe2c2d8c2199109cdfaae45fa590,5fa590,0,双,小
2026-08-09 03:00:49,85181555,000000000513c473d911425fe2db95de9a6959068c199bb4deebb85d6b74f706,74f706,6,双,大
2026-08-09 03:00:59,85181559,000000000513c477eb2e7eb3a35d801c59615b54a5328c72d36b4395d6fd419b,fd419b,9,单,大
2026-08-09 03:01:10,85181562,000000000513c47aed6d22d133fbb32edbf9e7aae630e16b89a6e4651d3785f7,3785f7,7,单,大
2026-08-09 03:01:20,85181565,000000000513c47dc3bbd800d99a2fce1026743e08ffdea3655ab9645ffd20ba,fd20ba,0,双,小
2026-08-09 03:01:31,85181570,000000000513c482d6564c452260dc46a1ed6f2bbfa6a4fc8d509b11a4573772,573772,2,双,小
2026-08-09 03:01:41,85181573,000000000513c485513332fc30650cf961d680b37f429f4e94e11dfeea4c9925,4c9925,5,单,大
2026-08-09 03:01:52,85181576,000000000513c488e816e49b492d256f945e1fad1a71543cc4b8fdb43f12ce81,12ce81,1,单,小
2026-08-09 03:02:03,85181580,000000000513c48cd8efcc4c91cc676e4d7122531aa3ebc58eba5f7b7c370171,370171,1,单,小
2026-08-09 03:02:13,85181584,000000000513c490c6265d32894e971d039b5e3b7a91de4472e89347e349a0b4,49a0b4,4,双,小
2026-08-09 03:02:24,85181587,000000000513c4930fdee800e25c72f9a40a3bb6d4c7db17d6f7270ed601d523,01d523,3,单,小
2026-08-09 03:02:35,85181590,000000000513c496e923ace04b8aca03c1e12c85626e1ccded18f35210bdafc8,bdafc8,8,双,大
2026-08-09 03:02:45,85181594,000000000513c49a8c0af187c3430586f09e1860889ff005e6adddbe3f3a8d8f,3a8d8f,8,双,大
2026-08-09 03:02:56,85181598,000000000513c49e6afdc4ba3897d698423d872214ae4ed694abfdb6e9ba1e4a,ba1e4a,4,双,小
2026-08-09 03:03:07,85181601,000000000513c4a100898fd08084394bfaffe20185e503dff3b01158fecff105,cff105,5,单,大
2026-08-09 03:03:17,85181605,000000000513c4a5f0731d935a72993fd57e9dce84dc2b8c0f844d050fe7d18b,e7d18b,8,双,大
2026-08-09 03:03:28,85181608,000000000513c4a8cd3238ca974e4ae5c2a0a2c702f78e80adbee184fecb465d,cb465d,5,单,大
2026-08-09 03:03:37,85181611,000000000513c4ab8b62bffcec9e6889806df32b87031bb2d16e91ba92a63358,a63358,8,双,大
2026-08-09 03:03:48,85181615,000000000513c4afbd92d5a345625a3620660dd679d03f8975e2fc9c156ef85b,6ef85b,5,单,大
2026-08-09 03:03:58,85181618,000000000513c4b2e0668cd4e089a005f4f57986e0fbdfb46112d9bd8c3871bb,3871bb,1,单,小
2026-08-09 03:04:08,85181622,000000000513c4b619cf0c8adac25f8f0182da49c6595ed42e1caae5fd835bec,835bec,5,单,大
2026-08-09 03:04:18,85181626,000000000513c4bae1b512e0aa9446496ff72ed599a509bd59c0cf1de1f542dd,f542dd,2,双,小
2026-08-09 03:04:28,85181628,000000000513c4bc97396ecfa15a2c2afa4f5e94b9c94487e69bbe64566e78ae,6e78ae,8,双,大
2026-08-09 03:04:38,85181632,000000000513c4c0eb3c43797c0eccdd8fa7ef9587c2492d153ab5b172c2a319,c2a319,9,单,大
2026-08-09 03:04:48,85181635,000000000513c4c354fc5bf6e662d0b2cf33cfea2faf048fa556bf5341396d88,396d88,8,双,大
2026-08-09 03:04:57,85181638,000000000513c4c6e8653b1e294c712229504cc580ce8db5533983027bd9eef6,d9eef6,6,双,大
2026-08-09 03:05:07,85181641,000000000513c4c9bfc2c32746e0315c0f4757cb16eb101942b8b146f3663f57,663f57,7,单,大
2026-08-09 03:05:17,85181645,000000000513c4cddcfbee47fd4954e18900a6aea55624432ea2df2574af9a09,af9a09,9,单,大
2026-08-09 03:05:26,85181648,000000000513c4d071aaa361465e657680f86ef59fc9a9f88396144c4c15fcd3,15fcd3,3,单,小
2026-08-09 03:05:36,85181651,000000000513c4d35330d0c53f58251edc89e38215822f2dabce10c56f855de4,855de4,4,双,小
2026-08-09 03:05:46,85181655,000000000513c4d74790ce92cd02f15090a32f648007ddf216235c524a93888a,93888a,8,双,大
2026-08-09 03:05:56,85181658,000000000513c4da8fac93ab514bf07d84491599afd94a244699049f4fe7c258,e7c258,8,双,大
2026-08-09 03:06:06,85181661,000000000513c4ddf9d9f1185bb6c5c9105b4e5dda63cd03a30b6e7236e490a9,e490a9,9,单,大
2026-08-09 03:06:16,85181664,000000000513c4e06c21da418ee4588e170ad355ca6a45f9aa1e73196532e3e6,32e3e6,6,双,大
2026-08-09 03:06:26,85181667,000000000513c4e371ffe567be4ece9c93a7a7d220d10740560f496d62e97bca,e97bca,7,单,大
2026-08-09 03:06:36,85181671,000000000513c4e7f0d306aa82f77537fe1b37428017c62f1e619f9ba82b0623,2b0623,3,单,小
2026-08-09 03:06:46,85181674,000000000513c4ea0c1f8198ac03c69b12ee0e2719809815d60f0d43cb497ba7,497ba7,7,单,大
2026-08-09 03:06:57,85181678,000000000513c4eebf79403958145a7f8af9f739ce4b7053a33537569ba1af57,a1af57,7,单,大
2026-08-09 03:07:06,85181681,000000000513c4f1cb56cefb7bfb8e274ae556417b292c42022e496ab4fcd1cd,fcd1cd,1,单,小
2026-08-09 03:07:16,85181685,000000000513c4f57b013ce26b2804dd2f7e8b6c03851ba4d60c4fbd6f8ff66e,8ff66e,6,双,大
2026-08-09 03:07:26,85181688,000000000513c4f89dfabff9d936d56e9dc5ffb8fd0f1efb046d757807f385c9,f385c9,9,单,大
2026-08-09 03:07:36,85181691,000000000513c4fb373faeda3c8bcd53b60ce73a29ff4bfc49e61e43e4a25df0,a25df0,0,双,小
2026-08-09 03:07:46,85181694,000000000513c4fe3ad8325e67de6eca26ad3a8e5320498cfde3f4494aea55ee,ea55ee,5,单,大
2026-08-09 03:07:56,85181697,000000000513c501a94a0a8767df7c6ff2b117ee5aeea7173ea004e4565f9b67,5f9b67,7,单,大
2026-08-09 03:08:06,85181701,000000000513c50524070aec27e610c099e7624f6b1e6dfc1f17ff092d1620bc,1620bc,0,双,小
2026-08-09 03:08:16,85181704,000000000513c5087023b8cb96080374975a16873d0fc6205edd45179d940a07,940a07,7,单,大
2026-08-09 03:08:26,85181707,000000000513c50bd512b914648cf92880179c7f1c020bb65a95b1f3cc7d40a5,7d40a5,5,单,大
2026-08-09 03:08:36,85181711,000000000513c50f095a66dd584cf866b25c5315c1ccef8fd9657e4fa1f1d64f,f1d64f,4,双,小
2026-08-09 03:08:46,85181714,000000000513c51255aaa90854df8286cda12eb3b2bdc34fbf5e33a51300c2ef,00c2ef,2,双,小
2026-08-09 03:08:55,85181717,000000000513c5157fbce838f439f794d8850c01e973de6263672b2e082dced0,2dced0,0,双,小
2026-08-09 03:09:05,85181721,000000000513c519a88809e56adaf1a1d720b01a739325d2346cd06cec2b2c37,2b2c37,7,单,大
2026-08-09 03:09:15,85181724,000000000513c51c0765b3d0f85d369306d5062fe6ceae007e5fc60dcbb02405,b02405,5,单,大
2026-08-09 03:09:25,85181728,000000000513c520a361df2e69e0fa7d9bb419d8e4ec1a2c309ac0e8ef024b77,024b77,7,单,大
2026-08-09 03:09:35,85181730,000000000513c522d5fe33eedbe250632e71d4f49b4353d504caba6c4ed48180,d48180,0,双,小
2026-08-09 03:09:45,85181734,000000000513c52659aacabba7bf7a793e3ecb6d105a1c61d67de503c0dbc029,dbc029,9,单,大
2026-08-09 03:09:54,85181737,000000000513c529edc0dfb56d01dc1d103af4ebe8a7aa0666afba437f04a9d7,04a9d7,7,单,大
2026-08-09 03:10:04,85181740,000000000513c52cab52e01bba7de2ae2132529ce84368fab9f8e56d892ea61e,2ea61e,1,单,小
2026-08-09 03:10:14,85181744,000000000513c5301f50739f1249f2d45d2bf6c5913e8aec4940077f2ef67eda,f67eda,7,单,大
2026-08-09 03:10:24,85181747,000000000513c53370e7cff87c14d37929df0b71154b0cac1ca25e7686e588e5,e588e5,5,单,大
2026-08-09 03:10:34,85181751,000000000513c5378bf9aec2171ea777f2d6ed035acc77062e102aab4ad13aa8,d13aa8,8,双,大
2026-08-09 03:10:45,85181754,000000000513c53a09ee405fb591918f22938d925025c72db60bbfbcf31339e4,1339e4,4,双,小
2026-08-09 03:10:55,85181757,000000000513c53dd3f2e17734bc3eaf3c2d70845f542d50f910926634b151ae,b151ae,1,单,小
2026-08-09 03:11:06,85181761,000000000513c54115e06e7e26d23030fc7e8a66021744fe360dc57d5e5ac11a,5ac11a,1,单,小
2026-08-09 03:11:17,85181765,000000000513c5458f1553f1a1f94f3a2153c628001dffc1b9fd3ccc3eae4d34,ae4d34,4,双,小
2026-08-09 03:11:27,85181768,000000000513c54846f319d9ea7693728120591459c02a608bb55fdf8f6c81af,6c81af,1,单,小
2026-08-09 03:11:38,85181772,000000000513c54c41944d9f4ef6cec8710eb0b627e828044cf3f7e681631076,631076,6,双,大
2026-08-09 03:11:49,85181775,000000000513c54fd5014b2031d1d12235b5b507a64cf198f3a612fe639154a7,9154a7,7,单,大
2026-08-09 03:11:59,85181779,000000000513c553203a8f37164db0333f7e09439a0beadad43de419363fc74e,3fc74e,4,双,小
2026-08-09 03:12:10,85181782,000000000513c556d3f81cf8fd734ffc332c8250a26f84203c3796643caa0e7a,aa0e7a,7,单,大
2026-08-09 03:12:20,85181786,000000000513c55ad0dd94bc845907ed37181d9bc0e0afae33a1a49badb84870,b84870,0,双,小
2026-08-09 03:12:31,85181789,000000000513c55db418a15ab8069e6f041a35ad8151bdf863d25c9c97b3755b,b3755b,5,单,大
2026-08-09 03:12:41,85181793,000000000513c561fa9eadeb6c32e8ee0e888f1d7617faee568abad6c63d785c,3d785c,5,单,大
2026-08-09 03:12:52,85181797,000000000513c56541cd6996b681cc67c2fadd332bcfcfed12e3f536a76edce7,6edce7,7,单,大
2026-08-09 03:13:03,85181800,000000000513c56878c42061f462ad6404e4876c9ae58555e4484432848f2961,8f2961,1,单,小
2026-08-09 03:13:13,85181803,000000000513c56b29a2da5b0feca6f413617921edba9bb1ce3586ed73ee530b,ee530b,0,双,小
2026-08-09 03:13:24,85181806,000000000513c56e25f66eede00db39e08636c62ebeee8c1f856a2468aa75795,a75795,5,单,大
2026-08-09 03:13:33,85181810,000000000513c572047edbacb7dac306e9a95c5e06cc397bb09e207edc76eb09,76eb09,9,单,大
2026-08-09 03:13:43,85181814,000000000513c576d332e858c22b1dbc09af7fc06081280cf8521afb4767102a,67102a,2,双,小
2026-08-09 03:13:53,85181817,000000000513c579aaf097535aae9ea7e7f21135c99ae96e99c3c3403a93f1da,93f1da,1,单,小
2026-08-09 03:14:03,85181820,000000000513c57cab38ed0914ecc47873e58277e7caeeec7595182d9b7f4d39,7f4d39,9,单,大
2026-08-09 03:14:13,85181824,000000000513c580ebae2896cf3ef031db5a51bfb3b24df6e4ca16432bd5ced0,d5ced0,0,双,小
2026-08-09 03:14:22,85181826,000000000513c582d8ea4a8a4773ab2f2692bdddf08497b4132397a3db1a7c57,1a7c57,7,单,大
2026-08-09 03:14:32,85181830,000000000513c586c15ab7fb2030d1ec8ba77774074256f02b597fdcb323382e,23382e,2,双,小
2026-08-09 03:14:42,85181833,000000000513c58903b0741ad143e948ee3d9fe63ea816d3c1a019c57b95c8c9,95c8c9,9,单,大
2026-08-09 03:14:53,85181837,000000000513c58d51fd23318da52ab5da8e65de6af058c1f1aa48b4a85f9837,5f9837,7,单,大
2026-08-09 03:15:04,85181840,000000000513c5903e4b7396bc9eeb23be15c15005e6c5f9dafbda0bf68fefc3,8fefc3,3,单,小
2026-08-09 03:15:14,85181844,000000000513c59421a58ab756a3580062ae6915af20c73e46b6420c89df0b73,df0b73,3,单,小
2026-08-09 03:15:24,85181847,000000000513c597f96d40ef1b45236bda7298e43fe8b254776c14b71b62f5fc,62f5fc,5,单,大
2026-08-09 03:15:34,85181850,000000000513c59a2e85455db4aacf1fcf16fc5ca4d1757667702cfdab97080e,97080e,0,双,小
2026-08-09 03:15:44,85181854,000000000513c59efac03d510685ddafe473c41763ef41ed2289f1d4fd0dd065,0dd065,5,单,大
2026-08-09 03:15:54,85181857,000000000513c5a1478403451a34c0c3e042268bcb046fc28964c0ce04f27d00,f27d00,0,双,小
2026-08-09 03:16:05,85181861,000000000513c5a540deefda0703d9e76a6fe9ef83706ad7d8755140b2645ca7,645ca7,7,单,大
2026-08-09 03:16:15,85181864,000000000513c5a86892e49e796d982756e1a906c6d9688bab583efd20bb1088,bb1088,8,双,大
2026-08-09 03:16:25,85181867,000000000513c5ab303d451233358fdf3b1971f0b037a332ccfb61fb0c0cd9a1,0cd9a1,1,单,小
2026-08-09 03:16:36,85181871,000000000513c5af3449ef5a78176011eef3a09289ce427ff02d55746a4b1044,4b1044,4,双,小
2026-08-09 03:16:46,85181875,000000000513c5b30b3ee58a507902a5753ed628f982453d87e91b9e995e7a2d,5e7a2d,2,双,小
2026-08-09 03:16:57,85181877,000000000513c5b56840cc65eb4bea36f15fe2f17a917794435ad1da05c6db4f,c6db4f,4,双,小
2026-08-09 03:17:07,85181882,000000000513c5ba8f6afdda3ddeb725fc8a9961bd7901024232535d90bb6610,bb6610,0,双,小
2026-08-09 03:17:18,85181885,000000000513c5bd19314192400b5b3c428ce8b76daf10af93e651ab21d36620,d36620,0,双,小
2026-08-09 03:17:28,85181889,000000000513c5c1347464f077c06fb2bf2685c58b7a840e48f99ad7a2047725,047725,5,单,大
2026-08-09 03:17:38,85181892,000000000513c5c474b06ec4b0edcae002fdc56093d3e8db607f8fff75e058fd,e058fd,8,双,大
2026-08-09 03:17:48,85181895,000000000513c5c7b3f6367e7fa887ce0683b891539f0baa04b709e558ad2437,ad2437,7,单,大
2026-08-09 03:17:58,85181898,000000000513c5caf942de812ce8453272832f41a7211a98ad4e37ed87379923,379923,3,单,小
2026-08-09 03:18:07,85181901,000000000513c5cd239f6882e77f1f5e4317e67fa72a4ced7572a7c945d02184,d02184,4,双,小
2026-08-09 03:18:17,85181905,000000000513c5d1e9005e18de86ca68da98bed4268465e3d5eaf1ae845ec598,5ec598,8,双,大
2026-08-09 03:18:27,85181909,000000000513c5d57370685810034f466e5dd5c545a21e33ffdbff148ad278d9,d278d9,9,单,大
2026-08-09 03:18:38,85181912,000000000513c5d8fc9aa4f427c45fb0a61b7ef2f1d29beed779f09d683c1348,3c1348,8,双,大
2026-08-09 03:18:47,85181915,000000000513c5dbf7ac4bbf318fe706730a18b9fb586efd2eb374133f4c864d,4c864d,4,双,小
2026-08-09 03:18:57,85181918,000000000513c5dee3d060449f734cdf8b7a5561a3cf2073c02435eba5d4d452,d4d452,2,双,小
2026-08-09 03:19:07,85181921,000000000513c5e1983dd47ad3df4851c3d4cd4fbe9c003e8fe87ed6169cf231,9cf231,1,单,小
2026-08-09 03:19:17,85181924,000000000513c5e445f77ef3aafcfd204d2eb4fd829b204f6db2a5abf8cbd188,cbd188,8,双,大
2026-08-09 03:19:26,85181928,000000000513c5e8556879c1b61235843e0d0ae8ffd1d8cb36093fb1a8bafa10,bafa10,0,双,小
2026-08-09 03:19:36,85181931,000000000513c5eb63c83f5518bf57a65b4fb9f760735051bf7b3b63e5e15569,e15569,9,单,大
2026-08-09 03:19:46,85181935,000000000513c5efb84823ac5acc14cf17296563c2ba9334ffbd90b6b2824683,824683,3,单,小
2026-08-09 03:19:56,85181938,000000000513c5f29bd14d695f0df197b84fef3c7e0f3d568acdbce28aa0de71,a0de71,1,单,小
2026-08-09 03:20:06,85181941,000000000513c5f5f2fcf7f3ddad71f7850a569aed62711f4c229b28604dd756,4dd756,6,双,大
2026-08-09 03:20:16,85181945,000000000513c5f930154dab972c6db82067a9bd2f7b4195fdc5e82173249dea,249dea,9,单,大
2026-08-09 03:20:27,85181948,000000000513c5fcfbce5d10b8d5869f7562ed53d0aaaf294164414efeeed212,eed212,2,双,小
2026-08-09 03:20:38,85181952,000000000513c6004ac1247bb7a7e9356c6d1cd4a95120d5bb3aab6730293024,293024,4,双,小
2026-08-09 03:20:48,85181956,000000000513c60467adfa378f57421ed8b7002fb16651437f68a6d0d8956cb7,956cb7,7,单,大
2026-08-09 03:20:59,85181959,000000000513c6073e11f4fff36471e0342f7573bb6a1dc811d97465b53dcb25,3dcb25,5,单,大
2026-08-09 03:21:09,85181962,000000000513c60af5123376d28f78930a78b2d0c8a66905c1119f8ab3b0fd3a,b0fd3a,3,单,小
2026-08-09 03:21:20,85181966,000000000513c60e20b5f1f3aeb24e5fa02c3e485f5adbd3f43b0ef69924131f,24131f,1,单,小
2026-08-09 03:21:31,85181969,000000000513c6116b9c3365bdca90c31c7799d47e71e2b28d7cf9ff0ec1dd6e,c1dd6e,6,双,大
2026-08-09 03:21:41,85181973,000000000513c615fa368e372499592a5caa3516ff3c1f212b4f1d8e227aeee6,7aeee6,6,双,大
2026-08-09 03:21:52,85181976,000000000513c618faca7c66fe414994c62cc5b73b009a086ae5bb5dddf1d4fc,f1d4fc,4,双,小
2026-08-09 03:22:03,85181980,000000000513c61c927c8a6b4f767cb552ab1684faa759bac7de4a9aa663e2e8,63e2e8,8,双,大
2026-08-09 03:22:13,85181983,000000000513c61fb1de8d7b72771ed89c19961accf2b192ae184bb62d9ef232,9ef232,2,双,小
2026-08-09 03:22:23,85181987,000000000513c623f32e10739e978dd1bebe0d9eb854e463472f2575203963e8,3963e8,8,双,大
2026-08-09 03:22:33,85181990,000000000513c626594255b1b87c8db84711bef2b12cfd11670ffa89a382b275,82b275,5,单,大
2026-08-09 03:22:43,85181994,000000000513c62a1dd0b5a859fc722ff22f18f0d972af79704614d8be289bec,289bec,9,单,大
2026-08-09 03:22:52,85181996,000000000513c62cfd34637e9b364b30c154f0126e8946005d241579ec0e601f,0e601f,1,单,小
2026-08-09 03:23:02,85182000,000000000513c63016e82617236c706ed36bcf6ef328b3d42f36cba9f93b2d74,3b2d74,4,双,小
2026-08-09 03:23:12,85182003,000000000513c633405a903cacf926d54a29d466e03218a18bcb311e74dd0db4,dd0db4,4,双,小
2026-08-09 03:23:22,85182007,000000000513c637daccc8af3baeef8e46e4852db30143947b2969dfb5ff34de,ff34de,4,双,小
2026-08-09 03:23:31,85182009,000000000513c639e6f72347138faab083026342e55ae5a2a3133ba565d43b88,d43b88,8,双,大
2026-08-09 03:23:41,85182013,000000000513c63dd8ae855eb555d1a0ac14e0727744e8348d35310746b0d0e9,b0d0e9,9,单,大
2026-08-09 03:23:51,85182016,000000000513c640c5f438ed4e7fe817123a0763942b456e41f6d2fed21b3566,1b3566,6,双,大
2026-08-09 03:24:01,85182020,000000000513c64418858112e5307c6f5ac9580db5937387eadda31ed7941cb3,941cb3,3,单,小
2026-08-09 03:24:10,85182023,000000000513c647cb60b14ccba01a48cd598d92cc4b644773134e90652750e5,2750e5,5,单,大
2026-08-09 03:24:20,85182026,000000000513c64a40b754a472f5bf9f134f9ab513b0eacea54b7d96b3fcdc7b,fcdc7b,7,单,大
2026-08-09 03:24:30,85182029,000000000513c64d611bc53b2a312fe064f089cd9eb844abd743280c34250621,250621,1,单,小
2026-08-09 03:24:40,85182032,000000000513c650ef9918d644098d7ba69926c91891dc3d16ab2176ec053134,053134,4,双,小
2026-08-09 03:24:49,85182036,000000000513c65493f8481976a1b22ded4f010dbecd01c1ac9a94c9e2bf0368,bf0368,8,双,大
2026-08-09 03:24:59,85182039,000000000513c657ef22cc1c0039a0da35e5b48d3edb152d904df16391f79e38,f79e38,8,双,大
2026-08-09 03:25:09,85182042,000000000513c65add45fea3505bd0b8d4a59b110ee71f3b8fee0997770978c5,0978c5,5,单,大
2026-08-09 03:25:19,85182045,000000000513c65db57b5b344638e35da100de18d7a93adf1034c06df4db3a4c,db3a4c,4,双,小
2026-08-09 03:25:28,85182049,000000000513c661381b09d28c75ee8236a7c46ebfc93506102779840f87c528,87c528,8,双,大
2026-08-09 03:25:38,85182052,000000000513c664bb41c0d0118cdeb4e8c4aeea8197f168d46c12effe255982,255982,2,双,小
2026-08-09 03:25:49,85182055,000000000513c667a9b6ef80f048c5eb2b57f2e245d190fc90cd424b83244c46,244c46,6,双,大
2026-08-09 03:25:59,85182059,000000000513c66b2b55af7267d1a942dee7837ac7e3cb7b1e43dccd6526d60f,26d60f,0,双,小
2026-08-09 03:26:10,85182063,000000000513c66f1ee10f8b88c6a7cb67625d1fff61780a06e9a993be217de8,217de8,8,双,大
2026-08-09 03:26:21,85182066,000000000513c6727aa0a7ffdbbaec39a5679e232430e54802cd17b9e4a37018,a37018,8,双,大
2026-08-09 03:26:31,85182069,000000000513c675cd128d91949f57362d294db22fca6b526c6a779782d84503,d84503,3,单,小
2026-08-09 03:26:42,85182073,000000000513c67965099b4ff3305efdc601ba5103137c3133b5eac5b5a3d861,a3d861,1,单,小
2026-08-09 03:26:52,85182076,000000000513c67cc8249b658435c41058a15298914e96a316b54769006eeb3f,6eeb3f,3,单,小
2026-08-09 03:27:03,85182080,000000000513c680cb1a8dae8935b296c0e5a60bdbf2db4ad9497aa620afe6b8,afe6b8,8,双,大
2026-08-09 03:27:14,85182084,000000000513c6841f6f6fb8f71af835762c003f0d8b9794736570578858876a,58876a,6,双,大
2026-08-09 03:27:25,85182087,000000000513c6878cec3edeeaee327a92477a03f6f7c5c5e20d8565e0e04ba0,e04ba0,0,双,小
2026-08-09 03:27:35,85182091,000000000513c68b7c1742dc4238ad5d40927ad9f2c181a0d8476f11a46a5395,6a5395,5,单,大
2026-08-09 03:27:46,85182094,000000000513c68e9eec4868e04ace1c5c86690a199be55f4d6493fb8b7486f4,7486f4,4,双,小
2026-08-09 03:27:56,85182098,000000000513c692fbbe49440553aa2e9c02f074da7687fabb5416e35fc8c3a8,c8c3a8,8,双,大
2026-08-09 03:28:07,85182102,000000000513c696355df5c79c50c6b7d87536b905b0f303844d32b4b3494862,494862,2,双,小
2026-08-09 03:28:18,85182105,000000000513c699a0b90d7b5d9cc0c57ad9ce1098bbc27022931d39dab5e7b8,b5e7b8,8,双,大
2026-08-09 03:28:29,85182109,000000000513c69d3ff96b83498aab3148d321de98412984e656d58b154f4721,4f4721,1,单,小
2026-08-09 03:28:39,85182112,000000000513c6a08f7851e49dd7418d52adafcbf6e147bd90361441f4504a54,504a54,4,双,小
2026-08-09 03:28:50,85182116,000000000513c6a4b5c969dae33026cffbe08eb4870c73cdb2af2f298baa5407,aa5407,7,单,大
2026-08-09 03:29:00,85182120,000000000513c6a8cc95aa73a144a25a29548e1a5059435ef8a1cedc2008db61,08db61,1,单,小
2026-08-09 03:29:11,85182123,000000000513c6abc471cc4f0d6001720d046c980eba98a6cea1d4990c6db2aa,6db2aa,2,双,小
2026-08-09 03:29:22,85182127,000000000513c6afb9b10053fe6c36642efeba7d66828f24ab2175015a37753a,37753a,3,单,小
2026-08-09 03:29:32,85182130,000000000513c6b28d1ef64f8b73c8ec8522b3945351b8ffac8d69d1562e61ca,2e61ca,1,单,小
2026-08-09 03:29:43,85182133,000000000513c6b5b45440ecb4bd752e9809dc8481ea63e5eb625e940db3a595,b3a595,5,单,大
2026-08-09 03:29:53,85182137,000000000513c6b9c6e6d6add2a312cd016a57decaa55069e459c768a021ed6c,21ed6c,6,双,大
2026-08-09 03:30:04,85182140,000000000513c6bc06e08512138a386d275af44afb3d8772206e2274c8dac136,dac136,6,双,大
2026-08-09 03:30:14,85182144,000000000513c6c0af7a4d65058bfa528391e12da37d754e2286684ea66712f3,6712f3,3,单,小
2026-08-09 03:30:25,85182147,000000000513c6c3e9949c9b334053bf8a317fc258e0f264961dff3051589380,589380,0,双,小
2026-08-09 03:30:36,85182151,000000000513c6c75aed93560b69b88372b051ff04089823c7789d504f01b092,01b092,2,双,小
2026-08-09 03:30:46,85182154,000000000513c6ca7b99fa9de7c3c338d886eea9ed89cef1382cbfccb05edee2,5edee2,2,双,小
2026-08-09 03:30:57,85182158,000000000513c6ce7eee44f6faf7cae7a62dea0856fc7ebfa9f7758c34f785e2,f785e2,2,双,小
2026-08-09 03:31:08,85182162,000000000513c6d2698587f0261a7cf1bc77852ce20607bde58b3f1616998be1,998be1,1,单,小
2026-08-09 03:31:18,85182165,000000000513c6d5d2df6c9783cd3315245e1dfe2188906b9b9ae921a09c936b,9c936b,6,双,大
2026-08-09 03:31:29,85182168,000000000513c6d8a054ece27759fe51cbba5fe8e7dc046713caaf66c6fd713b,fd713b,3,单,小
2026-08-09 03:31:39,85182172,000000000513c6dce9fb06dcc106328ae11bfa6e8926ae70932db8f132faecb9,faecb9,9,单,大
2026-08-09 03:31:49,85182175,000000000513c6df36fc540f72171129956c14ab6191cad9bef0d45b6e4dc6de,4dc6de,6,双,大
2026-08-09 03:32:00,85182179,000000000513c6e3ffa08ecbc35f39c67f1739589d8aa03bd9718d4642dcbef1,dcbef1,1,单,小
2026-08-09 03:32:11,85182182,000000000513c6e66d30dd733bfaced562254eac3fa511fed595c4b6cedcbf03,dcbf03,3,单,小
2026-08-09 03:32:21,85182187,000000000513c6ebe1fb3c60061579b8931b49a201bcbc4851f3bdc0c96c2c8f,6c2c8f,8,双,大
2026-08-09 03:32:31,85182190,000000000513c6ee9b7e7884f0a1b21b7674c0ad624e05f163d450d3ee3a7cbc,3a7cbc,7,单,大
2026-08-09 03:32:41,85182193,000000000513c6f1c4945ee0c737e6881be71ecd67f35c27a6bd532d3ed63195,d63195,5,单,大
2026-08-09 03:32:52,85182196,000000000513c6f4426f6d95ef51cb712233d5a4754ef0ef6aa1193dba03f9ca,03f9ca,9,单,大
2026-08-09 03:33:02,85182200,000000000513c6f88879f4a4dbab7c6ebd09ca82e5965e56184398465308d563,08d563,3,单,小
2026-08-09 03:33:13,85182203,000000000513c6fb8c1fa424b9b1ef48b489ffbfee4c2be537abd37ecd2291f0,2291f0,0,双,小
2026-08-09 03:33:23,85182207,000000000513c6ff65809dc6b0eea3b2b6d4e64c2ea02334d58728f9c45d0387,5d0387,7,单,大
2026-08-09 03:33:33,85182210,000000000513c7029f297e1b2738a9ffdb38fb95d4ae85c7bab7d323cc2bcc4f,2bcc4f,4,双,小
2026-08-09 03:33:44,85182214,000000000513c706ea88d4278d9f53b1ace6ab68b0edb03ed2a5516ec86110b2,6110b2,2,双,小
2026-08-09 03:33:54,85182217,000000000513c70936527877658ee3e8102c1c3bc7b1804c8f348689b8e2000b,e2000b,0,双,小
2026-08-09 03:34:05,85182221,000000000513c70dd6f52f6e73002b271356a52905cc79131f7add4ade1d07bf,1d07bf,7,单,大
2026-08-09 03:34:15,85182225,000000000513c711b74503c1de0a57aeec541b7659eed867d8686e2b24099f32,099f32,2,双,小
2026-08-09 03:34:26,85182228,000000000513c7144877b3b2a44c65b0c220acd195473429ebc58e1ec02df81c,2df81c,1,单,小
2026-08-09 03:34:36,85182231,000000000513c717996a5729c68aff33656f04a69b3bba401ef31c28644cf02c,4cf02c,2,双,小
2026-08-09 03:34:47,85182234,000000000513c71aa89cdb930d64652c54ede96c076fb4b97e0a59a38a235323,235323,3,单,小
2026-08-09 03:34:57,85182238,000000000513c71e16eefdfd2d666231254e543f5167f12df9b43806cb578a8d,578a8d,8,双,大
2026-08-09 03:35:08,85182242,000000000513c7224071581aab3f2d7d569ca09a4c70a61fbfd4be80076e5d86,6e5d86,6,双,大
2026-08-09 03:35:18,85182245,000000000513c72534266d49430a32ee2db095b1f8de9bce4727da13ec170bce,170bce,0,双,小
2026-08-09 03:35:29,85182248,000000000513c7286390cc6c3712e91a2225001afade49f75a464aa38b67e3ac,67e3ac,3,单,小
2026-08-09 03:35:39,85182252,000000000513c72c7e1fd7d9428610d2502624de48acf71742021fbd774c39ff,4c39ff,9,单,大
2026-08-09 03:35:50,85182256,000000000513c7300ee9175baa4ba2a5ae1951427f84fd1dfb2f7d66a5f28aaf,f28aaf,8,双,大
2026-08-09 03:36:01,85182259,000000000513c7335f82a9e4c3e6ea43590a7922b25d0dc9e354b7875d3a2134,3a2134,4,双,小
2026-08-09 03:36:11,85182263,000000000513c737689d2a6431db3e1b5f465a4928a5ef811a77f9b448dae5e0,dae5e0,0,双,小
2026-08-09 03:36:22,85182266,000000000513c73ac956edab4d5125cf58b0a59661b943e48d6fab9cd417a437,17a437,7,单,大
2026-08-09 03:36:32,85182270,000000000513c73e06080bcd9333f14874f4f6087e81b803c8b2b9d0701987a6,1987a6,6,双,大
2026-08-09 03:36:43,85182274,000000000513c7420fe9c7f803bf45090d326f97f997edde76258b14e12e8620,2e8620,0,双,小
2026-08-09 03:36:53,85182277,000000000513c745a5777b73cdbcb35490883968d7d67ea1fc12b64ae26c515c,6c515c,5,单,大
2026-08-09 03:37:04,85182280,000000000513c748db09f5e5d274342a9a54da1c56d9aa29b21eee69d4d14ced,d14ced,4,双,小
2026-08-09 03:37:14,85182284,000000000513c74c8226b5e52829a032e3d88640c819445043d5db0a9e636741,636741,1,单,小
2026-08-09 03:37:25,85182287,000000000513c74f4264a76d416a908231632eb8b2dc1e8894155e818f7587e0,7587e0,0,双,小
2026-08-09 03:37:35,85182291,000000000513c7532e471d42e29277d1c3f124b1314e650b84247c5627b937a3,b937a3,3,单,小
2026-08-09 03:37:46,85182294,000000000513c756924586acd0756a20eef15e532b8dbde8804850e192c1d9d4,c1d9d4,4,双,小
2026-08-09 03:37:57,85182298,000000000513c75aed2a9d5b77f11689bc6105b7ccd1e734daf5cbbaa28329b3,8329b3,3,单,小
2026-08-09 03:38:07,85182302,000000000513c75eb484f6655d883ebf0415c0b04efc9aaf4e3e1965f5422ca1,422ca1,1,单,小
2026-08-09 03:38:18,85182305,000000000513c761ad3ae673098d6e1a2622399bb05e9bb2bf842845c299dcec,99dcec,9,单,大
2026-08-09 03:38:29,85182309,000000000513c765ed5cdbc678b32ee5db4943da60f7cfe949da6f15e157eae0,57eae0,0,双,小
2026-08-09 03:38:39,85182312,000000000513c76813f1700251986ee048d1178551cd4e801d00d8f8d59dc216,9dc216,6,双,大
2026-08-09 03:38:50,85182316,000000000513c76c3a1199ff055636554c30212a717bd9ef02f35f21e1f1c95f,f1c95f,5,单,大
2026-08-09 03:39:00,85182319,000000000513c76f86c8cd0179575d4857dd74b501a4a8188e22d9208f518234,518234,4,双,小
2026-08-09 03:39:11,85182323,000000000513c773a66652bd27c2610bd4021b3df7167d33956221cceb7923d7,7923d7,7,单,大
2026-08-09 03:39:22,85182326,000000000513c776bca061a77a9e16326ece39abf82a1e067b05964470879ea9,879ea9,9,单,大
2026-08-09 03:39:32,85182329,000000000513c779912b85769d7dabd5895d8c1ee49a9a1ec7812712e756a80b,56a80b,0,双,小
2026-08-09 03:39:43,85182333,000000000513c77dfdcd712e360a183736f7e8bfd1b7081e1129c706c9e6bc29,e6bc29,9,单,大
2026-08-09 03:39:53,85182337,000000000513c781150095f327c4358ad3aa3e60c3c19d656c1bbd2f47460c81,460c81,1,单,小
2026-08-09 03:40:04,85182341,000000000513c78551297207651c99dd3532429e9beab204664acd6321d6715e,d6715e,5,单,大
2026-08-09 03:40:15,85182344,000000000513c7880b024f0a1e023411e7a4b54dc76c4b5ee4772ae4454b728e,4b728e,8,双,大
2026-08-09 03:40:25,85182347,000000000513c78b7cd75246a1beb4d8831d1f5ad1f1ff5b7d1ac37d89c09a96,c09a96,6,双,大
2026-08-09 03:40:36,85182351,000000000513c78fbb904046e455df6a28ee6a6c9ae27183a747c58eafe658ef,e658ef,8,双,大
2026-08-09 03:40:46,85182355,000000000513c79353c8135d6ae50f0d8bac87412010bf3cda17e6ea94f0515b,f0515b,5,单,大
2026-08-09 03:40:57,85182358,000000000513c7960c8f4f1b2a428ebb0858338f2badf4d305de6b660e7f4106,7f4106,6,双,大
2026-08-09 03:41:07,85182362,000000000513c79aebd09ada5bc245307eeebe7d9d03fa879da2d3753f3eb814,3eb814,4,双,小
2026-08-09 03:41:18,85182365,000000000513c79dda80e7301bc636e814b1354413e3215b7cddd622d18fe065,8fe065,5,单,大
2026-08-09 03:41:28,85182368,000000000513c7a0dc003230f4e0aaac50684a8552506e982410cc30254f9fc6,4f9fc6,6,双,大
2026-08-09 03:41:39,85182372,000000000513c7a417888e332bff6ae753c11f22a534df3154db27ee0f8a142a,8a142a,2,双,小
2026-08-09 03:41:49,85182376,000000000513c7a81d68f6c3052765b866d673a2d9804ab86d283e94693843f6,3843f6,6,双,大
2026-08-09 03:42:00,85182378,000000000513c7aa267cd36623b5274142dea261c7223672d831f39d29f2dcd2,f2dcd2,2,双,小
2026-08-09 03:42:11,85182383,000000000513c7af1187d7b666b5dcaf8cdba68e83664c7d43840497ee5e3deb,5e3deb,3,单,小
2026-08-09 03:42:21,85182386,000000000513c7b23b4f307a5aa56b1e70705b1cfab4fee7ec90bbf90954d048,54d048,8,双,大
2026-08-09 03:42:32,85182389,000000000513c7b5633acfbd4d3853465110ce9f8fc185bc7b340a3d5aaf983e,af983e,3,单,小
2026-08-09 03:42:42,85182394,000000000513c7ba49c765f078a286a035f90f2be6da56744ca0281eb674ba84,74ba84,4,双,小
2026-08-09 03:42:53,85182397,000000000513c7bd6633fd7261db172d35a11ab79871328e73d95aaadd4fb057,4fb057,7,单,大
2026-08-09 03:43:04,85182400,000000000513c7c05fa5ec5d7db0b2733468dcc443450e5a89f5a8db25620c53,620c53,3,单,小
2026-08-09 03:43:14,85182404,000000000513c7c47ee09ec103196bc384e83e5fd5ed8a4dfbca3ebcc5a5a753,a5a753,3,单,小
2026-08-09 03:43:25,85182407,000000000513c7c7b31132a3c23191823e21df16fc0806f2fab10c899924753b,24753b,3,单,小
2026-08-09 03:43:35,85182411,000000000513c7cba077b2c338972b7daf016ac45bf121dc721213ef73963ef4,963ef4,4,双,小
2026-08-09 03:43:46,85182414,000000000513c7ce487c8ab5cf90cba432a85861d14720a44fc92d8875ef4b02,ef4b02,2,双,小
2026-08-09 03:43:57,85182418,000000000513c7d21b154ed583f098ae3352bc842117f48cc6bfe86e069486d9,9486d9,9,单,大
2026-08-09 03:44:07,85182421,000000000513c7d5c8497e9c991ffa1dea057fa5e6f259c8f377b6e02114a338,14a338,8,双,大
2026-08-09 03:44:18,85182425,000000000513c7d91c4e1a5ac2d4dc8d8f91f7e94aa506928f84cd3b00641e71,641e71,1,单,小
2026-08-09 03:44:28,85182428,000000000513c7dc30d01e76d6737c8131730d7d25197c91fed57c121bac4921,ac4921,1,单,小
2026-08-09 03:44:39,85182432,000000000513c7e02818a36b4335fb4147a1cdc5651e996fd95c1e9d2415abbf,15abbf,5,单,大
2026-08-09 03:44:50,85182436,000000000513c7e48192237ebffa06acdc811fbf446af638ac89688faac2f8d9,c2f8d9,9,单,大
2026-08-09 03:45:00,85182439,000000000513c7e7097a6e93a630ea42069496965669b6f0cb46dafafd8ce0ff,8ce0ff,0,双,小
2026-08-09 03:45:10,85182442,000000000513c7ea847a84e8c6421e92da790fb25c9246c50ff717ea263b6846,3b6846,6,双,大
2026-08-09 03:45:21,85182445,000000000513c7ed480bec4f49b462f3d49be2c35934da3c1120763c43835c57,835c57,7,单,大
2026-08-09 03:45:31,85182449,000000000513c7f197e94e0c60458e9d46ac8fb106671186cf26d1b281a5c29e,a5c29e,9,单,大
2026-08-09 03:45:42,85182453,000000000513c7f59e87cbdca95fc3d8dba74ac5f868b6770714f7cb6b1bd82e,1bd82e,2,双,小
2026-08-09 03:45:51,85182456,000000000513c7f88a137a2f0d81355f3330a10e8f85c4709a882bca75a4d52d,a4d52d,2,双,小
2026-08-09 03:46:01,85182460,000000000513c7fca788e152f72383398790e2f12ca2293af3a9fbfd7bc2afd5,c2afd5,5,单,大
2026-08-09 03:46:11,85182463,000000000513c7ff69e94b3ae0e28cdc7f1e7acc587f48940e76cfdefeb43a23,b43a23,3,单,小
2026-08-09 03:46:21,85182466,000000000513c8023b2e1c5733d47214eaae7633821ab67b4d04f4ef3cdd3a44,dd3a44,4,双,小
2026-08-09 03:46:30,85182469,000000000513c805cabc61af4078563ad7b25be71b8e1708f3657b4cc9ef5bfa,ef5bfa,5,单,大
2026-08-09 03:46:40,85182472,000000000513c8089c737b63b4337f0deed2341bf9ac8a240435ff2095524079,524079,9,单,大
2026-08-09 03:46:51,85182476,000000000513c80c143c270d38145719ecfe19c554be3941691a929fbd9cca12,9cca12,2,双,小
2026-08-09 03:47:00,85182479,000000000513c80f7823c303253f8594f4d95839a38ff5687173c3b8079ce70f,9ce70f,0,双,小
2026-08-09 03:47:10,85182482,000000000513c812dfb7534106d2eddbaabe69a4e45a78d2b928220af57eaab4,7eaab4,4,双,小
2026-08-09 03:47:19,85182485,000000000513c8156996c1ebc4beb75936edad62012283074a21684608caf445,caf445,5,单,大
2026-08-09 03:47:29,85182489,000000000513c819df9b6bda2e92bf3f81f51ba055e986f14c2baf7a33017246,017246,6,双,大
2026-08-09 03:47:39,85182492,000000000513c81cc73bcc9f1aa836b243bdf78fff8c646b92671300c9252b63,252b63,3,单,小
2026-08-09 03:47:49,85182496,000000000513c820c7d7a34efc1fcc31be4527af86cd118a3583d279933ff09f,3ff09f,9,单,大
2026-08-09 03:48:00,85182499,000000000513c82361c1f9bdfba1cff292ed18befc346111e70ff2f4a1015793,015793,3,单,小
2026-08-09 03:48:10,85182503,000000000513c827d29992144b103e20e63cc87cc7654b1b35fc85063a7f385b,7f385b,5,单,大
2026-08-09 03:48:20,85182506,000000000513c82aa2dd847192e70a3878b0fec8eddaf0b8d46e996051851a1e,851a1e,1,单,小
2026-08-09 03:48:30,85182510,000000000513c82e7596b493ab01297715e1f05444bc0514d1ec4eacbaf0163f,f0163f,3,单,小
2026-08-09 03:48:40,85182513,000000000513c831b0c3a899339c984b0eb8c8c0be624c23c73fea097ce15b58,e15b58,8,双,大
2026-08-09 03:48:49,85182516,000000000513c834340e53075677b9bd96dd760fa28214360804952875c16c33,c16c33,3,单,小
2026-08-09 03:48:59,85182518,000000000513c836e629c8479e52b00c42c1c541b8d3f7edb6b7336e2d9bb5f6,9bb5f6,6,双,大
2026-08-09 03:49:09,85182522,000000000513c83a22bb1d056245d3aed73fb7aea497d2828ad6e375966a19fe,6a19fe,9,单,大
2026-08-09 03:49:19,85182526,000000000513c83e7d1577553d1adcab95f7fca090e229cd38354dcc08c7d826,c7d826,6,双,大
2026-08-09 03:49:28,85182529,000000000513c841d56756456494ed28a10b7b908a23e78d4f91eb39f2698bae,698bae,8,双,大
2026-08-09 03:49:38,85182532,000000000513c8442775286767387e4474beb2f0209bce94e6264a43becac94f,cac94f,4,双,小
2026-08-09 03:49:47,85182535,000000000513c847d22721b3923d20145418f4efe9db6fabb3da41e4c36ad280,6ad280,0,双,小
2026-08-09 03:49:57,85182538,000000000513c84ab60cb42067771eb16ca58978ad8c3d93ce726a5d0d6f75d5,6f75d5,5,单,大
2026-08-09 03:50:07,85182542,000000000513c84e4134963af1ac76e9789446c89a981b5c91b3e553be700808,700808,8,双,大
2026-08-09 03:50:16,85182545,000000000513c8511e9b800e1ed14575ee9227ff6e43fa0833ce5c82247eba6b,7eba6b,6,双,大
2026-08-09 03:50:26,85182548,000000000513c854eb48a0249fcadd8cf18e9dce649300c40750597a51257b65,257b65,5,单,大
2026-08-09 03:50:37,85182551,000000000513c8579626ef6f74ae0085b75d97dde2447a1d0c63f245b92013c2,2013c2,2,双,小
2026-08-09 03:50:47,85182555,000000000513c85b1d8a42f4c1bea1425537013f92b594b86894b2e5b4702a95,702a95,5,单,大
2026-08-09 03:50:57,85182559,000000000513c85f741d49c101af4f12302923d6190c1388ceac7558f9d6cae0,d6cae0,0,双,小
2026-08-09 03:51:08,85182562,000000000513c862abdf45fed883e6b4b510c0df0b9b5f3a7ec412598a9d9591,9d9591,1,单,小
2026-08-09 03:51:18,85182565,000000000513c865d5bfc52c0ca8dfc22ebca97cfa074aa3e4d1abb72f6339ee,6339ee,9,单,大
2026-08-09 03:51:29,85182568,000000000513c8687bb8af055693f8fb87018c38c2b0fcba7f80a8fb57488685,488685,5,单,大
2026-08-09 03:51:39,85182572,000000000513c86c67d34f46cb45f2751d2bd552abc10eae2f161c52a7c3db10,c3db10,0,双,小
2026-08-09 03:51:49,85182575,000000000513c86f26fd7fa3ea748dee1328bca4c77c86d583939a2a8e008fd1,008fd1,1,单,小
2026-08-09 03:52:00,85182579,000000000513c873fbc63432dabc3d8db7729e6052b121c9113bf40766674167,674167,7,单,大
2026-08-09 03:52:10,85182582,000000000513c876599a3e111595f6be236d6036e820d8fab23c967398f6557b,f6557b,7,单,大
2026-08-09 03:52:21,85182586,000000000513c87a30d321de7cff5cf3feb69c5ab63b58ef1a2103e938c9ea1c,c9ea1c,1,单,小
2026-08-09 03:52:31,85182589,000000000513c87dc30f2a77efcfccc3d2af357bf856c482ac52c3b924e8ed3b,e8ed3b,3,单,小
2026-08-09 03:52:41,85182593,000000000513c881d966faf00d5f65315e64cbf4b22647425d7a0fe7f2b1ca78,b1ca78,8,双,大
2026-08-09 03:52:51,85182596,000000000513c884c99d33d6f1e43c49ec3e195c6561f5432ab53f9d70362ac3,362ac3,3,单,小
2026-08-09 03:53:01,85182599,000000000513c8870470d98f5c716b9092126493222b711683a4c506df2bb72a,2bb72a,2,双,小
2026-08-09 03:53:12,85182603,000000000513c88b2bcbea7d18e2c5c239c7303c410086bd61579d911c61df32,61df32,2,双,小
2026-08-09 03:53:22,85182606,000000000513c88edaa3487e0ff4fa1ca6b5b353dda758b38323486e31d7fb2d,d7fb2d,2,双,小
2026-08-09 03:53:31,85182610,000000000513c892e5151a107df8de803ae9b71d9c8e05931e749aedc510f8d3,10f8d3,3,单,小
2026-08-09 03:53:41,85182613,000000000513c895086aaa8d13b16cc1f04e88587d94ce5d507550a2f8486550,486550,0,双,小
2026-08-09 03:53:51,85182616,000000000513c8987fd763b43e53ed9b67105b48d48771bcc6aa2b458359e6f5,59e6f5,5,单,大
2026-08-09 03:54:01,85182619,000000000513c89b3d413931bbce6e0d4a12d8abc5cbd106337c779cc9aa1559,aa1559,9,单,大
2026-08-09 03:54:11,85182622,000000000513c89eb837fbdbb0a33538a439074840430679ad7857b5a5569c29,569c29,9,单,大
2026-08-09 03:54:20,85182626,000000000513c8a2c1b9a725e19ae276f6b6ef6e63337382392d58983763fb32,63fb32,2,双,小
2026-08-09 03:54:30,85182629,000000000513c8a545e43a2a03829bd24e10cccade0590736e16f0051b2c751c,2c751c,1,单,小
2026-08-09 03:54:40,85182633,000000000513c8a97091c5aa91316c5b485d34598f48ea3e9b61d60528544110,544110,0,双,小
2026-08-09 03:54:50,85182636,000000000513c8ac6e9e404aa20271aba700feb2e2196f22428fe3318f564a1f,564a1f,1,单,小
2026-08-09 03:54:59,85182639,000000000513c8afb441d147cbc3d5f30abb909fbc67a349810486882ecf1f54,cf1f54,4,双,小
2026-08-09 03:55:09,85182642,000000000513c8b2f8b2c7900746a32db787f4cc340d00b05e9403f5ac0ea2e9,0ea2e9,9,单,大
2026-08-09 03:55:19,85182645,000000000513c8b553719cbb197630b6860fc31200e916f1b1687665e91d0323,1d0323,3,单,小
2026-08-09 03:55:28,85182648,000000000513c8b81013056c8bf4b90bf9905ec8f6e8a0761097160ec34754da,4754da,4,双,小
2026-08-09 03:55:38,85182652,000000000513c8bc3c6d89d5615145a32ae5eb6f74f1f4a8d3d4a833e666f37f,66f37f,7,单,大
2026-08-09 03:55:48,85182655,000000000513c8bf6536a811590d506fc517e106a261bfbd68b8a305a6ed3f58,ed3f58,8,双,大
2026-08-09 03:55:58,85182659,000000000513c8c33494ee6e9e6cfdd07169576c64e5109507e83e9070da0d1c,da0d1c,1,单,小
2026-08-09 03:56:09,85182662,000000000513c8c64d0f330413d69e08307130951a5457283afc2457139cbbe4,9cbbe4,4,双,小
2026-08-09 03:56:19,85182665,000000000513c8c9e480741a2625663a760e54405d930ce4792ab69e8e6ca753,6ca753,3,单,小
2026-08-09 03:56:28,85182668,000000000513c8cc6c248e5b6419eab8cf99ed0087de31055612cf114df94033,f94033,3,单,小
2026-08-09 03:56:38,85182672,000000000513c8d0867344bb28968b3a979ccf54f81280f0d51cc8afb9703169,703169,9,单,大
2026-08-09 03:56:47,85182675,000000000513c8d3d1591f724d4ab8be19ce54b056c14e4caaa2cfa4458d1166,8d1166,6,双,大
2026-08-09 03:56:57,85182678,000000000513c8d6357ec477201bfac7b0052930af67d1b853683e70ca65f5d4,65f5d4,4,双,小
2026-08-09 03:57:06,85182681,000000000513c8d9136da2d1ccd6f0e3fa9b5c81095f3e46f0a3d42e74dc5c35,dc5c35,5,单,大
2026-08-09 03:57:15,85182684,000000000513c8dcd2bee94b97eb0556cbb89edbb942a31e8fac1be2212624c8,2624c8,8,双,大
2026-08-09 03:57:25,85182688,000000000513c8e0799b2f62ad38e6cf050bce68fbd13fbf309666d265878481,878481,1,单,小
2026-08-09 03:57:35,85182691,000000000513c8e3febc2220c6e5fdc64053ec7c9d1b9698bba9f614c9d536ff,d536ff,6,双,大
2026-08-09 03:57:45,85182694,000000000513c8e643452704d11cb1577af13772e55b6d37cffa9f9e1e49a067,49a067,7,单,大
2026-08-09 03:57:55,85182698,000000000513c8eac60c9ba1b387feac9fe7e06c34d380bd3319ce2d1aab0066,ab0066,6,双,大
2026-08-09 03:58:04,85182700,000000000513c8ec5c45469c764dbe607f9620571a4d58dcee0eae01701cb1e8,1cb1e8,8,双,大
2026-08-09 03:58:13,85182703,000000000513c8ef2e9ad00d00dc8031685eee36bf5a36a068f5674de0445472,445472,2,双,小
2026-08-09 03:58:23,85182707,000000000513c8f3f8a2558b76e0382502478a9949190e4bb8611f25dc3641e1,3641e1,1,单,小
2026-08-09 03:58:32,85182710,000000000513c8f6abb0828ceec79ca96b11acfe7ca47f309f779bd639cc6e96,cc6e96,6,双,大
2026-08-09 03:58:42,85182713,000000000513c8f91d96c2a6900e5267343bb0436c3409e0552707bc3315bacb,15bacb,5,单,大
2026-08-09 03:58:52,85182717,000000000513c8fd9cdea6888091548ab1963367766ee8637875f01c016a75f6,6a75f6,6,双,大
2026-08-09 03:59:01,85182719,000000000513c8ff9eed3c13c578b256d796fbcfe2c534be8304ca9b0fea2863,ea2863,3,单,小
2026-08-09 03:59:11,85182722,000000000513c90249532742c6e5ca0e89e2c8cb344e353d45f48c0ebec9553d,c9553d,3,单,小
2026-08-09 03:59:20,85182726,000000000513c906f8c42e391dbed068698d87d94bc7d3a25dd46c16ceffe4ff,ffe4ff,4,双,小
2026-08-09 03:59:30,85182729,000000000513c9092864662db11d54d94c3393d0f7247588939c5cc85909d8fc,09d8fc,8,双,大
2026-08-09 03:59:40,85182732,000000000513c90cac3551abf1bd590e3a8bccd4af1acf895753846985462f69,462f69,9,单,大
2026-08-09 03:59:50,85182736,000000000513c9105e867654abe09219f1d162b3d6413c6045ea567c3bd77b40,d77b40,0,双,小
2026-08-09 04:00:00,85182739,000000000513c91327ef960d589a0199f26dbbfb21a978250984e211430b386d,0b386d,6,双,大
2026-08-09 04:00:10,85182742,000000000513c916fa100f75cca0fbb27fe14a371b2547ba358c57429f830292,830292,2,双,小
2026-08-09 04:00:20,85182746,000000000513c91abe542d57db103450939363d170559df1f876ec3b67c482d7,c482d7,7,单,大
2026-08-09 04:00:29,85182749,000000000513c91d2ed6623ea15b5ad60d2dc9c998fda645c3595be048ab699b,ab699b,9,单,大
2026-08-09 04:00:39,85182752,000000000513c920a01e2e83a5a3e4f6df526bbcd5f8c5956dff31eac41e22ae,1e22ae,2,双,小
2026-08-09 04:00:49,85182755,000000000513c92327f53dfe8f933850c5890f503f04611c8a5f6d7bcfab4b4d,ab4b4d,4,双,小
2026-08-09 04:00:59,85182758,000000000513c926bf01edb7f53405499f572b73408fcf4f86f32059362d938c,2d938c,8,双,大
2026-08-09 04:01:09,85182762,000000000513c92a2294e02585695a80c50f1b61dd810d4054566d76716e5049,6e5049,9,单,大
2026-08-09 04:01:18,85182765,000000000513c92d9fe8bf7e6047a8b7517779244a25cc2a0ca9b2e5f2089c8d,089c8d,8,双,大
2026-08-09 04:01:28,85182768,000000000513c93072723bcb77e119b25988cd85c4b632352f6bd8371d8a261f,8a261f,1,单,小
2026-08-09 04:01:38,85182772,000000000513c934f059a01f15954c8ddeafa16a7f7304c6c45f4f965a2c0ece,2c0ece,0,双,小
2026-08-09 04:01:48,85182775,000000000513c9379a012aed8a52115d06409c7277c7a2c8243da3e3ae31712f,31712f,2,双,小
2026-08-09 04:01:58,85182778,000000000513c93acbf000f660f108a0253b5fbe2d1c290713d730efb61cf0b3,1cf0b3,3,单,小
2026-08-09 04:02:07,85182782,000000000513c93e8ef146cacc089ba83173a495c473d0ab2176aa23d857fe45,57fe45,5,单,大
2026-08-09 04:02:17,85182785,000000000513c9411f3cda7fed6e8c78bb81e86202476fdbf03e16e3d44ad8cd,4ad8cd,8,双,大
2026-08-09 04:02:27,85182788,000000000513c944e90ccac7a26b5ad54d8a1f749522203a096d8448a50dbe68,0dbe68,8,双,大
2026-08-09 04:02:37,85182791,000000000513c947835ea1fa71a21d174f8587744acff1c622451b6ca33b7e40,3b7e40,0,双,小
2026-08-09 04:02:47,85182795,000000000513c94bcd4a122c8299b1da66a623b039a2cf3cb0cbfd72eca54121,a54121,1,单,小
2026-08-09 04:02:56,85182798,000000000513c94e455dd09f60b8808dfa3a75e9d583cf9f3b8d26dba946a973,46a973,3,单,小
2026-08-09 04:03:06,85182802,000000000513c95269f78935bd5709db61dfe2d3acd04d8c9d244639699a301a,9a301a,1,单,小
2026-08-09 04:03:17,85182805,000000000513c9559f14e1aed61e7c512d4447a71185f4c259161e9de90bed6e,0bed6e,6,双,大
2026-08-09 04:03:26,85182808,000000000513c9586cfedc1931572b02341327195dd618c15e638d03647f77e5,7f77e5,5,单,大
2026-08-09 04:11:53,85182976,000000000513ca009805f5d94b1775b13737b59b5b3249987898070d78796f3c,796f3c,3,单,小
2026-08-09 04:12:03,85182980,000000000513ca0467f10479eb5c26fc7f5ac7ce91b5118c76caa1516ea62287,a62287,7,单,大
2026-08-09 04:12:13,85182983,000000000513ca0798642cf37c11591d7d66bdd921ea2bccfa8fc0e4759baff9,9baff9,9,单,大
2026-08-09 04:12:22,85182987,000000000513ca0b7e478ada84482e5f19b3e1f34cd73e613922831f62690733,690733,3,单,小
2026-08-09 04:12:32,85182990,000000000513ca0e5eb471783fad2046222e5bbac8cd41e600c7fd98f941ca73,41ca73,3,单,小
2026-08-09 04:12:42,85182994,000000000513ca121509a53afa5937b13724644b01723945cc50bae492121a1b,121a1b,1,单,小
2026-08-09 04:12:52,85182997,000000000513ca15c56f719b2e96b8625b3627dedf3534b507f5150916b5679a,b5679a,9,单,大
2026-08-09 04:13:02,85183000,000000000513ca18534532e262db754e89adf2c7a0eab8bd50da7c392e81eefd,81eefd,1,单,小
2026-08-09 04:13:12,85183004,000000000513ca1cdd71757350df85d86b63edf699f26757f391f375c5e5653b,e5653b,3,单,小
2026-08-09 04:13:23,85183007,000000000513ca1f87997f415d70840f34bb1d841049190703bb2444befd98a9,fd98a9,9,单,大
2026-08-09 04:13:33,85183010,000000000513ca22856958996cb804c7ee5ba27fc09b7289789369ea2e4194df,4194df,4,双,小
2026-08-09 04:13:43,85183014,000000000513ca26421a0450607c51f55b03ff43f427c6fd15db3d870a8159d3,8159d3,3,单,小
2026-08-09 04:13:53,85183017,000000000513ca2990fb8b1358167ce7b17d5f8dbd9261a60672be1e75102616,102616,6,双,大
2026-08-09 04:14:03,85183020,000000000513ca2c556453b5eb4ff523128088d95968a0e0d62a7b677fe31643,e31643,3,单,小
2026-08-09 04:14:14,85183024,000000000513ca30dca397fae21541143b614e39d81387c05458a72cacbd8fc3,bd8fc3,3,单,小
2026-08-09 04:14:25,85183027,000000000513ca33dfceaf4b45f401290fd06ac9f5cbcd4b884e6b4fe4026e10,026e10,0,双,小
2026-08-09 04:14:35,85183031,000000000513ca37e1d981de5113c7d160cc29bede336a291ebbf6782d86a3cd,86a3cd,3,单,小
2026-08-09 04:14:46,85183034,000000000513ca3a9f5270d026f4b21092ec054d92eca932229d284f09aee06b,aee06b,6,双,大
2026-08-09 04:14:56,85183037,000000000513ca3d4e81af4e20169531c57287cd93d70a110489226d7fb3fbd3,b3fbd3,3,单,小
2026-08-09 04:15:06,85183041,000000000513ca4186f389a6140b7a68128ffad3f954c876c5862a6d2f2b9244,2b9244,4,双,小
2026-08-09 04:15:17,85183045,000000000513ca453b2c8c1e716f5349986b8864263ffb4489034d8a2334bac9,34bac9,9,单,大
2026-08-09 04:15:28,85183048,000000000513ca482eaf259e42e92846446c2ec454fbdc4dfa45fd6ef3b10d4d,b10d4d,4,双,小
2026-08-09 04:15:38,85183052,000000000513ca4c510770243a1e4fbc772c4caf7f6fd557f34b1a471111c60f,11c60f,0,双,小
2026-08-09 04:15:48,85183055,000000000513ca4f634a1df9ab2fb3b90ff50f81ffb01e47f32048102f7ed232,7ed232,2,双,小
2026-08-09 04:15:58,85183059,000000000513ca53b6fda7a1edc14786cf3135997c9ad2697e92bdf4525c37af,5c37af,7,单,大
2026-08-09 04:16:07,85183062,000000000513ca56ddd21b722f0d4c5c8a49aa45cabdcee37ef38666c375a570,75a570,0,双,小
2026-08-09 04:16:17,85183065,000000000513ca59765c2387b312c9006f0d428988f44c625f795db0fb335ea5,335ea5,5,单,大
2026-08-09 04:16:27,85183068,000000000513ca5c56421e78b3c4af60b17a3e3f318f997ab8c112918b024344,024344,4,双,小
2026-08-09 04:16:37,85183071,000000000513ca5f15f297c8bd3825f4bf47141849a1add34f9d9334b318756f,18756f,6,双,大
2026-08-09 04:16:46,85183074,000000000513ca62a3d4221db7040b0fe4f1c1224b420f4c0f2002d287e4757e,e4757e,7,单,大
2026-08-09 04:16:57,85183078,000000000513ca665aaac0fba5f6b7a18b876bb96821972db2414b9dc683ac61,83ac61,1,单,小
2026-08-09 04:17:07,85183082,000000000513ca6ab533e45f9f85dab47c82334258bd0abf95cf59a02091f72a,91f72a,2,双,小
2026-08-09 04:17:17,85183085,000000000513ca6da18157833118c857af46c514ebd93aba54ebd592f8241fd7,241fd7,7,单,大
2026-08-09 04:17:27,85183088,000000000513ca7040b7e005402b081382ec7c7d38ba5d459c60d99704bced2a,bced2a,2,双,小
2026-08-09 04:17:37,85183092,000000000513ca748c77bd81c20853cb3f5fa7d610e5a3303047df6207f85fdd,f85fdd,5,单,大
2026-08-09 04:17:48,85183095,000000000513ca77a146fae2df0663ea0f5980e5c06bb98b65efd9acb2bfb28a,bfb28a,8,双,大
2026-08-09 04:17:57,85183098,000000000513ca7a4d21f9cf956af39beffec85578bcc5aabfd63a0fe78bae36,8bae36,6,双,大
2026-08-09 04:18:07,85183102,000000000513ca7e2ec4446d18b1d5ce1a6df54b128e468d0f753a3f377f4562,7f4562,2,双,小
2026-08-09 04:18:17,85183105,000000000513ca81ca6a4d249c07d2dbe55409ddf8aa76be4e001363c6310018,310018,8,双,大
2026-08-09 04:18:27,85183108,000000000513ca8498c37f48b5eb2d354cc9257fd2e3e72ae2ea346ef96ae58d,6ae58d,8,双,大
2026-08-09 04:18:36,85183111,000000000513ca87e41e382b2b7ddaadce5e5bd064f3e2bd5bd9e0b32c8c362d,8c362d,2,双,小
2026-08-09 04:18:45,85183114,000000000513ca8a71ea99caf18905d7757924fa451c4943bcfeea876bcfb572,cfb572,2,双,小
2026-08-09 04:18:55,85183117,000000000513ca8dc9aa3ed7379febb43aeb8798ce395a28b7b9bf29f6ed8bc0,ed8bc0,0,双,小
2026-08-09 04:19:05,85183121,000000000513ca91bd30587db81b3d42196128cb33037a602047edeaa658d78e,58d78e,8,双,大
2026-08-09 04:19:15,85183124,000000000513ca94094cbc3788a13b969b90768e07cf5353bc793e37ea475f99,475f99,9,单,大
2026-08-09 04:19:24,85183127,000000000513ca9703a776bbbf9f40b452fbfbf0a6ad59ead1fa1c947fa746ed,a746ed,6,双,大
2026-08-09 04:19:35,85183130,000000000513ca9a81672257062c22086a116bb86cebbf9ca71b4d864f7e5aa8,7e5aa8,8,双,大
2026-08-09 04:19:45,85183134,000000000513ca9e3470ac7bc4b876424e50441472becf9e86a5b5f11243a75b,43a75b,5,单,大
2026-08-09 04:19:56,85183137,000000000513caa1dc1299215a0e415edaaaa82b1c96041a98f80a2be0998fc6,998fc6,6,双,大
2026-08-09 04:20:06,85183141,000000000513caa527c4e1e2a6c00161a65e764d3fff721427630fc45d4d9f2b,4d9f2b,2,双,小
2026-08-09 04:20:16,85183145,000000000513caa9ee9e9427ed63550ca0834513f52f5b8a9ce5a5bd64ab8978,ab8978,8,双,大
2026-08-09 04:20:27,85183147,000000000513caab0518b0c6b7fab0f8aa93ceef9395c7d15b207e868817409c,17409c,9,单,大
2026-08-09 04:20:37,85183151,000000000513caaf9ebdad848247e4baf40bb90ca6018c85e07a7ef0f14eca25,4eca25,5,单,大
2026-08-09 04:20:47,85183155,000000000513cab385686cbca48b42abf79f87a6bc6930ee3c8c2bb70d81778c,81778c,8,双,大
2026-08-09 04:20:57,85183158,000000000513cab68b061279699fc8a223ab7d45c4d02b015838f1fbb86430d7,6430d7,7,单,大
2026-08-09 04:21:07,85183161,000000000513cab910fb6854a119d998e7ca8aeea0810f2e359bee3060256cc5,256cc5,5,单,大
2026-08-09 04:21:17,85183164,000000000513cabcb6c152b40bfb9e7353250a9a96b20451b1669eccb03559f5,3559f5,5,单,大
2026-08-09 04:21:26,85183168,000000000513cac0130896ba5d5a9a2f82aca5b2483d25f56d44ec6fb0ca3c7b,ca3c7b,7,单,大
2026-08-09 04:21:36,85183171,000000000513cac3adbce4e62b84ff54cd81b60df14644bc87f06a6d449412f3,9412f3,3,单,小
2026-08-09 04:21:46,85183174,000000000513cac61b5b73561e28a1255c29039d0f532c9c6b376c5fe764445f,64445f,5,单,大
2026-08-09 04:21:55,85183177,000000000513cac997eaf2bc499001581ca22dc956b8e494844ebe0bc1740599,740599,9,单,大
2026-08-09 04:22:05,85183181,000000000513cacd38b159cd0a75589bf62aee2c56146f7db6f27e496f3e3ba1,3e3ba1,1,单,小
2026-08-09 04:22:15,85183184,000000000513cad0f2a3c251ac0f4aaea88f963272b7dce27f4574cec267f9c6,67f9c6,6,双,大
2026-08-09 04:22:24,85183187,000000000513cad3c984d56449c0e0ffd761c3a1b2f38d3bd9ad94ec18f543ca,f543ca,3,单,小
2026-08-09 04:22:34,85183190,000000000513cad64b07d78f5b999f51f3467e291a3bc3d38057a4832d5871d3,5871d3,3,单,小
2026-08-09 04:22:44,85183194,000000000513cada4fece027dd666c539423b4376ca0aae2e894044786544d78,544d78,8,双,大
2026-08-09 04:22:54,85183197,000000000513caddfc4fe2c2a618956a1f3938cbc643fcdb2a693421cfb5d627,b5d627,7,单,大
2026-08-09 04:23:04,85183201,000000000513cae12559c8b1363c6a2cdd36ac52d2a7824a1d63c0fbb7956f9f,956f9f,9,单,大
2026-08-09 04:23:14,85183204,000000000513cae49be1243b64191708e0bbf38d6e14bc9cf42b75ca522ca03a,2ca03a,3,单,小
2026-08-09 04:23:24,85183207,000000000513cae76e7fd0c33baeffde5d15049165b16badf90e516f662c1b69,2c1b69,9,单,大
2026-08-11 10:32:49,85248180,000000000514c8b48fe1c50a0bb0bf751c3bbbc4bfea34d1c1c3c2944978b9fe,78b9fe,9,单,大
2026-08-11 10:32:59,85248185,000000000514c8b997f5119f3c7126fb71bf4d75bf22ff85d58409f51e9ee639,9ee639,9,单,大
2026-08-11 10:33:09,85248190,000000000514c8beb8f6a1e781df27e6ee53eadf05bf45843f4cf1aa0d63333e,63333e,3,单,小
2026-08-11 10:33:29,85248195,000000000514c8c3fe9f113f06c50724ef34e0e228a0b192a5cb6e12569db539,9db539,9,单,大
2026-08-11 10:33:38,85248200,000000000514c8c8078b60e3ab21354ecd5dc5dc3e710cb26cc5e50b9a8c558e,8c558e,8,双,大
2026-08-11 10:33:58,85248205,000000000514c8cddaf5d6b18f7232648ad9fe6296cbfd3eb9095950d616810b,16810b,0,双,小
2026-08-11 10:34:08,85248210,000000000514c8d23c6f3725557f17f21f8018f8256c26b543d83bd5af6aef4f,6aef4f,4,双,小
2026-08-11 10:34:27,85248215,000000000514c8d7510903185a03141f2d159f27f76fd9ba5db521b80b5e7c2a,5e7c2a,2,双,小
2026-08-11 10:34:37,85248220,000000000514c8dc29e1268229144a3c907866255fc0134f978ba777243688cb,3688cb,8,双,大
2026-08-11 10:34:56,85248225,000000000514c8e1951e406d425ec23cc730df1f9525bb5b2d44899bbadca122,dca122,2,双,小
2026-08-11 10:35:06,85248230,000000000514c8e6cefa7fb429c125c05888208f19edcea4cfabfd9254a9ca60,a9ca60,0,双,小
2026-08-11 10:35:26,85248235,000000000514c8eb93fcd779f5d416fa6e1daaf66f43a34656b1d0d8c5f42feb,f42feb,2,双,小
2026-08-11 10:35:36,85248240,000000000514c8f0e8b35e9ce64fd8975dc38d9ac5692dd08f7793bd1069b682,69b682,2,双,小
2026-08-11 10:35:55,85248245,000000000514c8f5bcd513a2f66d03cf3f53737d5cddb7ec5c88040e3a1bf42e,1bf42e,2,双,小
2026-08-11 10:36:15,85248250,000000000514c8fac779d40ecdfe290b4adc7c969452b5b563451a92e3118e7b,118e7b,7,单,大
2026-08-11 10:36:25,85248255,000000000514c8ff252c7514934a552e84bf455afeae7ec2e2ac969b156ad359,6ad359,9,单,大
2026-08-11 10:36:44,85248260,000000000514c9046e236e40c750f68c5da17259aaf1410ed3f89a8acecafe6c,cafe6c,6,双,大
2026-08-11 10:36:55,85248265,000000000514c9097c27b20e067638a065e93519ec7d99325f240fdacc73a3a0,73a3a0,0,双,小
2026-08-11 10:37:14,85248270,000000000514c90e4c99336c0a73bf51b1b10f35075b14e85bc0ceb9db650b03,650b03,3,单,小
2026-08-11 10:37:24,85248275,000000000514c913675fb41d5fa7bc8492db30a2ed7fc384a690c1b647c40bdc,c40bdc,0,双,小
2026-08-11 10:37:44,85248280,000000000514c9187d02cce8aa3bc12b6664add0b189ab5f1fb6cfbfd3097284,097284,4,双,小
2026-08-11 10:37:53,85248285,000000000514c91d7544125aeaa4c2a4c97631bbad1337ffde47344af3157bb9,157bb9,9,单,大
2026-08-11 10:38:13,85248290,000000000514c9226b91d8974ad404e77fd45e099490ff8a4adb530945b674a7,b674a7,7,单,大
2026-08-11 10:38:23,85248295,000000000514c927d8b553f0d539e4be3a5faff63cc19d41eba3cc3ee2761a96,761a96,6,双,大
2026-08-11 10:38:43,85248300,000000000514c92c68925d7484de8940a1fbbad73ff0bf78d97fff03834b554b,4b554b,4,双,小
2026-08-11 10:38:52,85248305,000000000514c931a2dc8c1728ac6aa3bc7e9a08282e6894498a6aae22afe9c0,afe9c0,0,双,小
2026-08-11 10:39:12,85248310,000000000514c9368ef230c0b2bd1341ec80b42017645fa6246697bded8d7ee0,8d7ee0,0,双,小
2026-08-11 10:39:22,85248315,000000000514c93bbfde8dd5d3ee8c7c0cb548dca2d474d8300dcc9ce4cf0b7f,cf0b7f,7,单,大
2026-08-11 10:39:41,85248320,000000000514c940c9e2b4fba3f6cd9da2352d5246c0eca02e20173d6bbfeb44,bfeb44,4,双,小
2026-08-11 10:39:51,85248325,000000000514c9450d6600bbc5784206d7a4ef404c957b243657f7f63bba9e58,ba9e58,8,双,大
2026-08-11 10:40:11,85248330,000000000514c94a733d50ee3787520afd30ff8d02e586755848ab4b4e071e23,071e23,3,单,小
2026-08-11 10:40:30,85248335,000000000514c94fd2bc514222609eb3b16ffb0a0ec888e0162e1c4f2345fcea,45fcea,5,单,大
2026-08-11 10:40:40,85248340,000000000514c954813cd84330153240791330a7ddee204a992dc5341a3004ec,3004ec,4,双,小
2026-08-11 10:41:00,85248345,000000000514c959bf1e8d24a0dca6d866615ae07bb2df8ca6e4868c2cff718a,ff718a,8,双,大
2026-08-11 10:41:10,85248350,000000000514c95ea2efed2b7e0c06e64f3e980883d4a96becca859194316236,316236,6,双,大
2026-08-11 10:41:31,85248355,000000000514c96362f1cdcefad435ef9302ca904ecc0be8323c76556eb7160c,b7160c,0,双,小
2026-08-11 10:41:40,85248360,000000000514c968f67cfaea4b05f5f582cd5cbcf5efa49b6102c2cd98350126,350126,6,双,大
2026-08-11 10:41:50,85248365,000000000514c96dc23f1b2849bcd6da62120e1914e6b5e69bfae40e708452a4,8452a4,4,双,小
2026-08-11 10:42:10,85248370,000000000514c9727f36eb6da1cf88bd2001aecb114fa9672b934194934acfc3,4acfc3,3,单,小
2026-08-11 10:42:29,85248375,000000000514c977d8b4dc946e1dc24f233e1a54e505d77c854fcfede7a172f7,a172f7,7,单,大
2026-08-11 10:42:39,85248380,000000000514c97c626f7f17dda7ce74ab76ba118153c4f2d7a9c9d8a5a7bb80,a7bb80,0,双,小
2026-08-11 10:42:59,85248385,000000000514c9819fa46d9ec7db38d7f5899e84d8c98e13a6d4c27700e44e62,e44e62,2,双,小
2026-08-11 10:43:09,85248390,000000000514c986c4c275773eafc32affe4eb6f636de0d4337d0118fc905ce1,905ce1,1,单,小
2026-08-11 10:43:29,85248395,000000000514c98b2aecad4c98afa14309363aff08f7188cf4314ad60b370309,370309,9,单,大
2026-08-11 10:43:39,85248400,000000000514c9909bed134373573e1c83dde23d603edc8be6fd6b1901175679,175679,9,单,大
2026-08-11 10:43:58,85248405,000000000514c995710d562b108caf368f42c1629faf15422c09aaf72a1a853f,1a853f,3,单,小
2026-08-11 10:44:08,85248410,000000000514c99a24b3b83fd434c9928506f58519e1d33c32a845d75a64db58,64db58,8,双,大
2026-08-11 10:44:28,85248415,000000000514c99f739e40d81c69b04556470f9a73249917d8035314ffd623be,d623be,3,单,小
2026-08-11 10:44:38,85248420,000000000514c9a444d034e98d784cf683ad08a8cafdde8f981fab163d258274,258274,4,双,小
2026-08-11 10:44:58,85248425,000000000514c9a9280c1c6631f5515a354c6d83a1b6f550ffcff81e995ac6eb,5ac6eb,6,双,大
2026-08-11 10:45:08,85248430,000000000514c9ae4d6f863893de73b17cc6ebc384bac22131c52b18f38eb962,8eb962,2,双,小
2026-08-11 10:45:27,85248435,000000000514c9b33af59a50467c74588e3ca9ead840b88c82228840737650f5,7650f5,5,单,大
2026-08-11 10:45:37,85248440,000000000514c9b87392a0854ae18dadf6ea5593d66dfb0070ac09b8c232b281,32b281,1,单,小
2026-08-11 10:45:57,85248445,000000000514c9bdf3ff1eb209e03d0605124dc734a70b203e01cf9ce48551b3,8551b3,3,单,小
2026-08-11 10:46:06,85248450,000000000514c9c22cf3b346bdcd4f3f274cde4df53f1864b71aab38aacd201d,cd201d,1,单,小
2026-08-11 10:46:26,85248455,000000000514c9c7f44b4ed30a4640056463ec160d05b4e32994c41f83e79434,e79434,4,双,小
2026-08-11 10:46:36,85248460,000000000514c9ccd2683c417ce75f339c42a4ad327db5dd2ee767dbc7c14b1b,c14b1b,1,单,小
2026-08-11 10:46:55,85248465,000000000514c9d1622f4d469b39628bc33936a5e661600564718dbd0a18dc2a,18dc2a,2,双,小
2026-08-11 10:47:15,85248470,000000000514c9d626b810d2ee6028cf6fedc511cee27cb7c679db0e8b44d9de,44d9de,9,单,大
2026-08-11 10:47:25,85248475,000000000514c9db9b8dc41ac9b3a62a50fe3cd814b8c91999bb63544081130c,81130c,0,双,小
2026-08-11 10:47:45,85248480,000000000514c9e054da2472493ec65a322e1dd0cd6767035c39d67a35cf0559,cf0559,9,单,大
2026-08-11 10:47:55,85248485,000000000514c9e58a1fff9d0ab01c9bda75013702dbd93a01b298c7b9a245fa,a245fa,5,单,大
2026-08-11 10:48:14,85248490,000000000514c9ea18ddf7ad2032ca14c00ba76fad34ba1f223f61ace8825a9d,825a9d,9,单,大
2026-08-11 10:48:24,85248495,000000000514c9ef0273883a23e6c615a1dc18b85887d91e1ce6c05004e6244c,e6244c,4,双,小
2026-08-11 10:48:43,85248500,000000000514c9f45e38daf52a6491ccfc0ba7f47c50929b61743a4964bc18dc,bc18dc,8,双,大
2026-08-11 10:48:53,85248505,000000000514c9f92f5dae0d24dd7e87d5149489039e5ee9cbc2ddcdca56f264,56f264,4,双,小
2026-08-11 10:49:13,85248510,000000000514c9fe27cb93a2c40cb9eba2c49dab0cef11c62b8f196293d87023,d87023,3,单,小
2026-08-11 10:49:23,85248515,000000000514ca033ae98fcb6841a157e78cb86be3fba98a57d807786c7d8bfd,7d8bfd,8,双,大
2026-08-11 10:49:42,85248520,000000000514ca0874f812f0866083483a303325b5042bac6d8386a23936e426,36e426,6,双,大
2026-08-11 10:49:52,85248525,000000000514ca0d5ff16395e8982982beeb12c3fc4116d3f6f42274c479f97e,79f97e,7,单,大
2026-08-11 10:50:12,85248530,000000000514ca12e57c9cb778c41e1feaf071b599ad37abcb5ad6e5ba89c630,89c630,0,双,小
2026-08-11 10:50:21,85248535,000000000514ca17d2f76bb680de6a46774840461a28541415bea870c4864b0f,864b0f,0,双,小
2026-08-11 10:50:41,85248540,000000000514ca1c685376d747e07ec75dc401708e3558035cf2ff6584ddb29f,ddb29f,9,单,大
2026-08-11 10:51:00,85248545,000000000514ca21b3129537455820a5a78f9cd786ab511293174e9341dea147,dea147,7,单,大
2026-08-11 10:51:10,85248550,000000000514ca26472cafc4a7df1d490da35fc3914d33d3ec2450305148f8de,48f8de,8,双,大
2026-08-11 10:51:30,85248555,000000000514ca2ba2da211f624608c5c7a4b07eb3fc539c580f58f120b826f2,b826f2,2,双,小
2026-08-11 10:51:39,85248560,000000000514ca305aaf9cf60aa5cab046cbc65500eaa709b696f7eb09079395,079395,5,单,大
2026-08-11 10:51:59,85248565,000000000514ca35950da975eab9cec07543524de6e81df47059dc819ec1d330,c1d330,0,双,小
2026-08-11 10:52:09,85248570,000000000514ca3ac9f552645a1d5fcb792af6ceea914706d9eb60f194a9bb9a,a9bb9a,9,单,大
2026-08-11 10:52:28,85248575,000000000514ca3fff12e89c5f8cd1e07abebd944017cef3c772e5d0cabf964e,bf964e,4,双,小
2026-08-11 10:52:38,85248580,000000000514ca441cfc9cb7f459bc17c84f044144e6d301deaba52fc567c322,67c322,2,双,小
2026-08-11 10:52:58,85248585,000000000514ca4955b730b5f7cdec6f7a08b933a647ad0f365067baf5d96535,d96535,5,单,大
2026-08-11 10:53:07,85248590,000000000514ca4e05bc8095d37eb966128227e80521b8a0e9c76a0d0eb301a0,b301a0,0,双,小
2026-08-11 10:53:27,85248595,000000000514ca530677c0028d50a3fc1cbd6c538b74adab308f060be72c761c,2c761c,1,单,小
2026-08-11 10:53:37,85248600,000000000514ca587713caf040b9a46bc497f212481a8c8e2e52d62aadceed42,ceed42,2,双,小
2026-08-11 10:53:57,85248605,000000000514ca5dcfec174f9652e447b16093dddff9110754ace0e5c2b65711,b65711,1,单,小
2026-08-11 10:54:16,85248610,000000000514ca62493cdb5c330d8bab75a4742e7b336e7ba75c5bf89d07a1d4,07a1d4,4,双,小
2026-08-11 10:54:26,85248615,000000000514ca670e3c8eb21edc2aa3e1826b2b8cc8d1b0038cef77c74ca681,4ca681,1,单,小
2026-08-11 10:54:36,85248620,000000000514ca6c5b6da6f786cbae1e453c67980f4c67c120f37bbdf91bfe39,1bfe39,9,单,大
2026-08-11 10:54:55,85248625,000000000514ca7105c3ee10566b58a798575cf58c1102a813ca2af6dccd2f3e,cd2f3e,3,单,小
2026-08-11 10:55:15,85248630,000000000514ca76412da7fc5debae670d4b3fa882e98ce0928827ff34dd61f9,dd61f9,9,单,大
2026-08-11 10:55:24,85248635,000000000514ca7b3edfdd336d0db178c46d7b9071cf35e4f50fd5388b3a950c,3a950c,0,双,小
2026-08-11 10:55:44,85248640,000000000514ca801a5c2606ea124a30aa46c20527a9bca957146bbd0fbbf664,bbf664,4,双,小
2026-08-11 10:55:54,85248645,000000000514ca854d69951c5b69e12044a16bca2a96e7a0a7bd29fa75349adb,349adb,9,单,大
2026-08-11 10:56:13,85248650,000000000514ca8a066ea5340ba934992f485ee4c4980803c1cb3b6c46e98a0b,e98a0b,0,双,小
2026-08-11 10:56:23,85248655,000000000514ca8f42677cf31b41bcde4eb1da772e8d53ae5763165da824d0c5,24d0c5,5,单,大
2026-08-11 10:56:42,85248660,000000000514ca945dba47658df7bad30cd5bbf78492bcbcdf388a73ecea8ea9,ea8ea9,9,单,大
2026-08-11 10:56:52,85248665,000000000514ca9979b5e295f2d2f53f36be6046860b3c503b7b8ece7c89e56a,89e56a,6,双,大
2026-08-11 10:57:12,85248670,000000000514ca9ea1e7d9b1858fb1179840422080d505420a78a2530d661f13,661f13,3,单,小
2026-08-11 10:57:21,85248675,000000000514caa3ceee026f0a190f86c300504ed4d7c16b5358b2b9de996a02,996a02,2,双,小
2026-08-11 10:57:41,85248680,000000000514caa8840edddc780b7562705f0039f70b2346eac58630f2883f8b,883f8b,8,双,大
2026-08-11 10:58:00,85248685,000000000514caad985fdb0223ff6a74b6bafd103d7c95d3e48d5d6862e8cbbc,e8cbbc,8,双,大
2026-08-11 10:58:10,85248690,000000000514cab28cea1a214e5a70f91ede77426ce6bf7deaafcb9b413f12d2,3f12d2,2,双,小
2026-08-11 10:58:30,85248695,000000000514cab79d436bd289fff3b5d3e9212cf29711d746670586c837f775,37f775,5,单,大
2026-08-11 10:58:39,85248700,000000000514cabcb33c7695ad77b2e0e5dbace7517d766d47780418c220cf92,20cf92,2,双,小
2026-08-11 10:58:59,85248705,000000000514cac103c3cacf1ff8377c479ad7f45f3cc110ab25416253809566,809566,6,双,大
2026-08-11 10:59:09,85248710,000000000514cac652cccb504ea0272438ec7982f58866db91924f53583beb3a,3beb3a,3,单,小
2026-08-11 10:59:28,85248715,000000000514cacb2183725fa7a81c59e272f38987de40c19efb9f9f23f4482e,f4482e,2,双,小
2026-08-11 10:59:38,85248720,000000000514cad080bf7292aaf06baeba7ac0bbd66fb9883ae8f91f7316ebbc,16ebbc,6,双,大
2026-08-11 10:59:57,85248725,000000000514cad5e064eff9ee74f685a7b744c4c142d60dfbf02df51c68d232,68d232,2,双,小
2026-08-11 11:00:07,85248730,000000000514cada6952846821f3f9adb286e1f75489185cbea1af36b947754d,47754d,4,双,小
2026-08-11 11:00:27,85248735,000000000514cadf14df6722f114dc224e551ae77537736d12e8631d9262e12b,62e12b,2,双,小
2026-08-11 11:00:37,85248740,000000000514cae4dcab0f1bbbff4417985ebf0a7b14995254d5a4cf8b20b98c,20b98c,8,双,大
2026-08-11 11:00:56,85248745,000000000514cae949cc6ac473a484a9f5835f366142c581ebf5881df21e1ed2,1e1ed2,2,双,小
2026-08-11 11:01:06,85248750,000000000514caeea9bf1c6e3ab3d6cc57f9a33d3f9d3f59401e325394016ff1,016ff1,1,单,小
2026-08-11 11:01:26,85248755,000000000514caf35e1da062dcc8640a717863e146a87bb47baec7235ccec26f,cec26f,6,双,大
2026-08-11 11:01:46,85248760,000000000514caf828cd11b2e5364756bb861bc1a916bf35c6492b90e2c3b713,c3b713,3,单,小
2026-08-11 11:01:55,85248765,000000000514cafd76a1051f575321a030b5eeb2d9b8823c00740e5d576738a2,6738a2,2,双,小
2026-08-11 11:02:15,85248770,000000000514cb02d4a2bedbe115222c8151c6d283ed00f03167f0513842f7ed,42f7ed,7,单,大
2026-08-11 11:02:25,85248775,000000000514cb07e3561a36666dff4f45dfabc7389cf941578c19198dd6c9c4,d6c9c4,4,双,小
2026-08-11 11:02:44,85248780,000000000514cb0cf3fd5fcc30a6ac61dbccbf7eddff10e74b3e6b2c7ca17ba2,a17ba2,2,双,小
2026-08-11 11:02:54,85248785,000000000514cb11e0f1419641bb85aae0890e9c99a113ed4e4b27dd233330bc,3330bc,0,双,小
2026-08-11 11:03:15,85248790,000000000514cb16594dd2d1e432564c3e92c9d53c497b2f5f0cc085300d7643,0d7643,3,单,小
2026-08-11 11:03:25,85248795,000000000514cb1b41301f5588cba428214b2cf1856869d6358c1de7741b3a2b,1b3a2b,2,双,小
2026-08-11 11:03:44,85248800,000000000514cb20aff38219bd00cae02318db42a566625a061f7ea4cdd2dd8d,d2dd8d,8,双,大
2026-08-11 11:03:54,85248805,000000000514cb25fb86e5aab7578bead9eb133bcbb73002a00404b91590b1ed,90b1ed,1,单,小
2026-08-11 11:04:14,85248810,000000000514cb2a62e9fd04f6cbebfd4a5a2ae3c9958388b95b0491dc6f9c45,6f9c45,5,单,大
2026-08-11 11:04:23,85248815,000000000514cb2fab18bc667e0d0f1815366c2a41c3b073c174aca3bd695e30,695e30,0,双,小
2026-08-11 11:04:43,85248820,000000000514cb3468de7ee22cd487ddb3571a350899a5b09ba892b029a32249,a32249,9,单,大
2026-08-11 11:04:53,85248825,000000000514cb392ee480b8c2578a36ecc17f176cdc1dc1b6b006cb7ea22075,a22075,5,单,大
2026-08-11 11:05:13,85248830,000000000514cb3e7feabed731453fb1b971c42dab910bea4b556eca01b08841,b08841,1,单,小
2026-08-11 11:05:23,85248835,000000000514cb4321e7ea7dc6426e84c772402365c012aed17f88cff323116d,23116d,6,双,大
2026-08-11 11:05:42,85248840,000000000514cb4845b7eebc1519fd8f65c8dd5bac2836e7152954fe4c98e25a,98e25a,5,单,大
2026-08-11 11:05:52,85248845,000000000514cb4d222685f50654c25004492c8b9f0319f24e17156a3c5a9e11,5a9e11,1,单,小
2026-08-11 11:06:12,85248850,000000000514cb5200e48acc285c57316ab726aad82fcf2d6de8e8ebc0317a44,317a44,4,双,小
2026-08-11 11:06:22,85248855,000000000514cb57b1c01039ef8fda40a8262577891ca0cb7ef30c3f8bb004b4,b004b4,4,双,小
2026-08-11 11:06:42,85248860,000000000514cb5c816fe127526c513383b6424d354d046198e7cce2e0e6ce69,e6ce69,9,单,大
2026-08-11 11:06:52,85248865,000000000514cb61c8da23ed959e64e286fb84da2c49982b0140f69826d795d5,d795d5,5,单,大
2026-08-11 11:07:11,85248870,000000000514cb6624f329fef3f41fa97d85c568a2e52ddfd24cd6929c3370c3,3370c3,3,单,小
2026-08-11 11:07:21,85248875,000000000514cb6bb0c4676bec0cd136db0b5fbd205429452d8d88de1206396b,06396b,6,双,大
2026-08-11 11:07:40,85248880,000000000514cb70094304cb5afa27557e8878d1045f0244a55495e5f391f814,91f814,4,双,小
2026-08-11 11:08:00,85248885,000000000514cb753cd93608d859ae9c75b4ff5c2311674631182eb332e04fcf,e04fcf,4,双,小
2026-08-11 11:08:10,85248890,000000000514cb7ab43c86d482198ae2a02bc7c3ccb9ad725e4dcf468d80a07e,80a07e,7,单,大
2026-08-11 11:08:29,85248895,000000000514cb7fc7713941ac4d1d8bea43904988366680634f282e1cc6f176,c6f176,6,双,大
2026-08-11 11:08:39,85248900,000000000514cb8450b171de31d2e373a3b8635f782a5c40fe7c2f959422315c,22315c,5,单,大
2026-08-11 11:08:57,85248905,000000000514cb894f7b6a7eef2eaf732fd9dbdd8c254044ca21e2d44c29300c,29300c,0,双,小
2026-08-11 11:09:07,85248910,000000000514cb8e102fceaf7f75f28f1619d267c00ad414680d80dde1295f9a,295f9a,9,单,大
2026-08-11 11:09:27,85248915,000000000514cb930c41917978214e97481d9a0c42243dcaef79ec194e11dbea,11dbea,1,单,小
2026-08-11 11:09:36,85248920,000000000514cb980ce86cd581a69e1efb5164a298e91bc52c7e541ebfb79c1a,b79c1a,1,单,小
2026-08-11 11:09:56,85248925,000000000514cb9d4cb4aaf2c2f32096bd6e2aa31cd328cc2950f644b4429567,429567,7,单,大
2026-08-11 11:10:06,85248930,000000000514cba2b1048592ed30b2dab6bf5bf379a676fe6b1555d1544c0f0d,4c0f0d,0,双,小
2026-08-11 11:10:26,85248935,000000000514cba722c616911150dd75066a5f01d0ca2edd959a24cc4fbf8476,bf8476,6,双,大
2026-08-11 11:10:35,85248940,000000000514cbaccf08475cc0ace47eb056ee1150e7c3e9b1289078cce8dbdf,e8dbdf,8,双,大
2026-08-11 11:10:55,85248945,000000000514cbb15b9f8d8f43e0a120d621d84112c055d3212636e19ee638ec,e638ec,8,双,大
2026-08-11 11:11:14,85248950,000000000514cbb63b4bd96fdcfcf31c29521cdbce7d07bb8508ff0870854768,854768,8,双,大
2026-08-11 11:11:24,85248955,000000000514cbbb43491372020dc194d0f946a33b29c7f919a316e6c30b35e0,0b35e0,0,双,小
2026-08-11 11:11:44,85248960,000000000514cbc015e5dbbe9e5f88a3de288f54a9bd40e78fd760cc271a5caf,1a5caf,5,单,大
2026-08-11 11:11:53,85248965,000000000514cbc5cd96a480f5c10a7b05d4a52d6ba1d8f223e67aa3df4cdf95,4cdf95,5,单,大
2026-08-11 11:12:13,85248970,000000000514cbcacfd62f803a54b4559dd49569ebf4d198d19bdf9a00749d47,749d47,7,单,大
2026-08-11 11:12:23,85248975,000000000514cbcf57323a3a3e5ea0c05fc3914e2772e6a993b48da69fc71c8f,c71c8f,8,双,大
2026-08-11 11:12:43,85248980,000000000514cbd4b933121e2194471d399359eb7f76453a3ee8cfe13385329a,85329a,9,单,大
2026-08-11 11:12:53,85248985,000000000514cbd9acf117b4e00f383bb23f7c87d526f7f01f8fb8410bd143ad,d143ad,3,单,小
2026-08-11 11:13:13,85248990,000000000514cbde608fffb74a17d1540196c422c8ff1c42ac5625be8786af1b,86af1b,1,单,小
2026-08-11 11:13:22,85248995,000000000514cbe35963c8357185de7a9b1394fa3b0f201643a778d5de2a5837,2a5837,7,单,大
2026-08-11 11:13:42,85249000,000000000514cbe8e03efceb37e618b6e59cfeaf46d537b96d7be94e51919469,919469,9,单,大
2026-08-11 11:13:52,85249005,000000000514cbed51380ad3c96d9e0836f0543b34b9ba90c6207859c61098f6,1098f6,6,双,大
2026-08-11 11:14:11,85249010,000000000514cbf2203288d7ee21d7baa0cc397d2c0f15e0e7465863183d8f81,3d8f81,1,单,小
2026-08-11 11:14:21,85249015,000000000514cbf770c0f1691c60defb075929fa01c55a568c7c85e76879b836,79b836,6,双,大
2026-08-11 11:14:41,85249020,000000000514cbfc7c9c16dc93d7d005cb5a33d186bf6373c2e53958453bac37,3bac37,7,单,大
2026-08-11 11:14:51,85249025,000000000514cc01005ab7bb883ecab725aa0a2043b79685f80e7c946d49d8e1,49d8e1,1,单,小
2026-08-11 11:15:10,85249030,000000000514cc062b1d538627d7c27a7585770f3be0b2faf3175239488182cd,8182cd,2,双,小
2026-08-11 11:15:20,85249035,000000000514cc0bd8b493c09dd3b0d15c2dd9361ab95bff0e5746b76e459124,459124,4,双,小
2026-08-11 11:15:40,85249040,000000000514cc1071fc74863a5bc96a56cc990dbe69e75284f8fa1a76ed4109,ed4109,9,单,大
2026-08-11 11:15:59,85249045,000000000514cc15ff61e541aa6c82428eede367d0d6028145b0a3383be2b006,e2b006,6,双,大
2026-08-11 11:16:09,85249050,000000000514cc1a96f41da7f3fee01562d0b4bbfbb5688a57b4b10cf992ec3a,92ec3a,3,单,小
2026-08-11 11:16:29,85249055,000000000514cc1fc8633c38a5cef3206857a5d88ad8078f7d7000f7605b6ac1,5b6ac1,1,单,小
2026-08-11 11:16:38,85249060,000000000514cc241eb1aaf504a80b35bf9d4f247aafdf34517acdeacbbd2f63,bd2f63,3,单,小
2026-08-11 11:16:58,85249065,000000000514cc296a7054497d38e88b3664be38a655c256c2a6f80b895eb593,5eb593,3,单,小
2026-08-11 11:17:08,85249070,000000000514cc2e67205763a76cf731e8d5032b4a7b604675fb4d33fa5e9df2,5e9df2,2,双,小
2026-08-11 11:17:27,85249075,000000000514cc33d69b8dee01194f565e84973f97f8b732ab18042771335ff8,335ff8,8,双,大
2026-08-11 11:17:37,85249080,000000000514cc38469e7b98eab8df3d9b281d6feb9879a3cb933e0f4639daab,39daab,9,单,大
2026-08-11 11:17:57,85249085,000000000514cc3d8cc367ec4161ce6ea6d6057ba51bd6768ec2f15e3bc4c892,c4c892,2,双,小
2026-08-11 11:18:06,85249090,000000000514cc42322b07da0a7d717634b2cc2f4929f777570d2d432a3421ad,3421ad,1,单,小
2026-08-11 11:18:26,85249095,000000000514cc47fcc9651d6e80873296840730ed09ac3140891c18e4bb9376,bb9376,6,双,大
2026-08-11 11:18:36,85249100,000000000514cc4c534f41a9bca52d6800193ea72163e3ef26e3ff67f35c4cd7,5c4cd7,7,单,大
2026-08-11 11:18:55,85249105,000000000514cc51d3ecc3bc2c1b93e78a009652857c3805782a91a1fc49f80e,49f80e,0,双,小
2026-08-11 11:19:05,85249110,000000000514cc56a8cc2a9f3dd7b997856021955ab0a20557307ae936116971,116971,1,单,小
2026-08-11 11:19:25,85249115,000000000514cc5b997b01c51eeafd2c4a65b40ed27580146d914f307d81d93d,81d93d,3,单,小
2026-08-11 11:19:44,85249120,000000000514cc606db3855652a2f36d4a54891bce0189dad943de42d2ac8cd2,ac8cd2,2,双,小
2026-08-11 11:19:54,85249125,000000000514cc651ef93262d7d11dc125e39d305eef5cb982f91c24e4fe8168,fe8168,8,双,大
2026-08-11 11:20:14,85249130,000000000514cc6a69b30a4847327f28d073e2a5ccd58ea86808c2a2f6c9100f,c9100f,0,双,小
2026-08-11 11:20:23,85249135,000000000514cc6f9724b6e09178bb5003883a724e73c3364c013bfbd076829d,76829d,9,单,大
2026-08-11 11:20:43,85249140,000000000514cc741c42e1126a15373e6613e9896935ca582ecd26f48ff62442,f62442,2,双,小
2026-08-11 11:20:53,85249145,000000000514cc79e0b0951932593284d7fe28fdf36469e4f3a04ca42bedef12,edef12,2,双,小
2026-08-11 11:21:12,85249150,000000000514cc7e32b734278494ac8704def7775e86404cef27034184553a1a,553a1a,1,单,小
2026-08-11 11:21:22,85249155,000000000514cc83be3e25b35fb7444b31a52f77409bca5d149e367c5f1ba865,1ba865,5,单,大
2026-08-11 11:21:42,85249160,000000000514cc8823705b2bac892a3ccdde2441c1b4e3b339c3e697c40934f7,0934f7,7,单,大
2026-08-11 11:21:52,85249165,000000000514cc8d4cd172a4c5b2434d11900a42498949ca9a4cb5b26f71d960,71d960,0,双,小
2026-08-11 11:22:12,85249170,000000000514cc92e0a1f708bbd13af2cb1f40c03e45d6a0b11191f7bc4b0440,4b0440,0,双,小
2026-08-11 11:22:22,85249175,000000000514cc97fa7037bad88e93870093db4246663dede2d48759bc96f4bb,96f4bb,4,双,小
2026-08-11 11:22:41,85249180,000000000514cc9c411b82816044b5ff405755386a92873ac1a830faf9ac41fd,ac41fd,1,单,小
2026-08-11 11:22:51,85249185,000000000514cca1816ede8ef34e28416f654272e03eeff05a32eb13210e3c72,0e3c72,2,双,小
2026-08-11 11:23:11,85249190,000000000514cca631308c309b6fd2a45e4b173ccafb18d8ef1875c3104159ab,4159ab,9,单,大
2026-08-11 11:23:21,85249195,000000000514ccabace08bd0725288e1474c7de3f3045e4938ae8a9c146d5da2,6d5da2,2,双,小
2026-08-11 11:23:41,85249200,000000000514ccb0f0e660f2034dcc4628a460fb2fdd33b5c6dd9b3f9157d306,57d306,6,双,大
2026-08-11 11:23:51,85249205,000000000514ccb5ee3cd73adef962785880df4dd02641d91f9e27f591149893,149893,3,单,小
2026-08-11 11:24:10,85249210,000000000514ccbab7f6e2a20cbd590a5a9f3dc8e866613578375d3cf854f805,54f805,5,单,大
2026-08-11 11:24:30,85249215,000000000514ccbfc115b420a75b05f04b642b128a2bdebf2f4bf1388b595814,595814,4,双,小
2026-08-11 11:24:39,85249220,000000000514ccc41fbf0d0b71d64b6bb3e6b39639428c1f88fcdba32277823e,77823e,3,单,小
2026-08-11 11:24:59,85249225,000000000514ccc9a4838d5c0742e1af2006667e3368b87aa113cd66c33887fa,3887fa,7,单,大
2026-08-11 11:25:09,85249230,000000000514ccce8216d945d553171e83cda2d83d08915ed2ba7206e01e5ef4,1e5ef4,4,双,小
2026-08-11 11:25:28,85249235,000000000514ccd3651a4c8d4fb2c144872e71755d92795ff405918bfebc6494,bc6494,4,双,小
2026-08-11 11:25:38,85249240,000000000514ccd8fac6cf194b62c7d76c5ba193005597e40900e60526695c78,695c78,8,双,大
2026-08-11 11:25:57,85249245,000000000514ccddf35713dd5b09cd9873413e21d2a94eab42e2286ba2b3bb98,b3bb98,8,双,大
2026-08-11 11:26:07,85249250,000000000514cce2367a7ea3da24860797439d64c93a8468bd40b417db01ac7a,01ac7a,7,单,大
2026-08-11 11:26:27,85249255,000000000514cce7146d0ee64ec570b32348e887b146e3090c19dd84d4ab0ead,ab0ead,0,双,小
2026-08-11 11:26:36,85249260,000000000514ccecf9bce5a5e65865e04c09ae11b3e6896544f92e124a2689ad,2689ad,9,单,大
2026-08-11 11:26:56,85249265,000000000514ccf15a47717a285398b7d76611f1ed1fb3bff676bd5da3c427d7,c427d7,7,单,大
2026-08-11 11:27:05,85249270,000000000514ccf692cf0f6f2ab2aa8305ffb27fa53e26b0a4738b50b9615640,615640,0,双,小
2026-08-11 11:27:25,85249275,000000000514ccfb3cc3014255ee39e39dc4b0ee8d4b19b2a6fa14ed67dfe74d,dfe74d,4,双,小
2026-08-11 11:27:35,85249280,000000000514cd0065c21f3aaf5310d94bb1f8b9f8171d9462d7b29e4430c317,30c317,7,单,大
2026-08-11 11:27:54,85249285,000000000514cd05d418b67ec9b14f14b36c4adb474c880896c4c611503bdf92,3bdf92,2,双,小
2026-08-11 11:28:14,85249290,000000000514cd0a50c1b493b60df7d2342e10cb704fc4aae8f159abb7274dac,274dac,4,双,小
2026-08-11 11:28:24,85249295,000000000514cd0f73c9872667e4274052d836a35eca4b1d0e5fc95a5d9478ca,9478ca,8,双,大
2026-08-11 11:28:43,85249300,000000000514cd14be60830234593d82088523879a5b6af5520dcf5e8f735bc8,735bc8,8,双,大
2026-08-11 11:28:53,85249305,000000000514cd196ef36eee3b6c274323e6f794e7a3063ea486bd425e18e641,18e641,1,单,小
2026-08-11 11:29:12,85249310,000000000514cd1e7027b5f4b4333472b899cc9a9de2567ceed4a3d911a0eb3c,a0eb3c,3,单,小
2026-08-11 11:29:22,85249315,000000000514cd23a7c0771c3937dba9d64c9f6a06edb2899b97a1e44e806d0c,806d0c,0,双,小
2026-08-11 11:29:42,85249320,000000000514cd28c3b86c328b98e3dd765377c84c2dc120e220067db1f3e60a,f3e60a,0,双,小
2026-08-11 11:29:52,85249325,000000000514cd2ddaf8cc36ed4a98d7396d66e652aee2cd25bb53f8d4c8b174,c8b174,4,双,小
2026-08-11 11:30:12,85249330,000000000514cd3279c3268acaa3672678533f1aa750f8288d28d1e54ce9e6c7,e9e6c7,7,单,大
2026-08-11 11:30:22,85249335,000000000514cd37eea747b24ee3ce8cecae172b7dd3c47db2891f53c65bc520,5bc520,0,双,小
2026-08-11 11:30:41,85249340,000000000514cd3ceae3531fe4d110127a16003e93c91492561a34198224b4f2,24b4f2,2,双,小
2026-08-11 11:30:51,85249345,000000000514cd41808ee102e6ce0a927c27337c187b4f01699bc15101839904,839904,4,双,小
2026-08-11 11:31:11,85249350,000000000514cd463226a7b2f9501f6361c181913f58f1f9e3b00b7fa0dd5aa9,dd5aa9,9,单,大
2026-08-11 11:31:20,85249355,000000000514cd4b6f783d47d4e110d27f4c44161087437fd8ea8e90bb7b793b,7b793b,3,单,小
2026-08-11 11:31:40,85249360,000000000514cd506cf80669b37390bbbf242ddecdcc4f1a48f0f687517b7fb8,7b7fb8,8,双,大
2026-08-11 11:31:59,85249365,000000000514cd558bac5b660d14e04f4bff5f5b323ae9431a155b4768ef374f,ef374f,4,双,小
2026-08-11 11:32:09,85249370,000000000514cd5a07c9cbc008f341e2bf3b4cb318cc4768e671880a6c594e35,594e35,5,单,大
2026-08-11 11:32:28,85249375,000000000514cd5ff7b9d5449896423b89acfe50e28b789ad11e66069f3ad7bc,3ad7bc,7,单,大
2026-08-11 11:32:38,85249380,000000000514cd6471ec457f973369e32a5bef649740eeacdcddf019e487e10f,87e10f,0,双,小
2026-08-11 11:32:58,85249385,000000000514cd69fd693db269b01b229a733251ebf838dae69d20a354f2323e,f2323e,3,单,小
2026-08-11 11:33:07,85249390,000000000514cd6e7f9b3f853f3381713215682a8a7e35384cfa815a168c508c,8c508c,8,双,大
2026-08-11 11:33:27,85249395,000000000514cd732dadeb33231becef8be08b10b82b1f5a4dde8499232e358e,2e358e,8,双,大
2026-08-11 11:33:37,85249400,000000000514cd78959935400f0219f16bdd99f84b1c16aa05da6c063fe0050b,e0050b,0,双,小
2026-08-11 11:33:57,85249405,000000000514cd7d4029df316d2468a1ede2de1514ad04df30c7a50ce5a238f8,a238f8,8,双,大
2026-08-11 11:34:06,85249410,000000000514cd8221851ba07ba200ec320ad3cee4aaefc73d3bca84162a2dc8,2a2dc8,8,双,大
2026-08-11 11:34:26,85249415,000000000514cd87301fdc7a55a580c9e11462816a83c2ec8892640448256a6b,256a6b,6,双,大
2026-08-11 11:34:36,85249420,000000000514cd8cfde11d6fe58a68068110b8a8ae8a4b8e33d32a358690dcb2,90dcb2,2,双,小
2026-08-11 11:34:56,85249425,000000000514cd91269247966280d5661a8ddb8f76cc0c1f226890808c4fa3d0,4fa3d0,0,双,小
2026-08-11 11:35:05,85249430,000000000514cd96526b4cefd2ec18c9c69b1ffe260fbf16333690cefab5901b,b5901b,1,单,小
2026-08-11 11:35:25,85249435,000000000514cd9b17f8addde964f0a3d2601cf8ddf475e0c538d89e3f57de65,57de65,5,单,大
2026-08-11 11:35:44,85249440,000000000514cda026a85d9be6371fe6cf5551ac1c07a1b1e0f950d9d07f0754,7f0754,4,双,小
2026-08-11 11:35:54,85249445,000000000514cda5d978b8136f9d6ed151a75d0eaf5c4051a88db26c596cb5f5,6cb5f5,5,单,大
2026-08-11 11:36:04,85249450,000000000514cdaac5944cb326f0c0c2d281d0dcbf87a92b7d681733101db922,1db922,2,双,小
2026-08-11 11:36:26,85249455,000000000514cdafd25f862ed031f8010e5cafb50d4b3e9f0203a1e596427e12,427e12,2,双,小
2026-08-11 11:36:36,85249460,000000000514cdb4a584a50ae6eb13539daffdd19c24d61089d227e00d3d2df3,3d2df3,3,单,小
2026-08-11 11:36:56,85249465,000000000514cdb97f83a30de45e657dd5b73fa48f1322934c95c2296c7a6333,7a6333,3,单,小
2026-08-11 11:37:05,85249470,000000000514cdbe77704f573835965743e7c91c6bcdb4c73650c66d7bc11f98,c11f98,8,双,大
2026-08-11 11:37:25,85249475,000000000514cdc32273cd79177e768c5564499f49025c802539b44efc92022f,92022f,2,双,小
2026-08-11 11:37:44,85249480,000000000514cdc8dd1ee75cc1007a66656def46719f4710722994aade2b2271,2b2271,1,单,小
2026-08-11 11:37:54,85249485,000000000514cdcd64c44b91ab7e5153100233f387d0d7b9151a36ef3ba9e428,a9e428,8,双,大
2026-08-11 11:38:14,85249490,000000000514cdd27ab7b7df09ce22110605bde9af837098cdfb878d0258174e,58174e,4,双,小
2026-08-11 11:38:23,85249495,000000000514cdd768f45e6d426c3ae267b5b8f2c6d114b172424a816458552e,58552e,2,双,小
2026-08-11 11:38:44,85249500,000000000514cddcda513f0a03e238497743b89083664357efc1ba2ccfd78357,d78357,7,单,大
2026-08-11 11:38:54,85249505,000000000514cde16bb29a538739005e84cfc19c2fc8b25f8b07cf4fc7c33fe4,c33fe4,4,双,小
2026-08-11 11:39:03,85249510,000000000514cde67210a50f017ad2996a132f349e3bed5b021d9a1c4b437af4,437af4,4,双,小
2026-08-11 11:39:23,85249515,000000000514cdeba9fce61a4fd612fa177d153f7b60ea9f5b8b9aa8f38411d0,8411d0,0,双,小
2026-08-11 11:39:43,85249520,000000000514cdf0bc8576af81868b4591eed5d07a1445b2ac7b3488aa4588c2,4588c2,2,双,小
2026-08-11 11:39:53,85249525,000000000514cdf542cae62d50da255078dad85257686b592aca0a634be6d9ce,e6d9ce,9,单,大
2026-08-11 11:40:12,85249530,000000000514cdfa3a16b7360cbd3ba0c74f3fe7dda85935ba67eaf6ebf702e6,f702e6,6,双,大
2026-08-11 11:40:22,85249535,000000000514cdffeb0866fcdc9de1e54b22d5d0fc03705089b7183cfba2c1e4,a2c1e4,4,双,小
2026-08-11 11:40:41,85249540,000000000514ce04c0479dd616e4fac44449b8f8d4a47fcd050f7a38e476aab7,76aab7,7,单,大
2026-08-11 11:40:51,85249545,000000000514ce09b7d440aedfe868070eab47976be216c6c0e4870a3e558421,558421,1,单,小
2026-08-11 11:41:11,85249550,000000000514ce0e1704d8cc32c87d7ac046843ce945068384f90ecc2a329895,329895,5,单,大
2026-08-11 11:41:30,85249555,000000000514ce130bdd0ce5408980976f7e833c1a2ae6cb57acfd2356b39c31,b39c31,1,单,小
2026-08-11 11:41:40,85249560,000000000514ce18ee1e6d46fdd8b0bcc406cfdf0cd302a77661b7a02ce3ca3a,e3ca3a,3,单,小
2026-08-11 11:41:50,85249565,000000000514ce1d724eacb37d68420b928fd51c23fc66d510b08eb00a6e8a63,6e8a63,3,单,小
2026-08-11 11:42:09,85249570,000000000514ce22aaca66e09e45eacea823f984fc3006d1a14e85508dd35818,d35818,8,双,大
2026-08-11 11:42:29,85249575,000000000514ce27b9609994032278668e5400f21ebc5a10b69ab0cd4ac0432d,c0432d,2,双,小
2026-08-11 11:42:39,85249580,000000000514ce2c78c50790e8cb0965c82f0c2e248df0da610f71b22cf3a15c,f3a15c,5,单,大
2026-08-11 11:42:58,85249585,000000000514ce31d25d790e86d89fb0d18b0fab96f0a1bf7cf7641d4f24aefb,24aefb,4,双,小
2026-08-11 11:43:08,85249590,000000000514ce36f7d69861c78d483b7b4e0df7a3b3d02d26da40278f2aea87,2aea87,7,单,大
2026-08-11 11:43:28,85249595,000000000514ce3bdd70d584bc6f78c2a4147369a16f986ff4f5c827a2882bb2,882bb2,2,双,小
2026-08-11 11:43:37,85249600,000000000514ce402ccba22578b265108e98ed95d17248c6557a47abff305d3a,305d3a,3,单,小
2026-08-11 11:43:57,85249605,000000000514ce4544e58c6423bda43d847cb2c922692ae09409ee8461963a51,963a51,1,单,小
2026-08-11 11:44:06,85249610,000000000514ce4ab7ce95f306612b9aeb485c62a153da3d6ba7f344d7541791,541791,1,单,小
2026-08-11 11:44:26,85249615,000000000514ce4fd1f341bfe939f2ae473a1b2f0161ee30f2425dc8c05d336a,5d336a,6,双,大
2026-08-11 11:44:36,85249620,000000000514ce545ddcc19a74cb258a6f3c11cfea69cf45afaf4da5e537be26,37be26,6,双,大
2026-08-11 11:44:55,85249625,000000000514ce590fae386f6db3cca500d673dd29a6913cc61e2a8a391582a8,1582a8,8,双,大
2026-08-11 11:45:15,85249630,000000000514ce5edc1e9a0359e9b6dec79060f4dbb949faff298e650f6ef74f,6ef74f,4,双,小
2026-08-11 11:45:24,85249635,000000000514ce63c3529ea6c96318708c70323a1fa4a600b855717987c09359,c09359,9,单,大
2026-08-11 11:45:44,85249640,000000000514ce68731025690949d529342c10ff5767c3116a96878e4c530bec,530bec,0,双,小
2026-08-11 11:45:53,85249645,000000000514ce6db7fa3e2ad0f157ace16c702edd7952122efda484f76cf990,6cf990,0,双,小
2026-08-11 11:46:13,85249650,000000000514ce72e29a3f17ad22a749df239c6b62cf4c19080a0b0198b7756b,b7756b,6,双,大
2026-08-11 11:46:23,85249655,000000000514ce77037d5ecc4d92424391336e89476ce0ed1a6b07fad6a120d0,a120d0,0,双,小
2026-08-11 11:46:42,85249660,000000000514ce7ca927f67ca5b63af3a23f9b3e0043ffc0a1b65122ebde72ea,de72ea,2,双,小
2026-08-11 11:46:52,85249665,000000000514ce81e824147f492c4ed223cb82b5b262e8f1b29ea46e052cc856,2cc856,6,双,大
2026-08-11 11:47:12,85249670,000000000514ce86c2c48b6d67761db54ec2c49e8c4c12f1fed2b7aced02986b,02986b,6,双,大
2026-08-11 11:47:21,85249675,000000000514ce8b5c91d6ced03d50ab6c2cbb14ce467a7b57626d2931465b73,465b73,3,单,小
2026-08-11 11:47:41,85249680,000000000514ce90324f10ca81d41c737509283077cedafe95e782a1321ebdf3,1ebdf3,3,单,小
2026-08-11 11:47:51,85249685,000000000514ce95f5dea6f23f4ca4b50c3b9a3339527a219ab8b847c4249733,249733,3,单,小
2026-08-11 11:48:10,85249690,000000000514ce9a20407784b3fdb6f06f2c488275a00ae4f67b94eac31183db,1183db,3,单,小
2026-08-11 11:48:20,85249695,000000000514ce9fdda8a31d58462e547c45bf110981af242fad4ac06e060509,060509,9,单,大
2026-08-11 11:48:40,85249700,000000000514cea4c2808abdab76d957ee67626d3dbe80e78f6a0a1afe3b1d8b,3b1d8b,8,双,大
2026-08-11 11:48:59,85249705,000000000514cea99284e1239ea988fa12e4b7e27720228184318d8ad08cead5,8cead5,5,单,大
2026-08-11 11:49:09,85249710,000000000514ceae12446b54d1e1585fafae748ee010d8e33572c07b10269e74,269e74,4,双,小
2026-08-11 11:49:29,85249715,000000000514ceb3128198296ea3e769e6324947fded8396c9864ed026b152cf,b152cf,2,双,小
2026-08-11 11:49:38,85249720,000000000514ceb8709efe5488008e576d3db22380db4cfe98d512f9a2682256,682256,6,双,大
2026-08-11 11:49:58,85249725,000000000514cebd3a4ce854c0842396daaa8a2b02072afebec7405620ddff40,ddff40,0,双,小
2026-08-11 11:50:07,85249730,000000000514cec24e6d5abd751c015723edb848990f23da62378b52ace9aad4,e9aad4,4,双,小
2026-08-11 11:50:27,85249735,000000000514cec75e0f009e51e12fb4912b630e24d2d68c5425a88c03fa8c91,fa8c91,1,单,小
2026-08-11 11:50:37,85249740,000000000514cecc8f59929853f684ee30679919083fca5976ffed0ed36ab7b8,6ab7b8,8,双,大
2026-08-11 11:50:56,85249745,000000000514ced13dd1e715bf189357c95abcac8e1941abe8bc8c4eec76393f,76393f,3,单,小
2026-08-11 11:51:06,85249750,000000000514ced6bff5819498a85c43b89dd065849e9680e86a2323362f89ab,2f89ab,9,单,大
2026-08-11 11:51:26,85249755,000000000514cedbbdc190b3432f8584126d8a67e464372e907751f16532d0f5,32d0f5,5,单,大
2026-08-11 11:51:36,85249760,000000000514cee0ba112bf6e31b11f6f67f2ea6df42395e2c6881d3523f3666,3f3666,6,双,大
2026-08-11 11:51:55,85249765,000000000514cee54c3489b1d3b1c9d77c5d89075da20ace1bc9ddf48a49aaed,49aaed,9,单,大
2026-08-11 11:52:05,85249770,000000000514ceea23fb5c141b631741a9424625d6726979b4de85e541aaa88d,aaa88d,8,双,大
2026-08-11 11:52:24,85249775,000000000514ceef57d1a79d7a3c3af194d1f22b6cca3c221c8a65055b9aebfd,9aebfd,9,单,大
2026-08-11 11:52:44,85249780,000000000514cef44b1f3db8b7e41166f15552fb407b846fcfa854f6386adb3f,6adb3f,3,单,小
2026-08-11 11:52:54,85249785,000000000514cef94ca1eaa626abd5c9d12a338425541b3ad3aca0033aa64e60,a64e60,0,双,小
2026-08-11 11:53:14,85249790,000000000514cefea535d251866eac8f50bb965e0dcebbef901b76616d4e2a99,4e2a99,9,单,大
2026-08-11 11:53:23,85249795,000000000514cf035174dccb784389def635d163d622fa2ca25ce95069303cf6,303cf6,6,双,大
2026-08-11 11:53:43,85249800,000000000514cf08fc2c6eb5985e15a3d7687096c6c367690f69b017a2ccafb8,ccafb8,8,双,大
2026-08-11 11:53:53,85249805,000000000514cf0db6dda2c5727574fadd6067806d359707ebfaae15c8b2b2e4,b2b2e4,4,双,小
2026-08-11 11:54:12,85249810,000000000514cf1263b32196d17fdc0ae2a9c6ef6604cd4e7d42eed7f99f0e33,9f0e33,3,单,小
2026-08-11 11:54:22,85249815,000000000514cf171f1178ee6e7573afe98ff44c6c2ca33cbdeb15d65bc68f0b,c68f0b,0,双,小
2026-08-11 11:54:41,85249820,000000000514cf1c363e3f27dce0ce9ca4f60afab387537fc44a65d370a5920c,a5920c,0,双,小
2026-08-11 11:54:51,85249825,000000000514cf2139af6bd4bfabde4b716ed777cd4229bb8be714d14e6c4ad7,6c4ad7,7,单,大
2026-08-11 11:55:11,85249830,000000000514cf26629d005499b11ae6a8ae192af156a475e735ef13f6235015,235015,5,单,大
2026-08-11 11:55:30,85249835,000000000514cf2b4e0d11db54b0609d40b55eb5264328de7fa162fde8a07cbc,a07cbc,7,单,大
2026-08-11 11:55:40,85249840,000000000514cf30e1257bf73b09aac508b2900a083c94b7d536fecd9f5220ce,5220ce,0,双,小
2026-08-11 11:55:50,85249845,000000000514cf35e8ccfe3c9e116c4a3431c09e9dfd10a793598bf1c809128a,09128a,8,双,大
2026-08-11 11:56:09,85249850,000000000514cf3a7e2f927d399b150a47276a3d465e67f3471e258d574e4fda,4e4fda,4,双,小
2026-08-11 11:56:29,85249855,000000000514cf3fe57d7494de77011442a3034924d54937e17f914cd416944a,16944a,4,双,小
2026-08-11 11:56:39,85249860,000000000514cf442442b7edc74926e8dcaf79ef436c22a9090bf84bb43c1a98,3c1a98,8,双,大
2026-08-11 11:56:49,85249865,000000000514cf49287fdaab867a9f68f9690673f69f56fa34b68e8d4834480c,34480c,0,双,小
2026-08-11 11:57:09,85249870,000000000514cf4e5c37f8902d348150700207672d8f50e98df6ecce9b513b88,513b88,8,双,大
2026-08-11 11:57:28,85249875,000000000514cf5303b1c715c2a8e55f479a2857ae083b2e0802af3b041346a0,1346a0,0,双,小
2026-08-11 11:57:38,85249880,000000000514cf5892f611e3c72f5e88fe21cc9fa512f5a0d1172f6b5f4befc5,4befc5,5,单,大
2026-08-11 11:57:58,85249885,000000000514cf5de4a35f264387698d6743fa7baf2746fc4166cf6705ccd348,ccd348,8,双,大
2026-08-11 11:58:07,85249890,000000000514cf6229c92918a095b02765ccdbea863d79145111907d2e3aaabd,3aaabd,3,单,小
2026-08-11 11:58:27,85249895,000000000514cf67f580bd0edf4d5b446b3b7a0ecc4ff9f31e66268126c09521,c09521,1,单,小
2026-08-11 11:58:37,85249900,000000000514cf6c7e9d46a90fa531fc077d6b6d67f410f915d07fddc646cef1,46cef1,1,单,小
2026-08-11 11:58:56,85249905,000000000514cf71f19e3e690ad7b828df9be7d599edc4ed569d695c7cf6eacd,f6eacd,6,双,大
2026-08-11 11:59:06,85249910,000000000514cf7631fed5157b1deab5c694575b0f975267476bf147a17f71a6,7f71a6,6,双,大
2026-08-11 11:59:26,85249915,000000000514cf7b748d9a0495eff6d567b302e28d751eef575b1635929e4154,9e4154,4,双,小
2026-08-11 11:59:35,85249920,000000000514cf80ccaed22291d6e6b9b37e99a6e8b98c29f94a4c957bd3e4df,d3e4df,4,双,小
2026-08-11 11:59:55,85249925,000000000514cf8572a6c076056ef1f595d28ef229d887b14d4bdfcea0645791,645791,1,单,小
2026-08-11 12:00:14,85249930,000000000514cf8ac587a5b2d8bd8956d85dab565717d5e205697977ccdf762e,df762e,2,双,小
2026-08-11 12:00:24,85249935,000000000514cf8f2edaf64c3432f61e5c2508e3275453165baa927bff1b17f4,1b17f4,4,双,小
2026-08-11 12:00:34,85249940,000000000514cf943cfa32d54593155a71a326e87bb3603ca540916c62c65805,c65805,5,单,大
2026-08-11 12:00:54,85249945,000000000514cf99c34601851af5050973e8a660baac6be8af15163a6b6056aa,6056aa,6,双,大
2026-08-11 12:01:14,85249950,000000000514cf9e23e2aa7a95c5f83a2a851c93fb7366f5df85e04fddc9ceab,c9ceab,9,单,大
2026-08-11 12:01:23,85249955,000000000514cfa3440e82279723822e7323fca3a7a95c447bace19660dde3cf,dde3cf,3,单,小
2026-08-11 12:01:43,85249960,000000000514cfa8cf19c48963649ab58646fb847da2814477acebdc2c8c877e,8c877e,7,单,大
2026-08-11 12:01:53,85249965,000000000514cfad7f73faf7017ce8a6e0afb533eadde53f8ed59afaa2efd41b,efd41b,1,单,小
2026-08-11 12:02:12,85249970,000000000514cfb2a9c9d3b87b191997e9122dd1141214b99ab62f47191e997c,1e997c,7,单,大
2026-08-11 12:02:22,85249975,000000000514cfb7c3319dbfd1d948d070f2f84b14b9835319061f17936c052c,6c052c,2,双,小
2026-08-11 12:02:42,85249980,000000000514cfbc71be689a7dc22d39890a9e7031c57d34bd6d3bcd459cd47d,9cd47d,7,单,大
2026-08-11 12:02:51,85249985,000000000514cfc17e1d7e81e449ca1e7e8a2f0925ae9319563deb8f6fb61919,b61919,9,单,大
2026-08-11 12:03:11,85249990,000000000514cfc6620f8948c39d059220c448b555050bcb9e2afeb922cf7164,cf7164,4,双,小
2026-08-11 12:03:21,85249995,000000000514cfcbc46b164b9c9a94f412e38e0cc82b9268b06edf68a3ecf6f7,ecf6f7,7,单,大
2026-08-11 12:03:41,85250000,000000000514cfd03e2066b2080ccd66cefe8a3a833c96e1c05112ab67021175,021175,5,单,大
2026-08-11 12:03:51,85250005,000000000514cfd52a6a8e6bd85c33a57811807e0d750b4fd62b5406e7f0a3cd,f0a3cd,3,单,小
2026-08-11 12:04:10,85250010,000000000514cfda5a3b97b0789841e2d7b365678c79404ff587ec593919f692,19f692,2,双,小
2026-08-11 12:04:20,85250015,000000000514cfdf500db9f6444012ebb860e6a3ab8a227e16c846ec4907b9dd,07b9dd,9,单,大
2026-08-11 12:04:40,85250020,000000000514cfe487e53e87e476c0d8c6608ad8219fba478e2ebc16db26f2fb,26f2fb,2,双,小
2026-08-11 12:04:49,85250025,000000000514cfe925c9a067c70430eee3a4349d9e0dadf2f3c76a50c5dd8b6d,dd8b6d,6,双,大
2026-08-11 12:05:19,85250030,000000000514cfee84145515ec774b05021c33496008fa330a911997011128cd,1128cd,8,双,大
2026-08-11 12:05:29,85250035,000000000514cff381f9dde2e00c4c0a72b335957afe001c9385dea99eece6f4,ece6f4,4,双,小
2026-08-11 12:05:39,85250040,000000000514cff8dd3d44a2025d9eb7e5b482fbf42c0b7c2803134f148c0df9,8c0df9,9,单,大
2026-08-11 12:05:58,85250045,000000000514cffd3cb63b779af1b1ebadf3f0224ec7bef14d1c51d8108f53af,8f53af,3,单,小
2026-08-11 12:06:08,85250050,000000000514d002c50153f29ce23892818fd4a19b04cc71093535ed3bb7c4d3,b7c4d3,3,单,小
2026-08-11 12:06:28,85250055,000000000514d00787e85b5f398994ef8ff919b42a0ff1f081528f67ffd64569,d64569,9,单,大
2026-08-11 12:06:38,85250060,000000000514d00c0cc7a3746acd6de54c36d9d3f8ccd33f35c72a71447daa96,7daa96,6,双,大
2026-08-11 12:06:58,85250065,000000000514d0110eb537a9bc07313129d682a79bb2b73fee19007ecb8899ca,8899ca,9,单,大
2026-08-11 12:07:08,85250070,000000000514d0168b5d7a49817be95df8923c8e84dac26b5bdcc1b41769d9de,69d9de,9,单,大
2026-08-11 12:07:28,85250075,000000000514d01bdc6c85b8f49fef57858e484ebe2f1eb788ba669320f90032,f90032,2,双,小
2026-08-11 12:07:37,85250080,000000000514d020f0e35d04f19162ef6dbf61fe907b2057f22afd177f0a265a,0a265a,5,单,大
2026-08-11 12:07:57,85250085,000000000514d02509f698bbcb8b1423e630773c07ccea4163d80a4e4d3c702e,3c702e,2,双,小
2026-08-11 12:08:07,85250090,000000000514d02a6bad49caa5208026d151067019f001cf36dff29fdda2d007,a2d007,7,单,大
2026-08-11 12:08:26,85250095,000000000514d02fd03e395c09e244d6c1cbf261ad9af792af7382e4d0f71be4,f71be4,4,双,小
2026-08-11 12:08:36,85250100,000000000514d034a8f02abc1389ad9cdcf6523d5006378cdc8105fe13cff1eb,cff1eb,1,单,小
2026-08-11 12:08:56,85250105,000000000514d0398aacb3d18f2d0bafc94b086139b13cc7575852ef2689a50e,89a50e,0,双,小
2026-08-11 12:09:06,85250110,000000000514d03e98c27314198bd8fd4e4672a2874406b3bff86d40f404c8b5,04c8b5,5,单,大
2026-08-11 12:09:25,85250115,000000000514d043a56e35a53eae3f61b5e570b6614d71dc536f9ae62bec8e71,ec8e71,1,单,小
2026-08-11 12:09:35,85250120,000000000514d0486b7888259355f9267644ed3b19c31fe761784c009cc95c8b,c95c8b,8,双,大
2026-08-11 12:09:54,85250125,000000000514d04da3cae2c5386df5b7ac93dc3231e3da47334333380aaf164d,af164d,4,双,小
2026-08-11 12:10:14,85250130,000000000514d052ce099c20233e38b2d02d49256ee75d3cb490b3dc91e7e8d9,e7e8d9,9,单,大
2026-08-11 12:10:24,85250135,000000000514d057c4ae83db7fa0bd0254bc985410b3a6894391b478c8264c35,264c35,5,单,大
2026-08-11 12:10:43,85250140,000000000514d05c40880ffa82f065a22f694b28a582928781faf938ef08cc92,08cc92,2,双,小
2026-08-11 12:10:53,85250145,000000000514d061b4d36e9ba7f57d911b06fa0aee6b15bb1dde6e78f71cdb84,1cdb84,4,双,小
2026-08-11 12:11:13,85250150,000000000514d0661a70cefc197f22651d2edac1164d78471c2dc7429a8c5c54,8c5c54,4,双,小
2026-08-11 12:11:23,85250155,000000000514d06b8b0876c8bfe71ad664038cdba6761a8043857dcb1bb5fcf0,b5fcf0,0,双,小
2026-08-11 12:11:43,85250160,000000000514d070032ac81c29c316aa428cdeb25e9b6277da6c15d791e321d7,e321d7,7,单,大
2026-08-11 12:11:52,85250165,000000000514d0756e90070035d532de95bbe2c4538736f03c55c06726ba3293,ba3293,3,单,小
2026-08-11 12:12:12,85250170,000000000514d07ab475b613cab96cb92dfb36dd24cee6357b91a9eddd69d5b6,69d5b6,6,双,大
2026-08-11 12:12:22,85250175,000000000514d07f8ef54249ccd14aea42c9186995c855e12756a8f777f26645,f26645,5,单,大
2026-08-11 12:12:42,85250180,000000000514d084ef3ccafb196caa40fea050d7019e7a0f0d64adb41664b185,64b185,5,单,大
2026-08-11 12:12:52,85250185,000000000514d089f805d78696dfb3c81116dc29e67f1777879560f2ade23407,e23407,7,单,大
2026-08-11 12:13:11,85250190,000000000514d08ef406eea44c007236d0df7ad5fb5a680733b135b3ae7b4745,7b4745,5,单,大
2026-08-11 12:13:21,85250195,000000000514d093c0f0c74592d1e991ab1c860a36e6e842bbc7a69fb30c1a6b,0c1a6b,6,双,大
2026-08-11 12:13:41,85250200,000000000514d098cde7fcd723d9b09a5cd91d62b22d8c011db46d34ed18f3f7,18f3f7,7,单,大
2026-08-11 12:13:51,85250205,000000000514d09d8a22a0f2c4bc2df89a22e9d382732da5f94188bedc4f5b99,4f5b99,9,单,大
2026-08-11 12:14:11,85250210,000000000514d0a25f3d55da538a1c85875216eedd495e1a6e94651150bef8a1,bef8a1,1,单,小
2026-08-11 12:14:20,85250215,000000000514d0a72e3622680bcfa4948365413b0dd60b4cf1fd9c5e39296dcc,296dcc,6,双,大
2026-08-11 12:14:40,85250220,000000000514d0ac2fa90db6b26bde5ccb631bc061965c8efc9a38ac5281856d,81856d,6,双,大
2026-08-11 12:15:00,85250225,000000000514d0b1d58ea7b3dc87850bed2f15f8000615fd3630a46c69d3fa61,d3fa61,1,单,小
2026-08-11 12:15:10,85250230,000000000514d0b620353f6e5c01a492503b128a315d7d878cf61a96fbe4b6a9,e4b6a9,9,单,大
2026-08-11 12:15:29,85250235,000000000514d0bbcc623f3061868eaaa8bf5860154aed5ab1c81d87a3c88250,c88250,0,双,小
2026-08-11 12:15:39,85250240,000000000514d0c0049c948220fb479328905b85e509f6f5636a7afdcc377b0e,377b0e,0,双,小
2026-08-11 12:15:59,85250245,000000000514d0c5dcdcba5de2c47e175cf4196ffeb4b89fa65cc835bfc3b353,c3b353,3,单,小
2026-08-11 12:16:09,85250250,000000000514d0ca81980eb8d2cd77787d9288eb9c34895a80adc46935b60393,b60393,3,单,小
2026-08-11 12:16:29,85250255,000000000514d0cf33df6a164948d8dd99adf38249b10268bbaaad41399d6593,9d6593,3,单,小
2026-08-11 12:16:39,85250260,000000000514d0d4d52a4696fdc6d90455720a76b0f89d246a0f15c2d16b7585,6b7585,5,单,大
2026-08-11 12:16:58,85250265,000000000514d0d94b76ee39d3f0176afbbb23ed3dae777742fae955424df608,4df608,8,双,大
2026-08-11 12:17:08,85250270,000000000514d0de1b8d68100412e1a0412fad829183aae420fa44c16d02e9e9,02e9e9,9,单,大
2026-08-11 12:17:28,85250275,000000000514d0e33b5e0f4f6e6c40189d2777a4038a0ec679f70d418a232dfa,232dfa,2,双,小
2026-08-11 12:17:38,85250280,000000000514d0e8343a6529a86baff0e9178bf28469027b8941dbd7b8372ca4,372ca4,4,双,小
2026-08-11 12:17:57,85250285,000000000514d0ed04f5c37e2294e7d199312a443a4269b5772b823f3ced9a35,ed9a35,5,单,大
2026-08-11 12:18:07,85250290,000000000514d0f27e479b83f59d3badf71a1a0bf52e9089dc37faf36c91e2f2,91e2f2,2,双,小
2026-08-11 12:18:27,85250295,000000000514d0f7d17295cc09fd5e7a239e0ec7d4fb37b4a82a2e6c84c51ac5,c51ac5,5,单,大
2026-08-11 12:18:37,85250300,000000000514d0fcd30229930f51feccc6288df5da73effdae71525ac0e30db8,e30db8,8,双,大
2026-08-11 12:18:57,85250305,000000000514d1013ae13988cc71c3f0ad1363139550b06369b08732b8989f2f,989f2f,2,双,小
2026-08-11 12:19:07,85250310,000000000514d1063cefe41b2c5496cb57c4293596bed1c5994243689dc48cbf,c48cbf,8,双,大
2026-08-11 12:19:27,85250315,000000000514d10b6de459595ddf4823034978c931d1adfde69daf4acbbff6ac,bff6ac,6,双,大
2026-08-11 12:19:37,85250320,000000000514d11078988100a76c46981ef2394c8a589c8bc332683c7e7dcbd4,7dcbd4,4,双,小
2026-08-11 12:19:57,85250325,000000000514d115001994e1b0ad4ce47be3882c12f9a3138a5b71224b9766eb,9766eb,6,双,大
2026-08-11 12:20:07,85250330,000000000514d11a132924edeb98d6276a03d60e19ea854d594606f470b66230,b66230,0,双,小
2026-08-11 12:20:27,85250335,000000000514d11f2ceb8da872a22700cc8d649ace8abab0b7792955dcf06c05,f06c05,5,单,大
2026-08-11 12:20:37,85250340,000000000514d124f9dd6b89a98ac33d081308f21d5079c94ae84e4555055d89,055d89,9,单,大
2026-08-11 12:20:56,85250345,000000000514d1294125b559fd841e000f15760ef19525e9bb91ac635ab6e6a7,b6e6a7,7,单,大
2026-08-11 12:21:06,85250350,000000000514d12e8460b43a14463c47c5290b6de091bf3da32d679e5821af11,21af11,1,单,小
2026-08-11 12:21:25,85250355,000000000514d133a023111b883ff0fe353656fe40e50ab98932ef527fb30cf3,b30cf3,3,单,小
2026-08-11 12:21:35,85250360,000000000514d138ba2943a2ae02a329f73af27066d7ce553ff5409f43d00741,d00741,1,单,小
2026-08-11 12:21:55,85250365,000000000514d13dc4fb45c1c117a43f79231d454ce53ddd9bebb43880fcd79d,fcd79d,9,单,大
2026-08-11 12:22:14,85250370,000000000514d142b1e7abdb599ab75cb1dc9b63f2cee3b588b50b976e1124fa,1124fa,4,双,小
2026-08-11 12:22:24,85250375,000000000514d147a09f2d001788e2a937806c533e882f63cdd4e7f0efc72e05,c72e05,5,单,大
2026-08-11 12:22:44,85250380,000000000514d14c35a3e04cb889c90020373e0ad5e7af8c6ae40a53102b0dcf,2b0dcf,0,双,小
2026-08-11 12:22:54,85250385,000000000514d151e5cdeb288d60299af82dfb7443f9704351d2a55016faf138,faf138,8,双,大
2026-08-11 12:23:14,85250390,000000000514d1568d89ce73a64c8fe55d685c9438b1bd51f956bd358c8c2eeb,8c2eeb,2,双,小
2026-08-11 12:23:24,85250395,000000000514d15b39c97be0061b5e0085b7ae2539233ed9285caff9527eca5d,7eca5d,5,单,大
2026-08-11 12:23:43,85250400,000000000514d160ce2a354e59bf77ff8e446bc8790249856f6914f11f2f4add,2f4add,4,双,小
2026-08-11 12:23:53,85250405,000000000514d165ecf5d1bb0fe2f795fe63b4884f9035fce0f87697dee42a4e,e42a4e,4,双,小
2026-08-11 12:24:13,85250410,000000000514d16a56c5db54a98340a984a600fe0513d67dd5bd24f7a93e3f3f,3e3f3f,3,单,小
2026-08-11 12:24:22,85250415,000000000514d16f2bf68a4008d50184ccc4c899d1932626b98ec27e0ca9021f,a9021f,1,单,小
2026-08-11 12:24:42,85250420,000000000514d174269963da933338d45387fbbc6b88b883b98e98bbd2586105,586105,5,单,大
2026-08-11 12:24:51,85250425,000000000514d1793f0ce4d0b434000ff07a22c9f5fd6496553059594b8a38f2,8a38f2,2,双,小
2026-08-11 12:25:11,85250430,000000000514d17ec1ad9408144f778c342f97c2b7bec68dd6de7fcbc6e5ffec,e5ffec,5,单,大
2026-08-11 12:25:21,85250435,000000000514d18394b9fb6ac0eafc65862eb0a7e081bb8a2fb7d9b60c8b4dc9,8b4dc9,9,单,大
2026-08-11 12:25:40,85250440,000000000514d1881b255a50c45cf04cc29ff9b27937e6587ee2d872942242cf,2242cf,2,双,小
2026-08-11 12:25:50,85250445,000000000514d18d8820c6caa4619ef902c3fe1182d9ad6b86240434892ec8f9,2ec8f9,9,单,大
2026-08-11 12:26:10,85250450,000000000514d1921b82a1d4a55d4c35767ed645b5c7c8010c2d80d2fda5bf94,a5bf94,4,双,小
2026-08-11 12:26:20,85250455,000000000514d19731034dee9ac4b02d9ae46eae370bce4219498ed1c85b58b7,5b58b7,7,单,大
2026-08-11 12:26:39,85250460,000000000514d19c46c6c690aa0acc9e611b655a107924796bed152ab95eb4fc,5eb4fc,4,双,小
2026-08-11 12:26:59,85250465,000000000514d1a1273fcf4fe07bda60034dd1eb00cb1d8433bcac5321dc9461,dc9461,1,单,小
2026-08-11 12:27:09,85250470,000000000514d1a6144ef88a46c1dd891e9a0cac15803376fb6f4e49ee72ffc0,72ffc0,0,双,小
2026-08-11 12:27:29,85250475,000000000514d1abeca9ad20a4fc7ead99ce14cc2628e56e03d70be5a1e2a249,e2a249,9,单,大
2026-08-11 12:27:38,85250480,000000000514d1b069846c37a17ca370e506071d653d546e216f663eb9ed6034,ed6034,4,双,小
2026-08-11 12:27:58,85250485,000000000514d1b52481f3f5dc201190b69c039ec0601bd56f55e80dbfc0fae9,c0fae9,9,单,大
2026-08-11 12:28:08,85250490,000000000514d1bafc31c988a86b10d376510e809998804a3d83acfa5d681b25,681b25,5,单,大
2026-08-11 12:28:28,85250495,000000000514d1bff1079fc349fea08c3b281ae01eef7ab564a63a0d1b040289,040289,9,单,大
2026-08-11 12:28:38,85250500,000000000514d1c4662958400eca6968331ea84623dd568e4e90e527824fd754,4fd754,4,双,小
2026-08-11 12:28:57,85250505,000000000514d1c9be74d314a75e86402c91b7a85282062d3fb9ceddd1cdeb3a,cdeb3a,3,单,小
2026-08-11 12:29:07,85250510,000000000514d1cead608e9997ee194c50e74ae1dfe4119f4131eff9cb21cfd8,21cfd8,8,双,大
2026-08-11 12:29:27,85250515,000000000514d1d36ee2d22bef893a0c7ba7540ffe9779f8e7147028ceaae9a8,aae9a8,8,双,大
2026-08-11 12:29:37,85250520,000000000514d1d849da32ff7f30b9ceae9f6cdce709172916d12d3bdc8a4206,8a4206,6,双,大
2026-08-11 12:29:57,85250525,000000000514d1dd6be930a4089fe6d28443e2b98f008e58da5554b02ccf18f7,cf18f7,7,单,大
2026-08-11 12:30:07,85250530,000000000514d1e22d5309ec92568a7aedb451f0274303a8058fa33ad86fa661,6fa661,1,单,小
2026-08-11 12:30:27,85250535,000000000514d1e795f04a856c0151720810ced39474cffca45b90a7049c180a,9c180a,0,双,小
2026-08-11 12:30:37,85250540,000000000514d1ecce9fe304310bb2d8e1a331a08cfc54b9491f82e1d5f1e4c7,f1e4c7,7,单,大
2026-08-11 12:30:57,85250545,000000000514d1f1e00742b439e23e57ccfe2482a77f74eebe83789845181d82,181d82,2,双,小
2026-08-11 12:31:07,85250550,000000000514d1f67aec348db758ccf534df62f3f569e6b9be377fa358b28dda,b28dda,8,双,大
2026-08-11 12:31:27,85250555,000000000514d1fbb2eec887046d871142161e9385de6b5745cfa162b9856022,856022,2,双,小
2026-08-11 12:31:36,85250560,000000000514d20090f2467b2c2ed833462ff685640d2823e750c872666063e8,6063e8,8,双,大
2026-08-11 12:31:56,85250565,000000000514d2051f25be250d4d5f4a0ba14b986c581b3b811ffadb10417cfc,417cfc,7,单,大
2026-08-11 12:32:06,85250570,000000000514d20a5cb52b592211cdc05ce5ae2aedad88f48383f8d78631b01b,31b01b,1,单,小
2026-08-11 12:32:26,85250575,000000000514d20f12441f35feb51c2e181af3224696b0b5de0add7697143ad0,143ad0,0,双,小
2026-08-11 12:32:36,85250580,000000000514d214a91b0ae65321473556803ee58585d81e5ace07a8ec5b74b7,5b74b7,7,单,大
2026-08-11 12:32:56,85250585,000000000514d219e3b972c65101f0b802052e2b954e0b32307e8ef36eaaf6ce,aaf6ce,6,双,大
2026-08-11 12:33:06,85250590,000000000514d21ebbf1b09855b73f25b8cdcf7faeb976853007b00a5e7f2e81,7f2e81,1,单,小
2026-08-11 12:33:26,85250595,000000000514d223f8d817245fc939a4bc112bc786578cbc60b8458eb18c0d4d,8c0d4d,4,双,小
2026-08-11 12:33:36,85250600,000000000514d228ab4cdb254938185a9e57a3a97fe82bcdb928e16ff331f5e1,31f5e1,1,单,小
2026-08-11 12:33:56,85250605,000000000514d22da42c9bd103965c5836585fc25a025f3cfe4c7ae251a6e4ba,a6e4ba,4,双,小
2026-08-11 12:34:06,85250610,000000000514d2322384932d93361e574096000afb956e4370d97f70853c32c3,3c32c3,3,单,小
2026-08-11 12:34:25,85250615,000000000514d2376686ce5cd242e033bcfc3dd9243d41946ea9eb364a7adef9,7adef9,9,单,大
2026-08-11 12:34:35,85250620,000000000514d23c52a143897de9a130f4f5d7b39b278f31219c6a5b6ceab5f6,eab5f6,6,双,大
2026-08-11 12:34:55,85250625,000000000514d241d5866fe84aedaabbcce5c19bd453cf6795cf145ef879c229,79c229,9,单,大
2026-08-11 12:35:15,85250630,000000000514d246e9c1e66fccd5025da99f9db3a1f2a92dcf7a241cc905037e,05037e,7,单,大
2026-08-11 12:35:24,85250635,000000000514d24bac18eaa0efa07fdd4af361f6849c63940e1e29c55983be6b,83be6b,6,双,大
2026-08-11 12:35:34,85250640,000000000514d250c03565c885bb6efc02885cbd82d7bac85b8cbffa2475a789,75a789,9,单,大
2026-08-11 12:35:54,85250645,000000000514d255939b95323b75c89ccc114e9a8547f00cd6bd3af7976f6668,6f6668,8,双,大
2026-08-11 12:36:14,85250650,000000000514d25a2c6ee53df69f3be7b619a57e6a9543b5836f229f9620defe,20defe,0,双,小
2026-08-11 12:36:24,85250655,000000000514d25f1474b8eefd4b49ed7cf2346e4e45400f2152bc6d3381ab22,81ab22,2,双,小
2026-08-11 12:36:44,85250660,000000000514d264c8e06222ab748293157ea2dcd63bf024c6725be4e74a0820,4a0820,0,双,小
2026-08-11 12:36:54,85250665,000000000514d2694de716d93958733342d9c3772868488e9ad5a6e5f4536dcb,536dcb,6,双,大
2026-08-11 12:37:04,85250670,000000000514d26e95e414ec99872ede9e9c0000b32bf83945856682d2abd195,abd195,5,单,大
2026-08-11 12:37:23,85250675,000000000514d273dba22bc65a63d4fd797d4f63edcf33c4781e3d3c8586b319,86b319,9,单,大
2026-08-11 12:37:43,85250680,000000000514d2783bd72ce0a576bba66252e69e607c086081c020cf374e1a11,4e1a11,1,单,小
2026-08-11 12:37:53,85250685,000000000514d27dda277e9899eb6a86676075ee7cb1b4c10252499aa896fbc0,96fbc0,0,双,小
2026-08-11 12:38:13,85250690,000000000514d282bbf18ba205995e6bd4ff3e26eeb1fc716578b4dde8773ced,773ced,3,单,小
2026-08-11 12:38:23,85250695,000000000514d287a862bea72cb05f1e1de85363cdbcd5ca534069c58c1c8069,1c8069,9,单,大
2026-08-11 12:38:44,85250700,000000000514d28c1d58c6354506d179bf6d3609c1346dc26e02acbfec0f1a33,0f1a33,3,单,小
2026-08-11 12:38:53,85250705,000000000514d291312ed6bc8122c7bc5a06dba4d68b34fb4bb7bb6e35b9034b,b9034b,4,双,小
2026-08-11 12:39:13,85250710,000000000514d2965e1acfe786dc116109798af26fd56eea70a07ebde527a1ea,27a1ea,1,单,小
2026-08-11 12:39:23,85250715,000000000514d29b4b14395e1e9a3e7e38119578662bb0901b52c4ed51c18d80,c18d80,0,双,小
2026-08-11 12:39:43,85250720,000000000514d2a001264f0069d241996c59e96ff5207db60ff1e5893da5e8da,a5e8da,8,双,大
2026-08-11 12:39:53,85250725,000000000514d2a5be8147ae9d3f3547140f5412c3d7e89053c4de1fca2d3f34,2d3f34,4,双,小
2026-08-11 12:40:13,85250730,000000000514d2aa2fcfe038621611a25759a3af89fcf40e44f85b949c5358d6,5358d6,6,双,大
2026-08-11 12:40:23,85250735,000000000514d2afbfec2a5e2a339ff668c5296c8b13e43190211a86fc23cc6f,23cc6f,6,双,大
2026-08-11 12:40:42,85250740,000000000514d2b4ce983550b57594ae481fbbc48d085552018c235409ab2140,ab2140,0,双,小
2026-08-11 12:40:53,85250745,000000000514d2b95cd39350d6b6856aa32e994f76475ad7920a035da40c8d8e,0c8d8e,8,双,大
2026-08-11 12:41:12,85250750,000000000514d2be2119b10337d1d91da0be0c3ff497314d492e49e0e8a25c46,a25c46,6,双,大
2026-08-11 12:41:22,85250755,000000000514d2c319693b2072a85948bde3034b1c1eafb991d5d6c7e363a8bd,63a8bd,8,双,大
2026-08-11 12:41:42,85250760,000000000514d2c8fdd9b0a8b8db8ab31a48ead222205156cb9322744a5eb538,5eb538,8,双,大
2026-08-11 12:41:52,85250765,000000000514d2cde1f4bad08d169063fa67056461ae910ab2da9a02a7f2a47b,f2a47b,7,单,大
2026-08-11 12:42:12,85250770,000000000514d2d27aa92dd2e378777dcc691af7df5e0dfa844a2146cd8d41f3,8d41f3,3,单,小
2026-08-11 12:42:22,85250775,000000000514d2d7be7b166bb7f24f0e1c14fd67a8d0c50425ee4a43e5070027,070027,7,单,大
2026-08-11 12:42:42,85250780,000000000514d2dc2ddc9267915b1763c2d74a92f602b07da798ed11265fd16d,5fd16d,6,双,大
2026-08-11 12:42:52,85250785,000000000514d2e1b3034a73c1db6a4d0c4070aac5d0aa414484e257316bf9c0,6bf9c0,0,双,小
2026-08-11 12:43:12,85250790,000000000514d2e6fce0b7ab06f47f47380f91e89b00480d247db2cb12b63b9f,b63b9f,9,单,大
2026-08-11 12:43:22,85250795,000000000514d2eb9170ed05a703ac38207b3c7e2e5d00e1b31b3e9a44629753,629753,3,单,小
2026-08-11 12:43:42,85250800,000000000514d2f0e7ad2e0a051a0b1adeff37edad9855a1e9f04c61ed93a41f,93a41f,1,单,小
2026-08-11 12:43:52,85250805,000000000514d2f55e6f0efb9d72fec32113d68f345cead48ffd84fb44dc51ea,dc51ea,1,单,小
2026-08-11 12:44:12,85250810,000000000514d2fabd1020c78fbc271808251b44d5f7d2da357069049a69967a,69967a,7,单,大
2026-08-11 12:44:22,85250815,000000000514d2ffd1369a1d27686e0266dd96e1338dcae23e486a9f3a2df237,2df237,7,单,大
2026-08-11 12:44:41,85250820,000000000514d304f42b9e1106ad6fc582da61101c12dd2e1c8caadeb23af6eb,3af6eb,6,双,大
2026-08-11 12:44:51,85250825,000000000514d3092ddfd4ef8b5269fa1b429e6984676acbfc46181fe726fd51,26fd51,1,单,小
2026-08-11 12:45:12,85250830,000000000514d30e03eac528d3e3b3b31197190f5c222561d99ae4593059503b,59503b,3,单,小
2026-08-11 12:45:22,85250835,000000000514d313db31fed8d18d3a26f34f2f93a705b45717938e55dd57a3f9,57a3f9,9,单,大
2026-08-11 12:45:42,85250840,000000000514d318b33052e797af9403e5ac00986ea4b10d909737145e137642,137642,2,双,小
2026-08-11 12:45:52,85250845,000000000514d31dd68c2f0c75c89445bde002164b85a938c0a413f853ff1061,ff1061,1,单,小
2026-08-11 12:46:12,85250850,000000000514d32251ae52bb816d44eca266aaa96add2d0064adff27faf72015,f72015,5,单,大
2026-08-11 12:46:23,85250855,000000000514d327e857eef270e3f7da923f5460ecc55272a5244412cee7a423,e7a423,3,单,小
2026-08-11 12:46:43,85250860,000000000514d32cee86d181e72a69f10f836ca52359a9a4a11105afd776b003,76b003,3,单,小
2026-08-11 12:46:53,85250865,000000000514d3312177d346ed42a16465b4349be01e48a6ad962bf75628c62b,28c62b,2,双,小
2026-08-11 12:47:13,85250870,000000000514d336d512a3351cd6b81a1d81788e2ce3a2951f70703a9c5bab6a,5bab6a,6,双,大
2026-08-11 12:47:23,85250875,000000000514d33b09e3aa25cfd6fe1875c2d5393499a88bcecf7d057993c212,93c212,2,双,小
2026-08-11 12:47:43,85250880,000000000514d340a46a323683f7bf9631a6e376bb8e449b641b02a01aef7092,ef7092,2,双,小
2026-08-11 12:47:53,85250885,000000000514d345854b77da5768aff45648311945ee988edcf2616a8a2396ff,2396ff,6,双,大
2026-08-11 12:48:13,85250890,000000000514d34a1b442188af0d384da7172b7bb1b31b2a71fc31bfae07c7e1,07c7e1,1,单,小
2026-08-11 12:48:23,85250895,000000000514d34f6de30ef84290cb1265eb29e605b42f07f8b4595e1d29cc0e,29cc0e,0,双,小
2026-08-11 12:48:43,85250900,000000000514d354322c34ad35c374cf50cbd9c5df00041073ea8384068c74e5,8c74e5,5,单,大
2026-08-11 12:48:52,85250905,000000000514d359dd0b6061efe48ad9a6a1d70686243459c589edb5f47c9672,7c9672,2,双,小
2026-08-11 12:49:12,85250910,000000000514d35ea94a8e4b42402af114c46567595b7b1556b8e74af57b4224,7b4224,4,双,小
2026-08-11 12:49:22,85250915,000000000514d363500f1663c36350c4e350b4cfda7642a36ab1a81db44c551c,4c551c,1,单,小
2026-08-11 12:49:42,85250920,000000000514d368b6367e51e84cf167e68cd823532554980886c4a16183601a,83601a,1,单,小
2026-08-11 12:49:52,85250925,000000000514d36dc791adcaf63998bd913bfff13b03429d656055bcd41e9633,1e9633,3,单,小
2026-08-11 12:50:12,85250930,000000000514d3726e8d9cd6919fb675e1ff2fa090cefe18a74d3d66b45b62e5,5b62e5,5,单,大
2026-08-11 12:50:22,85250935,000000000514d377c12e3d68b60c67a49fd81001e5f817889d33ba7a4900b25a,00b25a,5,单,大
2026-08-11 12:50:42,85250940,000000000514d37cea69f947850812ebbe2bfb21624375a8838a0419675ff5a0,5ff5a0,0,双,小
2026-08-11 12:50:52,85250945,000000000514d3811ac5df58021dad11612fa381d13a9fb4da01df744316d704,16d704,4,双,小
2026-08-11 12:51:12,85250950,000000000514d386a275596e754c28fb88a5656ac8aa58f33a7897e7d72fc677,2fc677,7,单,大
2026-08-11 12:51:22,85250955,000000000514d38b56df7b57b48df625fe6736075ba926d02900298f672d93bb,2d93bb,3,单,小
2026-08-11 12:51:42,85250960,000000000514d39089f0df6f5147ab1889c8d83a19af3ce506f32742f8ede201,ede201,1,单,小
2026-08-11 12:51:52,85250965,000000000514d395648b28c6c0e605a876d8ce660c7c663fa33fefde603557f3,3557f3,3,单,小
2026-08-11 12:52:12,85250970,000000000514d39a805e1e3362cf3741e7da8264960b34eed9e8c3e8594b10a7,4b10a7,7,单,大
2026-08-11 12:52:22,85250975,000000000514d39f345a04d0d4dd92819870833d80f8bf3f7d9315f7c0ac002b,ac002b,2,双,小
2026-08-11 12:52:42,85250980,000000000514d3a42d76e927624dfb542ba95c825a3af2fe84131dc22cc6cf1f,c6cf1f,1,单,小
2026-08-11 12:52:52,85250985,000000000514d3a9d7ecc199496331590b7e5dcb6c805c0266037aef38fad81d,fad81d,1,单,小
2026-08-11 12:53:12,85250990,000000000514d3aec0a73af006034f0e7847f1e6787b1229d39061417c313f29,313f29,9,单,大
2026-08-11 12:53:22,85250995,000000000514d3b366a6f119ce4f318694574ca6c02953a7182cd034e9aadad5,aadad5,5,单,大
2026-08-11 12:53:42,85251000,000000000514d3b80a6f68040f9613ece9def19b4781fe113a14be61abdc5363,dc5363,3,单,小
2026-08-11 12:53:52,85251005,000000000514d3bd0682955d1fb4966fd89b33879a9250a357944f8e93562301,562301,1,单,小
2026-08-11 12:54:12,85251010,000000000514d3c2f1f574f706a5d9ae647084606254774f2262d99c4ce6d43f,e6d43f,3,单,小
2026-08-11 12:54:22,85251015,000000000514d3c755e7aa2fd050598b0e66e04f1df0a7948878a00891d0ebfc,d0ebfc,0,双,小
2026-08-11 12:54:42,85251020,000000000514d3cc436614985cb8aacd113908e6dc5248370bacf7c5402c6fbd,2c6fbd,6,双,大
2026-08-11 12:54:53,85251025,000000000514d3d1c0bec2ee3e3bdf53fa86151dfdd7c9f05107e8d8935eec22,5eec22,2,双,小
2026-08-11 12:55:12,85251030,000000000514d3d646e0171ee31cc014ae105adcf227212230c803782a9b9a64,9b9a64,4,双,小
2026-08-11 12:55:22,85251035,000000000514d3db3751d45f2432165580e00da57184af8c0c59f68f2d36ec30,36ec30,0,双,小
2026-08-11 12:55:42,85251040,000000000514d3e0c0e926a81fcb36a2fdc6407fc93ee1c74a2cd086c8db9f85,db9f85,5,单,大
2026-08-11 12:55:52,85251045,000000000514d3e594470ea375a5288bb7e2bee190baad2dd5c84077f6ceeb95,ceeb95,5,单,大
2026-08-11 12:56:12,85251050,000000000514d3eaa590f33c480f80d31b8efae183a8aba9a1af883d2f0a4a5f,0a4a5f,5,单,大
2026-08-11 12:56:22,85251055,000000000514d3ef0a4034c26b1c365ba85dd1b7e1b780740aac9bc1da3d71f8,3d71f8,8,双,大
2026-08-11 12:56:42,85251060,000000000514d3f41f2bd8bf905ac1b983578b3162f7b105ba7ce4504a4a2a2b,4a2a2b,2,双,小
2026-08-11 12:56:52,85251065,000000000514d3f95f239691dca1ed78333ac35eeee50aceab1ea5f4f076ff1b,76ff1b,1,单,小
2026-08-11 12:57:13,85251070,000000000514d3febbc8fe4ce0880b37b06fd48c03952cfa794270c4a61d55ca,1d55ca,5,单,大
2026-08-11 12:57:23,85251075,000000000514d4038f257ecb79f66cd7048aa12efd815a0056fe558b845e4d5d,5e4d5d,5,单,大
2026-08-11 12:57:43,85251080,000000000514d408c3e44b4be30023d2b1c1f2bbe15189b29f5e9fb1d4128f9b,128f9b,9,单,大
2026-08-11 12:57:52,85251085,000000000514d40d9aa1aea5c4b5b276a25e42dbc236a2463ad7b37d245ba2e9,5ba2e9,9,单,大
2026-08-11 12:58:12,85251090,000000000514d412e1d3a7abdf7111d681683a1c3c17f5cf3e8956bd3b164229,164229,9,单,大
2026-08-11 12:58:22,85251095,000000000514d417836f1c5683c895ec392e7b46633901c28dddd1b0d18e4c8a,8e4c8a,8,双,大
2026-08-11 12:58:42,85251100,000000000514d41cb2c8f33f623ca47e035e3b72ba744fd57bb42eda776cffb0,6cffb0,0,双,小
2026-08-11 12:58:52,85251105,000000000514d421a0b709b814929d4ac395fd3c702d6b56095a1d3a71d0029d,d0029d,9,单,大
2026-08-11 12:59:12,85251110,000000000514d4267cfe08f6dca1c88eb3a4582e7d340464ed250060b97b1020,7b1020,0,双,小
2026-08-11 12:59:22,85251115,000000000514d42b36b948d0a40e0a3e802e4ef5b0e8a1bf962ef18b72d5d372,d5d372,2,双,小
2026-08-11 12:59:41,85251120,000000000514d430470cd70217e1f767f00fcd8ad9d0dc49c26e0218652e9084,2e9084,4,双,小
2026-08-11 12:59:51,85251125,000000000514d435170df825f52f6c17337885881af085252b90c7de659ec80e,9ec80e,0,双,小
2026-08-11 13:00:11,85251130,000000000514d43ae04cee9f7bf79f514cdde7a5222830aca9cd44733c7f31d9,7f31d9,9,单,大
2026-08-11 13:00:21,85251135,000000000514d43f4f88f050b5adf68e1f64bdfe87ac298f567d7fcdb89f14c9,9f14c9,9,单,大
2026-08-11 13:00:41,85251140,000000000514d444c58c9df148e0c9674026e422df162f2de2275d80d7ac756c,ac756c,6,双,大
2026-08-11 13:00:51,85251145,000000000514d449d5c738c2a2accd087894fae46ad871016d3a8e902518f12c,18f12c,2,双,小
2026-08-11 13:01:11,85251150,000000000514d44e53488d7c8dce652acf0137be58b23699dd6a3f95181af360,1af360,0,双,小
2026-08-11 13:01:21,85251155,000000000514d4534097778eb01fa2ba943eddc6be5bf94dc18692a57a367ccf,367ccf,7,单,大
2026-08-11 13:01:41,85251160,000000000514d4587d0ef092b06b58ad25fb515410f8e7e19d12949adfcd89f5,cd89f5,5,单,大
2026-08-11 13:01:51,85251165,000000000514d45dd60267360aa3d6a78f423829a7c6d2370a1894d53997b2ea,97b2ea,2,双,小
2026-08-11 13:02:11,85251170,000000000514d4623057ff9fd7060c342f222ab35557f0bb9db7b0a6fc439deb,439deb,9,单,大
2026-08-11 13:02:21,85251175,000000000514d467cf6fe4f2fe4a7085610023d97d8004590ac428f2c68ef160,8ef160,0,双,小
2026-08-11 13:02:42,85251180,000000000514d46ca46b703ad3fcd93e0a03830a9e66bca0ebbd5bf2606a1cdb,6a1cdb,1,单,小
2026-08-11 13:02:52,85251185,000000000514d4716578273cfd169583cc76b46f072e3af041df964bccbeffe1,beffe1,1,单,小
2026-08-11 13:03:12,85251190,000000000514d47602a06e8f1d9ea65393ae77ec4c50e7fbedca474702acd731,acd731,1,单,小
2026-08-11 13:03:22,85251195,000000000514d47b28bf396d2d66f650eafeb1a3f0d60fe6c7cea1b8c69e2a8b,9e2a8b,8,双,大
2026-08-11 13:03:42,85251200,000000000514d48047240e6c2d56f3b3143c810f279de9e0658e55860d3cd8d5,3cd8d5,5,单,大
2026-08-11 13:03:53,85251205,000000000514d485357c059aff24624e368c95a620f8688357ff031bdceb6b65,eb6b65,5,单,大
2026-08-11 13:04:13,85251210,000000000514d48aed2fb6895b8079d47217e8310bd675caa0876c38acf93fcc,f93fcc,3,单,小
2026-08-11 13:04:22,85251215,000000000514d48f0429a3b695c8533876ff7add0f9b040a11e7daf11e4c81e9,4c81e9,9,单,大
2026-08-11 13:04:42,85251220,000000000514d494cdde789fb16145d64b0f21290479ed5966b9599db5dc1a32,dc1a32,2,双,小
2026-08-11 13:04:52,85251225,000000000514d499d0f57361344f04d1770e6163feb883221185fff787f1d473,f1d473,3,单,小
2026-08-11 13:05:12,85251230,000000000514d49e147cda56c92a4507a96b82d05d9a3597e46dd02c6ce55a43,e55a43,3,单,小
2026-08-11 13:05:22,85251235,000000000514d4a388601c45af1b5f45ed07e16b5656dccf226adf4caff86722,f86722,2,双,小
2026-08-11 13:05:42,85251240,000000000514d4a847f7e243847e0b0e2af625e303e0112829fe2511ff464394,464394,4,双,小
2026-08-11 13:05:52,85251245,000000000514d4ad11a975b6542b4cad71553aecff1ae4f2088fc325443b1c68,3b1c68,8,双,大
2026-08-11 13:06:12,85251250,000000000514d4b295c3fc1b5b3238f01b57527bf82fcdffb48f0e08568f0bfd,8f0bfd,0,双,小
2026-08-11 13:06:22,85251255,000000000514d4b70e6c22758fa6bf916ff4a03b0d229b2b3ee1fedf0462c6e4,62c6e4,4,双,小
2026-08-11 13:06:42,85251260,000000000514d4bc664289c869fdc03c097a51fd7d87b5a3de6699d1305e550a,5e550a,0,双,小
2026-08-11 13:06:52,85251265,000000000514d4c1f093fb17a4f9d4c685cd4372a475fdb50471953b469fcb06,9fcb06,6,双,大
2026-08-11 13:07:12,85251270,000000000514d4c6f49c4691e372ffe882e4d4183aea5e97ea244ef2cf9f9e34,9f9e34,4,双,小
2026-08-11 13:07:22,85251275,000000000514d4cb5485f1564596df0c066c402f4fef2f599ca2dfeba842c71b,42c71b,1,单,小
2026-08-11 13:07:42,85251280,000000000514d4d06a99ee780e68247be3ef79735e641576663166f01f8c5ca9,8c5ca9,9,单,大
2026-08-11 13:07:52,85251285,000000000514d4d5dfe2167cc632d0135859c150f2ccff27d230188d13984a01,984a01,1,单,小
2026-08-11 13:08:12,85251290,000000000514d4dadca2e40e5c99d2e6bff3a94054726af9b7e80072f08c2b71,8c2b71,1,单,小
2026-08-11 13:08:22,85251295,000000000514d4df53d297a39a88612a9bc46561c4b32e1b3e97edb6e48ed508,8ed508,8,双,大
2026-08-11 13:08:42,85251300,000000000514d4e4ebea59bb0d0d6c164151418f377538e3085dc5de6d6586cd,6586cd,6,双,大
2026-08-11 13:08:52,85251305,000000000514d4e97758340f5aa4898b50c43b31f62615eda4a0be7c078752af,8752af,2,双,小
2026-08-11 13:09:11,85251310,000000000514d4ee7fd31f8881e39e112033a71616bdbc56dd067a80aa36a605,36a605,5,单,大
2026-08-11 13:09:21,85251315,000000000514d4f3af14a3928ebed56cdf67ae6e0623450ae83396ac5f41e53d,41e53d,3,单,小
2026-08-11 13:09:41,85251320,000000000514d4f8b6af07473f9d2098e85fdb6b3dae51d64c5d354bfac4e430,c4e430,0,双,小
2026-08-11 13:09:51,85251325,000000000514d4fdc1f78af763c91cacdb73b4af9d6d0443313e95d2753c3e11,3c3e11,1,单,小
2026-08-11 13:10:11,85251330,000000000514d502848cbdc6e9a5f0a3717efe3b00001b9a8a04911ba9efa3a7,efa3a7,7,单,大
2026-08-11 13:10:30,85251335,000000000514d507a55185b5fcfe21f160880360e311337c193604dd8d32a6d1,32a6d1,1,单,小
2026-08-11 13:10:40,85251340,000000000514d50cf064a63022f662eebd6ad44e648698bdf41df81edfe051aa,e051aa,1,单,小
2026-08-11 13:11:00,85251345,000000000514d51195b12dc92d863091a4fb3e887c6e98273797b36d1283c6de,83c6de,6,双,大
2026-08-11 13:11:10,85251350,000000000514d516c8e9239ceeb023b836c938096dc1c2913391ff2922eabf44,eabf44,4,双,小
2026-08-11 13:11:30,85251355,000000000514d51ba77b17500f1e4fe0f389580adefbaecf6c828af6f288cba1,88cba1,1,单,小
2026-08-11 13:11:40,85251360,000000000514d52007e1823fad3a00a395b8e37bec2f76fe0fb237bb09e07b5d,e07b5d,5,单,大
2026-08-11 13:11:50,85251365,000000000514d525f72d6f354ee4d8749748e49052e374db0420d00b655ba39b,5ba39b,9,单,大
2026-08-11 13:12:10,85251370,000000000514d52a1402bbe732bae97361c05344cb6d397204b4c8ef5443220d,43220d,0,双,小
2026-08-11 13:12:20,85251375,000000000514d52f223bc1210af1390e47d208d7b1921138d4f9b0cd4089df5e,89df5e,5,单,大
2026-08-11 13:12:40,85251380,000000000514d534b921826e9d66c9f3a82df859cc7846138d8c3220b65674e3,5674e3,3,单,小
2026-08-11 13:12:50,85251385,000000000514d53915e9324d45a725478e03c2c2b014ad2c95081a231b6c1ce5,6c1ce5,5,单,大
2026-08-11 13:13:10,85251390,000000000514d53e067136af9908eb8d27d5c9b6faafc769880c3a2c91d1fb20,d1fb20,0,双,小
2026-08-11 13:13:20,85251395,000000000514d543442a40675870333ffa9979f572f877106c8f8b8d0578f893,78f893,3,单,小
2026-08-11 13:13:40,85251400,000000000514d548fde17bca96645110ac77c17de9d95a94799de5cb282333db,2333db,3,单,小
2026-08-11 13:13:50,85251405,000000000514d54d5abe349c4ce1e251a5e92204694e0e1baeffe89488a32cf4,a32cf4,4,双,小
2026-08-11 13:14:10,85251410,000000000514d552b6bb6545d0a19dc974095a88c458837f59ae372d9308ec17,08ec17,7,单,大
2026-08-11 13:14:20,85251415,000000000514d55747f3126def81ebbffa84c977df64b096ce598c8f5142389c,42389c,9,单,大
2026-08-11 13:14:39,85251420,000000000514d55c31a143d5ee9784cca8b0620a3e476a97f1c5041aa801d5a4,01d5a4,4,双,小
2026-08-11 13:14:49,85251425,000000000514d56186031117b10265b233b04526da4330056ab5bf9601ef6473,ef6473,3,单,小
2026-08-11 13:15:09,85251430,000000000514d566c894078dfed7190ed4fea593a8c58f7aff421c5fad79877a,79877a,7,单,大
2026-08-11 13:15:19,85251435,000000000514d56bc9cd3217dfed30fc31b19aba4ae800110b88f649c9d69b66,d69b66,6,双,大
2026-08-11 13:15:40,85251440,000000000514d570febb7cd09c7c498ceee23e2eaa9e5df46e66d9bd4348037d,48037d,7,单,大
2026-08-11 13:15:50,85251445,000000000514d575e177e1bea83ebb2635b0cca0244ef4efe72a23882773ee10,73ee10,0,双,小
2026-08-11 13:16:09,85251450,000000000514d57abf1ed6e0f4b35935a2d3509c54767df1229d54057258dd94,58dd94,4,双,小
2026-08-11 13:16:20,85251455,000000000514d57f1233ce07d78336ad0499627bd11bd2560af94c66e3fb80bd,fb80bd,0,双,小
2026-08-11 13:16:39,85251460,000000000514d5844cf2c1a981917afc418dcd1674cf04b94a212a5d685f5fb0,5f5fb0,0,双,小
2026-08-11 13:16:49,85251465,000000000514d589b2200ce44c139f27095476055a5409e7d0fa2656deee64bb,ee64bb,4,双,小
2026-08-11 13:17:09,85251470,000000000514d58ef4de2ad710719eb52c23c810b30193129d725823b503e50e,03e50e,0,双,小
2026-08-11 13:17:19,85251475,000000000514d593e9b43ac8952f7ec6817270cc728af1074f19395183bcf857,bcf857,7,单,大
2026-08-11 13:17:39,85251480,000000000514d598574f814a28d873244439e23c6e4cc498d38a14f8e4406bec,406bec,6,双,大
2026-08-11 13:17:49,85251485,000000000514d59d9eb0ac069676bf6eef8499b8c1fd48fee3994ed29e299682,299682,2,双,小
2026-08-11 13:18:08,85251490,000000000514d5a2e21f12508fad8a74d478fd572f020d8e739112cbfe5f76e6,5f76e6,6,双,大
2026-08-11 13:18:28,85251495,000000000514d5a70b462b7425429bdb2fb4e7dc6b56fb44c79d3f593d45f838,45f838,8,双,大
2026-08-11 13:18:38,85251500,000000000514d5ac2e8bd21de59d9a21816756bff070c5596bbcd08325da4548,da4548,8,双,大
2026-08-11 13:18:58,85251505,000000000514d5b1a1f5ca7a5e711d2985cdf0a573b4a057e2436bfed774906e,74906e,6,双,大
2026-08-11 13:19:09,85251510,000000000514d5b621711c56c8a0119a40d51e7dd47459d144c7927c97958c33,958c33,3,单,小
2026-08-11 13:19:28,85251515,000000000514d5bba5235e1dce2283e67a0e614026b13c6e3e796641396d86cf,6d86cf,6,双,大
2026-08-11 13:19:38,85251520,000000000514d5c025d9c0c443fab506d0410377a70f59d2a8779844c141f746,41f746,6,双,大
2026-08-11 13:19:58,85251525,000000000514d5c5b08ae5f6c6405ba87d1152189da3c4bafdb147c640f8c5b9,f8c5b9,9,单,大
2026-08-11 13:20:08,85251530,000000000514d5cadc20347a42ab7cf752c19cc3d75fe08b1c85a72af827f437,27f437,7,单,大
2026-08-11 13:20:28,85251535,000000000514d5cfa6a23736102896620096648f9acbc7b40f9ee285baa0ac78,a0ac78,8,双,大
2026-08-11 13:20:38,85251540,000000000514d5d4531c025542e641c49b86c862fc3a41ede69ddff78b98d28c,98d28c,8,双,大
2026-08-11 13:20:58,85251545,000000000514d5d97af664282cb3f86b7b58b6646f152fe9a04bdd42f154c176,54c176,6,双,大
2026-08-11 13:21:08,85251550,000000000514d5deaef41e8ede0c8816a329e35cb07ab6957d625364e88b5655,8b5655,5,单,大
2026-08-11 13:21:27,85251555,000000000514d5e308517178fd579132356688e480ef3da6bd93c4783fd44876,d44876,6,双,大
2026-08-11 13:21:37,85251560,000000000514d5e88ade3e2debcccade51a2bfd29b91b479571c328d2996323f,96323f,3,单,小
2026-08-11 13:21:57,85251565,000000000514d5ed0ce053805d278aeaa32124c28b6b706e9b4646aedb214da1,214da1,1,单,小
2026-08-11 13:22:07,85251570,000000000514d5f2752084ff8bfa262b6e1f71c0e70b19bb63f11226caba1dff,ba1dff,1,单,小
2026-08-11 13:22:27,85251575,000000000514d5f7f9a8cc9a051806cc76adc9023545c6a8c343904b3ceb78b6,eb78b6,6,双,大
2026-08-11 13:22:37,85251580,000000000514d5fc27b2b649eb5d2854628e614f37017a65cdbf9194561f299b,1f299b,9,单,大
2026-08-11 13:22:57,85251585,000000000514d601138efcf4037d2e335fe507ec650f876df73969284379b570,79b570,0,双,小
2026-08-11 13:23:07,85251590,000000000514d606ccadd260104c658299826a6c6c9738758b83a96731e6e0d4,e6e0d4,4,双,小
2026-08-11 13:23:27,85251595,000000000514d60b61f2d4b48a4942423775eef93196103b2cc40dc502fa13c8,fa13c8,8,双,大
2026-08-11 13:23:37,85251600,000000000514d61094a519cf748bc185e0aaec2d6d2aea91d38ce70fefabaeeb,abaeeb,0,双,小
2026-08-11 13:24:08,85251610,000000000514d61a7415810f215d7197659d151c22ef0a44eb7c9da796df3767,df3767,7,单,大
2026-08-11 13:24:29,85251615,000000000514d61fbcc9c35471cbe617b755b5628a4f30d1d806ddd3ae903883,903883,3,单,小
2026-08-11 13:24:39,85251620,000000000514d6249b381184399a115eff9d6998c0429139463762bc405e468d,5e468d,8,双,大
2026-08-11 13:24:49,85251625,000000000514d629f0801aec001d7a0536bae1674e729f75fcc19450cb4cf182,4cf182,2,双,小
2026-08-11 13:25:09,85251630,000000000514d62e8d1a6b5eac9f2c1db205336be05eafacc6bfafc29aa47878,a47878,8,双,大
2026-08-11 13:25:29,85251635,000000000514d6330a513cfe607021084c4f9535b40e1cb85a1f37093f3d877e,3d877e,7,单,大
2026-08-11 13:25:39,85251640,000000000514d63872049e325813968af253cc1938f3ce607c7812034f73cccc,73cccc,3,单,小
2026-08-11 13:26:11,85251650,000000000514d64287bbecc7b4523323f8106e3cf1e6cba32dda3aefecc5de54,c5de54,4,双,小
2026-08-11 13:26:27,85251655,000000000514d647c5b64e5def680751402fdcf8fe3c21eee8325443289ecabf,9ecabf,9,单,大
2026-08-11 13:26:37,85251660,000000000514d64c88a28f8d01b425a2f1f90d3ed8cea898f7aacfb1185a57e2,5a57e2,2,双,小
2026-08-11 13:26:57,85251665,000000000514d651ddcdd33b2b43daef169e38e645820e0643ae69ef41e3d596,e3d596,6,双,大
2026-08-11 13:27:14,85251670,000000000514d65699e8a71e36d1dacf9e2d9e4a1947cc5d88e068c04498c2f4,98c2f4,4,双,小
2026-08-11 13:27:30,85251675,000000000514d65b76fecf00687be50e60d8186ac72d6d9b39e85836519796bc,9796bc,6,双,大
2026-08-11 13:27:40,85251680,000000000514d66028a681cf57bc76b0b49ca240027b916c3debf3184c87aefc,87aefc,7,单,大
2026-08-11 13:27:50,85251685,000000000514d665a1a25e459feea5621f021b1724ec6843bb8ddca0d425db87,25db87,7,单,大
2026-08-11 13:28:11,85251690,000000000514d66a1c7c683addf675b767b294c8475e192a2d4b898d58c7bbb8,c7bbb8,8,双,大
2026-08-11 13:28:30,85251695,000000000514d66f599283d774d3d3a87e2ac87e9de4b615964ab28122aca966,aca966,6,双,大
2026-08-11 13:28:40,85251700,000000000514d67478db307444083a93fa989f68a889a9c879f03d5b8bdc9305,dc9305,5,单,大
2026-08-11 13:28:50,85251705,000000000514d6792bd377934625fcccde9c25ca5a962d03d260bfe5e9b7d9ca,b7d9ca,9,单,大
2026-08-11 13:29:10,85251710,000000000514d67e63b52d7ce61c05b8abd3500edd19685e4556a76753c79f32,c79f32,2,双,小
2026-08-11 13:29:26,85251715,000000000514d68388fc17eac15cc10ec3cc4a2ec5ce0a8c59b79e6022cd0303,cd0303,3,单,小
2026-08-11 13:29:36,85251720,000000000514d688c52d46e9a781aea0e68393d9a2b815bb3702090bd41d1685,1d1685,5,单,大
2026-08-11 13:29:52,85251725,000000000514d68d531a6610715429fad8834be5e868280dc756402c86da5faf,da5faf,5,单,大
2026-08-11 13:30:12,85251730,000000000514d692ed90cfade4714d593f3c25f1e3723d91bae99c060772af69,72af69,9,单,大
2026-08-11 13:30:22,85251735,000000000514d697f98e7fa4a9b78373ae9ac2968e9f1de0c8f2efbd91c0bbea,c0bbea,0,双,小
2026-08-11 13:30:42,85251740,000000000514d69cb96c130948fd597d29dca358ce6a16acfe6493a842846786,846786,6,双,大
2026-08-11 13:30:52,85251745,000000000514d6a1056b45aaad0f942c2f714956ec1bf4965ec08f5624d687e1,d687e1,1,单,小
2026-08-11 13:31:12,85251750,000000000514d6a65688a54055dbca0003254834b099f8658000cacf21bef42b,bef42b,2,双,小
2026-08-11 13:31:22,85251755,000000000514d6ab5f636c09ff5fc9bc618178df988fedf0c00baf1b1031ad08,31ad08,8,双,大
2026-08-11 13:31:42,85251760,000000000514d6b01dad7b9a645b86173d6fac78ad5f55848012bbedb6efa300,efa300,0,双,小
2026-08-11 13:31:52,85251765,000000000514d6b585872f64891b46bd3631abfd24fb9791bf01d0b89de3ca63,e3ca63,3,单,小
2026-08-11 13:32:11,85251770,000000000514d6ba5a429b20ae50c8a8ea82c4214ba1cf928a5e5b443ea46c26,a46c26,6,双,大
2026-08-11 13:32:21,85251775,000000000514d6bfdfaa59450591fa135e409962f0130473397c87c52476b0c5,76b0c5,5,单,大
2026-08-11 13:32:41,85251780,000000000514d6c4a939d3705bf27f5ef1cf92da3d8061aeecd65d9458db6220,db6220,0,双,小
2026-08-11 13:32:51,85251785,000000000514d6c93e460f3cc4fa533f2c552ce50a627266e977789442aed26a,aed26a,6,双,大
2026-08-11 13:33:12,85251790,000000000514d6cee0a9da7b72bc3654834daf2b5b37edb4e6eee386158a7941,8a7941,1,单,小
2026-08-11 13:33:22,85251795,000000000514d6d30ebb0db8035c18389a6229e08afc22ec16ca161c99d22eeb,d22eeb,2,双,小
2026-08-11 13:33:42,85251800,000000000514d6d8f2b29c7170fca0572d62be92756f38178660f6e874d1eb2a,d1eb2a,2,双,小
2026-08-11 13:33:52,85251805,000000000514d6dd64655504eb2cc8ca5d8d8c38b7af310efe177de54f79d67c,79d67c,7,单,大
2026-08-11 13:34:18,85251810,000000000514d6e2eb357707aab1f0b944147a392b18038c54182601df34a80a,34a80a,0,双,小
2026-08-11 13:34:28,85251815,000000000514d6e715c044a475e6504f1d40c32985e2d8177d28caf36cd203da,d203da,3,单,小
2026-08-11 13:34:38,85251820,000000000514d6ec16f9fb807ec3c2a1dc9640385ea2b6d0f15b0465b224ff6a,24ff6a,6,双,大
2026-08-11 13:34:58,85251825,000000000514d6f1fbfc0313c00f9eae165e6117de3eae1e915055157558626d,58626d,6,双,大
2026-08-11 13:35:09,85251830,000000000514d6f6a1f93c03d7e115dfd65771b004cc32764474d52edca45880,a45880,0,双,小
2026-08-11 13:35:29,85251835,000000000514d6fb893e35344fd3be30eaef30785a7ba6cd42cc4eb229675b8d,675b8d,8,双,大
2026-08-11 13:35:39,85251840,000000000514d700f28a4a5f62060c281573552c9cfb00c13ed0aca78f90ab5f,90ab5f,5,单,大
2026-08-11 13:35:59,85251845,000000000514d7059ce31d501988599e7ed45c0758227e53e4ca7e1fc2cf1081,cf1081,1,单,小
2026-08-11 13:36:09,85251850,000000000514d70a76fa031bd72ed0c66b911c14618541220a82061174193479,193479,9,单,大
2026-08-11 13:36:20,85251855,000000000514d70fdba1f46199e8b90239ac3e51023050aafc08ccbe1355e58c,55e58c,8,双,大
2026-08-11 13:36:40,85251860,000000000514d71491a102c7526357b84312bcbd19a2b7d4599530a6666b0b1c,6b0b1c,1,单,小
2026-08-11 13:36:50,85251865,000000000514d719cfd97ffd33465e1d870d5ca51595bb7c32e682156a5a1e88,5a1e88,8,双,大
2026-08-11 13:37:11,85251870,000000000514d71ecd862f222a34375638e0cbb21eedd4252dc3d0bb44f25ea0,f25ea0,0,双,小
2026-08-11 13:37:21,85251875,000000000514d7238e8737283bff74e4d251b230306a27f1a7eea27c9bc20804,c20804,4,双,小
2026-08-11 13:37:42,85251880,000000000514d7288560cb05f197bd08fa8436e285b494e09dbb3fa5f8e73b5e,e73b5e,5,单,大
2026-08-11 13:37:53,85251885,000000000514d72d8f56c5c7d476e4fb0aeafa059ffe38436b66d249069c6b3a,9c6b3a,3,单,小
2026-08-11 13:38:14,85251890,000000000514d73253e771fe13b9ea739e687801654053e32977eba4a76bdbc8,6bdbc8,8,双,大
2026-08-11 13:38:24,85251895,000000000514d73734e7268c04bbe2e6ac57322827b89a315f8f1a68010a016f,0a016f,6,双,大
2026-08-11 13:38:35,85251900,000000000514d73c78d25344448f38eb1c6e86b3eecc16dee8d9e17aeed892dd,d892dd,2,双,小
2026-08-11 13:38:55,85251905,000000000514d7419471353353d0d79cba2d99f877a90e540a3f207c919ce473,9ce473,3,单,小
2026-08-11 13:39:06,85251910,000000000514d746b25d756ac7c40e6e90bdc7d23f0e402b7f0aaf79fe50d788,50d788,8,双,大
2026-08-11 13:39:27,85251915,000000000514d74b39e74c40bd518ad2157adb189e3a894c6cf7f8a961d071aa,d071aa,1,单,小
2026-08-11 13:39:37,85251920,000000000514d7506dddd716783d614dc36d925862f8568bd7945a0f93353623,353623,3,单,小
2026-08-11 13:39:58,85251925,000000000514d75530ffcbf5824756dfcc6a488de55fe4c5e5d0db4d80129450,129450,0,双,小
2026-08-11 13:40:08,85251930,000000000514d75ab1f3a49f9620e0b23699152d12eb27de9df448eb751ba2f5,1ba2f5,5,单,大
2026-08-11 13:40:28,85251935,000000000514d75fb50e99c7090f9e18535642e52d18abe76623360ba0f8db5f,f8db5f,5,单,大
2026-08-11 13:40:38,85251940,000000000514d764bc0539badb999b3f85003a8eac3253acf2f27ee7bcf7cc95,f7cc95,5,单,大
2026-08-11 13:40:58,85251945,000000000514d7698a433c6a5eebf5e6746b067a56b34526b292f783fb3e3988,3e3988,8,双,大
2026-08-11 13:41:08,85251950,000000000514d76e60207c7a07c473cd4a0f20479132989c9f01f4b767f2de44,f2de44,4,双,小
2026-08-11 13:41:28,85251955,000000000514d773a25d76a01a0975a4dadd84f362f04b2a890b99af2374e1b2,74e1b2,2,双,小
2026-08-11 13:41:38,85251960,000000000514d778e0a6d3d64add1bb289f0c577bc5b4b12d176edb6b265e9cd,65e9cd,9,单,大
2026-08-11 13:41:58,85251965,000000000514d77d54e9f0fbc5416f89fc7010d9c2ded9578d3bbda287e7c871,e7c871,1,单,小
2026-08-11 13:42:08,85251970,000000000514d782123b8bde58b922e3f2aa7e11f2d062041fcda096429251f0,9251f0,0,双,小
2026-08-11 13:42:29,85251975,000000000514d7875edeb393337a87c708f4e04bf55d13d55c833b841b56abc8,56abc8,8,双,大
2026-08-11 13:42:39,85251980,000000000514d78c05ce9c6a64e0ea8411ad02e9d934bb456156815c2f9923b4,9923b4,4,双,小
2026-08-11 13:42:59,85251985,000000000514d791768f528892a3bf9c75e10edab895bc9d5c921988ba694cd2,694cd2,2,双,小
2026-08-11 13:43:09,85251990,000000000514d796f01fded0bf9090d5437233e664e45ca05a12b4f1937e2c2d,7e2c2d,2,双,小
2026-08-11 13:43:19,85251995,000000000514d79b05675c61fc40e28f485f15359ba4144d210d555bb65e455d,5e455d,5,单,大
2026-08-11 13:43:39,85252000,000000000514d7a0114ac32418ecedc22ee58c09b9c5483ec662a44c372d17ba,2d17ba,7,单,大
2026-08-11 13:43:56,85252005,000000000514d7a51376b5d850038ecffed0992ad8247f83c85e5c83e6647e51,647e51,1,单,小
2026-08-11 13:44:06,85252010,000000000514d7aa17eb3cfe8e0c0bcf78c9e69ea2e004f06834f6298be91d84,e91d84,4,双,小
2026-08-11 13:44:26,85252015,000000000514d7aff80b9e3ac4bc93ff2623dcb865d0210b07bdb40bfd902dc5,902dc5,5,单,大
2026-08-11 13:44:36,85252020,000000000514d7b4fefe9d3011ed8c87ad719d65b1131c12c7a217c89beb1623,eb1623,3,单,小
2026-08-11 13:44:56,85252025,000000000514d7b9271b4831b2eacffc41ef2aefaf43d31a21aff1e1fbd5bf2b,d5bf2b,2,双,小
2026-08-11 13:45:06,85252030,000000000514d7be36a064d2fe247499b297b2e4b3cf36b40493da93a45d7f1f,5d7f1f,1,单,小
2026-08-11 13:45:26,85252035,000000000514d7c3322c8a2a9d2a37647bc473cc18c263fc39db2cc77de54716,e54716,6,双,大
2026-08-11 13:45:36,85252040,000000000514d7c889b553462f96190b3e39df670a0dab281a9b560783f8f2df,f8f2df,2,双,小
2026-08-11 13:45:57,85252045,000000000514d7cdb21c774adf0e45b39ab844e11b3ac575c412c6b19e465c25,465c25,5,单,大
2026-08-11 13:46:14,85252050,000000000514d7d2b61640b830394d7ca28a5637b179b20942ad991663d2a87b,d2a87b,7,单,大
2026-08-11 13:46:25,85252055,000000000514d7d7aa381d4bfc90a98c717d0ce15e159b5a9c35644952c07d3b,c07d3b,3,单,小
2026-08-11 13:46:35,85252060,000000000514d7dced7c532d2b863c1c21210e822fbbea09c5fe844f1333d33f,33d33f,3,单,小
2026-08-11 13:46:55,85252065,000000000514d7e1e32a9554a57813fbd25dddbff73368acdffdfe803b4bd915,4bd915,5,单,大
2026-08-11 13:47:05,85252070,000000000514d7e6c7d38373183e26b7827cce4fd76a326a9b07b952cccc1e73,cc1e73,3,单,小
2026-08-11 13:47:26,85252075,000000000514d7eb8e526f91de02d0734ed4b29827edf44c7c43339f20e2e05e,e2e05e,5,单,大
2026-08-11 13:47:36,85252080,000000000514d7f03c106b7f7ed62d40d0c76593d55e1775592b336147290944,290944,4,双,小
2026-08-11 13:47:56,85252085,000000000514d7f578737b14d1888cff0783b764dd2247fac7fbb474752da5f3,2da5f3,3,单,小
2026-08-11 13:48:06,85252090,000000000514d7fa4d7a0bad73e3e11b251d7903b7a46a247199554efd43c2d7,43c2d7,7,单,大
2026-08-11 13:48:26,85252095,000000000514d7ff74de4b38c93ec662f8bc713146d68b2202dc7725b604585b,04585b,5,单,大
2026-08-11 13:48:36,85252100,000000000514d804cf161f9e60fc8038b7aaaf83b0a4a4573c93253af9d77804,d77804,4,双,小
2026-08-11 13:48:56,85252105,000000000514d8099ed327de74834341137c75f3f32666cf41b6fee42062ca95,62ca95,5,单,大
2026-08-11 13:49:06,85252110,000000000514d80e7e4265df0d602e062575f404519602221daf807f067f32db,7f32db,2,双,小
2026-08-11 13:49:26,85252115,000000000514d813abc3f745ff645739b0b0a551ac3d2580b48448257b389239,389239,9,单,大
2026-08-11 13:49:36,85252120,000000000514d8188596db5f4cceba0c1eb3e8ba6b59361cffdb8c6f6a7b8992,7b8992,2,双,小
2026-08-11 13:49:56,85252125,000000000514d81d94955330b6fd8675ebd70e36a792d1bf91026c988e6ea419,6ea419,9,单,大
2026-08-11 13:50:06,85252130,000000000514d82216e1addbc3d0883eebf2e63f04015130c02a320c8e36a920,36a920,0,双,小
2026-08-11 13:50:26,85252135,000000000514d8279262057a0fe4fab6b6cf50487bd70cf974e62fd6aea82adb,a82adb,2,双,小
2026-08-11 13:50:36,85252140,000000000514d82cdf302b02017c6d995947f034a51c777048af6a1c6870119b,70119b,9,单,大
2026-08-11 13:50:56,85252145,000000000514d8315ae01d2d114ca262ffe5a30e3b196e8e2c1675e119d91087,d91087,7,单,大
2026-08-11 13:51:06,85252150,000000000514d8362a15cf8b6a07db1c48ba47e1de05e7a8d7449f8dce150df4,150df4,4,双,小
2026-08-11 13:51:26,85252155,000000000514d83b164f69b5ba84108547c78904416ef08eecb4011c7b93af39,93af39,9,单,大
2026-08-11 13:51:36,85252160,000000000514d840e07ef916621860cfa684671044cfd668866702c42f3ea78e,3ea78e,8,双,大
2026-08-11 13:51:56,85252165,000000000514d8455f7e05da3c6fe330f7e41942aa7fe2c18bd5206ea4df331b,df331b,1,单,小
2026-08-11 13:52:06,85252170,000000000514d84a72893f127858d331d7b83a4206356e4b3d3e948d36fe6b7c,fe6b7c,7,单,大
2026-08-11 13:52:26,85252175,000000000514d84f1ee551a446a9c9cb521e7170589bb26a064b182464a8bad7,a8bad7,7,单,大
2026-08-11 13:52:36,85252180,000000000514d854dbbf1f322b279f589d51037c4d30412b7562193a862072d0,2072d0,0,双,小
2026-08-11 13:52:56,85252185,000000000514d859d8d997766e857d281f0cdfcc6f5be0eb40e5b77adddcc352,dcc352,2,双,小
2026-08-11 13:53:06,85252190,000000000514d85ed73eea31e06e25b125ac93beac2cd30efbddafd9492c809c,2c809c,9,单,大
2026-08-11 13:53:27,85252195,000000000514d86338ec4be120540517eaf03b396a439472c18a708d5b7cc413,7cc413,3,单,小
2026-08-11 13:53:37,85252200,000000000514d8685ab1bcf5d012577f6589b8a5bee00444d8624f4c44a77e3a,a77e3a,3,单,小
2026-08-11 13:53:57,85252205,000000000514d86dd1c0772b494e641ce4c0bd3941b21c55381d0133cae5a948,e5a948,8,双,大
2026-08-11 13:54:06,85252210,000000000514d8721eebe2450d64573e3518c7039e5bdf5dd7eda5b8cb3472a7,3472a7,7,单,大
2026-08-11 13:54:26,85252215,000000000514d877899fa675786a978b610d53ecb09f9ec037bd74e19fdb01c0,db01c0,0,双,小
2026-08-11 13:54:36,85252220,000000000514d87c1df36a6bd5be2b337215335540c6e9a8a0671077a82d3482,2d3482,2,双,小
2026-08-11 13:54:56,85252225,000000000514d8813e2245f3a7a3f6c2f9c6379d5b0788ad7a9ded4868cabac6,cabac6,6,双,大
2026-08-11 13:55:06,85252230,000000000514d886126bb1ec2f1451d4fe4064c49e52b769000afd32e96244c6,6244c6,6,双,大
2026-08-11 13:55:26,85252235,000000000514d88be9ae14d4919af01a61c7dbb11f559b5bcb8c7d58da4ebe11,4ebe11,1,单,小
2026-08-11 13:55:36,85252240,000000000514d8901e88e8fe1ee933934a59858456b698827cb0ae85101f3e78,1f3e78,8,双,大
2026-08-11 13:55:56,85252245,000000000514d895afc868b4179d53ef9c9b566b18f037c3f59bd6212126419b,26419b,9,单,大
2026-08-11 13:56:06,85252250,000000000514d89a37fd9d96ecd8150c81dd15cd45c19aeb549c042ee99ecb8a,9ecb8a,8,双,大
2026-08-11 13:56:27,85252255,000000000514d89fd53f0982efbb11aa5213a5e61d692faca46b6e3b6e53d3a1,53d3a1,1,单,小
2026-08-11 13:56:38,85252260,000000000514d8a4247af63b6b9c6bc0154bf544740a3f385d364703b9e21bd6,e21bd6,6,双,大
2026-08-11 13:56:58,85252265,000000000514d8a9d39036066bdb37fd4a2b549ce412ad1d533e252b2d2a7c63,2a7c63,3,单,小
2026-08-11 13:57:08,85252270,000000000514d8ae6b6608e5af1e6472a58ce94d120c5ac4442799f53dc228f2,c228f2,2,双,小
2026-08-11 13:57:28,85252275,000000000514d8b343effef2a5e567a4c94b5b4857da5f320119f206e33ec99f,3ec99f,9,单,大
2026-08-11 13:57:38,85252280,000000000514d8b8918c66eeceaf0aee9e1299541604aca43757822a41651a67,651a67,7,单,大
2026-08-11 13:57:58,85252285,000000000514d8bdf184ce3bba6ef6c49136fc0db385178815de6f38e11b4d1b,1b4d1b,1,单,小
2026-08-11 13:58:08,85252290,000000000514d8c2089ae95dd7fb7c58af625d8239314506dfbd3b5bae1a113b,1a113b,3,单,小
2026-08-11 13:58:28,85252295,000000000514d8c78cf07b18827ab6717fa37b30d3cb252e8294b5a199d466eb,d466eb,6,双,大
2026-08-11 13:58:38,85252300,000000000514d8cc102750085082431197459f3053aa247d0c81ebfcf783c674,83c674,4,双,小
2026-08-11 13:58:58,85252305,000000000514d8d1ef004d67b1872593b8889e082943128d325001619ceb8180,eb8180,0,双,小
2026-08-11 13:59:08,85252310,000000000514d8d68b5caa23408273d72c9f845e97c829597ed65f392e67a4e1,67a4e1,1,单,小
2026-08-11 13:59:28,85252315,000000000514d8dbaf1dca629ded4181198b2aa8de56197e42b84204845b16ea,5b16ea,6,双,大
2026-08-11 13:59:38,85252320,000000000514d8e0fda03ceaadb2e85fa85cf88c5213293e2fe5a2062df7f83d,f7f83d,3,单,小
2026-08-11 13:59:58,85252325,000000000514d8e5dda28b6e329cbef35c883af6196bac20d8150641306b2584,6b2584,4,双,小
2026-08-11 14:00:08,85252330,000000000514d8ea3f12d41328d073777cb76eb912c33e82cb7e85e53409a7ca,09a7ca,7,单,大
2026-08-11 14:00:28,85252335,000000000514d8ef4070d4315534ead6002b6ee24ddcafa196527327ed333294,333294,4,双,小
2026-08-11 14:00:48,85252340,000000000514d8f49cb2af5c022e394e87e46c13f30f43d0de3d2071f565b616,65b616,6,双,大
2026-08-11 14:00:58,85252345,000000000514d8f92b68f52c3ffe223ca9deae52840ffa971e2754d7d1650356,650356,6,双,大
2026-08-11 14:01:14,85252350,000000000514d8feb5e50ee6baa560a4f1e89b733c67a0fbe5b4eba865f12d04,f12d04,4,双,小
2026-08-11 14:01:35,85252355,000000000514d903d6579f85077bb21d96f7ead4858931e1739eceb1184ac4c5,4ac4c5,5,单,大
2026-08-11 14:01:45,85252360,000000000514d908671f2294075b5ed3bd246ac3c410f133d1c67af2d4ae6c33,ae6c33,3,单,小
2026-08-11 14:02:05,85252365,000000000514d90de1ce979357d0da32e645261e6c36abfb3548edeb189f2daf,9f2daf,2,双,小
2026-08-11 14:02:15,85252370,000000000514d912d34000b34172f3174009d1250291de8d2bc7ce0f6b7dbaf3,7dbaf3,3,单,小
2026-08-11 14:02:25,85252375,000000000514d917685c2a369b2e9e5b2a1cb5d82f9f3d8f2b22ef32c29deead,9deead,9,单,大
2026-08-11 14:02:46,85252380,000000000514d91c444fdcf587f27689798812bbb51cbe5c16e04674335144dd,5144dd,4,双,小
2026-08-11 14:02:57,85252385,000000000514d9215731188cbe23d81c81d7ff167b79e20fdad3e03c544109d5,4109d5,5,单,大
2026-08-11 14:03:17,85252390,000000000514d926f558827732761cfda20dddc9d3ff6821c1b4b87f7d239960,239960,0,双,小
2026-08-11 14:03:28,85252395,000000000514d92bde9ad66e049ec69ffb4c5864d1861355645f035d3528abba,28abba,8,双,大
2026-08-11 14:03:48,85252400,000000000514d9306c5c8db2afe577c381e5796eeb44e2ea1a7e5c0d18ed6006,ed6006,6,双,大
2026-08-11 14:03:59,85252405,000000000514d935cf41f7c8e919c49541a3951c96d2dda518bd50f55b286e34,286e34,4,双,小
2026-08-11 14:04:20,85252410,000000000514d93a60362c9c0e18192caa15c34458424d92758c9638c38c1529,8c1529,9,单,大
2026-08-11 14:04:30,85252415,000000000514d93f7ea886f16405656a468f4f68590cefa31f44ba858234a131,34a131,1,单,小
2026-08-11 14:04:50,85252420,000000000514d944b6f5d3de930c17d7aaf13101ca39b092df95709fc2bd5e52,bd5e52,2,双,小
2026-08-11 14:05:00,85252425,000000000514d949749d253f52a966cfd0d156ff7ac83f96ebec6bb5ddc12af7,c12af7,7,单,大
2026-08-11 14:05:20,85252430,000000000514d94e202e9f4b972ff53ba9e9f9b82ced1d3a73fe315a9d5db803,5db803,3,单,小
2026-08-11 14:05:31,85252435,000000000514d953b074569003385ae0281b6a5373a9d0e5f2862d3cffe61c4a,e61c4a,4,双,小
2026-08-11 14:05:41,85252440,000000000514d958b64cc58601d96f4556d7beb52a3af2904a08c721f53c334c,3c334c,4,双,小
2026-08-11 14:06:01,85252445,000000000514d95d0a916e502dd473a5ab14974c827c5367b9e4264daf2584d2,2584d2,2,双,小
2026-08-11 14:06:21,85252450,000000000514d96231420a073b57d4c807483d33c08f6589ba79c2ca7b2c8443,2c8443,3,单,小
2026-08-11 14:06:32,85252455,000000000514d967c1988bdee36c55165d6e878dece231271623a5879c6d7493,6d7493,3,单,小
2026-08-11 14:06:42,85252460,000000000514d96c64f1f6ede39ba176b4020b7dfc9b7773aab3d2ebf1559886,559886,6,双,大
2026-08-11 14:07:03,85252465,000000000514d971d18167f9db6e6284f5e34a11ddd7d1185404f0b5b3c19b5b,c19b5b,5,单,大
2026-08-11 14:07:14,85252470,000000000514d9760422c32f5be896c64d954080d5b0f84ff5d7dc1fbc29a28f,29a28f,8,双,大
2026-08-11 14:07:34,85252475,000000000514d97bcfbadd1c5e89d793c0f9e2a70f70c64479301fdd2f190c6a,190c6a,6,双,大
2026-08-11 14:07:45,85252480,000000000514d980a288330f1099bdd5b6eaa08577d30c11b30042bc32d38fe8,d38fe8,8,双,大
2026-08-11 14:08:05,85252485,000000000514d985d49754d3bbffc7cca580069577cc82b2d7ae730869c61c83,c61c83,3,单,小
2026-08-11 14:08:16,85252490,000000000514d98a845ab6929c3e14675ca7a2ac71a14c5cc36a3a9cf4d23a76,d23a76,6,双,大
2026-08-11 14:08:26,85252495,000000000514d98f23fb0caa7ab8cf2535d20c4feb2002169ce7bc514831fc1f,31fc1f,1,单,小
2026-08-11 14:08:46,85252500,000000000514d994aa8a4f4cb3c28c117ffd0253b1c7f4e92492286e9f6aa94f,6aa94f,4,双,小
2026-08-11 14:09:06,85252505,000000000514d9998a06d5b439472899a74520145091189b6a10cc6e345d6b40,5d6b40,0,双,小
2026-08-11 14:09:17,85252510,000000000514d99e1f18dd1f7f743106e929e30393e57942dde68c8c8b8e3e83,8e3e83,3,单,小
2026-08-11 14:09:27,85252515,000000000514d9a39218663bbe86c530ed9064102a8a658d5038977f6cf6c540,f6c540,0,双,小
2026-08-11 14:09:47,85252520,000000000514d9a81d0946ed0a063b21a083e8a84c6ba1b9683d03f96e086258,086258,8,双,大
2026-08-11 14:10:07,85252525,000000000514d9ad76edba4da381a9fb7909507296f4ce17ccb9bdafd866d2b3,66d2b3,3,单,小
2026-08-11 14:10:17,85252530,000000000514d9b20905c20138674f0b299cbf10e0e5a26f001d36852b6fe488,6fe488,8,双,大
2026-08-11 14:10:28,85252535,000000000514d9b7cf822f01143862f065a9f03f5861941dd10a1f79f2478e8a,478e8a,8,双,大
2026-08-11 14:10:48,85252540,000000000514d9bc3531822c79254af94379c28e2811d2b526b613c5528bba7c,8bba7c,7,单,大
2026-08-11 14:10:59,85252545,000000000514d9c15870cb71ee5e98a4bda60ab51cdda3d80844fc739e020a41,020a41,1,单,小
2026-08-11 14:11:19,85252550,000000000514d9c6cdf903efc697e11f8c9a3f27feed6df5181f19da91f0f773,f0f773,3,单,小
2026-08-11 14:11:29,85252555,000000000514d9cb3d8bfa86309b7fa857892f0d7756d1b353fb6df25e32933c,32933c,3,单,小
2026-08-11 14:11:49,85252560,000000000514d9d03f77b7a0f719d046fc4260c66b4059ac6ca9da6518e00021,e00021,1,单,小
2026-08-11 14:11:59,85252565,000000000514d9d5e9035cd9f1136a72dbf5abf7d570a48781663c0acb9f2a61,9f2a61,1,单,小
2026-08-11 14:12:20,85252570,000000000514d9da584cdfe0c80ad6f4deb0765e4b0e6ed1cca01deba69dc1bb,9dc1bb,1,单,小
2026-08-11 14:12:30,85252575,000000000514d9df47de0c91792a19b823289f51acacfa35314fbe4ce855161f,55161f,1,单,小
2026-08-11 14:12:40,85252580,000000000514d9e43c0fffce0f14ff4faf2e53019e8497f4beb1cfa20ee63b6f,e63b6f,6,双,大
2026-08-11 14:13:01,85252585,000000000514d9e9e8605bf3006766499ba24e2322db1552838c8fa0e5839125,839125,5,单,大
2026-08-11 14:13:12,85252590,000000000514d9eecf830c2d67711a1f50a376c84e775611e834612c54760caa,760caa,0,双,小
2026-08-11 14:13:32,85252595,000000000514d9f3079c59a2e1f4512ebfbe153cfc6825b7d1d45ffd0d2199d5,2199d5,5,单,大
2026-08-11 14:13:42,85252600,000000000514d9f879e9333fd33f4c93c4bd150075f1fe35b4e9c090f18e8a24,8e8a24,4,双,小
2026-08-11 14:14:03,85252605,000000000514d9fdec59e9e6d55e8783defffb3f209ce81f00f35e7c73199ae9,199ae9,9,单,大
2026-08-11 14:14:13,85252610,000000000514da02ac027a0ce7bd6d141168f80b6da1ae6c3fa66bb1a563bc0d,63bc0d,0,双,小
2026-08-11 14:14:32,85252615,000000000514da07bfbef0c04e0d72a594116fe97768a9225e993854341f7954,1f7954,4,双,小
2026-08-11 14:14:42,85252620,000000000514da0cd88d131531bc995a24da73c97d971b0aadb7cf6c24a35774,a35774,4,双,小
2026-08-11 14:15:02,85252625,000000000514da1178af0d4ae0ad6209419cc9fbd7b16c3153dbbafa10396662,396662,2,双,小
2026-08-11 14:15:12,85252630,000000000514da1672c834ddd0bc35cc7a1f68c8b2d6dfcab31a1749d34748cd,4748cd,8,双,大
2026-08-11 14:15:32,85252635,000000000514da1be71e40d0056098f7eb0ded84076c8f1aa5dce647f87cc307,7cc307,7,单,大
2026-08-11 14:15:42,85252640,000000000514da20038dd20589fc32def8b2f402fc4c326acbc71e96c2d804e6,d804e6,6,双,大
2026-08-11 14:16:02,85252645,000000000514da256fa892fff9f7262565da7c09e526a6df0ceb0b8cc57ba23e,7ba23e,3,单,小
2026-08-11 14:16:13,85252650,000000000514da2a15ce1facbabf0fc637a278938488b68e8c8bd3225788a3a6,88a3a6,6,双,大
2026-08-11 14:16:34,85252655,000000000514da2faa5bacea65ad77b115659ced707801154fc98d3b8b92f019,92f019,9,单,大
2026-08-11 14:16:44,85252660,000000000514da34ea81447f72997780ebc65f2f8e13cf5c7eacfec29e1de559,1de559,9,单,大
2026-08-11 14:17:05,85252665,000000000514da39223962ab893219ef58e594824e0a7546474126d8a1b72da6,b72da6,6,双,大
2026-08-11 14:17:15,85252670,000000000514da3e596dc6ed3f1d11403e1397c75791928247b1ca931978d864,78d864,4,双,小
2026-08-11 14:17:25,85252675,000000000514da438bca670a2d5aee48eff4846e523995dab5695513bbc1fdae,c1fdae,1,单,小
2026-08-11 14:17:45,85252680,000000000514da486a762935ee1d25f1730c970bc9c347264b530b7fd2cb8a61,cb8a61,1,单,小
2026-08-11 14:17:55,85252685,000000000514da4dfcccf6b3e7de63f0d25b64680e8f49ad6949c32f425b12d7,5b12d7,7,单,大
2026-08-11 14:18:15,85252690,000000000514da52c3ac690037270968d12097b8a64bed61f41c7e5f9435de64,35de64,4,双,小
2026-08-11 14:18:35,85252695,000000000514da57f2c2a6f8f762d089e39e56836b1d26f823c3c92f25944263,944263,3,单,小
2026-08-11 14:18:45,85252700,000000000514da5cdfe53d5e9f64b49a7e38b3017cea8e7645b7392a60c5cda8,c5cda8,8,双,大
2026-08-11 14:19:05,85252705,000000000514da619c4f0118aed559e202e08259c0ece0f4cc2c170d8a34bdb5,34bdb5,5,单,大
2026-08-11 14:19:15,85252710,000000000514da6675dac89961678a28afb6c572cdad809d9bacb271c4c65546,c65546,6,双,大
2026-08-11 14:19:35,85252715,000000000514da6be8b3a328657a1fea64c3ee72282fab011d1e88acdf95daf8,95daf8,8,双,大
2026-08-11 14:19:45,85252720,000000000514da7005047d354135ff50e9076b06b427349b23e752a96802ada4,02ada4,4,双,小
2026-08-11 14:20:06,85252725,000000000514da75f5d250f678f773b01aba891f9746315bdf850f4e2334cd89,34cd89,9,单,大
2026-08-11 14:20:16,85252730,000000000514da7abbf734963a9f54fc3868dbf150c130b99cddc0195ed5aad9,d5aad9,9,单,大
2026-08-11 14:20:26,85252735,000000000514da7ff103c44ff467fff6f84e6ce60b795309be9762573c01c2f8,01c2f8,8,双,大
2026-08-11 14:20:47,85252740,000000000514da84dc424db10435adc0dece5cd9a11db9d11f9828bf40ee0f02,ee0f02,2,双,小
2026-08-11 14:20:57,85252745,000000000514da8971ba9971a2d8f08d4ecb58ce1c50f9166b7fdca4fb431687,431687,7,单,大
2026-08-11 14:21:17,85252750,000000000514da8e4ebebfde2083fd1167eac1587fd9630bac6d57b7e8b230ad,b230ad,0,双,小
2026-08-11 14:21:28,85252755,000000000514da93bd13f32dee3db91bf5c6d8467986a88452547b9e8faba219,aba219,9,单,大
2026-08-11 14:21:48,85252760,000000000514da980214f6eebd834b46d0b88cf39508ad4de2eef8dd6364fbc8,64fbc8,8,双,大
2026-08-11 14:21:58,85252765,000000000514da9d1baa94e9f5cbb7576ced482da0c5debba118f1732a17009b,17009b,9,单,大
2026-08-11 14:22:18,85252770,000000000514daa2d1301b57b83b05a1ae0f0244ea41c1e368141bd3cea31d79,a31d79,9,单,大
2026-08-11 14:22:28,85252775,000000000514daa73ab0c3ccbadce37319bb607fc85fc5cfc8a4dac25d8927d7,8927d7,7,单,大
2026-08-11 14:22:49,85252780,000000000514daac4181fdfa3d0cadc6eb58946a16a89ccd859c77a35de15927,e15927,7,单,大
2026-08-11 14:22:59,85252785,000000000514dab13677edbb66e14d80c66c5dc948eb1f6c034def6e1d770b4b,770b4b,4,双,小
2026-08-11 14:23:20,85252790,000000000514dab60417c249886b802ddbca2a28936b0f640568a6ced5bc8023,bc8023,3,单,小
2026-08-11 14:23:30,85252795,000000000514dabb52b663e81dad1ec552bed364baf26d70b6653ed6be554911,554911,1,单,小
2026-08-11 14:23:50,85252800,000000000514dac0feb288809bef539de26460de3924b6d2cd45b33dc0ee1e00,ee1e00,0,双,小
2026-08-11 14:24:00,85252805,000000000514dac562d519bb3e208648377ee99accd07aa5e234e69ee91aaaff,1aaaff,1,单,小
2026-08-11 14:24:11,85252810,000000000514dacaa405cc479c2102198a945c20a1bcf792a76ce9865196324b,96324b,4,双,小
2026-08-11 14:24:30,85252815,000000000514dacfb4dc8ae68d3f9cbdeea4e73ca959985e908c3746bf23a4ca,23a4ca,4,双,小
2026-08-11 14:24:40,85252820,000000000514dad4003853f4227720087970b211012ad563346139e45aa7a2fa,a7a2fa,2,双,小
2026-08-11 14:25:01,85252825,000000000514dad9ea9e68e5fd45ce77da18d504d7d890fc7bba4325d9b6fcd3,b6fcd3,3,单,小
2026-08-11 14:25:11,85252830,000000000514dadef7a44355a2901dd510474ea7dfc02d9880869cf6d58e71fe,8e71fe,1,单,小
2026-08-11 14:25:31,85252835,000000000514dae3d8cc5fc40be4c57a87f66aa0f4796b4faf22dd01523b5136,3b5136,6,双,大
2026-08-11 14:25:41,85252840,000000000514dae8de78f51600114114531eaa40c3a6a8040e7bc551bc5f6311,5f6311,1,单,小
2026-08-11 14:26:01,85252845,000000000514daed26069100dac7fba164cac5a957fe347f86bdc50a52a8add9,a8add9,9,单,大
2026-08-11 14:26:11,85252850,000000000514daf2f01f6c914dbc3b5ed5a9241ef3891b48f194d374fb19f1fe,19f1fe,1,单,小
2026-08-11 14:26:33,85252855,000000000514daf73a7a47789dd71734ed7738b0de6c79d76be6808aab822f13,822f13,3,单,小
2026-08-11 14:26:43,85252860,000000000514dafcdfeb023216497e5938e1036536b2f5c1d70e39afe703fc12,03fc12,2,双,小
2026-08-11 14:27:03,85252865,000000000514db017227e0880a56dab96717cd99b49a1f491b998093218da0cf,8da0cf,0,双,小
2026-08-11 14:27:13,85252870,000000000514db06a1b01aec0dd53df37a30e52326066cd09eb80d2c40e530c0,e530c0,0,双,小
2026-08-11 14:27:33,85252875,000000000514db0bacd8f73b1c50fe3aeec49da8709fb8a65321d504b3866b3c,866b3c,3,单,小
2026-08-11 14:27:43,85252880,000000000514db1089215d3e274726261398345138d2853d45d660d88a59469d,59469d,9,单,大
2026-08-11 14:28:03,85252885,000000000514db15f113783d89d311265273d87b96cd7509843772fd7beed967,eed967,7,单,大
2026-08-11 14:28:13,85252890,000000000514db1a3a08b2366473d3dac2be014568c6dafcb314ef5453bcfc94,bcfc94,4,双,小
2026-08-11 14:28:33,85252895,000000000514db1fd37fb95eaaa0bfb0fe064effcd28a8be6c46201aad9c499b,9c499b,9,单,大
2026-08-11 14:28:43,85252900,000000000514db24e8d1460ce5058b92aa0cd0819d30c42ed58f58ffac3fbacb,3fbacb,3,单,小
2026-08-11 14:29:03,85252905,000000000514db29dc73063674bd3746f8c6e4262d06e3f970708b7fa95b1a57,5b1a57,7,单,大
2026-08-11 14:29:13,85252910,000000000514db2ebe6e2a03bcd2bcc1078c4688926dccf88410fed6ee91cf5b,91cf5b,5,单,大
2026-08-11 14:29:34,85252915,000000000514db33934b6a5a82c6703f6549db341e8d468fc8ddc806b479458c,79458c,8,双,大
2026-08-11 14:29:44,85252920,000000000514db3886d667e9750cecf71ed4da12e0e961b3a5c5da7a04702602,702602,2,双,小
2026-08-11 14:30:08,85252925,000000000514db3dbff0aa2246cc6d509fa03701683d7735f7a869263a224c00,224c00,0,双,小
2026-08-11 14:30:18,85252930,000000000514db42353c0c7fe0e802e074d56b21d7e1db52fd282d69b25df20d,5df20d,0,双,小
2026-08-11 14:30:28,85252935,000000000514db47fb067ae90c8efa008263d7ecebf479f158b30431157f2d87,7f2d87,7,单,大
2026-08-11 14:30:48,85252940,000000000514db4c19f10b80f81fa3a5ac0b8385766306364f8b84f762d61ed6,d61ed6,6,双,大
2026-08-11 14:30:59,85252945,000000000514db518120d3c110cfcb64cddca34ecb4f413286185a5c676fb86b,6fb86b,6,双,大
2026-08-11 14:31:19,85252950,000000000514db56392fe69718b41e1e4bdcf5a96056323460c05c03bdf6cc9d,f6cc9d,9,单,大
2026-08-11 14:31:30,85252955,000000000514db5b8349bdfe7aa9a3756b9903603c0847cb5ae83bfbb57c9f00,7c9f00,0,双,小
2026-08-11 14:31:40,85252960,000000000514db60e8d0b6a2b112b7ff73d677848db082b57312aebf1d59efc0,59efc0,0,双,小
2026-08-11 14:32:01,85252965,000000000514db65ebbd96f93861b77d7069b77962d46de60ae9214c02b9b81f,b9b81f,1,单,小
2026-08-11 14:32:11,85252970,000000000514db6a0212288baa194adcd6efc37192c5bc86e6cd3cf36477ff21,77ff21,1,单,小
2026-08-11 14:32:32,85252975,000000000514db6f4d15c0b31170a46d05687736fb1d6fe4cb3508e9004331a0,4331a0,0,双,小
2026-08-11 14:32:42,85252980,000000000514db74bf8fdc12d8d4b8786bbde42d80e87297a02f35aad815edf6,15edf6,6,双,大
2026-08-11 14:33:03,85252985,000000000514db797a80c3808dac55859417c4b9c97451f126e68e686550b37a,50b37a,7,单,大
2026-08-11 14:33:14,85252990,000000000514db7e0dd16446eb60f7ca3ffae3985e1a6072ca293ffb52ed087b,ed087b,7,单,大
2026-08-11 14:33:35,85252995,000000000514db83e2449d201e8c06b135e1b3e6bef7af6650d9fd00e0cbf853,cbf853,3,单,小
2026-08-11 14:33:45,85253000,000000000514db88b9e0dd80948567f454bb43a1f0da601a6773100b74badbab,badbab,4,双,小
2026-08-11 14:33:56,85253005,000000000514db8d80035e2fdb3a0537615f8295d71252d2f1c39d67f6b64d0e,b64d0e,0,双,小
2026-08-11 14:34:16,85253010,000000000514db9273dcae55f0db211669e008d74b3793937abc740e2b050479,050479,9,单,大
2026-08-11 14:34:37,85253015,000000000514db9759afd93e989578803b04c3ce556d257bb1cc6f7fb0c8b726,c8b726,6,双,大
2026-08-11 14:34:48,85253020,000000000514db9cb6954659096128c1742322832480c669fe2eea58895f4107,5f4107,7,单,大
2026-08-11 14:34:58,85253025,000000000514dba1ec004306eaf0b52718062e5a5389b7dbfbca409967b9896c,b9896c,6,双,大
2026-08-11 14:35:18,85253030,000000000514dba6e501d2b2954587564a656125f24f126f414d75c14491c102,91c102,2,双,小
2026-08-11 14:35:28,85253035,000000000514dbab2bb8d75e4575cec10e04d8d7c8fd227d1c6c0b8abb513e76,513e76,6,双,大
2026-08-11 14:35:49,85253040,000000000514dbb0fdec01156ca916efcb13ba03331e7e8c4544bbd2936bbf72,6bbf72,2,双,小
2026-08-11 14:35:59,85253045,000000000514dbb5c498c05e5fb1e82536ad0c111cfa9c4048a1e262a0839dd3,839dd3,3,单,小
2026-08-11 14:36:20,85253050,000000000514dbbaa3c5c6fed3e22826a4f90054c32bb047db89e024a14a835c,4a835c,5,单,大
2026-08-11 14:36:31,85253055,000000000514dbbf9d8df0bcf9838d8e360256505c7f867b2155d2e249b90196,b90196,6,双,大
2026-08-11 14:36:42,85253060,000000000514dbc4e260fa21444de73b1406db1cb797ec22e12b209916cc7d8d,cc7d8d,8,双,大
2026-08-11 14:37:03,85253065,000000000514dbc90bacbf1cc1792a4a1db939e46530cde97b584458423a8423,3a8423,3,单,小
2026-08-11 14:37:13,85253070,000000000514dbcef971f3501f2c3d406925e48b21f9e1621da5e7d7463eaa77,3eaa77,7,单,大
2026-08-11 14:37:34,85253075,000000000514dbd37c686063e1ae6f77ca0ea729509584a24ffa01d1dff51499,f51499,9,单,大
2026-08-11 14:37:45,85253080,000000000514dbd86a3bad52005383439ab2c95cf2de5ecc5212b42637476944,476944,4,双,小
2026-08-11 14:38:05,85253085,000000000514dbdda15e568588a85a23aba9cceacb13b90fc1c24d073ebe44cf,be44cf,4,双,小
2026-08-11 14:38:16,85253090,000000000514dbe28691a61f86461bc948d9ea037eaa6fbf89dc32f8195a86b6,5a86b6,6,双,大
2026-08-11 14:38:26,85253095,000000000514dbe71495597397a23111284ba6bf2b1277d1fc7f9a5ad14141af,4141af,1,单,小
2026-08-11 14:38:47,85253100,000000000514dbec38c7c74ba6413966d65bdccb8938e57f31a94435e5ae0a96,ae0a96,6,双,大
2026-08-11 14:38:58,85253105,000000000514dbf1d7caceb94b02de86d3fee0f611d7ae9c3230b3fd7872cc31,72cc31,1,单,小
2026-08-11 14:39:19,85253110,000000000514dbf68f76af922f360badfeb94a243affc254b3545aba13de6d66,de6d66,6,双,大
2026-08-11 14:39:29,85253115,000000000514dbfbb408af97960a757f5cd24c1193fbe0e0a17d26729a18747b,18747b,7,单,大
2026-08-11 14:39:50,85253120,000000000514dc0064d4ef5a87913c5a5288d6c475b9e3fc5a23a0825e986993,986993,3,单,小
2026-08-11 14:40:00,85253125,000000000514dc0566a3c14d0f7e46b4e56a2a7a9518ef73929d252a6339edca,39edca,9,单,大
2026-08-11 14:40:21,85253130,000000000514dc0a1812d0680ab97d6e0624009eb947248db7248e0800b19e26,b19e26,6,双,大
2026-08-11 14:40:32,85253135,000000000514dc0fe38d29be9ecb82013402285e3656791d3cd53df17f071f24,071f24,4,双,小
2026-08-11 14:40:42,85253140,000000000514dc14fbcc783575886c5f61f6eb2acc8cb13fcb33c8882aeb09ad,eb09ad,9,单,大
2026-08-11 14:41:02,85253145,000000000514dc193476a69f8aa28c8c8a928e98c0685caa14abd929a45a9af1,5a9af1,1,单,小
2026-08-11 14:41:12,85253150,000000000514dc1ef8eb886fd980a0c7db0a779e4cbf39759dae56eed91f1c03,1f1c03,3,单,小
2026-08-11 14:41:32,85253155,000000000514dc234082a0a2ebbdebfbd0150c691ea2589dceefeb2295583f11,583f11,1,单,小
2026-08-11 14:41:42,85253160,000000000514dc28c30e8ae162f13beb5e405c78dc086d69033c41800be64221,e64221,1,单,小
2026-08-11 14:42:02,85253165,000000000514dc2d410de1f1ef4d1005e07d3e68b5bfec8f5f39319e5f2743f0,2743f0,0,双,小
2026-08-11 14:42:13,85253170,000000000514dc320253a4b44c5f68368f768122e07c49dc6c7561baffbf37b5,bf37b5,5,单,大
2026-08-11 14:42:33,85253175,000000000514dc375d9e85e0b0095e9080e1f75bf3c745ae83071b8596a735fa,a735fa,5,单,大
2026-08-11 14:42:44,85253180,000000000514dc3c0b8e57a548d3516d8c902f5d920c88314b98cf433e071c08,071c08,8,双,大
2026-08-11 14:43:04,85253185,000000000514dc41c1d761e9d9b58c013b9d7aba53f55b1534f7d49d641617d6,1617d6,6,双,大
2026-08-11 14:43:15,85253190,000000000514dc467ea15d7f89e33fe96bf71cdbffce644fbd897898cc9e9822,9e9822,2,双,小
2026-08-11 14:43:35,85253195,000000000514dc4b54d3dc3535c0802c69ee1cde28910e9e305b553182f14a40,f14a40,0,双,小
2026-08-11 14:43:45,85253200,000000000514dc50131509a45060e782603e326ac4ef43044370cd1d70a41f76,a41f76,6,双,大
2026-08-11 14:44:05,85253205,000000000514dc559425a0a5d834094d73522f09dd38a22b1ffcb7862677ed75,77ed75,5,单,大
2026-08-11 14:44:15,85253210,000000000514dc5a7479aed0423c510fcf0666b4583e59ee7b4725ee6053b02c,53b02c,2,双,小
2026-08-11 14:44:35,85253215,000000000514dc5f4583d6fad0f9660f2eb519330865bdaafac91d0e7a8a7c05,8a7c05,5,单,大
2026-08-11 14:44:45,85253220,000000000514dc64ca1637bef96c2ef31ef0d788356ce253e925fe291cb25d18,b25d18,8,双,大
2026-08-11 14:45:05,85253225,000000000514dc6927414566b17fc90b5ab6578e4fe810a62503efb97d56156a,56156a,6,双,大
2026-08-11 14:45:15,85253230,000000000514dc6ec4a71c2e9b5176fd86ff0e54e2d15a7f0da8cc746d5a02bc,5a02bc,2,双,小
2026-08-11 14:45:35,85253235,000000000514dc73b5e5d8fe93fa153d5818610f16ffcd8e09b0dc0708aecea9,aecea9,9,单,大
2026-08-11 14:45:45,85253240,000000000514dc785bba959024c284b84245d0748ec0a3dec2d069cae8999dba,999dba,9,单,大
2026-08-11 14:46:07,85253245,000000000514dc7d9e3a0425fffa01761a843b7a2d036518ed48cfd1900ed072,0ed072,2,双,小
2026-08-11 14:46:17,85253250,000000000514dc82d17b03d4f22fa89902582f05cfcfb08c4d7bbc0e4915c0a3,15c0a3,3,单,小
2026-08-11 14:46:28,85253255,000000000514dc8714fcc2d7a5ad7d22811c99398105bc0625ff3ea1737fcf01,7fcf01,1,单,小
2026-08-11 14:46:49,85253260,000000000514dc8c8813558a1319c31abc2effc6b7132c8061cf3b1fb2b2e0ce,b2e0ce,0,双,小
2026-08-11 14:46:58,85253265,000000000514dc9135c0048ba2fc4f1151192cd1c054951ef42ca85e53a41266,a41266,6,双,大
2026-08-11 14:47:19,85253270,000000000514dc9651a836744dd9021ae3ea5c97f7ee3dd29bd1a7d988e9f748,e9f748,8,双,大
2026-08-11 14:47:29,85253275,000000000514dc9b72a850e26c4b95d440d37263e60b398792e5e41c4a3fd51d,3fd51d,1,单,小
2026-08-11 14:47:50,85253280,000000000514dca0cca890b7787e32c3956e05f51ab799e12560003415cdb87f,cdb87f,7,单,大
2026-08-11 14:48:00,85253285,000000000514dca50fbf11299bbca20580e98c3e1f08f6722aca7b6d8e58f141,58f141,1,单,小
2026-08-11 14:48:20,85253290,000000000514dcaa444c40b43a3aa362404135dba1aae66a92e39b3793e46eff,e46eff,6,双,大
2026-08-11 14:48:30,85253295,000000000514dcafcb9888837195645498d85b2e8b11ffb8b464b47f520e5704,0e5704,4,双,小
2026-08-11 14:48:51,85253300,000000000514dcb45535522198ced34009e915f350593922da585f76a88f6715,8f6715,5,单,大
2026-08-11 14:49:02,85253305,000000000514dcb950db7b0f2dd2c6091d299dd609db1e0d076e2414437cfaa6,7cfaa6,6,双,大
2026-08-11 14:49:12,85253310,000000000514dcbe8477456f1b678ebdcfd946df28c4fa8a704515586875ef22,75ef22,2,双,小
2026-08-11 14:49:32,85253315,000000000514dcc31ad96b9a9ac83caf795a804f73c9258fa7855d858faebcd3,aebcd3,3,单,小
2026-08-11 14:49:42,85253320,000000000514dcc800470cce81151d7967f9dc163d192781acd6d128ffc6a49a,c6a49a,9,单,大
2026-08-11 14:50:02,85253325,000000000514dccd56be473cd20bc23f8a282c444daa3636eb08e5d3ecfb5652,fb5652,2,双,小
2026-08-11 14:50:12,85253330,000000000514dcd29ad33269d84ebc2dcb86a2b06207bed8ce92b3ec7b792d62,792d62,2,双,小
2026-08-11 14:50:33,85253335,000000000514dcd70c125a29558596847f98ddcf5b60983eac98c2434665e9a7,65e9a7,7,单,大
2026-08-11 14:50:42,85253340,000000000514dcdc31f3c27ddb8ce41ce0d0edc6c320a132c78ecadb8766b296,66b296,6,双,大
2026-08-11 14:51:02,85253345,000000000514dce140a9ebc8d24fb998cd6382aa5dae0b7eaf121880155f3f94,5f3f94,4,双,小
2026-08-11 14:51:12,85253350,000000000514dce69392bc949794b06082a84b535e94c212646ba59a05a466f1,a466f1,1,单,小
2026-08-11 14:51:32,85253355,000000000514dceb1dbe5ee6edb25804022b7978b383dbaca7b422393fc68cd9,c68cd9,9,单,大
2026-08-11 14:51:42,85253360,000000000514dcf0c8c6f5a7c94e275eac4599b73eab2ae25c88a89147b50c9c,b50c9c,9,单,大
2026-08-11 14:52:02,85253365,000000000514dcf5cfad4f5f07c426f7c46d40d66c88961cbf20bc08532081aa,2081aa,1,单,小
2026-08-11 14:52:22,85253370,000000000514dcfad2e3a3b17cb43abcd9a86980000239c4625c3f81fb40b087,40b087,7,单,大
2026-08-11 14:52:33,85253375,000000000514dcff6e46284b2a29eade5d3db12d36f9ebde236afce8642794a1,2794a1,1,单,小
2026-08-11 14:52:43,85253380,000000000514dd04ad139239aae6dda4eb9102df661b1515560033ff1fe1eb39,e1eb39,9,单,大
2026-08-11 14:53:04,85253385,000000000514dd09d24152a16df92d9dcb3074ed582f2900dc078a8f07cc8c09,cc8c09,9,单,大
2026-08-11 14:53:15,85253390,000000000514dd0eb63ea3c92ab3797704a6d33f3131b9fd3f9417a66ce96061,e96061,1,单,小
2026-08-11 14:53:26,85253395,000000000514dd13ebd30586a8d3f11dfb5cc703fe8efdf757caf31ba9fd8b51,fd8b51,1,单,小
2026-08-11 14:53:47,85253400,000000000514dd18320c49a0a342f997723a0ca163e8e590c2fd9e69e7844f94,844f94,4,双,小
2026-08-11 14:53:57,85253405,000000000514dd1da8d5ac0df25d0c7f6882ff687a2c59c89b2d642bdc54a1f0,54a1f0,0,双,小
2026-08-11 14:54:18,85253410,000000000514dd2210df5f89e25dab2e4d273347ba5fa164fce281ffdd29e365,29e365,5,单,大
2026-08-11 14:54:28,85253415,000000000514dd27d843c54be3428295f86f4541bb986d2099cf52808d856897,856897,7,单,大
2026-08-11 14:54:49,85253420,000000000514dd2cf11e077242f6fb046bc261eb45a1dfe3b3f16a126ac0eb40,c0eb40,0,双,小
2026-08-11 14:54:59,85253425,000000000514dd315cbe6bd9ebe4f1517cf3fe79fce96af94a2f1b0fd5b6694a,b6694a,4,双,小
2026-08-11 14:55:20,85253430,000000000514dd36391df0d48e422f49653421e2b14fd6a6967efe77d0fb2da5,fb2da5,5,单,大
2026-08-11 14:55:30,85253435,000000000514dd3bd71fe05912bd1c3d21bbb82e25f2ab5fa526b19753a45daf,a45daf,5,单,大
2026-08-11 14:55:40,85253440,000000000514dd404fd345a87732ba43679afc6a65bc7c69fd9b0ac42caef931,aef931,1,单,小
2026-08-11 14:56:00,85253445,000000000514dd45c6f916938f4ff114ae5db69bcfaa120b74e355a4e68d2326,8d2326,6,双,大
2026-08-11 14:56:20,85253450,000000000514dd4a0eade2edbf4dcde1a68f6adcbe004469b85d479371f4d323,f4d323,3,单,小
2026-08-11 14:56:31,85253455,000000000514dd4f4318ca6e4bc75b3dfa2fa6fc3aeebf426cc162c2971d022d,1d022d,2,双,小
2026-08-11 14:56:51,85253460,000000000514dd541a8c536248cb706e880e0d846856330cb64c1bf6bda4b046,a4b046,6,双,大
2026-08-11 14:57:01,85253465,000000000514dd598d6f59806a42b9d89b3b19f543bd9198ffe761044070b843,70b843,3,单,小
2026-08-11 14:57:11,85253470,000000000514dd5efe28dce433e99626f6419e86627d841567172d08340bf6c4,0bf6c4,4,双,小
2026-08-11 14:57:31,85253475,000000000514dd63e28c544897866570c18cb5377d4260a885308eb06c4667b5,4667b5,5,单,大
2026-08-11 14:57:51,85253480,000000000514dd6859f62e68fd96e6838108edc39df6e18092b3869d893e95f2,3e95f2,2,双,小
2026-08-11 14:58:01,85253485,000000000514dd6d360d8766e49bbf5b6ed4264185e202158cf7ae75ac5a8dd5,5a8dd5,5,单,大
2026-08-11 14:58:11,85253490,000000000514dd725a9e3ec69d2816dad8277bbd6e10735141c525206f8fc06c,8fc06c,6,双,大
2026-08-11 14:58:32,85253495,000000000514dd7789a367b8cbbf1ee0ad28cd8e597cc8fb9dacfefd83c9024e,c9024e,4,双,小
2026-08-11 14:58:42,85253500,000000000514dd7c12318429ba006820745c1f6b9a9a640add2cccb142ddb3de,ddb3de,3,单,小
2026-08-11 14:59:01,85253505,000000000514dd81b39c83d6a22165cdbd59777dafff3647797669d1f593c5e8,93c5e8,8,双,大
2026-08-11 14:59:11,85253510,000000000514dd8603c3200f3ead47d18d52cb165c21f1de1b5141054aa6c175,a6c175,5,单,大
2026-08-11 14:59:32,85253515,000000000514dd8ba6cbd8918dda2d0e299c8f84b79fad11be654825bcfc39c2,fc39c2,2,双,小
2026-08-11 14:59:42,85253520,000000000514dd90596bd0aa9c1ab4fa672c1add94be151ab2585bcc068d2b10,8d2b10,0,双,小
2026-08-11 15:00:05,85253525,000000000514dd95cc3017181a6f01a212a33bcd34409c09f8274cc1c39c91c2,9c91c2,2,双,小
2026-08-11 15:00:16,85253530,000000000514dd9a7563ac15459e893d51e4a9a26fcea2412c5c2090f432530c,32530c,0,双,小
2026-08-11 15:00:37,85253535,000000000514dd9fb3bd041050464bf238ee8363534eb78b6a396a51962461ae,2461ae,1,单,小
2026-08-11 15:00:52,85253540,000000000514dda40b90940cbab7fa6ab939d3f8b6065bf4323447d610937f0d,937f0d,0,双,小
2026-08-11 15:01:03,85253545,000000000514dda978306278a33717790df1ecd2f96b7afa84e88db949298774,298774,4,双,小
2026-08-11 15:01:13,85253550,000000000514ddaedeadd073f1e7f1b6b6643e0c6fd9701d7f310f94403d0262,3d0262,2,双,小
2026-08-11 15:01:34,85253555,000000000514ddb302feb8bad6357a765e0088e25ac455774cc65d606e8765c3,8765c3,3,单,小
2026-08-11 15:01:44,85253560,000000000514ddb84dcd4a0b7e3546a0f53375bd6dd521a9945f8ee6300627b5,0627b5,5,单,大
2026-08-11 15:02:04,85253565,000000000514ddbdfe3c26d2b77334217ff185d9b3a79de0dfee4e9f1ea026d0,a026d0,0,双,小
2026-08-11 15:02:14,85253570,000000000514ddc21600be787ea128adbc8b11c03b880df9b09152acd71c473f,1c473f,3,单,小
2026-08-11 15:02:35,85253575,000000000514ddc79e0ee2db82f8e81a29c5e40acb1927e75aa5ab410336c55c,36c55c,5,单,大
2026-08-11 15:02:45,85253580,000000000514ddcca29f51624000877cd1bb21d7a5aab833b79b7ff961872b4d,872b4d,4,双,小
2026-08-11 15:03:07,85253585,000000000514ddd1ce3b0e24e86f46b07bbf14da1e765910e1a08768d87d28d6,7d28d6,6,双,大
2026-08-11 15:03:18,85253590,000000000514ddd66b81c7acc690035865f1dce34f8ce061ec1573d94616e9d4,16e9d4,4,双,小
2026-08-11 15:03:28,85253595,000000000514dddb942049c44f7377a5cdd452a4413cd08fcf9d92a2f20dfd9c,0dfd9c,9,单,大
2026-08-11 15:03:48,85253600,000000000514dde0a34f440b9733a798044db55cb62684feba1a4ca63d427319,427319,9,单,大
2026-08-11 15:03:59,85253605,000000000514dde5f28fb79b725d7771539cbe32cb9bac4b46b467a650748226,748226,6,双,大
2026-08-11 15:04:20,85253610,000000000514ddea00e228712e36145f8386ca15d51f440e268c38c6eaea3a05,ea3a05,5,单,大
2026-08-11 15:04:30,85253615,000000000514ddefbd4d2660b669270ec9dfb23a6174751ff8848a3803893951,893951,1,单,小
2026-08-11 15:04:51,85253620,000000000514ddf4e6fedd519c7792bfe24330c9372bff4262aab87524229e58,229e58,8,双,大
2026-08-11 15:05:01,85253625,000000000514ddf9201273042d88f5119d02edca238eee4f4cf214c8be86616d,86616d,6,双,大
2026-08-11 15:05:12,85253630,000000000514ddfe87a82cb62607ef7873f0e69d62c78a41509346fe750a31fe,0a31fe,1,单,小
2026-08-11 15:05:33,85253635,000000000514de038072c056d1f6a1c36ccb0e11bb2751e890d47bdbd06cf12a,6cf12a,2,双,小
2026-08-11 15:05:43,85253640,000000000514de080bf0a8bde6e69e10aceffb906de258dd41bfd70bf8d945ea,d945ea,5,单,大
2026-08-11 15:06:03,85253645,000000000514de0d0ba6e2eb10257a2af2e02c076b6e780eb9de7709539b5c41,9b5c41,1,单,小
2026-08-11 15:06:14,85253650,000000000514de12dc1e71a24bf4c86114188edc826ea1edae9bda704463023d,63023d,3,单,小
2026-08-11 15:06:36,85253655,000000000514de17991ece79499b0227c28de310d84c46fd66b6196f466dd4fc,6dd4fc,4,双,小
2026-08-11 15:06:46,85253660,000000000514de1c73a117b368dd2e9dc6620f7c4e434454cfd744262af08561,f08561,1,单,小
2026-08-11 15:06:58,85253665,000000000514de21041396a7e8bf2750031136820572d038b8d6f711b02c9d6f,2c9d6f,6,双,大
2026-08-11 15:07:19,85253670,000000000514de26183071b5cea81579e0da293342e993120de2b41a839985b1,9985b1,1,单,小
2026-08-11 15:07:29,85253675,000000000514de2b9078d97a8b92ed62533207220d4299941fad79f2aaff4d9b,ff4d9b,9,单,大
2026-08-11 15:07:40,85253680,000000000514de309a41ad984e351e4fbb46c663f87ab8a5583a164da7f4b987,f4b987,7,单,大
2026-08-11 15:08:01,85253685,000000000514de35b6ddc84a205d7fc497cbb1416b84c32627633d95efb3aa8f,b3aa8f,8,双,大
2026-08-11 15:08:12,85253690,000000000514de3a55ef6409e33a46433d6e3299908a529f155c3d2cd98d5380,8d5380,0,双,小
2026-08-11 15:08:33,85253695,000000000514de3f0d2758508ee7534a08a96246719f214adc465b1c90708c2c,708c2c,2,双,小
2026-08-11 15:08:44,85253700,000000000514de4431288b02949447a2a089ef0314e35a6e87fb7608aa02af86,02af86,6,双,大
2026-08-11 15:09:05,85253705,000000000514de495441800a811dc9d96e36e98e0aa8b779c6902ac2b82a3bd4,2a3bd4,4,双,小
2026-08-11 15:09:16,85253710,000000000514de4edef85670f734ed592575dba3d403297d333174f1e19ce802,9ce802,2,双,小
2026-08-11 15:09:26,85253715,000000000514de535a7414a8d2f9815632d738a90b59e054227614acc5095fb3,095fb3,3,单,小
2026-08-11 15:09:49,85253720,000000000514de58680e979f0a153606fd0d944e93849945cec4749ef9921cf7,921cf7,7,单,大
2026-08-11 15:10:01,85253725,000000000514de5dd08f82c59f47ba7b5d932cfd52a56bfc06af6ddb0cb56c62,b56c62,2,双,小
2026-08-11 15:10:13,85253730,000000000514de62ebb6d0177ffab5efd5ecca9a256053be092594b40599dfdc,99dfdc,9,单,大
2026-08-11 15:10:33,85253735,000000000514de6793f2d3c476df83de6ae0fe4d18b86d7f53521b575d75035e,75035e,5,单,大
2026-08-11 15:10:44,85253740,000000000514de6c8b27ff5701ab1f06e971916bbde992cac3a7afc240eecf96,eecf96,6,双,大
2026-08-11 15:11:04,85253745,000000000514de7128623981d22ff49a5c66d1dca1f59a5aa2a281e621987687,987687,7,单,大
2026-08-11 15:11:15,85253750,000000000514de76d65288f6da390218e75d7c3b11449864e0459317a3f59f7f,f59f7f,7,单,大
2026-08-11 15:11:25,85253755,000000000514de7bfe64828781ab567b4bc81d5c96a28a83f3814fb307fc010e,fc010e,0,双,小
2026-08-11 15:11:46,85253760,000000000514de80209d26948282dd41f88da81ed30b4dce33d112a40b56f7bb,56f7bb,7,单,大
2026-08-11 15:12:06,85253765,000000000514de85ac47b2698de35187132455226abdcf7095b81f1c27b9e5a5,b9e5a5,5,单,大
2026-08-11 15:12:16,85253770,000000000514de8a842d16b3a6dcd114a77a191db077bba16611a3c35fa64261,a64261,1,单,小
2026-08-11 15:12:27,85253775,000000000514de8f3976de62c99aa759c1e8df829a0929da9776c0f117b72358,b72358,8,双,大
2026-08-11 15:12:48,85253780,000000000514de94c493aec3444c3902edfc7501c001356d83ba5a946f067006,067006,6,双,大
2026-08-11 15:12:58,85253785,000000000514de99ae8260a965f65c6d384295208f9dd149e85b82c501b941f6,b941f6,6,双,大
2026-08-11 15:13:19,85253790,000000000514de9e595385ebc63a8f998a9172fcf052cc0871ae6e0c067e84c7,7e84c7,7,单,大
2026-08-11 15:13:30,85253795,000000000514dea344aa274eaaaffef8b6170d043a64d361aec3901d9deb9a07,eb9a07,7,单,大
2026-08-11 15:13:40,85253800,000000000514dea892121afef2bf61fcb03d463df26b18070b886d93a205837c,05837c,7,单,大
2026-08-11 15:14:00,85253805,000000000514dead6940a30f50ded14b3b6da10c67c85ac8446c843a31ead9b9,ead9b9,9,单,大
2026-08-11 15:14:10,85253810,000000000514deb22c7cc91c1e885dcd0b5ed6e86642dae8eaa1e9ed68d260bc,d260bc,0,双,小
2026-08-11 15:14:31,85253815,000000000514deb772c896493c72dba8e305cb96fe33929d0ed241974812bbaf,12bbaf,2,双,小
2026-08-11 15:14:41,85253820,000000000514debc0412da811cefff1686460343206c65f73f9e3e094f8e75cd,8e75cd,5,单,大
2026-08-11 15:15:01,85253825,000000000514dec10329349af9c178d04f49b7e28d57a1e5da120c26d84113de,4113de,3,单,小
2026-08-11 15:15:12,85253830,000000000514dec669151498fd1ec9d92cd230637b65d8da66bfc75a786355c7,6355c7,7,单,大
2026-08-11 15:15:33,85253835,000000000514decb1490cebe7298986e670c51ece25079f9e87fd58963b0ce96,b0ce96,6,双,大
2026-08-11 15:15:43,85253840,000000000514ded06bb533b67d45f840b26fee90efb02e11767cd9f3551a436e,1a436e,6,双,大
2026-08-11 15:16:03,85253845,000000000514ded55690bbdd2ce756adf308c079fa1b883d95ae41c3cc283975,283975,5,单,大
2026-08-11 15:16:14,85253850,000000000514deda0d2f66c3c25b0355ad71af5e64cfb6b902a6f1ffcd3fd2d4,3fd2d4,4,双,小
2026-08-11 15:16:36,85253855,000000000514dedff268ca07515d2b41c221eac7841641e5ec9b935192a3d056,a3d056,6,双,大
2026-08-11 15:16:46,85253860,000000000514dee44355fc0ddb99406036941ce5ed052627bf9dc15021e9a9e3,e9a9e3,3,单,小
2026-08-11 15:16:57,85253865,000000000514dee97b58be897cda595ed0d05c8575685a7d06954294e3283164,283164,4,双,小
2026-08-11 15:17:18,85253870,000000000514deeee032d958060b7a55046abd336b8f466bb9f2f662704cb7bb,4cb7bb,7,单,大
2026-08-11 15:17:28,85253875,000000000514def351da25bb1abff11641945b0def05511331978fb424ef73ab,ef73ab,3,单,小
2026-08-11 15:17:49,85253880,000000000514def849019a90ecd799eab5e1008bf77613573ce437ed72b2bc3d,b2bc3d,3,单,小
2026-08-11 15:18:00,85253885,000000000514defd20a56478e2814210c3b66fabfe44fe635b14bd85231a9f0f,1a9f0f,0,双,小
2026-08-11 15:18:21,85253890,000000000514df027eb95eb3877716651406cd0125db70f0c70a6873c4012d94,012d94,4,双,小
2026-08-11 15:18:31,85253895,000000000514df0757a28fc8b7490bfb8457f30cc0645dc9cb31b60163114908,114908,8,双,大
2026-08-11 15:18:41,85253900,000000000514df0cd25b6e1d1a5ac570a4b292b06eb6c09419369ddda4bc03bd,bc03bd,3,单,小
2026-08-11 15:19:02,85253905,000000000514df113d9b69616df57c841baecaff19f4d895a37fc65dd247326c,47326c,6,双,大
2026-08-11 15:19:22,85253910,000000000514df16f75c90378cf9beda52c62cfa4642c52fdf777f5d0d08e772,08e772,2,双,小
2026-08-11 15:19:33,85253915,000000000514df1b7225436b2ed7b5981e4fc307d62dcffbbc60e58a319d3e52,9d3e52,2,双,小
2026-08-11 15:19:43,85253920,000000000514df20c2d04cb7ab09bad59262183c673e554985f3cbe5b03f03b4,3f03b4,4,双,小
2026-08-11 15:20:03,85253925,000000000514df2500130caa59ae8ebefb31b8b671a774b8bf77b4ec6c0cd741,0cd741,1,单,小
2026-08-11 15:20:13,85253930,000000000514df2a39347933dba530ff439a4951d2e7ce5c6e0eba3532dbb112,dbb112,2,双,小
2026-08-11 15:20:35,85253935,000000000514df2f7093c24eecf8d0c5f28216cf976ed9a3c458a9357f658b32,658b32,2,双,小
2026-08-11 15:20:45,85253940,000000000514df34518705a146cad5bec3675093aec447d30d4a37450b2d5c2e,2d5c2e,2,双,小
2026-08-11 15:21:06,85253945,000000000514df394c444e2cf8d61fea8c8b74a40efbe001bc9f204964470987,470987,7,单,大
2026-08-11 15:21:17,85253950,000000000514df3ef2878a92f10e129ced5c1764b8cd4b764d76050a91c41598,c41598,8,双,大
2026-08-11 15:21:27,85253955,000000000514df434803fc9717e93855c404a1970a2a2a8c656bcec4cefdc5af,fdc5af,5,单,大
2026-08-11 15:21:48,85253960,000000000514df48be82e1dbcb8634283e03bd856c5691d36b0534939680e610,80e610,0,双,小
2026-08-11 15:21:58,85253965,000000000514df4db0ac5df0bd55c7f0a0a34724c5bf143dba3da5b5b49ba35c,9ba35c,5,单,大
2026-08-11 15:22:19,85253970,000000000514df528dd981b50a52a2460504c24a4ccf814e1a705b8cc7e74e58,e74e58,8,双,大
2026-08-11 15:22:29,85253975,000000000514df57e8de2c6f4ff8b30d51eb8dc870e0b281002099afc6135377,135377,7,单,大
2026-08-11 15:22:50,85253980,000000000514df5c106f80b0471e1238a7b07e04bcc8f478a104b59c487b17a5,7b17a5,5,单,大
2026-08-11 15:23:00,85253985,000000000514df618a154a149a780a5f869fb8ca6153e903a9e0f06825f23453,f23453,3,单,小
2026-08-11 15:23:11,85253990,000000000514df66beb4dec76da374879e7eacf87931ce3fbc2b436d75da648e,da648e,8,双,大
2026-08-11 15:23:32,85253995,000000000514df6b45c6bd8aa53f40dd7ac745599e126f3677fd3eadbf0beb62,0beb62,2,双,小
2026-08-11 15:23:43,85254000,000000000514df706bf8052863c8bb985d922eeefc781ae7d7dbd821b090d5d4,90d5d4,4,双,小
2026-08-11 15:24:03,85254005,000000000514df75975c3ecb75462c8ad736c2eb0a369173d49af86fc2b3f649,b3f649,9,单,大
2026-08-11 15:24:14,85254010,000000000514df7acda7e17ffdf72f20d5880b75146194714a52fa35d749b1cb,49b1cb,1,单,小
2026-08-11 15:24:34,85254015,000000000514df7fc5d2c3abebaae6b663219f05c2f4f7eda35f92b9eafdfabc,fdfabc,9,单,大
2026-08-11 15:24:45,85254020,000000000514df84d5793af58730f68747b2aa614a8cb0c1a6a8f73cf759d757,59d757,7,单,大
2026-08-11 15:24:56,85254025,000000000514df89751b08d8a53d0446bf5ec3d925a9aaf39b6557869bb95768,b95768,8,双,大
2026-08-11 15:25:17,85254030,000000000514df8ea37f4872866842ffd9950d7e891d1edab2ff9dd407dee775,dee775,5,单,大
2026-08-11 15:25:27,85254035,000000000514df93262d46ce879dbd1c562db66f0874358c273f13ccd81e8887,1e8887,7,单,大
2026-08-11 15:25:48,85254040,000000000514df98fea3caac58dc1ac493d3e271e13d87ad859e4b1b46fad3e3,fad3e3,3,单,小
2026-08-11 15:25:59,85254045,000000000514df9d4b457ed0f0f3e0262410396bc358a5e9ce25e51ec6cacbfb,cacbfb,6,双,大
2026-08-11 15:26:21,85254050,000000000514dfa268a5d5bc81af51d88db0c706b4a0716ea85d5bbe6adc4908,dc4908,8,双,大
2026-08-11 15:26:32,85254055,000000000514dfa7af9fb859fd5f255ec8764e371068c469b7b37bcc334ed111,4ed111,1,单,小
2026-08-11 15:26:43,85254060,000000000514dfac5d00080ec664f23e58e0812f0c5ed1020cb301a3794f2a1f,4f2a1f,1,单,小
2026-08-11 15:27:04,85254065,000000000514dfb12c1f1f92f78be2942f35f6969ee3af18ed50e2720b7c6872,7c6872,2,双,小
2026-08-11 15:27:14,85254070,000000000514dfb638368b41b093f960a9565d63d4f5c081eb12faea0d4e8141,4e8141,1,单,小
2026-08-11 15:27:34,85254075,000000000514dfbb7f858a21af9ba8d0b178a28045d858984b239b9600346c1a,346c1a,1,单,小
2026-08-11 15:27:45,85254080,000000000514dfc089431853a3dcc7a8c04647d567f2f4f0d04f9c7b6e9e825c,9e825c,5,单,大
2026-08-11 15:27:55,85254085,000000000514dfc591fac19908907f7af6dca9c18a355a44a5beced9e0802e6c,802e6c,6,双,大
2026-08-11 15:28:16,85254090,000000000514dfca21c22a20b87bdd50a0898555ebe0637c0ae499be9e1ac93f,1ac93f,3,单,小
2026-08-11 15:28:26,85254095,000000000514dfcfff112487a9b86b8b4617cc4af5e7573849352e605a2548a5,2548a5,5,单,大
2026-08-11 15:28:47,85254100,000000000514dfd40685590793885f36c956fd302608673ce97d919ff3a24690,a24690,0,双,小
2026-08-11 15:28:57,85254105,000000000514dfd94ffdd381fdf7933952f7cf22e75350d06d7c7fe3202c5860,2c5860,0,双,小
2026-08-11 15:29:18,85254110,000000000514dfdecc81401b7090f144c65a4752e7af9d22159e53d2435badfb,5badfb,5,单,大
2026-08-11 15:29:28,85254115,000000000514dfe3e61e54f1c4342eb75ac78572b740b5c45685ab16d6a681b9,a681b9,9,单,大
2026-08-11 15:29:49,85254120,000000000514dfe86d88e57e89034189b755bcbe6a393b33a036f9de61aa9822,aa9822,2,双,小
2026-08-11 15:29:59,85254125,000000000514dfed062f59b221ce446815e56875e5567d5011228b619f26ae9d,26ae9d,9,单,大
2026-08-11 15:30:20,85254130,000000000514dff2b1fbb4580766cb087d87d923f7b500488f3ef3ce2090dbce,90dbce,0,双,小
2026-08-11 15:30:30,85254135,000000000514dff72cdebbe2305907163599eb02186b21988748d2126e1b181c,1b181c,1,单,小
2026-08-11 15:30:51,85254140,000000000514dffc55b5805640edd956dbc8df441343794045273d87577e0a71,7e0a71,1,单,小
2026-08-11 15:31:01,85254145,000000000514e001302779ff4e2749f09fe2b0ccfffc7e47ee955c18afb1ba87,b1ba87,7,单,大
2026-08-11 15:31:11,85254150,000000000514e006ac68c8c9ace4259658971cdc2a28c84f05d7770d38b96085,b96085,5,单,大
2026-08-11 15:31:33,85254155,000000000514e00b2d43727ea6808ed2093da6df1e6463d4bfefac259cc9b36d,c9b36d,6,双,大
2026-08-11 15:31:43,85254160,000000000514e01067d3bb4e7ccc79cf14b38f66eb68a5f7965e3077e1f809b9,f809b9,9,单,大
2026-08-11 15:32:04,85254165,000000000514e01543b7b8c9682bacefea0ab29be7b366bb64dd79c433ebf200,ebf200,0,双,小
2026-08-11 15:32:14,85254170,000000000514e01a6ba2dff9a45b4db990b23666c7767016c0048e69f7d2a299,d2a299,9,单,大
2026-08-11 15:32:35,85254175,000000000514e01ff351d31bf9d08c282153c474708d85185144da072641b1f2,41b1f2,2,双,小
2026-08-11 15:32:46,85254180,000000000514e0247823eaeb4bac295b5e344bfd17a371dfb43d5c6636e21ec2,e21ec2,2,双,小
2026-08-11 15:32:57,85254185,000000000514e029daae3d9a08edc3f06a9e6ee1141c3f42847943dff4b11639,b11639,9,单,大
2026-08-11 15:33:19,85254190,000000000514e02ed1004cda189e1a392bd5f0f8ace826a3670df86964ad7c43,ad7c43,3,单,小
2026-08-11 15:33:30,85254195,000000000514e0330a55f9dfb8274921c38e7b9ea3b65307d1ceaeadc20136c9,0136c9,9,单,大
2026-08-11 15:33:41,85254200,000000000514e0384d62ab04ca239524a91cda17781b50446946b39828e964a1,e964a1,1,单,小
2026-08-11 15:34:03,85254205,000000000514e03dd3ce9711d9c70a57d9cc364b070f871ddcb7df75a99d1c0c,9d1c0c,0,双,小
2026-08-11 15:34:14,85254210,000000000514e04229d33af7c3550d9dc8dc284c2d3a89a5541ee774f43b6542,3b6542,2,双,小
2026-08-11 15:34:36,85254215,000000000514e0474187afe9493f2b42484229b78c37760605e003ec16c0dfc6,c0dfc6,6,双,大
2026-08-11 15:34:46,85254220,000000000514e04c34a91a1171844e0644a0c9c997098aa0ec0533c94709fe93,09fe93,3,单,小
2026-08-11 15:34:57,85254225,000000000514e0519609321a0d0c458d6fa913437bcbed76e66f1214f9587669,587669,9,单,大
2026-08-11 15:35:17,85254230,000000000514e056234b7ea26966db11aababcbb41455515a56d34beea1e2602,1e2602,2,双,小
2026-08-11 15:35:28,85254235,000000000514e05b8f295d896bfc637780275ce0e01de68bf310ee49319c1de8,9c1de8,8,双,大
2026-08-11 15:35:49,85254240,000000000514e060e5b3576a0596ebee69ede161c2103f0ca72c297141e00407,e00407,7,单,大
2026-08-11 15:36:00,85254245,000000000514e065b91fd0b174ba73f1a5cdda6458c874c7bd1e1fd4b6c47643,c47643,3,单,小
2026-08-11 15:36:21,85254250,000000000514e06ad05d158699ab2d9f4a68ea156ee024e00d7c056266ac47f0,ac47f0,0,双,小
2026-08-11 15:36:32,85254255,000000000514e06f858a0cc24eb2c0c72ed5c040b7970f52b122ba51eec3d175,c3d175,5,单,大
2026-08-11 15:36:43,85254260,000000000514e074c9412bb6b0b0ac1106021f359fa15b5e66fb526c5c9b5d68,9b5d68,8,双,大
2026-08-11 15:37:05,85254265,000000000514e079253e702603b0ac69ab48dcefef355585ce9f73b74d4a6b7f,4a6b7f,7,单,大
2026-08-11 15:37:17,85254270,000000000514e07e40f044b18a24ec3a809cfcf59e6dbfbcda1d92b437f9b020,f9b020,0,双,小
2026-08-11 15:37:27,85254275,000000000514e083445fd7a755b186279ae31b1e5c2923c94fce76de3f87bc90,87bc90,0,双,小
2026-08-11 15:37:49,85254280,000000000514e088a75800887b8be9a370b3bf510faee4e47f7da286008dc5f3,8dc5f3,3,单,小
2026-08-11 15:38:00,85254285,000000000514e08de10e9ec5e9195e45c3b756b7b9f5b6974e6129e489e18b31,e18b31,1,单,小
2026-08-11 15:38:21,85254290,000000000514e0924634b8908d1feeba0635500a844bb4003f6705e6fa9b8317,9b8317,7,单,大
2026-08-11 15:38:32,85254295,000000000514e0976bd425ed418e6038d9158e16ccb44e011e87734c17ea56ca,ea56ca,6,双,大
2026-08-11 15:38:43,85254300,000000000514e09cdc7d8a466bdc880cf4ea072573cd9698bcff6253291677ac,1677ac,7,单,大
2026-08-11 15:39:05,85254305,000000000514e0a10011e8d0396b9f6059211bf0bd6ebfbcee343881f9fa6fb8,fa6fb8,8,双,大
2026-08-11 15:39:16,85254310,000000000514e0a60370fb3592a24e7f5abf9bd6f4756e714c50a19d5ed5794e,d5794e,4,双,小
2026-08-11 15:39:27,85254315,000000000514e0abd6f91e12339021bf7de0aae8e8f3fe0e26bd33ad5ad93d6b,d93d6b,6,双,大
2026-08-11 15:39:49,85254320,000000000514e0b0736c12c3a82c72d81535fcb523e167d6427d2456f7e70059,e70059,9,单,大
2026-08-11 15:39:59,85254325,000000000514e0b5b3982c453117ee326bf76778f161122656addd93138a6275,8a6275,5,单,大
2026-08-11 15:40:10,85254330,000000000514e0ba5b026edaea471760f743f8d02ccfe20eb11866a978e0480d,e0480d,0,双,小
2026-08-11 15:40:37,85254335,000000000514e0bf3917dc829182cd5227967219d8a76aa2774bb649e4accbf8,accbf8,8,双,大
2026-08-11 15:40:47,85254340,000000000514e0c4bc203dbafbe504f13ddb3085599c87393e5c5077cd2b454a,2b454a,4,双,小
2026-08-11 15:40:58,85254345,000000000514e0c9200c3d0808ccc3e422269937152cef0f27518ce13d2fb52c,2fb52c,2,双,小
2026-08-11 15:41:19,85254350,000000000514e0ce3594b26d43b17f97eebc556067db5ada7faf9a78ace7f037,e7f037,7,单,大
2026-08-11 15:41:30,85254355,000000000514e0d3b461f3bb7de5aac7de87a5e62f1a9d44ccb6ded603258d9f,258d9f,9,单,大
2026-08-11 15:41:56,85254360,000000000514e0d87561abf54115f9cb70cb6e43909505163bf331676e69ce8d,69ce8d,8,双,大
2026-08-11 15:42:06,85254365,000000000514e0dd8ce156aae3aab23313f6a36d4e2ca6b95278f62774a44eb4,a44eb4,4,双,小
2026-08-11 15:42:17,85254370,000000000514e0e2cc309676b9dc60946f7514b47b4069711100e987e7dd60f4,dd60f4,4,双,小
2026-08-11 15:42:28,85254375,000000000514e0e7ae227115c311209eb48d00ffd191e189da3dec0254379b47,379b47,7,单,大
2026-08-11 15:42:56,85254385,000000000514e0f1e14f19ae1e4439ef0fe47b372824a5c6e67c28000dfbcea0,fbcea0,0,双,小
2026-08-11 15:43:17,85254390,000000000514e0f69c42858ee9ff06287c2f9bf7ed4400a77cfc901f2fae5659,ae5659,9,单,大
2026-08-11 15:43:28,85254395,000000000514e0fbfdc374d6d2304964fefdf26e51184f0beae2ed91b61dcc0b,1dcc0b,0,双,小
2026-08-11 15:43:55,85254400,000000000514e100c7e66939b2bf0e64da41e90a39b229edf95fab09e2a84fe7,a84fe7,7,单,大
2026-08-11 15:44:05,85254405,000000000514e105493b54bf184808fe9f9edbd3f7d5a479f7e318f56e1c92a8,1c92a8,8,双,大
2026-08-11 15:44:15,85254410,000000000514e10a04265f6449a373ed966770c56e301be10be453ec25706266,706266,6,双,大
2026-08-11 15:44:36,85254415,000000000514e10fc3c38a99a18e922d97a434bcc03cf4524ab6b3adb6d116dd,d116dd,6,双,大
2026-08-11 15:44:47,85254420,000000000514e114e33d720e9977cd750da8a4b44bbb91ee4aa71a3466672500,672500,0,双,小
2026-08-11 15:44:57,85254425,000000000514e119df4c06af89fa7e27ba8b821297b89b81453a2efcef728758,728758,8,双,大
2026-08-11 15:45:17,85254430,000000000514e11ec2685c45ccaf33237b10f9e062dbb5853f63de722c4d075c,4d075c,5,单,大
2026-08-11 15:45:28,85254435,000000000514e123dd7735a66869ac4f3a03372a1bfd87d291013d205a1a3884,1a3884,4,双,小
2026-08-11 15:45:48,85254440,000000000514e128df63f603331aebc183789d595586a7d025f3e9d7bccc1a89,cc1a89,9,单,大
2026-08-11 15:45:58,85254445,000000000514e12dec577ae6965146c0d5f993ec4776846dbbd5b125324b14c4,4b14c4,4,双,小
2026-08-11 15:46:20,85254450,000000000514e13239d467b21aa3f2618d7744da0e22bc0b13588cd59bdc2d05,dc2d05,5,单,大
2026-08-11 15:46:31,85254455,000000000514e137b531fb80fc85985267241e0cca4d148428b279a353233173,233173,3,单,小
2026-08-11 15:46:42,85254460,000000000514e13cb0c3f68adb1c66901718431fc62b1b5fcf2752862b5342c3,5342c3,3,单,小
2026-08-11 15:47:02,85254465,000000000514e14154430a71326cde5f32043bfff8a380bc6c73dafbdc1d44c7,1d44c7,7,单,大
2026-08-11 15:47:12,85254470,000000000514e146bf75e6a220aa8bef38b0e833d70e63a33a76f1199a09124c,09124c,4,双,小
2026-08-11 15:47:32,85254475,000000000514e14bc4ea97c8dfeffef734012b30532ec93d20256968309cc142,9cc142,2,双,小
2026-08-11 15:47:43,85254480,000000000514e150b894099731b1bfb6989351ea0c2f891c3bf80f1764ce5dcc,ce5dcc,5,单,大
2026-08-11 15:48:03,85254485,000000000514e1550af9299116b327fd4de1cd1f3b78d3b72609ada73c1866ef,1866ef,6,双,大
2026-08-11 15:48:14,85254490,000000000514e15a2f2a566bcd47165a130271e59583665fdfcfe11d3d63dac6,63dac6,6,双,大
2026-08-11 15:48:34,85254495,000000000514e15fa64fc73f7ff0bdc2babca3795db129ffa41bfa4ab7461735,461735,5,单,大
2026-08-11 15:48:45,85254500,000000000514e16489ada3e2250b5470b46e6997a7da006b4ea144b275c40ba5,c40ba5,5,单,大
2026-08-11 15:49:06,85254505,000000000514e1698245ab8f7573662ebf0b83a4f5dc4b0cbdd9aa7d31a17ecd,a17ecd,7,单,大
2026-08-11 15:49:17,85254510,000000000514e16ec6c6724598e37c23b2898e04e45e7ac26e9f87cfcbcf89b8,cf89b8,8,双,大
2026-08-11 15:49:27,85254515,000000000514e173e83e5d04069317488ca1eb5b7156260c3ab8aed003513196,513196,6,双,大
2026-08-11 15:49:48,85254520,000000000514e178d8c705c0434e71ee5568c8b11be808d3adce12878b625ce9,625ce9,9,单,大
2026-08-11 15:49:59,85254525,000000000514e17d080131e988819400fe2efdd2f851b0092d638b434148e82d,48e82d,2,双,小
2026-08-11 15:50:20,85254530,000000000514e182d73ab64163e5d3ff7d5ff5dd200a9fc52e7b9426dfd90f01,d90f01,1,单,小
2026-08-11 15:50:30,85254535,000000000514e1874ce8ca98a082bf5934f59f607c51669e594266bf9f29f9f6,29f9f6,6,双,大
2026-08-11 15:50:51,85254540,000000000514e18ccae932f2cc4baba6c033f4cf980c0b35544385a0ac8f0ea0,8f0ea0,0,双,小
2026-08-11 15:51:02,85254545,000000000514e191ab35d7ca62aa4e3fc606c5cc483f420acd66fb575a86bb98,86bb98,8,双,大
2026-08-11 15:51:12,85254550,000000000514e196a1ef2546ebd607eb7bce4dd5f9832a1294eec9ef8565a6ab,65a6ab,6,双,大
2026-08-11 15:51:33,85254555,000000000514e19b03865bb2ab204ca339b8636c78979c5a5b30f40ae0b830b8,b830b8,8,双,大
2026-08-11 15:51:44,85254560,000000000514e1a0984d834ea74434ebaa9707fe0c7e0b309cc82ed29eb66e4a,b66e4a,4,双,小
2026-08-11 15:52:05,85254565,000000000514e1a5902d703ffc8c66b72ba6f45a382fba6d0e2f3fd673ec5958,ec5958,8,双,大
2026-08-11 15:52:15,85254570,000000000514e1aae433f0a3114db235941e0401b67281e537af3ed4bf60abdc,60abdc,0,双,小
2026-08-11 15:52:37,85254575,000000000514e1afaf36bf452bc1bcadb5cd3cbcc986cf8c9f3a2df3be66b941,66b941,1,单,小
2026-08-11 15:52:47,85254580,000000000514e1b4b3552c2aaf0c405484d752746ba95136d787494d1f443da5,443da5,5,单,大
2026-08-11 15:52:58,85254585,000000000514e1b99041265b9aa13782836d3c43af7575c8033fc4ef4b696007,696007,7,单,大
2026-08-11 15:53:19,85254590,000000000514e1bed043adcca16aea8b65caf91cbd1eb01a0cba65b7f23c3b6a,3c3b6a,6,双,大
2026-08-11 15:53:30,85254595,000000000514e1c3654510ea53d4aaa63653baf0bd47560b80109d0880d90900,d90900,0,双,小
2026-08-11 15:53:40,85254600,000000000514e1c8639df560edcb72f367c0e53dc32c7d98a5b48513c7988f0e,988f0e,0,双,小
2026-08-11 15:54:00,85254605,000000000514e1cd0870e1d2a5186692540b634d04985f8bfb0c6dfec7f7d0d4,f7d0d4,4,双,小
2026-08-11 15:54:21,85254610,000000000514e1d2bdfb87239c57e495aca37690f6350555cf013e3718fc1c4f,fc1c4f,4,双,小
2026-08-11 15:54:31,85254615,000000000514e1d7276de76a46eb8e295a76feaf8adb061a687e80b9dbef2a0a,ef2a0a,0,双,小
2026-08-11 15:54:41,85254620,000000000514e1dc27c7032213a8f6dd6690b71d15abe76dacb8530b0b8d6304,8d6304,4,双,小
2026-08-11 15:55:03,85254625,000000000514e1e1f39e12324a673c617ee89135e48e3aedc34fe8096ee47084,e47084,4,双,小
2026-08-11 15:55:13,85254630,000000000514e1e6754ae05903e56de34700a04fcf2013c74cd9974807756511,756511,1,单,小
2026-08-11 15:55:34,85254635,000000000514e1eb8519d053905023458ebe8455fa4027c9cc69adaf4a0714c7,0714c7,7,单,大
2026-08-11 15:55:44,85254640,000000000514e1f07cb7144b66e097e9074bbd2c45b0ab01eb5d149f36c9a948,c9a948,8,双,大
2026-08-11 15:56:04,85254645,000000000514e1f59e448cee843b6ac0a8825de8acfbc2d63ac4180d3eaa1b63,aa1b63,3,单,小
2026-08-11 15:56:15,85254650,000000000514e1fa607f59fffd995b999ab146af43c80415946a024654eeed30,eeed30,0,双,小
2026-08-11 15:56:37,85254655,000000000514e1ff7b08f5ccdaa5d369a424e3ed2c9e62c392660cce730318f0,0318f0,0,双,小
2026-08-11 15:56:48,85254660,000000000514e2048d34cb64b762818dd88d0ddbfef18d0d4515db7916c60aea,c60aea,0,双,小
2026-08-11 15:56:58,85254665,000000000514e209e55358d10a55155fd07191b086e6fe6273509ab6d3588285,588285,5,单,大
2026-08-11 15:57:19,85254670,000000000514e20eae8b29622fc2474de26daa60cad0bfd7c3547646fac0f7da,c0f7da,7,单,大
2026-08-11 15:57:30,85254675,000000000514e213e2a7d8272223a7abc476e2ec25e836b88ba28f18a951ecd8,51ecd8,8,双,大
2026-08-11 15:57:41,85254680,000000000514e2182a8f7ea8d896a82443af5807d87ca10636b2241cd6344a13,344a13,3,单,小
2026-08-11 15:58:01,85254685,000000000514e21d05a4e465c2ba8351b8c389d6c347d9c90e16c26ba31f61fc,1f61fc,1,单,小
2026-08-11 15:58:11,85254690,000000000514e222dcdb837b59c36c3fde814f75e7183894d209f84ab753cc59,53cc59,9,单,大
2026-08-11 15:58:33,85254695,000000000514e227dba5f76a4ac6d3965eb779c9793e2712b1fcf7be20587067,587067,7,单,大
2026-08-11 15:58:43,85254700,000000000514e22cdaf1fca7096be14d79acfbb3d8bd06f301aea7c89f347f07,347f07,7,单,大
2026-08-11 15:59:04,85254705,000000000514e231a4b12c2046a318be7a862b749fe221a6b3d49a9dc381e064,81e064,4,双,小
2026-08-11 15:59:14,85254710,000000000514e236942bd6b6446fe15ba5340c8c7c4ec721ff318dccf482e9fe,82e9fe,9,单,大
2026-08-11 15:59:36,85254715,000000000514e23b12c5d6369bb016020a8e97674c835c060f560ba9522b31e4,2b31e4,4,双,小
2026-08-11 15:59:47,85254720,000000000514e24078cec9a147beabed6d06b399ad413d4a29dcdf58949d2c86,9d2c86,6,双,大
2026-08-11 15:59:58,85254725,000000000514e245434bc2d1242366fb4f30c20d80c2d7c9ded88d482601afcf,01afcf,1,单,小
2026-08-11 16:00:19,85254730,000000000514e24aa0f80bb5acd7a38e1ae966ea15ac3373e8d7e6d318651bc9,651bc9,9,单,大
2026-08-11 16:00:30,85254735,000000000514e24f9c8296ec56a3ed65300e7cf01c16e4baa86053abcce2eb8b,e2eb8b,8,双,大
2026-08-11 16:00:51,85254740,000000000514e254127b0c41be9df87e4c2e7b27630b1350cd8c6ba0a417ddf4,17ddf4,4,双,小
2026-08-11 16:01:01,85254745,000000000514e2593852e6bbd146d034393b786d08d44511a6ea3518ffee806d,ee806d,6,双,大
2026-08-11 16:01:22,85254750,000000000514e25e2781dd34047ec41ee4118b0439e0baf4af69dc7ab2f97f67,f97f67,7,单,大
2026-08-11 16:01:32,85254755,000000000514e2630345b33a2c182a1ec33eff480383c36a0969f8423620778a,20778a,8,双,大
2026-08-11 16:01:42,85254760,000000000514e26801a6de0264ae01e0adf4388b8782ed029320bebb848746c8,8746c8,8,双,大
2026-08-11 16:02:03,85254765,000000000514e26df299e6029b94074510f34c2d491956257a858ff815aa6059,aa6059,9,单,大
2026-08-11 16:02:13,85254770,000000000514e2728fb4b598bec47ca5bde19f9a4acbe03d8fcf976f4f775d8e,775d8e,8,双,大
2026-08-11 16:02:34,85254775,000000000514e277f3c05ee75391018aa9f1c5413fd6402551b74b0ffb64474f,64474f,4,双,小
2026-08-11 16:02:44,85254780,000000000514e27c265592358d666d13c4da4e20f1874c75919ab43563dac68f,dac68f,8,双,大
2026-08-11 16:03:06,85254785,000000000514e281a8e5889b10f805405db63accc6f46ba07e39684fb634c0e0,34c0e0,0,双,小
2026-08-11 16:03:17,85254790,000000000514e286abed2d23100403878f9d4e84946f9eaf1cfbd6054155fb00,55fb00,0,双,小
2026-08-11 16:03:28,85254795,000000000514e28b6e7a87c87319c7d36ccb1b4c4ac49e2c27efc68a18da8e75,da8e75,5,单,大
2026-08-11 16:03:49,85254800,000000000514e290d745376e9efc1c2073c61373f9f3610bada71b33f4d213d6,d213d6,6,双,大
2026-08-11 16:04:00,85254805,000000000514e2951a050337ee23a3657d02a4b625a63f2c03aa6c22fe08206e,08206e,6,双,大
2026-08-11 16:04:22,85254810,000000000514e29a694ad6150d5d84519625c09c636a83bdaf62d2b67f26cc5c,26cc5c,5,单,大
2026-08-11 16:04:32,85254815,000000000514e29fb8bfb2ced0b696d68cabf33e53821225b0b860e330c719aa,c719aa,9,单,大
2026-08-11 16:04:43,85254820,000000000514e2a418157406589c0e26ed99e3a6df18ac15c0997744cb17990d,17990d,0,双,小
2026-08-11 16:05:04,85254825,000000000514e2a93232c29fdd6464921c9463e51baa8dc28d80e086da9e5042,9e5042,2,双,小
2026-08-11 16:05:15,85254830,000000000514e2ae7c26b41985cdd26b8b24d5ed98f37316e6a667404802da5b,02da5b,5,单,大
2026-08-11 16:05:44,85254840,000000000514e2b83d843a65d01378a49a71dd08ae38c6eaa36e5fdfca4ddf59,4ddf59,9,单,大
2026-08-11 16:06:05,85254845,000000000514e2bdd13daeba27c10ae616b9d9f139c6c120e7910fdcf5fcfbe9,fcfbe9,9,单,大
2026-08-11 16:06:16,85254850,000000000514e2c23a2f04f854987ab093efab52b8d539cd794a691673b11e11,b11e11,1,单,小
2026-08-11 16:06:38,85254855,000000000514e2c789f06ee2b6f2741ef46e368a8d83b6d5d8b802c9c39082ed,9082ed,2,双,小
2026-08-11 16:06:49,85254860,000000000514e2cc460711ab4a8b7ae9ed9b3f6bd860c4e0151f0eb6d0820618,820618,8,双,大
2026-08-11 16:07:00,85254865,000000000514e2d17817af39ddb1fd3cc476c48a9f21c0cf5ca90c0af14108d4,4108d4,4,双,小
2026-08-11 16:07:21,85254870,000000000514e2d6d9dc7af10f89e97744698386d7306b491d3801b2b0a2a811,a2a811,1,单,小
2026-08-11 16:07:32,85254875,000000000514e2dbd1e486d2fc849aab209882e90b1c48498cbedf5c827bc960,7bc960,0,双,小
2026-08-11 16:07:48,85254880,000000000514e2e07581f8faa2ffb315725bc7263d51b2b2ea81aa5f4d6383fa,6383fa,3,单,小
2026-08-11 16:07:59,85254885,000000000514e2e5f9fee18b2649f56c976c7a9db0ea503b74622cf351b1c249,b1c249,9,单,大
2026-08-11 16:08:20,85254890,000000000514e2eac7f7a9709968644dcbddb4542d2d1fef209c2eae20684065,684065,5,单,大
2026-08-11 16:08:31,85254895,000000000514e2ef5e2b3cc7275752d593a4130c5a7d0c62e52d9ffe9b58a1fb,58a1fb,1,单,小
2026-08-11 16:08:42,85254900,000000000514e2f4fce2b253f51ec066a0f01f68481f03f43c3df71c4e1308cb,1308cb,8,双,大
2026-08-11 16:09:04,85254905,000000000514e2f9091066380d57feb1fcdb0f8fb0cbeb6140557d18e05ab75f,5ab75f,5,单,大
2026-08-11 16:09:15,85254910,000000000514e2fe35dd8547838de5e8f8d1f468c9c8ba9f0dc03092aa7f93a8,7f93a8,8,双,大
2026-08-11 16:09:25,85254915,000000000514e303e3fccc5fd3a61edbc006921c6d28f7b42f23c210d5e970c9,e970c9,9,单,大
2026-08-11 16:09:44,85254920,000000000514e30843f300502c12a1d33afdd565be978cdee644b43a57106b82,106b82,2,双,小
2026-08-11 16:10:05,85254925,000000000514e30d117d56301219074f8d720846d671fdb037b38f53cd02b6dd,02b6dd,6,双,大
2026-08-11 16:10:16,85254930,000000000514e312cf2b14e973bc59495b8680674618aa8ce97305962c9020e1,9020e1,1,单,小
2026-08-11 16:10:38,85254935,000000000514e31791dca8501fa5ee54bf5052e1841f0147c4816030332f280c,2f280c,0,双,小
2026-08-11 16:10:48,85254940,000000000514e31c8154a3fa73a10b6ac7749ee27189ac61950e15c4c37f5d4a,7f5d4a,4,双,小
2026-08-11 16:10:58,85254945,000000000514e3211d80c3512c905c5d5f71fed9b637deac11ae6f6004f342d7,f342d7,7,单,大
2026-08-11 16:11:19,85254950,000000000514e326a354b71b4093d922eaaada785612b2e587ef6dc832aee1f3,aee1f3,3,单,小
2026-08-11 16:11:29,85254955,000000000514e32b62bf8bf952e3167a1e4364cf46d722052bfabb4c5677539b,77539b,9,单,大
2026-08-11 16:11:50,85254960,000000000514e3303ce8729dd3e024171f5478e6723fac5b3d1a0fad59d8927a,d8927a,7,单,大
2026-08-11 16:12:00,85254965,000000000514e3351d39899d8706d6b6e338057b6026e5bda1bd879acc8dc3e4,8dc3e4,4,双,小
2026-08-11 16:12:11,85254970,000000000514e33a071bf2103029c34c74a628d4e5d552d9595280fa60900690,900690,0,双,小
2026-08-11 16:12:33,85254975,000000000514e33fd53126b9027948fa85326e68be477905e57ec900eb4fc001,4fc001,1,单,小
2026-08-11 16:12:44,85254980,000000000514e34446b3e52c02b30904af8f4469c641bcbe463017ade3fc98a8,fc98a8,8,双,大
2026-08-11 16:13:12,85254990,000000000514e34e47089544fdc68566aad77b747e513b03c63f181d31bbb98d,bbb98d,8,双,大
2026-08-11 16:13:34,85254995,000000000514e353b632ee37202e509a774a4f4776ab29a5617738571bf753b0,f753b0,0,双,小
2026-08-11 16:13:41,85255000,000000000514e358ebb7fcc0a3ca689062321806ed0acd9636aad36545ce28f4,ce28f4,4,双,小
2026-08-11 16:14:02,85255005,000000000514e35d157e68251b09f5aecce0183616cc3af23462de242dc5360d,c5360d,0,双,小
2026-08-11 16:14:20,85255010,000000000514e362a43a7d0fc095acd5a2dfbc3072f7a60aa9d25c046e96ffbb,96ffbb,6,双,大
2026-08-11 16:14:30,85255015,000000000514e367ae2890eb811f45986f6e8d7668ad5dfc6959ae745651bf33,51bf33,3,单,小
2026-08-11 16:14:52,85255020,000000000514e36c0a7a6d821ddde19f69116fe7452e19d0ab9d7f1ece3f9aa3,3f9aa3,3,单,小
2026-08-11 16:15:03,85255025,000000000514e371f9a3b76231f46dbb8f77290bf5e555b192bee55ef5959f1f,959f1f,1,单,小
2026-08-11 16:15:14,85255030,000000000514e376248b45b4e01598eef6225ea0cd2f3462c5298b9e5c0c8304,0c8304,4,双,小
2026-08-11 16:15:36,85255035,000000000514e37b49bd8b18e89ff93c3b1f3f95eae1c6b08a5f6c8e16720e00,720e00,0,双,小
2026-08-11 16:15:47,85255040,000000000514e38015f3b33cf72affa579f2abe8788a41203620f75eb759e021,59e021,1,单,小
2026-08-11 16:15:58,85255045,000000000514e3856f02ce6ada0aacc92920c8018b3bdcd42b8d767ae31c109b,1c109b,9,单,大
2026-08-11 16:16:21,85255050,000000000514e38a719aa10acddfe14cf3142ee829afd428ffcf1283ee132af8,132af8,8,双,大
2026-08-11 16:16:32,85255055,000000000514e38ffa9dd7976051c5bd8921f8a8ec6a359f8686fafc678de3fd,8de3fd,3,单,小
2026-08-11 16:16:43,85255060,000000000514e394858749fefe15edc40e61be0074d5e9eca4dfd81763b55b00,b55b00,0,双,小
2026-08-11 16:17:05,85255065,000000000514e3994a9c1f0bc1c917d6faaf525495ad5ecba7012998df7262af,7262af,2,双,小
2026-08-11 16:17:15,85255070,000000000514e39e3daff58cdef69dd399e08525793f401813f37109bb582d52,582d52,2,双,小
2026-08-11 16:17:37,85255075,000000000514e3a3215782a1b93483b6c4c17549287b5e825d855af4344eb448,4eb448,8,双,大
2026-08-11 16:17:49,85255080,000000000514e3a8a3ec7026bb4a16eb62c3b0eb98d52abb6efbbb518bd19e4c,d19e4c,4,双,小
2026-08-11 16:17:59,85255085,000000000514e3ad2f7c7f9823b276d3eb16dfde11c9356b0e9ca9c58ff3148d,f3148d,8,双,大
2026-08-11 16:18:21,85255090,000000000514e3b2be7dbc5109a1603b6dc9723dda904a14a61c597bf496f792,96f792,2,双,小
2026-08-11 16:18:32,85255095,000000000514e3b777f0082a6d62f8230cd0c0ec27ab351c3845d91e1acb6fc5,cb6fc5,5,单,大
2026-08-11 16:18:43,85255100,000000000514e3bcbe054d0a8206d340cb95eb6fb4028943ff42e2df79df21cc,df21cc,1,单,小
2026-08-11 16:19:05,85255105,000000000514e3c104f6b10c46f52e004f9118221aae527c76fb2b1ffdb968c0,b968c0,0,双,小
2026-08-11 16:19:16,85255110,000000000514e3c6f809d46319efac4a15fc0f62a8e8f3543c2c0749aca4f23d,a4f23d,3,单,小
2026-08-11 16:19:26,85255115,000000000514e3cbe57e2ba926e2fc130082f168e8c9ebb12bebb5eb441a76e3,1a76e3,3,单,小
2026-08-11 16:19:47,85255120,000000000514e3d0a2a40c99e3263e500bd4b5acbd8898b32330758f977a8695,7a8695,5,单,大
2026-08-11 16:19:58,85255125,000000000514e3d54b1b2a1ca2763c32c9e809c1d27c4b94352d2dd6fdc20895,c20895,5,单,大
2026-08-11 16:20:20,85255130,000000000514e3da70d370717e9459cbba14a2d31a77cd355dfdbe5160f023b3,f023b3,3,单,小
2026-08-11 16:20:30,85255135,000000000514e3dfe25f86485488592c994860e1394949a64cfb09f7e2cbf4d7,cbf4d7,7,单,大
2026-08-11 16:20:40,85255140,000000000514e3e48b6f0ae7d6c4b0f19cb76dd0df51acc0f1c63a3ae20a0653,0a0653,3,单,小
2026-08-11 16:21:01,85255145,000000000514e3e9b0b7dfaa79700973ee7d6436fc4d1d4d38611e1f0f3697bc,3697bc,7,单,大
2026-08-11 16:21:12,85255150,000000000514e3eef4dc0b155a89a2b52b2cb78cdcf4ae37114bbb23d490a7a1,90a7a1,1,单,小
2026-08-11 16:21:34,85255155,000000000514e3f3592e4707d969cb103329fab0b0a8ef23ae313cb823f7d7dd,f7d7dd,7,单,大
2026-08-11 16:21:50,85255160,000000000514e3f814f77369c69ed200fb5e5e7109abdaa532b32c3e8e7831c1,7831c1,1,单,小
2026-08-11 16:22:01,85255165,000000000514e3fdf11749c4a44e2b7f62473b7822dccddacb6d668e917dc4a2,7dc4a2,2,双,小
2026-08-11 16:22:11,85255170,000000000514e4023a6a8d1238196837d471c46b4f549f5c16bbcbc02fd89ca5,d89ca5,5,单,大
2026-08-11 16:22:34,85255175,000000000514e40790c3d4be734f5b8abc54416160e4d2f9f84076c28e2d6337,2d6337,7,单,大
2026-08-11 16:22:44,85255180,000000000514e40c2e6c4367ac7139c30ba536d761dffa11fea0fec461671c38,671c38,8,双,大
2026-08-11 16:23:06,85255185,000000000514e4119872632868da0f512c0acbe07f7c9e7c5f4c2e9efc39c54f,39c54f,4,双,小
2026-08-11 16:23:17,85255190,000000000514e4163ce93f689a9756b17e08f01ea193be5574c9661cc58c85f0,8c85f0,0,双,小
2026-08-11 16:23:28,85255195,000000000514e41b7f85828e2c34132e1526a2ff083f6b827c876f474d8ce6af,8ce6af,6,双,大
2026-08-11 16:23:51,85255200,000000000514e4203d570a399d45c96290b4e7dae481a86eed4267775e2ec82c,2ec82c,2,双,小
2026-08-11 16:24:02,85255205,000000000514e425b2507d4614a492fb4a489ba768d2f0acc688592348f73608,f73608,8,双,大
2026-08-11 16:24:13,85255210,000000000514e42ac4392fe5548ac5bec1ec0f3c33176ae1b9e0880bc5187ccc,187ccc,7,单,大
2026-08-11 16:24:42,85255220,000000000514e434fee30ae98da6923eb62a32fccb281aced5534682e7570b06,570b06,6,双,大
2026-08-11 16:25:05,85255225,000000000514e439eea628f314e5629c4e7fcb78d1589426e4b1a47186b87245,b87245,5,单,大
2026-08-11 16:25:16,85255230,000000000514e43eb3c517a13d07202de1177d40f10ffbf3f0fc61129af34820,f34820,0,双,小
2026-08-11 16:25:45,85255240,000000000514e448e9ba6a4bd9d986dee2502e54851cd94a4c6107a82ead1618,ad1618,8,双,大
2026-08-11 16:35:16,85255430,000000000514e506b3ab110e52c1a70c21c271906f323e26e554688aa3f128e3,f128e3,3,单,小
2026-08-11 16:35:26,85255435,000000000514e50be0bc7db505bd3681054bcd5c84f42e355ac69c87e6e58803,e58803,3,单,小
2026-08-11 16:35:48,85255440,000000000514e510189ff559085a74e852ebee230319295f5b371f288f40d451,40d451,1,单,小
2026-08-11 16:35:59,85255445,000000000514e51518491cd75e97ba56194f2cc190a4f981c8f9244448d87f82,d87f82,2,双,小
2026-08-11 16:36:18,85255450,000000000514e51afec31b9297e936f7ebfd9624e32fc32cf6e8cea7463b0cec,3b0cec,0,双,小
2026-08-11 16:36:29,85255455,000000000514e51f19120aa6aecb08d1da1e8bd1dc55bbec440baa74ed052127,052127,7,单,大
2026-08-11 16:36:51,85255460,000000000514e5249907594ef971820ad45590eb0f438fbb8f130e002ba1d107,a1d107,7,单,大
2026-08-11 16:37:02,85255465,000000000514e5291fd61b2977d5129dc13c4b1070a8dca62300b859b416763b,16763b,3,单,小
2026-08-11 16:37:14,85255470,000000000514e52ecb84e4edd45abf7690e7ea10f32c9e38ffed4c648b786d97,786d97,7,单,大
2026-08-11 16:37:35,85255475,000000000514e533e2ba3f462a2b8e0171c9562e37134be17bd3080f130c3a67,0c3a67,7,单,大
2026-08-11 16:37:47,85255480,000000000514e538a3a3abae81902ad1d4430df22465b041d2043e49c791ec1e,91ec1e,1,单,小
2026-08-11 16:37:58,85255485,000000000514e53d6f4481978df99cbb1c0767791f57f119d3d90d0b26514751,514751,1,单,小
2026-08-11 16:38:21,85255490,000000000514e54202ae07d15cdba2d2dca624857a587b7f144e814287b79ccf,b79ccf,9,单,大
2026-08-11 16:38:32,85255495,000000000514e547020aeb49baeeefaf309a3632b2e99016618d0024b8fe2ed4,fe2ed4,4,双,小
2026-08-11 16:38:43,85255500,000000000514e54ced1deb18ff279ba245ff7545a66d2d6e7e9e5ebd2bd94c1d,d94c1d,1,单,小
2026-08-11 16:39:04,85255505,000000000514e5513da52a492854f827ff2f3903ab835cd9acca4b57d60e11f2,0e11f2,2,双,小
2026-08-11 16:39:15,85255510,000000000514e5560fd83fc7869e1fa5cc328c8a4a4829085e6099ef13021d8c,021d8c,8,双,大
2026-08-11 16:39:26,85255515,000000000514e55b2835e7a7ea59004b7394f802894f69463479b8c5a59a4458,9a4458,8,双,大
2026-08-11 16:39:48,85255520,000000000514e560594ba0ba6716ed007d7ceb69b9d79a9b888a6dba979161fa,9161fa,1,单,小
2026-08-11 16:39:59,85255525,000000000514e565b7124e75e76bfa469a63703b1860efd57b2c75239d0b466e,0b466e,6,双,大
2026-08-11 16:40:20,85255530,000000000514e56a402035a0e8db5175f5d49f62fae830b96698b04857ef264d,ef264d,4,双,小
2026-08-11 16:40:31,85255535,000000000514e56f5a48554cd96b74fe971a5dd5ed475767e04c51ed2314d299,14d299,9,单,大
2026-08-11 16:40:42,85255540,000000000514e57402f74b3d4ae040daf9af00029308a7ed834918566dc4b5a2,c4b5a2,2,双,小
2026-08-11 16:41:03,85255545,000000000514e579961828b00e1d02a2f7725d68195a7b6092071a362ed0d984,d0d984,4,双,小
2026-08-11 16:41:15,85255550,000000000514e57e91e3c9a2791dde12d865ba4cd57c7bb209ac421bc6e3d424,e3d424,4,双,小
2026-08-11 16:41:36,85255555,000000000514e58337962c695617209edd99616093b730bba1688c9d8dee22ff,ee22ff,2,双,小
2026-08-11 16:41:46,85255560,000000000514e588d698a76940980125df16f1f50ab57322cfdd4be1e98e5426,8e5426,6,双,大
2026-08-11 16:41:57,85255565,000000000514e58d4f4121a903f169aadb8813870528df7725224dea9eec6727,ec6727,7,单,大
2026-08-11 16:42:11,85255570,000000000514e5921b908310cb4f7af063a212fe751e11e9b4c46429922867c6,2867c6,6,双,大
2026-08-11 16:42:31,85255575,000000000514e597a74fbc897fbdc0f88041caa0816a2649a0de47b23bf588a0,f588a0,0,双,小
2026-08-11 16:42:42,85255580,000000000514e59c8333d37f63474bd1943c8826ea2cd83ab85982c52cd2c55a,d2c55a,5,单,大
2026-08-11 16:43:05,85255585,000000000514e5a1818059037c84cef6c831b3a66dc0a606e5b9f47a67fa3203,fa3203,3,单,小
2026-08-11 16:43:16,85255590,000000000514e5a6df7ae286c994c490903082aca7edb9d2e49f495037c4c7ca,c4c7ca,7,单,大
2026-08-11 16:43:27,85255595,000000000514e5abb2abf0450c0c9478b3c6e0296c4e4f7ae6322d30c47ee719,7ee719,9,单,大
2026-08-11 16:43:48,85255600,000000000514e5b0cee83d78022e3f538d53460526cc33b4e2d81891042992bc,2992bc,2,双,小
2026-08-11 16:43:59,85255605,000000000514e5b52002d7e64955d333cc9fb2b69e9067667a230cf6e6f3dfef,f3dfef,3,单,小
2026-08-11 16:44:19,85255610,000000000514e5baf9e5fb723bdfd6276cff5a1478b53d07bc8ae117de77a659,77a659,9,单,大
2026-08-11 16:45:46,85255640,000000000514e5d8ae564b2f3a2ff1b5e37d2c0266129f9fb94064bc12fcc47e,fcc47e,7,单,大
2026-08-11 16:46:07,85255645,000000000514e5dd8aa8e9cfcaaee7522ec1e8356b6e0a1036cfae0454abd850,abd850,0,双,小
2026-08-11 16:46:18,85255650,000000000514e5e2a7ad2673e3ddffb1939409205c699a06502393defe8c966c,8c966c,6,双,大
2026-08-11 16:46:29,85255655,000000000514e5e7d0b98887ca5f634fe57f5c570ea9c6ebe3c44bf18ff4c13b,f4c13b,3,单,小
2026-08-11 16:46:51,85255660,000000000514e5ecedef3430edd440237535883bef01e33c361f1ee732bc4018,bc4018,8,双,大
2026-08-11 16:47:02,85255665,000000000514e5f1a44ed372ed08d19ee588a6262c1c19d8da6f70c8be06d921,06d921,1,单,小
2026-08-11 16:47:13,85255670,000000000514e5f6ea5c2da71b74c2d2c771e0864b655821824c4fee927fcdd9,7fcdd9,9,单,大
2026-08-11 16:47:34,85255675,000000000514e5fba4969e920336c234d17be2bbe466f779abda640a17efa954,efa954,4,双,小
2026-08-11 16:47:45,85255680,000000000514e600ca6d739a640bb43de6aa2b6986d4f7eacde1d2a07ee05adc,e05adc,5,单,大
2026-08-11 16:47:56,85255685,000000000514e6053bac12a4757d080926aa362c4051e4449df35120a4ddd6cd,ddd6cd,6,双,大
2026-08-11 16:48:18,85255690,000000000514e60a3e4dceed647cd3b8cde73416ed6ee8e400dd4ed81709445d,09445d,5,单,大
2026-08-11 16:48:28,85255695,000000000514e60fac70f82f3e3ca68d14c8c44be3c005e23cbfccdbe88b08e3,8b08e3,3,单,小
2026-08-11 16:48:51,85255700,000000000514e614b29d650500ff74ef99285ef5cea70bc96ceb4eba0412f38d,12f38d,8,双,大
2026-08-11 16:49:02,85255705,000000000514e619cf9b97e2c84bb7fdab13ed064d4bf5f4fb328601d12bbdf6,2bbdf6,6,双,大
2026-08-11 16:49:13,85255710,000000000514e61ebb4d732cb6508428e92c7d87fb2ef535cd63ca75f3745e23,745e23,3,单,小
2026-08-11 16:49:34,85255715,000000000514e623a573cdc14b9fbd265294d27488fff2c4f43d76a65188c3c5,88c3c5,5,单,大
2026-08-11 16:49:44,85255720,000000000514e62815930183793aec46acabd4c1cd8b0cb7e85170e1ba96a263,96a263,3,单,小
2026-08-11 16:50:06,85255725,000000000514e62d43e0b7ba301f68a14c65783b8596d876b33079df53bae552,bae552,2,双,小
2026-08-11 16:50:16,85255730,000000000514e6321b53a20118b1d693c57cee73da07c30abef6569f2caf6dc7,af6dc7,7,单,大
2026-08-11 16:50:27,85255735,000000000514e637f0d423c7f8faa1dcfc7819febc22dee6608b9467ce344968,344968,8,双,大
2026-08-11 16:50:48,85255740,000000000514e63cef16c2cd3fb6e1e1630618312797642c0aae543a6bb974f7,b974f7,7,单,大
2026-08-11 16:50:58,85255745,000000000514e6411e7efead7ab993f431de8a69c1c5652e430efd55376ff8ed,6ff8ed,8,双,大
2026-08-11 16:51:20,85255750,000000000514e6467ccdeb9a7150349ae5631efef0b01582543424f6f20eacdd,0eacdd,0,双,小
2026-08-11 16:51:31,85255755,000000000514e64b8b40ada7967ec16c4d6a6f18f470587e35cb31db0aa4a747,a4a747,7,单,大
2026-08-11 16:51:52,85255760,000000000514e650c2cddc57b33888d7d3427a5b55667857ca45845f12ef64b0,ef64b0,0,双,小
2026-08-11 16:52:02,85255765,000000000514e6558458fa9c13a29326f372f18856a10a34dfefe14e61ce93f0,ce93f0,0,双,小
2026-08-11 16:52:13,85255770,000000000514e65ab524a5ef1b3ce189f7c2f7d3c56250000b4d2a797424a8e0,24a8e0,0,双,小
2026-08-11 16:52:35,85255775,000000000514e65fe1447066da249cba17c6344fda42139831f17c5ceb4057d0,4057d0,0,双,小
2026-08-11 16:52:46,85255780,000000000514e6648ba959e3eb3fd8548349f6d531c6f7e9b99e5a495fbc1826,bc1826,6,双,大
2026-08-11 16:52:57,85255785,000000000514e669170bb0d3f776f12f09c0b1871f4efc8df0bd9245b3d9bd18,d9bd18,8,双,大
2026-08-11 16:53:19,85255790,000000000514e66e5f77b935be05e1e7ddb83f6d250aebf284fac848e3d7c7c0,d7c7c0,0,双,小
2026-08-11 16:53:30,85255795,000000000514e673bd3886ec4570e1ebc3812a8d5c3f0216f845b8f0c9f5815d,f5815d,5,单,大
2026-08-11 16:53:41,85255800,000000000514e678e2ed241a80bee28ea4f21e984f53c23d1094649159af6b4b,af6b4b,4,双,小
2026-08-11 16:53:58,85255805,000000000514e67d9b6754c84bb982530b89b4ab991432e0ecff68964026182a,26182a,2,双,小
2026-08-11 16:54:20,85255810,000000000514e682a2aa395abba0cfbaf4dcaa00862e23dcfce2b44d4f9ebe58,9ebe58,8,双,大
2026-08-11 16:54:30,85255815,000000000514e6876335d419001524d600cdb087fbde9ef776e5bdbc92e6f82c,e6f82c,2,双,小
2026-08-11 16:54:41,85255820,000000000514e68cb23ee5c44fb243e7494125c87885ee1bb0f54b9d70579023,579023,3,单,小
2026-08-11 16:55:02,85255825,000000000514e691b535b0160931867e4446693977724bd01424e81e5d601f1f,601f1f,1,单,小
2026-08-11 16:55:13,85255830,000000000514e6963d3a25730ff83c3220efbd7cc855a13411d75c101ab7a00f,b7a00f,0,双,小
2026-08-11 16:55:34,85255835,000000000514e69b0e87f1e67ab4102fa32d65245fcc2d5851b80a9e9bb45a37,b45a37,7,单,大
2026-08-11 16:55:44,85255840,000000000514e6a00abc8d4e0320abafdc8368ee93af95e5a28065afd641f36d,41f36d,6,双,大
2026-08-11 16:56:02,85255845,000000000514e6a5aad5a18c433753e8138894b73d90c820909c7191ec4f856c,4f856c,6,双,大
2026-08-11 16:56:12,85255850,000000000514e6aa024d1274ef3bacd791439b32d4a06fc03651d8d4bc84e6f4,84e6f4,4,双,小
2026-08-11 16:56:34,85255855,000000000514e6af273859c0f7b9e56b81a9a5fe41d53f3f79cc614c49672590,672590,0,双,小
2026-08-11 16:56:45,85255860,000000000514e6b4445b510783b189300b43f4b8d5c62419c81036359b284a42,284a42,2,双,小
2026-08-11 16:57:28,85255875,000000000514e6c3e77e6f5d0c0640560201269e6643783f4c79d37f5a0ae3b5,0ae3b5,5,单,大
2026-08-11 16:57:41,85255880,000000000514e6c84efb0755182148500763ec2edd2526a9926c467054d4710a,d4710a,0,双,小
2026-08-11 16:57:59,85255885,000000000514e6cdcc8c7b92a9b8a9a4fd5d78e9c42e22d718d698f7c348413d,48413d,3,单,小
2026-08-11 16:58:12,85255890,000000000514e6d2bf5ccbb461fb87a38c467898dafb85da25cfa042dd19d9bb,19d9bb,9,单,大
2026-08-11 16:58:27,85255895,000000000514e6d7bed6b8a670fee9d70d75e298aecd9292c17483948e8ecbd4,8ecbd4,4,双,小
2026-08-11 16:58:42,85255900,000000000514e6dc29406354fc0aee6d321d08ac78c16feb47c0b81a78a508af,a508af,8,双,大
2026-08-11 16:59:00,85255905,000000000514e6e19232ae478a3c236efd1ad391f04cbc0e00535ad49934ea60,34ea60,0,双,小
2026-08-11 16:59:12,85255910,000000000514e6e6158fbc65663e898ed9e2e4a320df1b1a5f41a8d88bb4e406,b4e406,6,双,大
2026-08-11 16:59:27,85255915,000000000514e6eb70ead4a0c900b738dfa7a29aa4e15a8254f610ac9cce4140,ce4140,0,双,小
2026-08-11 16:59:42,85255920,000000000514e6f02a59cb58dbbf92fc6e3371e6559488ae35a096d9408b9848,8b9848,8,双,大
2026-08-11 16:59:56,85255925,000000000514e6f5e19e0c6c195c7a6d4a1582b3404b784a23583de2a4e7d6ad,e7d6ad,6,双,大
2026-08-11 17:00:15,85255930,000000000514e6fabf17612e230ce187804b6e4e33dfc169b3a51e2accc0f734,c0f734,4,双,小
2026-08-11 17:00:30,85255935,000000000514e6ff281bf102eea4767b594807e126d3b89cc1d8541d3e821a94,821a94,4,双,小
2026-08-11 17:00:42,85255940,000000000514e704522ffa8be14e49e387a0d25f0c1bbf3d475ceab142d7a970,d7a970,0,双,小
2026-08-11 17:01:00,85255945,000000000514e7099f0a24566ec8491db72d999bf294ea2f0542517ea366517b,66517b,7,单,大
2026-08-11 17:01:14,85255950,000000000514e70e0b0c0dcd6fdfc186bc97bd4e552f9b9882385efb7fd8e49e,d8e49e,9,单,大
2026-08-11 17:01:28,85255955,000000000514e7139e32e65a56391c0cb38363341c1b5705499c94d339836650,836650,0,双,小
2026-08-11 17:01:43,85255960,000000000514e718593651763b6a94a346615ab165732f0677890e987ddadd25,dadd25,5,单,大
2026-08-11 17:02:28,85255975,000000000514e7271901cb8475f0e6af8355fc723191d697a1179ef13cf154a6,f154a6,6,双,大
2026-08-11 17:02:43,85255980,000000000514e72c8b9a672ce63b189a950efe770234c3324e11138060a8282a,a8282a,2,双,小
2026-08-11 17:02:57,85255985,000000000514e73114af57a98777d2c260f435cfa3f1d1f5e31ba12584e824e8,e824e8,8,双,大
2026-08-11 17:03:12,85255990,000000000514e736568837ed7f9e197e5040bbf7a3dc5b2e70e4181d998870a7,8870a7,7,单,大
2026-08-11 17:03:28,85255995,000000000514e73bcb62bb6e445730bd4fd88e0b4a3e30e75cca0a7ae53088a2,3088a2,2,双,小
2026-08-11 17:03:41,85256000,000000000514e7407252f246f1645bba81c5dd781c74a330e2f129c00bf8eb3e,f8eb3e,3,单,小
2026-08-11 17:03:59,85256005,000000000514e745dab4b46658807817ae1a3dedc885d0a7b067cb6533d4fe35,d4fe35,5,单,大
2026-08-11 17:04:13,85256010,000000000514e74ae4400ad2dc76c53772f63ab5fe3f46d452c2b81a76050af8,050af8,8,双,大
2026-08-11 17:04:27,85256015,000000000514e74f2d609a9a300dd00b1844ac0395aef2978ece15271af9c0f2,f9c0f2,2,双,小
2026-08-11 17:04:43,85256020,000000000514e75407d69e851055a40dbd937b1ee7475ff212a4eff5f2b96888,b96888,8,双,大
2026-08-11 17:04:55,85256025,000000000514e759a94f8bfecafa7a9f3b6c4cbf0ab4f0978e0e9af9fccea6ba,cea6ba,6,双,大
2026-08-11 17:05:15,85256030,000000000514e75e177e82b6a246f76c324cb260510022cadcbc493684bf04a0,bf04a0,0,双,小
2026-08-11 17:05:26,85256035,000000000514e763e114b95d9ffe8eca12e3142db3453a56158172967196f522,96f522,2,双,小
2026-08-11 17:05:44,85256040,000000000514e7685bf7e98d966556b7a869d5cadae8e2b789ee0c4fed75f034,75f034,4,双,小
2026-08-11 17:05:58,85256045,000000000514e76d69d8455c38e4fb8870f78a1c052bcec8795018162b7a2180,7a2180,0,双,小
2026-08-11 17:06:14,85256050,000000000514e772052fc917760b35fbea0c669c821ffc2c9a39131daddf8586,df8586,6,双,大
2026-08-11 17:06:28,85256055,000000000514e77702f7e420e9be8139019d18ebd15d641be2c023bd19728292,728292,2,双,小
2026-08-11 17:06:43,85256060,000000000514e77cab6fc101427b78b5e55a2346588fba5802916c944be00f6d,e00f6d,6,双,大
2026-08-11 17:06:57,85256065,000000000514e78183ea82ac2bf7bbc0f134cb469e38b3eac0072e4224eeca64,eeca64,4,双,小
2026-08-11 17:07:13,85256070,000000000514e78682d467ebb226bb4be3434b6f31d10b6f5698e83798c84f90,c84f90,0,双,小
2026-08-11 17:07:27,85256075,000000000514e78b9cb820d205e6d69431a0e0ad7acc0fa47e812713a2ed4cf8,ed4cf8,8,双,大
2026-08-11 17:07:42,85256080,000000000514e79029c611b26ee2ee2752767d42cf9eb277605fe43882006985,006985,5,单,大
2026-08-11 17:07:58,85256085,000000000514e795978afc8c4b169489cda63f594ac72fc6bcb99612c58b95ba,8b95ba,5,单,大
2026-08-11 17:08:12,85256090,000000000514e79a527d933992fae5843c131f06fb8b17e204236ba3e4fcc11d,fcc11d,1,单,小
2026-08-11 17:08:26,85256095,000000000514e79ff5e528413b748e253603517a00cad3e74aa1c19cc4b359ab,b359ab,9,单,大
2026-08-11 17:08:43,85256100,000000000514e7a427839f73ef0f78cd3ecabbb7ada90c8118fbe06f04bf05c7,bf05c7,7,单,大
2026-08-11 17:08:57,85256105,000000000514e7a9cfde157e06a01420ffe93633c7402d0379392c399770e983,70e983,3,单,小
2026-08-11 17:09:18,85256110,000000000514e7aecbbb48145aa36d54520fc049602a6a05171aba53811be0ab,1be0ab,0,双,小
2026-08-11 17:09:28,85256115,000000000514e7b32d677473594ae2b5c9e5dbeed3fdf5c4326f21d4f7e6e0bc,e6e0bc,0,双,小
2026-08-11 17:09:41,85256120,000000000514e7b86c8d7cefb4ab47fa5bfc0482b7ba34627d8862540630be8c,30be8c,8,双,大
2026-08-11 17:09:57,85256125,000000000514e7bd3192c8593347ab80aeb67e1a875b86325e5e2262e9871861,871861,1,单,小
2026-08-11 17:10:15,85256130,000000000514e7c22873ace999d9a9bd13337c6f742a367d391d14d12eacb552,acb552,2,双,小
2026-08-11 17:10:28,85256135,000000000514e7c7d00d0d536779b88e19f74b45c4455a086d0ec6e64b573fbd,573fbd,3,单,小
2026-08-11 17:10:51,85256140,000000000514e7ccc72f5a85b35043686e32b36ad518c784b891e94889282d4f,282d4f,4,双,小
2026-08-11 17:10:59,85256145,000000000514e7d1efbcf46c3e241c4d39285a296e8c74ae1ea42180a5576753,576753,3,单,小
2026-08-11 17:11:11,85256150,000000000514e7d6bd673674b56b0583147a80207ed21169e792fa5698326ff0,326ff0,0,双,小
2026-08-11 17:11:30,85256155,000000000514e7dbbd830ce5062948010d26e1c98248b91fd9c12df3d0ea2d5b,ea2d5b,5,单,大
2026-08-11 17:11:43,85256160,000000000514e7e093b5ed9bcc9c243c90bdebcabc1b819a37241920c61a9321,1a9321,1,单,小
2026-08-11 17:11:57,85256165,000000000514e7e55a96dd996c45c8d31e8f3b997a7a4edb11e8028c394842ad,4842ad,2,双,小
2026-08-11 17:12:13,85256170,000000000514e7eadef6adc56b89bce6bba1100e0535efed9df9057fa2dd5105,dd5105,5,单,大
2026-08-11 17:12:27,85256175,000000000514e7ef9e99c380a1ad65e59c317605bf34ff1bf61e2d8dae9a5175,9a5175,5,单,大
2026-08-11 17:12:42,85256180,000000000514e7f42cd58852be7c4457720e51688280f8f7d944cd3806fe7565,fe7565,5,单,大
2026-08-11 17:13:00,85256185,000000000514e7f9acd89e603d24bac3cdea0485a99ca93ba5313ac2d2d328f3,d328f3,3,单,小
2026-08-11 17:13:13,85256190,000000000514e7fe535fd96fc13e0314cb8584f8672f057a6734f0fad4dbe66b,dbe66b,6,双,大
2026-08-11 17:13:28,85256195,000000000514e8033ad9e8fc05c01964490464bf96c8de23b78c487b8a0a4f7e,0a4f7e,7,单,大
2026-08-11 17:13:44,85256200,000000000514e8081edf991333cb10fec593ec95c47ba3ff840cf9613f0aa55d,0aa55d,5,单,大
2026-08-11 17:13:57,85256205,000000000514e80d0da080fbcd48a29945efdd716dcd56b3ad5378864e1ce3bb,1ce3bb,3,单,小
2026-08-11 17:14:13,85256210,000000000514e812cf651cdc82b78720c4d91a0756eeccd364571f57f1d0acb6,d0acb6,6,双,大
2026-08-11 17:14:28,85256215,000000000514e8178319861582de98741c1e0eff2b6a8347f1edde337fcb15cb,cb15cb,5,单,大
2026-08-11 17:14:43,85256220,000000000514e81ca4309b54b539ace60396d16c360a26a574b926a239fa4abc,fa4abc,4,双,小
2026-08-11 17:14:58,85256225,000000000514e821c295da9a2add30cd8c7663493e6c00b2eccdd404fd796236,796236,6,双,大
2026-08-11 17:15:13,85256230,000000000514e826a5acee9c7d03021ab03487d5c0c544e17c04b476434913cf,4913cf,3,单,小
2026-08-11 17:15:28,85256235,000000000514e82b26bdd2abb8cee8de1d0f608a5f974f0d38a053c386f12fd8,f12fd8,8,双,大
2026-08-11 17:15:45,85256240,000000000514e8309ed4e8c41c1f13fd063f352243cf46fc27cc645cc5c75175,c75175,5,单,大
2026-08-11 17:15:57,85256245,000000000514e8354fda1a8f8cb323121110e71cd2530767a043181501adf45d,adf45d,5,单,大
2026-08-11 17:16:13,85256250,000000000514e83afec8972521bf6a868f763b6ecbe51fe81619dcddbcef14fb,ef14fb,4,双,小
2026-08-11 17:16:27,85256255,000000000514e83fd74035846bd3247fd837a405488462fc2b50c1585c48abdf,48abdf,8,双,大
2026-08-11 17:16:43,85256260,000000000514e844436fdb7b19ba1e80e1be758364b632ec809e4084707dc6aa,7dc6aa,6,双,大
2026-08-11 17:16:59,85256265,000000000514e8495fb7a401f20a2a1f30c312c925353a283bee9c9924280ccb,280ccb,0,双,小
2026-08-11 17:17:11,85256270,000000000514e84eeb4a9612b517dafe7d2f48bd6978405c3c8803811cd8840c,d8840c,0,双,小
2026-08-11 17:17:27,85256275,000000000514e85327d2ef49a37a44b4fca833e0ffe9ce5158e93f4559141ed3,141ed3,3,单,小
2026-08-11 17:17:43,85256280,000000000514e85816e126510734edfe38658a63de715a8b4d042228fc75647f,75647f,7,单,大
2026-08-11 17:17:57,85256285,000000000514e85dbd1217cb7afd24865346049d5de895817c1207e4a616f5a0,16f5a0,0,双,小
2026-08-11 17:18:13,85256290,000000000514e8628f357c8740d0674f29eb991ef1d7dab5732c9e4bd1b07f3c,b07f3c,3,单,小
2026-08-11 17:18:28,85256295,000000000514e867d0a4286623560b24244f6da5b917327580aafde62f5afa8e,5afa8e,8,双,大
2026-08-11 17:18:44,85256300,000000000514e86cd899e9354c1861d96ab1fa6c4a3eb9a71c858e5f28952d1f,952d1f,1,单,小
2026-08-11 17:18:58,85256305,000000000514e87137315f3757276d037d2323de9600628f5e363abfa5c0ac27,c0ac27,7,单,大
2026-08-11 17:19:13,85256310,000000000514e87646ecd50f71cf84f6410ab1fb0373b3433d5f77baf13fc3db,3fc3db,3,单,小
2026-08-11 17:19:29,85256315,000000000514e87bd7fd23ad7df6de0e0857097a5b9106309f3ca4cfb350f168,50f168,8,双,大
2026-08-11 17:19:44,85256320,000000000514e880b5cb04c1a9a61c5a4b14b17391b14ad8040670bc9a247ad9,247ad9,9,单,大
2026-08-11 17:19:58,85256325,000000000514e8855b0bd258411dcd8ca4f49a7bd15ab289142e6ed82905f748,05f748,8,双,大
2026-08-11 17:20:13,85256330,000000000514e88ab1d43c0c0555a959f6cb23c56b51613f7aed7e0abd12e73f,12e73f,3,单,小
2026-08-11 17:20:27,85256335,000000000514e88ff1c1254a6baae772cbdd98bee01cbafedf15a8398fdbe880,dbe880,0,双,小
2026-08-11 17:20:43,85256340,000000000514e894e2b0963fbc65ab6abc946cc3d46e59c2edf85faaeae025ce,e025ce,5,单,大
2026-08-11 17:20:57,85256345,000000000514e899a9646f5611503ca2eb788f0fd27a33cb31467ddacb3f9ac8,3f9ac8,8,双,大
2026-08-11 17:21:12,85256350,000000000514e89e4a259410a82ccee5985877cac324c8e938af63fdef8f0278,8f0278,8,双,大
2026-08-11 17:21:30,85256355,000000000514e8a3a4cc84f9e90fdbde692fe03956ca43669ce567d1570118e2,0118e2,2,双,小
2026-08-11 17:21:42,85256360,000000000514e8a80cb2e663c4a6873b5dc5db2f5b6362fa119bcfaa2964590b,64590b,0,双,小
2026-08-11 17:22:03,85256365,000000000514e8addcbbb392b28b7c2775e49466107065a2b2f8db9c72d54b7f,d54b7f,7,单,大
2026-08-11 17:22:14,85256370,000000000514e8b2dd53b1a86f3da10fc91a96d22143a69f449ca81eacc0120e,c0120e,0,双,小
2026-08-11 17:22:27,85256375,000000000514e8b7cd8a7670f920e9957ac99e4df7b1bb5c9771a599fc1a4c4f,1a4c4f,4,双,小
2026-08-11 17:22:42,85256380,000000000514e8bcce98f7e9bf96ec4726105f8b1ce2d54fb80ae7983362fce2,62fce2,2,双,小
2026-08-11 17:22:58,85256385,000000000514e8c19a860045f23d2e74ff6d6e91fbbafc95d6914206135d29e5,5d29e5,5,单,大
2026-08-11 17:23:12,85256390,000000000514e8c63c61574ff2d42cb0a815c3994c6dc726f035c1445b7f19be,7f19be,9,单,大
2026-08-11 17:23:28,85256395,000000000514e8cb7d940159c36ad4a1c28c135554d7978e969e0c7ee7fd6d09,fd6d09,9,单,大
2026-08-11 17:23:52,85256400,000000000514e8d07c5b6eaebccf13ce5e18501bc20c89b7263d204ab0aab5b2,aab5b2,2,双,小
2026-08-11 17:23:57,85256405,000000000514e8d5c62a2e7743dfdc024d01752a857a473cafe80f1826dbc25d,dbc25d,5,单,大
2026-08-11 17:24:13,85256410,000000000514e8da2b2a659a51c46ef1ccba7e62314047bab9c308653e6b8bbc,6b8bbc,8,双,大
2026-08-11 17:24:26,85256415,000000000514e8df619301e42df8adefa181bedae4169a2d8540a27b2a17bb39,17bb39,9,单,大
2026-08-11 17:24:59,85256425,000000000514e8e9b960880a23ed32c6c2c4ab4e041f7338377538a9fe33fdc8,33fdc8,8,双,大
2026-08-11 17:25:13,85256430,000000000514e8eef73ea0d755c15add46d6675bece74ec20977127217f42518,f42518,8,双,大
2026-08-11 17:25:28,85256435,000000000514e8f318b3537589ab34941291928e53845818addfeafeec837504,837504,4,双,小
2026-08-11 17:25:44,85256440,000000000514e8f83e184af5761f81b644ee0705f8ec061ef3611b31bd41cc5d,41cc5d,5,单,大
2026-08-11 17:25:58,85256445,000000000514e8fdae815d13e17b96ab750259e3d736a4a7c011740ae95ae5b1,5ae5b1,1,单,小
2026-08-11 17:26:12,85256450,000000000514e902580f8888acdb84a328ebaca8fba41cb8a48c5d8f88cc16d6,cc16d6,6,双,大
2026-08-11 17:26:28,85256455,000000000514e907bae2ea946f5d8e127b6381d5953ab0d188f01865913caa82,3caa82,2,双,小
2026-08-11 17:26:45,85256460,000000000514e90c76d46468c438978ad02135d71176d5aeea93c11bdae39330,e39330,0,双,小
2026-08-11 17:26:57,85256465,000000000514e9118342858fdece9888524ffba4797721944182dc7d7e225247,225247,7,单,大
2026-08-11 17:27:13,85256470,000000000514e916abc30e883431aac9cebd5019d8d83a2c4040200dbf0d47dd,0d47dd,7,单,大
2026-08-11 17:27:27,85256475,000000000514e91b54eb2a72d5855090a1667f56477dddf49f64a3576d37f92c,37f92c,2,双,小
2026-08-11 17:27:42,85256480,000000000514e920b499ec1b009bb7205e6c670252cbf0592ac8a9306172b2a6,72b2a6,6,双,大
2026-08-11 17:27:58,85256485,000000000514e9251c627715898149af070437b1ee9e27daf0c708a27f78e9eb,78e9eb,9,单,大
2026-08-11 17:28:15,85256490,000000000514e92ac27b50dc33fe0c6360e22185925f7e10159c9047b9630ff0,630ff0,0,双,小
2026-08-11 17:28:26,85256495,000000000514e92fdf01e748e8c0073cbffc26121fddcf5b72f5ddbec90dbb02,0dbb02,2,双,小
2026-08-11 17:28:43,85256500,000000000514e934d43d299094b82a077517e3710fffe92e96a781e6758733ec,8733ec,3,单,小
2026-08-11 17:28:58,85256505,000000000514e939c385a9c90cb5006acfe71c16a2625f7e2fe986afc5e9b12e,e9b12e,2,双,小
2026-08-11 17:29:15,85256510,000000000514e93ee213c94097629561e3ea84ecbbf0bfc8d8ba14fdf77605a0,7605a0,0,双,小
2026-08-11 17:29:26,85256515,000000000514e94313bfca14044210e43d7ef3a9936f06e42b4afc4817f195af,f195af,5,单,大
2026-08-11 17:29:51,85256520,000000000514e9486c96dfc1209ca7c0dbd03d4a69df1ba34f9a9fadbd0caa3d,0caa3d,3,单,小
2026-08-11 17:29:58,85256525,000000000514e94d52a60c1135253e9b749357032e0fcc6ea5cea5f0a6005446,005446,6,双,大
2026-08-11 17:30:14,85256530,000000000514e9527f44de5c97128c95f640679376dd34aef1907f19d5d6cdb3,d6cdb3,3,单,小
2026-08-11 17:30:27,85256535,000000000514e9577ee56f584258b3f4fc3e37fed9b0241f53ca5c2be489d9bf,89d9bf,9,单,大
2026-08-11 17:30:42,85256540,000000000514e95c1b2fa1a3f90c49f2e0ef930747bdfa1095cb03837b622ecb,622ecb,2,双,小
2026-08-11 17:30:57,85256545,000000000514e961513ff60ddfa27ed494db3a7aaeea9ede9540b5b5a109c57e,09c57e,7,单,大
2026-08-11 17:31:14,85256550,000000000514e96608fd5d18a14a80ca6bae00b010625cdf5ba24753bd7a0c36,7a0c36,6,双,大
2026-08-11 17:31:27,85256555,000000000514e96b3d2378e0825102e39a1b313ce63c5dff937d744d265aafdd,5aafdd,5,单,大
2026-08-11 17:31:46,85256560,000000000514e970b9cc69a8f16d6d09fece1c7c86b8ae1ad5a059f236e08fad,e08fad,8,双,大
2026-08-11 17:31:59,85256565,000000000514e9758a9553e7cda780cb6cc3e0812ad33845b44fd539595cada3,5cada3,3,单,小
2026-08-11 17:32:13,85256570,000000000514e97aad339f6fc464b70a7d7faa3f98193397e86ef42fceb74646,b74646,6,双,大
2026-08-11 17:32:26,85256575,000000000514e97f19a7dddc77cae5a999bfa1fbecd7f8e28b18e95d8985dae9,85dae9,9,单,大
2026-08-11 17:32:45,85256580,000000000514e9842273ae35618d0d86f68218797bf3992da671ed2031a35acf,a35acf,5,单,大
2026-08-11 17:33:03,85256585,000000000514e9895499d374bd2cc3dabaa714c9d1d8a4502ae49efeb00f8938,0f8938,8,双,大
2026-08-11 17:33:14,85256590,000000000514e98ed874c1ab7ea9ca418e4549c38b001df8d7ad866a8d60c4f0,60c4f0,0,双,小
2026-08-11 17:33:28,85256595,000000000514e9933b75fe3c6b7240f7d1e8ac81ae5642b1544f7aa3839ccab4,9ccab4,4,双,小
2026-08-11 17:33:44,85256600,000000000514e998ff64c7687f126b98dbe353e1b9f05d7a39c02f2f7f8a643d,8a643d,3,单,小
2026-08-11 17:33:57,85256605,000000000514e99d27b8378d29fbeabe7458e6165d1e40de1ff2c2291ea62127,a62127,7,单,大
2026-08-11 17:34:13,85256610,000000000514e9a2c924f8542cb7da33c1efdb5e3c465d1c19cd723b5ffb88ae,fb88ae,8,双,大
2026-08-11 17:34:27,85256615,000000000514e9a7a8b77fa461975bc656a2e16e2e24385ebde56b46811c5c54,1c5c54,4,双,小
2026-08-11 17:34:43,85256620,000000000514e9acb412748c41b3b07c4fa5271f0eb54704355401891afb07de,fb07de,7,单,大
2026-08-11 17:34:57,85256625,000000000514e9b130d945b806dad1dff4103787fe66429a69ecf05ff07e0762,7e0762,2,双,小
2026-08-11 17:35:13,85256630,000000000514e9b62d659935a674d128a8e701087668cf21b0d7556ac64dceef,4dceef,4,双,小
2026-08-11 17:35:27,85256635,000000000514e9bb9a36c312aba6e7419d67444e5cb96be2b7cfedadd28fafed,8fafed,8,双,大
2026-08-11 17:35:44,85256640,000000000514e9c02db279f5caf656bd176d12ef1e7380395471323242449a82,449a82,2,双,小
2026-08-11 17:35:59,85256645,000000000514e9c5df5019a09dd4a5088701d6142efc9e2521c8c1c1f3f71826,f71826,6,双,大
2026-08-11 17:36:15,85256650,000000000514e9caaccc7ebc1806f346ade29adf9d0b8d68fb3de91c339651e4,9651e4,4,双,小
2026-08-11 17:36:27,85256655,000000000514e9cfdeedb8391ffb92a5afb80cd678915bf63f4a2f61e27f505a,7f505a,5,单,大
2026-08-11 17:36:44,85256660,000000000514e9d4aff3dc8f9f362a2743234bb35bc1f3429efc70a4081da908,1da908,8,双,大
2026-08-11 17:36:57,85256665,000000000514e9d9c92b51c1abf6f1ea7814faaacfe3da014c6bd3cda78524b4,8524b4,4,双,小
2026-08-11 17:37:13,85256670,000000000514e9de386fd07f3530f8506f3289e5a643dba736804c3c4f12ca08,12ca08,8,双,大
2026-08-11 17:37:27,85256675,000000000514e9e37322b80ed9b778f8153e51571d9b2a611e54b926da19c520,19c520,0,双,小
2026-08-11 17:37:43,85256680,000000000514e9e83db6ce8baa7810a321695551f36e9cea28ff854b6ac5b3d7,c5b3d7,7,单,大
2026-08-11 17:37:59,85256685,000000000514e9edc9a228b1742bfc88375494c6db6a7d8bcd95a54f525f0aaa,5f0aaa,0,双,小
2026-08-11 17:38:12,85256690,000000000514e9f29549986bef6aef74af2c76ba616b15ef77f9e9b7e7ce6834,ce6834,4,双,小
2026-08-11 17:38:25,85256695,000000000514e9f7acfc966dfacd9296e3040bd656df3e1fb65d5c70187b36df,7b36df,6,双,大
2026-08-11 17:38:43,85256700,000000000514e9fc9e01bea5df3dac0435bb88a4cc480ff397056ee456ba78b4,ba78b4,4,双,小
2026-08-11 17:38:57,85256705,000000000514ea019eef9c0e904cef9ff816a439be5cde9cf08e6ae74c848fd1,848fd1,1,单,小
2026-08-11 17:39:12,85256710,000000000514ea060d2adb1285482b5a38dff8e111128c9d9597b51f0f203047,203047,7,单,大
2026-08-11 17:39:27,85256715,000000000514ea0b0b450f2d91bbcb4a4fd5be66a4528b568eb7cb330dc0393b,c0393b,3,单,小
2026-08-11 17:39:42,85256720,000000000514ea10cf791b625e35cef371dbd834ff813dcf065496edb991a0c2,91a0c2,2,双,小
2026-08-11 17:39:58,85256725,000000000514ea158d24e0e0a8710f92106ea058877456eed68849fe0c6f230a,6f230a,0,双,小
2026-08-11 17:40:13,85256730,000000000514ea1ae8f1b3b44c6e142d40d7174935dd4c73a100861bb7377455,377455,5,单,大
2026-08-11 17:40:28,85256735,000000000514ea1fc076b8325cc90ccce1b96a3bd2fd8f160689040a6d3bc08f,3bc08f,8,双,大
2026-08-11 17:40:43,85256740,000000000514ea24c61ffec5d92774d90226c943e7a1bebb81ae1e8f319d455a,9d455a,5,单,大
2026-08-11 17:40:58,85256745,000000000514ea29603a231f39bcdcc51a6852bf1f1916bf4bcadb7a9ae61cba,e61cba,1,单,小
2026-08-11 17:41:14,85256750,000000000514ea2ec032d492fb0e231a05f7650957c69ab6bd93628dc310ec67,10ec67,7,单,大
2026-08-11 17:41:27,85256755,000000000514ea330a8da4866e620097469b7712fa0dd4e15010396c20a04908,a04908,8,双,大
2026-08-11 17:41:42,85256760,000000000514ea38f4c119377f991d2a35e28fdaef8949841fd6f4656022dbf5,22dbf5,5,单,大
2026-08-11 17:41:57,85256765,000000000514ea3d474824b4305e935158b406ff8dd7593232dce84e626ecc1e,6ecc1e,1,单,小
2026-08-11 17:42:12,85256770,000000000514ea4208ba3e3a394e5aca8a0f0e0ed091d4fee11dbb9c2aae7816,ae7816,6,双,大
2026-08-11 17:42:31,85256775,000000000514ea471161412f0356af9b72d90bc08062979057b227a5791a3913,1a3913,3,单,小
2026-08-11 17:42:45,85256780,000000000514ea4cfdc41b192a2b73e3d98319465fd91bf8555404b442a1b430,a1b430,0,双,小
2026-08-11 17:42:57,85256785,000000000514ea514b2bc5c2fdcbc496a5c5cbb580a18b05a1811d6c8a6d9df5,6d9df5,5,单,大
2026-08-11 17:43:15,85256790,000000000514ea56e829f43ba39d7748816dc8cebadd414015c695a5f8b6f9fe,b6f9fe,9,单,大
2026-08-11 17:43:28,85256795,000000000514ea5b9b6d27f0fcd8964e1a41566fdf4b26bbb90e9f54adb3eeca,b3eeca,3,单,小
2026-08-11 17:43:45,85256800,000000000514ea60770a1095b8f55f01dedf26357c2e9a094df012e198383cfb,383cfb,3,单,小
2026-08-11 17:43:57,85256805,000000000514ea650533ea89e12f5776c7029108d410f352a7239880ddf5e1b9,f5e1b9,9,单,大
2026-08-11 17:44:11,85256810,000000000514ea6a2e0f78a63fbba15836fa7b5117e8c1261a39b79aea26b7f1,26b7f1,1,单,小
2026-08-11 17:44:28,85256815,000000000514ea6fcdb9cab39a37a3a3bc46a4d323ff07a3c04f5db928ff5abe,ff5abe,5,单,大
2026-08-11 17:44:42,85256820,000000000514ea742717f6a7a74ff9ca7f231e39b361b0f02d6dd1003719262d,19262d,2,双,小
2026-08-11 17:44:57,85256825,000000000514ea792c636858eba133eff98d3cda742b7ca94edd3f6254f18828,f18828,8,双,大
2026-08-11 17:45:12,85256830,000000000514ea7ef80a6cb8e7bf54d66bfb47a81fea1afee1f3157c3254bcdf,54bcdf,4,双,小
2026-08-11 17:45:30,85256835,000000000514ea8384b96ee1e8682640771699b1003748236ef72281312aca63,2aca63,3,单,小
2026-08-11 17:45:42,85256840,000000000514ea88c92f087cdbe609b63b1e043bdc6b057678aa26cfcdc59c48,c59c48,8,双,大
2026-08-11 17:45:58,85256845,000000000514ea8d9e0547aac1e76a6f950ac44312c06184c39ae95ed9bcaa99,bcaa99,9,单,大
2026-08-11 17:46:13,85256850,000000000514ea92fc28c27312e3ba8a9f049978763dc370c285a52862e05e11,e05e11,1,单,小
2026-08-11 17:46:28,85256855,000000000514ea974fb9370c3201664f10bbaeb5438db6368d4d0ba6e05ca16c,5ca16c,6,双,大
2026-08-11 17:46:45,85256860,000000000514ea9cbaf65ab1d6ddc4c9f57101bb90ab15d738ce99d9d1aece8f,aece8f,8,双,大
2026-08-11 17:46:58,85256865,000000000514eaa1ee81f827ae87b811f0588e3cf1779fc9f941de4473e7f20a,e7f20a,0,双,小
2026-08-11 17:47:14,85256870,000000000514eaa6a1a8c706dcaaedeb94794843f50e00c473bfb3c30796a9aa,96a9aa,9,单,大
2026-08-11 17:47:28,85256875,000000000514eaabf52bd631bc66d9cf161cbae0223f5d90bb06a4f0ef89a809,89a809,9,单,大
2026-08-11 17:47:43,85256880,000000000514eab02a9001bb53d699e181936481a99f89f6ab1a98f83e8a77af,8a77af,7,单,大
2026-08-11 17:47:57,85256885,000000000514eab5e5daf805df6efb6370c424fbfd2009c5fe21b576acb3d5a9,b3d5a9,9,单,大
2026-08-11 17:48:13,85256890,000000000514eabad5d31ff1d7ad902b1972879faa9e7ce9c4911081bfb9c0ae,b9c0ae,0,双,小
2026-08-11 17:48:26,85256895,000000000514eabfe88e18ad09b005d2e8b185c2e7eaac7bd2794b0e354b7657,4b7657,7,单,大
2026-08-11 17:48:45,85256900,000000000514eac48aa1ff7a6ea85f0d6f5826bea1f506d5ec0493c65f9e9505,9e9505,5,单,大
2026-08-11 17:48:56,85256905,000000000514eac96896bce619078c14021d1ba074881c49ceeaa6a6072df472,2df472,2,双,小
2026-08-11 17:49:14,85256910,000000000514eace8d844f0e3a5ddf42f07b27fa992d5709a24f9ac4bbddc5a8,ddc5a8,8,双,大
2026-08-11 17:49:28,85256915,000000000514ead351ab645be6b89db254ddc8409680c1f9759d57ff2eb793a7,b793a7,7,单,大
2026-08-11 17:49:42,85256920,000000000514ead89122f6f8bf9a47cf09386d8e2eba38258b509608bf6fa5d5,6fa5d5,5,单,大
2026-08-11 17:49:58,85256925,000000000514eadd4a4ad84c9f8da601bc66d38ad20e6201379cd5981f5d31e7,5d31e7,7,单,大
2026-08-11 17:50:12,85256930,000000000514eae2890875b92e3618b0f41464cd53eaca94746465fb4e33b36d,33b36d,6,双,大
2026-08-11 17:50:26,85256935,000000000514eae7c73577716d45856f9e36efa15933e4cf7d995694f3cdc40a,cdc40a,0,双,小
2026-08-11 17:50:43,85256940,000000000514eaec1f6c055848c10600d652845fc0b849cc8788a56aa18cc537,8cc537,7,单,大
2026-08-11 17:50:56,85256945,000000000514eaf13484e091ac3c38b76cad336fb96caba5e1af81dc96321635,321635,5,单,大
2026-08-11 17:51:13,85256950,000000000514eaf65fd400fabb72576d58a05b64a9ae88309b1bbd022815aaa1,15aaa1,1,单,小
2026-08-11 17:51:26,85256955,000000000514eafb7cfbdccd88852e8339006120dba4ab88c332dd24c1d39a09,d39a09,9,单,大
2026-08-11 17:51:43,85256960,000000000514eb00108e57027cd0acc15b18757a3c684404914866e8e79f4c48,9f4c48,8,双,大
2026-08-11 17:51:57,85256965,000000000514eb056c1d37e30660f6f61bbe2f773501f9653a599091952aaecb,2aaecb,2,双,小
2026-08-11 17:52:14,85256970,000000000514eb0a64c5d7ad4037bad5f48beb1994c48b89493867446f5b7330,5b7330,0,双,小
2026-08-11 17:52:28,85256975,000000000514eb0f1f903544b5829cfe161dfb8f78be3e87edee0c98cb591ba0,591ba0,0,双,小
2026-08-11 17:52:43,85256980,000000000514eb1436e44ffc0cbffe2b64ffa0fe24b0f0d4ce93396fc27708ff,7708ff,8,双,大
2026-08-11 17:52:58,85256985,000000000514eb1927796db06737bb1839da0df9bb0f2502fb809bd1cbb43545,b43545,5,单,大
2026-08-11 17:53:13,85256990,000000000514eb1e04290f02c42a1ad350cf59968dbbf0869912d091da3db636,3db636,6,双,大
2026-08-11 17:53:26,85256995,000000000514eb23ec18f43cecd9e3594be9b2f1a228a5b7b068c8cf372fe513,2fe513,3,单,小
2026-08-11 17:53:45,85257000,000000000514eb286c68ce5510af4b945cca69bf13347bce48b349a78449bf03,49bf03,3,单,小
2026-08-11 17:53:56,85257005,000000000514eb2d57f635c605edd72d0e3dcddf66fc301ac850b344541eb242,1eb242,2,双,小
2026-08-11 17:54:15,85257010,000000000514eb3249f71d16d9a05feb9a98ef784f2fa375ff813883fbc9e8c7,c9e8c7,7,单,大
2026-08-11 17:54:28,85257015,000000000514eb372ba772bc38bfad3114cc2156876fa5a1c7da6bfcd2cd6415,cd6415,5,单,大
2026-08-11 17:54:44,85257020,000000000514eb3c711a9aac893b99d7cacc29cc1c307c61e4e915782c67482c,67482c,2,双,小
2026-08-11 17:54:56,85257025,000000000514eb41b806fee520fe2aba251c330c33827a5dd30b769ccd74bb91,74bb91,1,单,小
2026-08-11 17:55:14,85257030,000000000514eb46bf6dc2ff74766c69f3da5051e5b983417b536cfe9ba1ba1a,a1ba1a,1,单,小
2026-08-11 17:55:28,85257035,000000000514eb4be6eb54566755e8baf7ef303b8f98a919844dbf7c2f5c627d,5c627d,7,单,大
2026-08-11 17:55:45,85257040,000000000514eb5055d6e0a4ffef70ea753be2854f86ca9bbfa9dddef2914a89,914a89,9,单,大
2026-08-11 17:55:57,85257045,000000000514eb55d9ada0b5b7bf1f7227f2f86fc3bbcf3d8195d2139073df97,73df97,7,单,大
2026-08-11 17:56:13,85257050,000000000514eb5ab7ce853af8a2ede31c4609239b53d7f94bf0d5fab34ae8d2,4ae8d2,2,双,小
2026-08-11 17:56:27,85257055,000000000514eb5fcb346b836794d8828cc6fcaf6baab57a30b5eb500d7287e2,7287e2,2,双,小
2026-08-11 17:56:45,85257060,000000000514eb64953bf8e6f0a06d1cb133aec94c6289c8ec61887234e2c06f,e2c06f,6,双,大
2026-08-11 17:56:58,85257065,000000000514eb69f9b0e3415884d86fc6e1aa8dc5229827bb5c241ea4a595c2,a595c2,2,双,小
2026-08-11 17:57:15,85257070,000000000514eb6e0bda0e5b7a763742cd19050c79cb3b256cce30b56dfe87f2,fe87f2,2,双,小
2026-08-11 17:57:30,85257075,000000000514eb73fe06e9465b68b8f4b46c717b58fa31f9c10b74b0ef182330,182330,0,双,小
2026-08-11 17:57:43,85257080,000000000514eb78101387cbd283babcfabc7be3d7ae656eb938f742548e9934,8e9934,4,双,小
2026-08-11 17:57:59,85257085,000000000514eb7d4ab7d8132c9432511c416a7a72c33edb75c8000efc6ca11c,6ca11c,1,单,小
2026-08-11 17:58:14,85257090,000000000514eb82df1a2bb319396f7435f18853193dae5c44a54717e0cd9b51,cd9b51,1,单,小
2026-08-11 17:58:25,85257095,000000000514eb87a3830b4ffe255ddba221553b8d297f614f10cc8ab0325f6f,325f6f,6,双,大
2026-08-11 17:58:42,85257100,000000000514eb8c1645789dbe0ed906df133c1c657d6d609a972258cac31653,c31653,3,单,小
2026-08-11 17:58:59,85257105,000000000514eb9155184dc4f8458d3aa297c994f4213e155663d00e85bd62db,bd62db,2,双,小
2026-08-11 17:59:11,85257110,000000000514eb96cbc887e4a926cd703d5f0dc78bb3cff91a6b478d7fb74505,b74505,5,单,大
2026-08-11 17:59:27,85257115,000000000514eb9b69693f034976f91c036be5f70f4553b809a48c25f277a837,77a837,7,单,大
2026-08-11 17:59:43,85257120,000000000514eba07ca488806ee60f5d7ca717a50ccdec847dccadecab8c2af8,8c2af8,8,双,大
2026-08-11 17:59:57,85257125,000000000514eba5ba55f6742f6733eca2e82a05f6b6d93ee6a3a6aff0cf0d06,cf0d06,6,双,大
2026-08-11 18:00:12,85257130,000000000514ebaae8ecb180f463f368741c2bd39686a20328c2a2e5b680012f,80012f,2,双,小
2026-08-11 18:00:28,85257135,000000000514ebaf3d90f2484d62a3594bc25981cc69f18412fc4f3fb2b18a93,b18a93,3,单,小
2026-08-11 18:00:42,85257140,000000000514ebb43569131298184c87f672dfb1b30beb3696f12003f3e7c987,e7c987,7,单,大
2026-08-11 18:00:58,85257145,000000000514ebb97e0258e6d93db861851206c857bc757008a19acf35ad44d7,ad44d7,7,单,大
2026-08-11 18:01:13,85257150,000000000514ebbe76a353e9df5b81adad15972eaeb769634ff102530b4c1c62,4c1c62,2,双,小
2026-08-11 18:01:26,85257155,000000000514ebc3651d13f21b77f8203e7aba25a05c8c69ae5291cbef24891d,24891d,1,单,小
2026-08-11 18:01:42,85257160,000000000514ebc8f2806912f8e6df54d31de1f37a2f73d380326f3fcfac4517,ac4517,7,单,大
2026-08-11 18:01:57,85257165,000000000514ebcd1aabea6f6e182e6a86054d7c17d82b4d452c2ccb2c6b3a17,6b3a17,7,单,大
2026-08-11 18:02:13,85257170,000000000514ebd28c770885dba2ea1da4674e8dc03413df5386d2cc4b4bb578,4bb578,8,双,大
2026-08-11 18:02:28,85257175,000000000514ebd786da3593f0062a9b4b10e6352d987793439aa13607991fee,991fee,1,单,小
2026-08-11 18:02:43,85257180,000000000514ebdc108433b479313df307de1082be47e7dada1f0fbb8ff8c5a6,f8c5a6,6,双,大
2026-08-11 18:02:58,85257185,000000000514ebe12698637c5135649e442a429bc31d2a4c7ce6a47fe04c6c2b,4c6c2b,2,双,小
2026-08-11 18:03:12,85257190,000000000514ebe60f6c145dbc2fffe248a7c83f379e9bd45bf469f50c13ee3b,13ee3b,3,单,小
2026-08-11 18:03:28,85257195,000000000514ebebb90b8a89d61b574ed17b95abed0f1ecbc537cb5875657217,657217,7,单,大
2026-08-11 18:03:42,85257200,000000000514ebf07d19f285ed14fae15f191ac2b8711c866c77eff0501ea6c6,1ea6c6,6,双,大
2026-08-11 18:03:58,85257205,000000000514ebf56665daaae233d6a18b54502fafe274852cfafcb294048043,048043,3,单,小
2026-08-11 18:04:14,85257210,000000000514ebfae5dcb9e5671c8c799054d575b76e043ec77a8c49093c2c6e,3c2c6e,6,双,大
2026-08-11 18:04:28,85257215,000000000514ebffd84029374c8896debbc70a22518272bac83242a7b3616399,616399,9,单,大
2026-08-11 18:04:44,85257220,000000000514ec041972a957ecf772374e178fd6374cfc9e49b0c9e1e2fd1a32,fd1a32,2,双,小
2026-08-11 18:04:58,85257225,000000000514ec09f7218d2a7d88b33e8baf5c0169a5a1766d1fb38cb0c1285a,c1285a,5,单,大
2026-08-11 18:05:14,85257230,000000000514ec0e5f833cbe0aaaa5c0cdfffc2843fe2c14d725c2b0749b0056,9b0056,6,双,大
2026-08-11 18:05:28,85257235,000000000514ec1312977a6b418617d9c709b3d2b2b48c0fb109f5f7e3d0a84e,d0a84e,4,双,小
2026-08-11 18:05:42,85257240,000000000514ec18998009dee02e32c29aaaccc5b29775e486b49ec72b813395,813395,5,单,大
2026-08-11 18:05:57,85257245,000000000514ec1dfc424f6079c7f49e84ff7dae11b28488422e767882697418,697418,8,双,大
2026-08-11 18:06:15,85257250,000000000514ec2209a5f811752eb10db05e7e313e2ecf2ca3e6f1e9e3192089,192089,9,单,大
2026-08-11 18:06:27,85257255,000000000514ec27b49f8d4d6b7156bbbd978a33b68f6f022b1befa40cb70358,b70358,8,双,大
2026-08-11 18:06:42,85257260,000000000514ec2c6000958cad769d76bad448b2fdcf71e67907c2fcfaf0f3cc,f0f3cc,3,单,小
2026-08-11 18:06:58,85257265,000000000514ec315cf85b2c800441444ac284a7f00073aea41087b50fade5b1,ade5b1,1,单,小
2026-08-11 18:07:13,85257270,000000000514ec3604bdce47d071bdcc0be308f7d6e48d8348dc63b2c19937e0,9937e0,0,双,小
2026-08-11 18:07:28,85257275,000000000514ec3b79ea5048367992093a5ef8b28ae3d46c3e956b9fcc4dacf0,4dacf0,0,双,小
2026-08-11 18:07:45,85257280,000000000514ec404fc199ca4b7275c630b0e14274d38f5cdf43feb984e319c4,e319c4,4,双,小
2026-08-11 18:08:01,85257285,000000000514ec458942d2a7bb81a59ec45d0803edcf6d08d63c3770af7ec1c1,7ec1c1,1,单,小
2026-08-11 18:08:11,85257290,000000000514ec4a747cd326454146b6817e1da9e4141658644071302f38ae2c,38ae2c,2,双,小
2026-08-11 18:08:26,85257295,000000000514ec4fbdb292f09c48ec901bb1ba0697f73830dbdef9f622ba3f7d,ba3f7d,7,单,大
2026-08-11 18:08:44,85257300,000000000514ec54e230c378a69c1369172d2e6bf9d0a732a8c142e78b8b665f,8b665f,5,单,大
2026-08-11 18:08:59,85257305,000000000514ec59b0eff8592b260b04ab4853ac437f44097eaf521bb8a92b9a,a92b9a,9,单,大
2026-08-11 18:09:13,85257310,000000000514ec5ed351b38154f899705214098f67daa9913f318088c9a31f76,a31f76,6,双,大
2026-08-11 18:09:28,85257315,000000000514ec6375532e1addad50136ae63668b28561c18d8229d5287a3608,7a3608,8,双,大
2026-08-11 18:09:45,85257320,000000000514ec6845d1f330ceca7d4cc4b363fc00ee1a165b3d858f805dff05,5dff05,5,单,大
2026-08-11 18:09:58,85257325,000000000514ec6d1eab89b115b76c873f8a42ef3957efc77f0d3cc59f52087d,52087d,7,单,大
2026-08-11 18:10:14,85257330,000000000514ec723adcf1b4ac3d3c412cf77a2a9d1c0dfdb237abe526b27d61,b27d61,1,单,小
2026-08-11 18:10:27,85257335,000000000514ec77f837acf8cbea1a2ff3777220db3f95f818ed8153d733c151,33c151,1,单,小
2026-08-11 18:10:44,85257340,000000000514ec7c12c280a20191ded15c8b382cd57cc60678b5006ffb372c45,372c45,5,单,大
2026-08-11 18:11:00,85257345,000000000514ec81c1907850749f0d45301fdc99a547d5de93287b2e9ee34675,e34675,5,单,大
2026-08-11 18:11:14,85257350,000000000514ec8661ad672e22cc2f1e219de138a42cc9130aa3b5a615eb6628,eb6628,8,双,大
2026-08-11 18:11:28,85257355,000000000514ec8bc5a05b9729d03991ebf8f37c99ae35b2045e7d52856961a4,6961a4,4,双,小
2026-08-11 18:11:45,85257360,000000000514ec901a47fa96f0acdba5516db05258395bd1f550ffa4052fb4fd,2fb4fd,4,双,小
2026-08-11 18:11:57,85257365,000000000514ec9570421899b4aeff2a16c3c787f789f0c2b9751ba6ec04ac05,04ac05,5,单,大
2026-08-11 18:12:12,85257370,000000000514ec9a5fd24d4735d4ed93ad0fe34ab8c3d86f878b966cbc381615,381615,5,单,大
2026-08-11 18:12:27,85257375,000000000514ec9fcc5eabd91b22757dfb1e032ab7e1ecb5f9057dba58beb4bb,beb4bb,4,双,小
2026-08-11 18:12:42,85257380,000000000514eca434ac62491b02833e16920e8025ea236ff7385402c7dad672,dad672,2,双,小
2026-08-11 18:12:57,85257385,000000000514eca9028b7272ce06ef4b69d9545da4dae137e7d26a78f6448bfd,448bfd,8,双,大
2026-08-11 18:13:13,85257390,000000000514ecae86c59ff24cd9bcf12b561551627d1bf366cf48ed5259e7a0,59e7a0,0,双,小
2026-08-11 18:13:27,85257395,000000000514ecb39c8e8f009fce12b761f5f2dd90aba64123ee5abb4f413de7,413de7,7,单,大
2026-08-11 18:13:42,85257400,000000000514ecb841092e34b67f7550e69e6951896b9949c85d92c022aa0fa8,aa0fa8,8,双,大
2026-08-11 18:13:58,85257405,000000000514ecbd3affc8dbcd19785310d0aa1c1f6ae12776ac7aa7c75c2977,5c2977,7,单,大
2026-08-11 18:14:12,85257410,000000000514ecc2c8cfa01d3667d7b70f129ad96f822307e8517314cda93b48,a93b48,8,双,大
2026-08-11 18:14:27,85257415,000000000514ecc766b11501a3b166f04606fceff789a091a7032bb90d20152c,20152c,2,双,小
2026-08-11 18:14:45,85257420,000000000514ecccf93be736449d2966dce4f5aa996cb49ca3b15e253e2ec0eb,2ec0eb,0,双,小
2026-08-11 18:14:57,85257425,000000000514ecd15f519488c1423f2e6fb09ef0ea0f1d5223c93ce93a385aca,385aca,5,单,大
2026-08-11 18:15:13,85257430,000000000514ecd6591ea41dcfe1bb4bf1b4c0a62aaa5834ee3473f439190cc0,190cc0,0,双,小
2026-08-11 18:15:26,85257435,000000000514ecdbc07f2303ed44ca8a146e77c2f7fa766a9cc918baa9cba29f,cba29f,9,单,大
2026-08-11 18:15:45,85257440,000000000514ece0a41ce76bdd5597c326d8c8a315e1b83e0fc9fdcce48175b2,8175b2,2,双,小
2026-08-11 18:15:59,85257445,000000000514ece54a3d5e8286a9545d67985e501c5eb8db9e79bbb0973b1f52,3b1f52,2,双,小
2026-08-11 18:16:16,85257450,000000000514ecea56963558f3c34fa46efe13be9566593ec64dad148a3cfa32,3cfa32,2,双,小
2026-08-11 18:16:31,85257455,000000000514ecef3aac774b0a59909a29a464c7b6f32fd0f4e5b8cec39ee929,9ee929,9,单,大
2026-08-11 18:16:43,85257460,000000000514ecf4a663ff321be3483e38ffd05c4950d04e2f3191a6d9b206da,b206da,6,双,大
2026-08-11 18:16:57,85257465,000000000514ecf9882d825ed6756b6a18883d90b172760306dd5ee0e7da6715,da6715,5,单,大
2026-08-11 18:17:12,85257470,000000000514ecfeb4f2178aefee6c4e97bce289668e130b330f8f964f48e2cd,48e2cd,2,双,小
2026-08-11 18:17:27,85257475,000000000514ed03ce910db0f7c42713cce5836de56c70fe54b058b3acd5b467,d5b467,7,单,大
2026-08-11 18:17:42,85257480,000000000514ed0837e7af4d59d4dd80315e8684ca4f54408b0810300ddeebd1,deebd1,1,单,小
2026-08-11 18:17:57,85257485,000000000514ed0d3aad10d63150933a7f4fb63d91fc178111efc8074b1bb8bc,1bb8bc,8,双,大
2026-08-11 18:18:12,85257490,000000000514ed1257c2d0a45ca5fa31b78d72dbb982ea5ecb3623c037557d09,557d09,9,单,大
2026-08-11 18:18:27,85257495,000000000514ed174d2237726d17830ec779ed35ef15b7885ea4bfc1ed47745b,47745b,5,单,大
2026-08-11 18:18:42,85257500,000000000514ed1cbdc43f02a10f17919dc47469a8efb7150b6dd776b95c878c,5c878c,8,双,大
2026-08-11 18:18:57,85257505,000000000514ed2131ed86462e4465edd0dbc202cfa0f4e9745336d86bbd23db,bd23db,3,单,小
2026-08-11 18:19:12,85257510,000000000514ed26e481cd7b1829a47bb7abc5eddfd19d15b9cf807cd4cc57fa,cc57fa,7,单,大
2026-08-11 18:19:28,85257515,000000000514ed2b1fa9f371caf5a0285ff89ed6a9eb1a238f3adf3c7869f8c1,69f8c1,1,单,小
2026-08-11 18:19:43,85257520,000000000514ed30b4a6c594c16981bd09d8194d5177e60915b9a55ff285acd6,85acd6,6,双,大
2026-08-11 18:19:58,85257525,000000000514ed35da67ba2ede9d9dbe498ca7e8109655a082941118621e437a,1e437a,7,单,大
2026-08-11 18:20:12,85257530,000000000514ed3a3e75939aa47479518b57c739179be03c997335edd95aad91,5aad91,1,单,小
2026-08-11 18:20:28,85257535,000000000514ed3f45c7ad3b57c535bd9c4fd0f44b5a4a4b6c9b0349f835cf6b,35cf6b,6,双,大
2026-08-11 18:20:44,85257540,000000000514ed448b3f8f26ef2d471ca72fb47a5e1a9d0e8e9828044ec1d6ea,c1d6ea,6,双,大
2026-08-11 18:20:58,85257545,000000000514ed49153bacda458fc71e7ae30b62b823512a15c91907385ac0ec,5ac0ec,0,双,小
2026-08-11 18:21:13,85257550,000000000514ed4ec63108c0c2233b310ace724adc95ef51988cd9d768dc8ab4,dc8ab4,4,双,小
2026-08-11 18:21:27,85257555,000000000514ed538a926146818b1b212d4fede539a4960fe609aa051c873412,873412,2,双,小
2026-08-11 18:21:43,85257560,000000000514ed58cfc0849c26f5f4c474cdb22fb7362346bed1fd9567098d31,098d31,1,单,小
2026-08-11 18:21:58,85257565,000000000514ed5d54d1fb54943e39764c8c5a6f7d1c7598ef2fa29bd0ed1728,ed1728,8,双,大
2026-08-11 18:22:15,85257570,000000000514ed6265f006fb6dba69a2a1b31a37668ed226d0da382b03ea16b5,ea16b5,5,单,大
2026-08-11 18:22:26,85257575,000000000514ed6712492ca9372518fce735e8b73227e73c92381ba109609fe7,609fe7,7,单,大
2026-08-11 18:22:44,85257580,000000000514ed6c842f3dbf07c31488165ea90256edd7c6d342b82dd7e3eff2,e3eff2,2,双,小
2026-08-11 18:22:58,85257585,000000000514ed71df9d99df525a554e7a821c78b919c9cbca6acf9f5e1bb8eb,1bb8eb,8,双,大
2026-08-11 18:23:14,85257590,000000000514ed768fead9c1908e264251779a080646cd5f79118b5dc63595ac,3595ac,5,单,大
2026-08-11 18:23:28,85257595,000000000514ed7b82845a69aa1fc4b1c65bd6921f0bf95bf93fce976a5dbf46,5dbf46,6,双,大
2026-08-11 18:23:41,85257600,000000000514ed80f9019e3a7a41a1c206c5866acf827fc6ebbb18d58258f1b5,58f1b5,5,单,大
2026-08-11 18:23:56,85257605,000000000514ed85013f831d9d3ad51da25fbc1a7fe958774e1ef7cba5d7264b,d7264b,4,双,小
2026-08-11 18:24:13,85257610,000000000514ed8a45342547338790ce6de556bf98d079773459f6ce35e2d3be,e2d3be,3,单,小
2026-08-11 18:24:28,85257615,000000000514ed8f441c5b2b72aced49216e1a9aac630e745c532e92623dea08,3dea08,8,双,大
2026-08-11 18:24:42,85257620,000000000514ed94e7586b018ef9526a4bbf2b808dd7e79d9a98fb4a1758e10a,58e10a,0,双,小
2026-08-11 18:24:59,85257625,000000000514ed9951ab8615f2f6846f8542b3c7373e163a3225454ce881ac46,81ac46,6,双,大
2026-08-11 18:25:14,85257630,000000000514ed9ec265b3e611444d0be1f1ab588886ac750e3faf0101e01e70,e01e70,0,双,小
2026-08-11 18:25:27,85257635,000000000514eda3747666429db0927f3843b50861f595603d34230ee41b2c52,1b2c52,2,双,小
2026-08-11 18:25:43,85257640,000000000514eda876c712cf8df50658be39b5e203cbd759d9c4606ea6714b3b,714b3b,3,单,小
2026-08-11 18:25:58,85257645,000000000514edadf4009557df0119e6eed82f603a5655db8dd210b098eb66ac,eb66ac,6,双,大
2026-08-11 18:26:14,85257650,000000000514edb24d7cef4f6082422b2b04637c893f45076334657ed30d4ac0,0d4ac0,0,双,小
2026-08-11 18:26:28,85257655,000000000514edb792a0fea1e8aded532aaceb37407722b9fedbfd5303e02885,e02885,5,单,大
2026-08-11 18:26:43,85257660,000000000514edbc123134ffebc8a8625eb3c0701650fc4e9f16e93257fc2deb,fc2deb,2,双,小
2026-08-11 18:26:58,85257665,000000000514edc14f7214823ed454793318b820cd21559802585f8d937ec5e0,7ec5e0,0,双,小
2026-08-11 18:27:14,85257670,000000000514edc686ff3d20f96a3ee3dac3964697e6e7edb2ff9f75ddb30b4e,b30b4e,4,双,小
2026-08-11 18:27:27,85257675,000000000514edcb6a0db5fc41f1dae19d7024847cf16513f2b4cbaf15ce894a,ce894a,4,双,小
2026-08-11 18:27:42,85257680,000000000514edd0ea4df75626224f91f11a8531b4b5d20ff8f68ad5ac613024,613024,4,双,小
2026-08-11 18:27:58,85257685,000000000514edd5091498e9ba6518c1151ebe9710751afe6aefe1c91c85d993,85d993,3,单,小
2026-08-11 18:28:15,85257690,000000000514edda977ad4f8154ad6ebb76f65f546b2ac99e82cbcbfeddc6b5d,dc6b5d,5,单,大
2026-08-11 18:28:25,85257695,000000000514eddf35acb1701db7135960bedac703adbe379c729a69e31b4ef7,1b4ef7,7,单,大
2026-08-11 18:28:43,85257700,000000000514ede4e5b2a301db31d97e03cdb86798c43fe8c731bc9e8d7b19e5,7b19e5,5,单,大
2026-08-11 18:28:57,85257705,000000000514ede9614e3d8249524ba5c2e8f43a034ccf32aa32bf6d53f5acf4,f5acf4,4,双,小
2026-08-11 18:29:13,85257710,000000000514edee32d9bb1e17d18b7105303de394abfcb14f28624b7fc85bac,c85bac,5,单,大
2026-08-11 18:29:25,85257715,000000000514edf3970e862ea4db0e133bb6e8fd39e75f1c64f95a169d93d312,93d312,2,双,小
2026-08-11 18:29:44,85257720,000000000514edf8176c78ffe84f16a1c33e9c0a15b723bf84e894f2f7efd917,efd917,7,单,大
2026-08-11 18:29:57,85257725,000000000514edfd723d75e1966c26d46a7f72b1ccc81b018f7d084187723c60,723c60,0,双,小
2026-08-11 18:30:12,85257730,000000000514ee02c742262b4307ad9d8fc08cc88e08b4cb36c87242838a7d38,8a7d38,8,双,大
2026-08-11 18:30:27,85257735,000000000514ee075fb50ce93de7a24f0d6a43ad805dafc81c9dc1a4f20ff4e1,0ff4e1,1,单,小
2026-08-11 18:30:41,85257740,000000000514ee0cc3257a8aa6f6af4a80a6d61e9b82dfd09a73783e22e6102e,e6102e,2,双,小
2026-08-11 18:30:58,85257745,000000000514ee114a21d3079c1b560a2c8c2fa978470118b923f1c88611a42d,11a42d,2,双,小
2026-08-11 18:31:13,85257750,000000000514ee16b5ba29d9637c0a7e9c90201b259103e1acf67ba555611afb,611afb,1,单,小
2026-08-11 18:31:26,85257755,000000000514ee1b3aeb7afa7d666000a3b0b84fd0817b5c55498c5b67dc08de,dc08de,8,双,大
2026-08-11 18:31:42,85257760,000000000514ee209ffbe04f6d340dc3ca7d95157402eaa8d3bfbfdd81c8000f,c8000f,0,双,小
2026-08-11 18:31:58,85257765,000000000514ee25fe578ac0cf515de62294a4577fb20deea4701047f2d554e5,d554e5,5,单,大
2026-08-11 18:32:13,85257770,000000000514ee2a68294d0c3033d93e979813d85f6bdadd4facca022ad8da7e,d8da7e,7,单,大
2026-08-11 18:32:27,85257775,000000000514ee2fea1b76a7286b3eb3c1e9629c3229ce31b4dce3bf800518df,0518df,8,双,大
2026-08-11 18:32:44,85257780,000000000514ee34d68b09dba69f1f5521ab482848d2d944f6dc49a02fa8fe9e,a8fe9e,9,单,大
2026-08-11 18:32:57,85257785,000000000514ee39fa0382233c1b1ba6467b84abe0ac57ca2105d34a8d4e9e6e,4e9e6e,6,双,大
2026-08-11 18:33:14,85257790,000000000514ee3e98e02420f058eb285a39e28a1a1b48bdeb02dc9571bd65ac,bd65ac,5,单,大
2026-08-11 18:33:26,85257795,000000000514ee43515bf1567104fba377355f7266e4841623a38d7db5aaac03,aaac03,3,单,小
2026-08-11 18:33:42,85257800,000000000514ee48ed837375dbfaa45bd4d6decc9d1f1642883c7a847bd25368,d25368,8,双,大
2026-08-11 18:33:57,85257805,000000000514ee4dfd3b90e21dd16986f2c98206ab6ea9b67fb4b2151017e5cd,17e5cd,5,单,大
2026-08-11 18:34:16,85257810,000000000514ee521bc80308f96c742fb7a6aa5ce89207a1b508baf1113df7c9,3df7c9,9,单,大
2026-08-11 18:34:25,85257815,000000000514ee57e2fef3839a0045fa27e075026aa7899c51df03ddf66206b2,6206b2,2,双,小
2026-08-11 18:34:44,85257820,000000000514ee5cee27385fa79a811cd0df4139bbc1692f39dea650d5f99e01,f99e01,1,单,小
2026-08-11 18:34:58,85257825,000000000514ee6196288abce68b8c2730e6a3d1a1016c4efd3cdb9ca0b8b84d,b8b84d,4,双,小
2026-08-11 18:35:14,85257830,000000000514ee66fa689d74c33c3a6173d4a9319ea876bf1bd2134bdb511cc6,511cc6,6,双,大
2026-08-11 18:35:28,85257835,000000000514ee6b1a26023040a576eb027dd075bc26d997cb75388f6af136fe,f136fe,6,双,大
2026-08-11 18:35:43,85257840,000000000514ee70f5bb4927044eab5a1b220427c13808f820ef75c8862bed14,2bed14,4,双,小
2026-08-11 18:35:58,85257845,000000000514ee75b3c7a2e30d90c6d5162bfbb5860ec6bb4479dd4043148a04,148a04,4,双,小
2026-08-11 18:36:13,85257850,000000000514ee7ae7c485213499630257a49b7ebd3bbb0d4bfd18736022f389,22f389,9,单,大
2026-08-11 18:36:27,85257855,000000000514ee7f8346e0de79f398277e5be872f00ab1a64fa6204f2b0a80f3,0a80f3,3,单,小
2026-08-11 18:36:43,85257860,000000000514ee847a4b4014ca3c79cf4db0dcf8190ab64c4cdc78bddae9f910,e9f910,0,双,小
2026-08-11 18:36:56,85257865,000000000514ee890d957fbc03090146258c8e7c4d5e969027dd9fd8fcb17434,b17434,4,双,小
2026-08-11 18:37:14,85257870,000000000514ee8e573d118f8f527b80cfea6c0cab2efe1e3bdaff3614fc622d,fc622d,2,双,小
2026-08-11 18:37:48,85257875,000000000514ee9364f4367b038e219766eb23636293163e9412915314b86e5f,b86e5f,5,单,大
2026-08-11 18:38:05,85257880,000000000514ee98bed8e6661dc1e6e17a15dc135a800c60f7bca522204b8a98,4b8a98,8,双,大
2026-08-11 18:38:29,85257890,000000000514eea22ad96d7755b9b229551e32d914086b281565a255825fddd8,5fddd8,8,双,大
2026-08-11 18:38:41,85257895,000000000514eea7aa6dda0edf42cdc3bd6ce91a2a2d7e2853d3f2f881b23877,b23877,7,单,大
2026-08-11 18:38:46,85257900,000000000514eeac7164ad4279a6a331a8928a61f63b81c64c20593178ae8dff,ae8dff,8,双,大
2026-08-11 18:38:59,85257905,000000000514eeb1a8be62787a39e987cd6c8e8dcc8f6826eb93b995fc72be93,72be93,3,单,小
2026-08-11 18:39:12,85257910,000000000514eeb6b683fbc5ceca5c825320c9ce6ac918223c5c99de5fbe4436,be4436,6,双,大
2026-08-11 18:39:27,85257915,000000000514eebb542ae8a6afa51e1a0a1438e5e0e2dc86f87033ec4f0857d3,0857d3,3,单,小
2026-08-11 18:39:41,85257920,000000000514eec0c991c7edd71468cef6db4988c8481fdf2291cc85449856d7,9856d7,7,单,大
2026-08-11 18:39:56,85257925,000000000514eec58d931df91f8d89651324326719425aca995170ac32091ed6,091ed6,6,双,大
2026-08-11 18:40:13,85257930,000000000514eeca8fcaabfa77585dccda2cc80a7b86303b8fc9467f602bf286,2bf286,6,双,大
2026-08-11 18:40:27,85257935,000000000514eecf4703bde7ab68aad4524274f0a3fa19cdebc0cfff469a3b1f,9a3b1f,1,单,小
2026-08-11 18:40:44,85257940,000000000514eed4c8e8a11d850960c7d20162a2e7f9c18ef932b417bd0e142f,0e142f,2,双,小
2026-08-11 18:40:57,85257945,000000000514eed9ecd6b73285ac331eb8cd258c3839fb97587d5da5e7a55a26,a55a26,6,双,大
2026-08-11 18:41:13,85257950,000000000514eede0a93961516c0cb7d6367a83187bc5eb22f2ac0ddb6f1f8b0,f1f8b0,0,双,小
2026-08-11 18:41:28,85257955,000000000514eee3e573bd41d34e033bbc22d3b78bd0f76d4c1231d5d0d23773,d23773,3,单,小
2026-08-11 18:41:44,85257960,000000000514eee89ffc0479d2954ca181081ceeb6c66c342d4aba82ddd76ce0,d76ce0,0,双,小
2026-08-11 18:41:57,85257965,000000000514eeede0be2c70017e98a3df0afa77edfe4451b022b9d6ddd336d3,d336d3,3,单,小
2026-08-11 18:42:14,85257970,000000000514eef29ce520e4446d21e7d489e0d009d81f32c29f4ea29e057e0c,057e0c,0,双,小
2026-08-11 18:42:30,85257975,000000000514eef77d4e7939f5e498957ebbd3538c66cf5071ae1f6d6a265721,265721,1,单,小
2026-08-11 18:42:42,85257980,000000000514eefcf369b12137bb092573752a5c0867ff1594999f49d36a70ba,6a70ba,0,双,小
2026-08-11 18:43:01,85257985,000000000514ef01aac3db5e38462e97c0cebaf833c618691788e2d38e56c4ab,56c4ab,4,双,小
2026-08-11 18:43:14,85257990,000000000514ef06b44e15db4d87b94c5f06c65932fec9dc12ca2a7ee34e0a5e,4e0a5e,5,单,大
2026-08-11 18:43:27,85257995,000000000514ef0b7ecaa3654176d7ab159391b0f43061df561e5a7c1727adc6,27adc6,6,双,大
2026-08-11 18:43:41,85258000,000000000514ef103ea6498d0b1a5f5b15bf2ac1573a4f6c5ceef9618dce88a1,ce88a1,1,单,小
2026-08-11 18:43:59,85258005,000000000514ef15ac6282003593efd44558dc718e0f2fd4e968673427becf6d,becf6d,6,双,大
2026-08-11 18:44:14,85258010,000000000514ef1accfb3fd314d811cc9a05d45d882b7e0da47a0f40208c71ce,8c71ce,1,单,小
2026-08-11 18:44:27,85258015,000000000514ef1f43d5759ee527697a28b1b9b1d29eca725f5464785da10f09,a10f09,9,单,大
2026-08-11 18:44:44,85258020,000000000514ef246a796d982c6ca80a586e2f863335de9d2e9505d92443b263,43b263,3,单,小
2026-08-11 18:44:56,85258025,000000000514ef29c3c0a7a43e40343ff4f30094552ff093bcfe51b997adcf8f,adcf8f,8,双,大
2026-08-11 18:45:13,85258030,000000000514ef2e24577269d2073573634b59c3a6c9d2af1f5cad0fa0522bc8,522bc8,8,双,大
2026-08-11 18:45:28,85258035,000000000514ef334d5c7794a13d026afa1501eef098363a7e79729f366dd917,6dd917,7,单,大
2026-08-11 18:45:43,85258040,000000000514ef383a1fb31d6a5eb3a03eb11196c032c055a7e7c2d0b9c81779,c81779,9,单,大
2026-08-11 18:45:58,85258045,000000000514ef3d6622f60c58a865d15e9ce65294d6f19aa76e30f52302d1fa,02d1fa,1,单,小
2026-08-11 18:46:15,85258050,000000000514ef429060d9725385b1bf4825cf1b8e76d0ea67bff7e876f1b4d5,f1b4d5,5,单,大
2026-08-11 18:46:28,85258055,000000000514ef4791155149b02b7475b2abeed9a051093b43898689fd5a37e8,5a37e8,8,双,大
2026-08-11 18:46:43,85258060,000000000514ef4c95e673cbd8512d1c9c90c88449d88a275cf54d08a5a20455,a20455,5,单,大
2026-08-11 18:46:56,85258065,000000000514ef513d442b11f67fcf01257f47ca396238615bdc156baca43a00,a43a00,0,双,小
2026-08-11 18:47:12,85258070,000000000514ef56d1d4517f317963960605bef98627e4556cde360daec94533,c94533,3,单,小
2026-08-11 18:47:27,85258075,000000000514ef5b6516ee76c3fc59fea31aeb015982740dd7bb028763682bbe,682bbe,2,双,小
2026-08-11 18:47:43,85258080,000000000514ef60e50c323d0e259ab287bc6dbfb4ab19d0ec5368974ae51db1,e51db1,1,单,小
2026-08-11 18:47:58,85258085,000000000514ef65b4f2e455a742700da87145a269954c9b3c8c23b514ecc21d,ecc21d,1,单,小
2026-08-11 18:48:15,85258090,000000000514ef6a8563690fbb809132cb76d56864502d267c7e607ea5c3cdf1,c3cdf1,1,单,小
2026-08-11 18:48:28,85258095,000000000514ef6f00e2a35155230d7ac3a17482d441beaad09722750c7059db,7059db,9,单,大
2026-08-11 18:48:42,85258100,000000000514ef741bd3915c53f825f9bdf5c9a0e5174b138fb97bbabb94daa7,94daa7,7,单,大
2026-08-11 18:48:58,85258105,000000000514ef79e9c851291a4b228c8630bc32864dd01d1dd8e1b66dbcf664,bcf664,4,双,小
2026-08-11 18:49:14,85258110,000000000514ef7e917483e7227fb3ab4c33eb25283bc2bcd78dd5221a8f8ef4,8f8ef4,4,双,小
2026-08-11 18:49:25,85258115,000000000514ef83c077af7df1d80b56f8c0beb7009ce21243c6080e97a3691d,a3691d,1,单,小
2026-08-11 18:49:44,85258120,000000000514ef8852d4a9a4fac35908f409e8bb31779539e8fe048a94f9646c,f9646c,6,双,大
2026-08-11 18:49:59,85258125,000000000514ef8dc4444388239c2c287a39896505a8e9e0b8e04a964df32b10,f32b10,0,双,小
2026-08-11 18:50:12,85258130,000000000514ef9230630f836c68d5dfca88b399f6fb190b490a1fd0c8b594c3,b594c3,3,单,小
2026-08-11 18:50:27,85258135,000000000514ef975183ee409d8e4fba86cce94dda7a003dad6cfbd45118a7f1,18a7f1,1,单,小
2026-08-11 18:50:44,85258140,000000000514ef9c701e3a6357660a0481a4313b4e8d0f7c52115847e3c8388c,c8388c,8,双,大
2026-08-11 18:50:57,85258145,000000000514efa17d22a33edce31b51325a6fe8060f13c8f8e4505e39fd458e,fd458e,8,双,大
2026-08-11 18:51:14,85258150,000000000514efa6950f384f48cc73869a9cef8e42e587f549bf28533f087b20,087b20,0,双,小
2026-08-11 18:51:27,85258155,000000000514efabf5c0b8a1777d59110938de50525415fddcb80fb591e7e1f9,e7e1f9,9,单,大
2026-08-11 18:51:42,85258160,000000000514efb0c76cd2aec318ba13e9bda289d759c9015bf079a266c90563,c90563,3,单,小
2026-08-11 18:52:00,85258165,000000000514efb5896eba2cee4cf512c0766f9423849087d417c45230762c44,762c44,4,双,小
2026-08-11 18:52:18,85258170,000000000514efba594765dc32b8a66e88927d843c7280916b33e565725069bd,5069bd,9,单,大
2026-08-11 18:52:24,85258165,000000000514efb5896eba2cee4cf512c0766f9423849087d417c45230762c44,762c44,4,双,小
2026-08-11 18:52:30,85258170,000000000514efba594765dc32b8a66e88927d843c7280916b33e565725069bd,5069bd,9,单,大
2026-08-11 18:52:34,85258175,000000000514efbf8061c8c5792f955ddbdbb3bc7bce10c123c44036e837546a,37546a,6,双,大
2026-08-11 18:52:48,85258180,000000000514efc4dfedcaebad89d3c6d1bb3a64237b3a97bda52e0236295009,295009,9,单,大
2026-08-11 18:53:09,85258185,000000000514efc943d324fb7ffafd170e56b1c77ed030965d326129b849edd1,49edd1,1,单,小
2026-08-11 18:53:25,85258190,000000000514efce0f1c0643406314331a1cdcd257459d62e7f861f730bb6690,bb6690,0,双,小
2026-08-11 18:53:38,85258195,000000000514efd37e9e99013ac395a16a48b3af67317969c4b000044d45a0fd,45a0fd,0,双,小
2026-08-11 18:53:45,85258190,000000000514efce0f1c0643406314331a1cdcd257459d62e7f861f730bb6690,bb6690,0,双,小
2026-08-11 18:53:50,85258195,000000000514efd37e9e99013ac395a16a48b3af67317969c4b000044d45a0fd,45a0fd,0,双,小
2026-08-11 18:53:59,85258200,000000000514efd8c0ddbb2dc4009dd6b3f21f90cd110756b6a08cb56e9e4cf0,9e4cf0,0,双,小
2026-08-11 18:54:17,85258205,000000000514efddfb8f436144b551aae822b711148eaab99d0e02a6d63b81d5,3b81d5,5,单,大
2026-08-11 18:54:34,85258210,000000000514efe2413645c17d375123aa84d982fb8ffeb81eb563fa64844282,844282,2,双,小
2026-08-11 18:54:49,85258215,000000000514efe74a2066049df1c54cd5cf436d4e37820636e8111517cd6e3f,cd6e3f,3,单,小
2026-08-11 18:55:10,85258220,000000000514efec62068b431abb4fd8e2a3123ee07be41210a91d57dc2ec6e5,2ec6e5,5,单,大
2026-08-11 18:55:20,85258225,000000000514eff12e2d9cb02668ac221716b47b7d33865652f5c43ab2969a33,969a33,3,单,小
2026-08-11 18:55:41,85258230,000000000514eff6463a3871c5a0b281c6b8343443783f6344f6990fb9f4aea9,f4aea9,9,单,大
2026-08-11 18:55:58,85258235,000000000514effbbed923b3ad6d6d1922ba2fd39dd01e2c4de2c9b9bc7c926a,7c926a,6,双,大
2026-08-11 18:56:07,85258240,000000000514f000ca497418bb0dab0fb16100cd3d86f272b565489174e919cc,e919cc,9,单,大
2026-08-11 18:56:16,85258245,000000000514f005de901ff567c4cd8be3c184223c44b84623d5d4eda4bc262f,bc262f,2,双,小
2026-08-11 18:56:27,85258250,000000000514f00a463fcf3b13debf8f4ad05fd88e91da46743ccc08f6af9e67,af9e67,7,单,大
2026-08-11 18:56:38,85258255,000000000514f00f44d2e350f20daa9521404e3bbe51d06138ea86522b882c56,882c56,6,双,大
2026-08-11 18:56:45,85258260,000000000514f01475bc29836c584f4134abaf8b5018964c30ed1a91f31f357b,1f357b,7,单,大
2026-08-11 18:56:57,85258265,000000000514f01934f69adbae287ba01bd2a9510f7774745920982b394b3b1e,4b3b1e,1,单,小
2026-08-11 18:57:14,85258270,000000000514f01e12e0b40e4071d2bb4223c5ef2277ca4b517514cddca38998,a38998,8,双,大
2026-08-11 18:57:28,85258275,000000000514f0230490e454cdbd3a9162e341c3349fd8d7ad85142f79ba1b4e,ba1b4e,4,双,小
2026-08-11 18:57:42,85258280,000000000514f0281bb4b34bfa9635e3f85b6ee4436b3bc892ec351959c4b888,c4b888,8,双,大
2026-08-11 18:57:58,85258285,000000000514f02d736fe28e29fd8035c04bd5bf16ac33680a97182a7b69f69a,69f69a,9,单,大
2026-08-11 18:58:14,85258290,000000000514f03277d59227a19261d2f673bc37b370708becd02c7227488690,488690,0,双,小
2026-08-11 18:58:28,85258295,000000000514f037b01d3980b775c7385b6fb1b7d9c4499b3115a886cb24eb9d,24eb9d,9,单,大
2026-08-11 18:58:43,85258300,000000000514f03cad635ff0a1332876c176604d7e75a03dbbec9232087faf5e,7faf5e,5,单,大
2026-08-11 18:58:57,85258305,000000000514f041cdf119c5fff5e89b2e26abac9eadc53b81f578391933083f,33083f,3,单,小
2026-08-11 18:59:21,85258310,000000000514f046b7b22ea2a2befc39af72c746f04d3f42460ba71c70677af8,677af8,8,双,大
2026-08-11 18:59:26,85258315,000000000514f04ba5cd5c71a948715a9fd4e63344717e27410052534a1f5765,1f5765,5,单,大
2026-08-11 18:59:43,85258320,000000000514f050c419e5f233dc0301ab37b5ca7fd09a17a801aed42369baf8,69baf8,8,双,大
2026-08-11 18:59:57,85258325,000000000514f05578aa3ddffcfaefe3aa0c1a7b305d66c06ccfe730568a5309,8a5309,9,单,大
2026-08-11 19:00:14,85258330,000000000514f05a07f356d67d3b58433cf77e94f17d0fc58f949ceca7cb15c7,cb15c7,7,单,大
2026-08-11 19:00:28,85258335,000000000514f05f2c5fd57269bf1002a5d6bf0626ef624dff3ad3f452ac0c76,ac0c76,6,双,大
2026-08-11 19:00:42,85258340,000000000514f0645284b74cfeecd11a50bee5cbb98fa68d4df9ea0638fcdc53,fcdc53,3,单,小
2026-08-11 19:00:57,85258345,000000000514f06930f674c48c2dfb10aa4a56fa957838f6943b59f84df25518,f25518,8,双,大
2026-08-11 19:01:14,85258350,000000000514f06e8b478397a603bb6c538b49b464c5a9c6ab92a22459cd9436,cd9436,6,双,大
2026-08-11 19:01:26,85258355,000000000514f073db08238974e4e37d7734017847c6deaeb65fe35faec65cc7,c65cc7,7,单,大
2026-08-11 19:01:43,85258360,000000000514f078e22454bdd0ccb45b7f005080939120ef73647e78d732159c,32159c,9,单,大
2026-08-11 19:01:58,85258365,000000000514f07d550c1136d6300ad896c71d4b7cf9da9128d1e0e290a4c2ff,a4c2ff,2,双,小
2026-08-11 19:02:12,85258370,000000000514f082c264b7ecf0f6b566b22e70febe446448de90b03733b5b6a6,b5b6a6,6,双,大
2026-08-11 19:02:27,85258375,000000000514f0874dc065d21da9211cc7af2e604b4551e623cbcf5eb7d6bc8e,d6bc8e,8,双,大
2026-08-11 19:02:43,85258380,000000000514f08c06bea026d63b67170ac16c90ff4f9c6f552cd1c021e9fae9,e9fae9,9,单,大
2026-08-11 19:02:56,85258385,000000000514f0919801299b9217fc9b29c79bddc2de0432b27331f5255aed5e,5aed5e,5,单,大
2026-08-11 19:03:13,85258390,000000000514f096c65d25289928666d614b6f5f968894e24301e1a26ff5f234,f5f234,4,双,小
2026-08-11 19:03:27,85258395,000000000514f09bbb6dca43d8839bb59341e13cebb1278129ac9924a7f8977b,f8977b,7,单,大
2026-08-11 19:03:44,85258400,000000000514f0a0bc605c14db9165b7f5a9dc83fd03c69e9737bb5d5dc05a77,c05a77,7,单,大
2026-08-11 19:04:03,85258405,000000000514f0a57ad277a2c3c2162537aede596a9240d7c69cdf1ed60303c4,0303c4,4,双,小
2026-08-11 19:04:12,85258410,000000000514f0aa5354858f3d81fefd0d29271af80df63b611c65d3a715a6d1,15a6d1,1,单,小
2026-08-11 19:04:26,85258415,000000000514f0af27b98994faa7fd2321ccf840d544d6abf283ecf65b60272d,60272d,2,双,小
2026-08-11 19:04:44,85258420,000000000514f0b4fd440e3d256c33e8b482d8f470890b146d45e2a4b292ed46,92ed46,6,双,大
2026-08-11 19:04:59,85258425,000000000514f0b9a4f1e7c0fa1fd920fe5de2f241fd3896ce94bb2952ef81e1,ef81e1,1,单,小
2026-08-11 19:05:14,85258430,000000000514f0be5d8111f4b0e90791fbbd0313728233c57ab7c6f41cefedfa,efedfa,1,单,小
2026-08-11 19:05:27,85258435,000000000514f0c3f2e9f03f0dbd5b432a5cbfc19e80023c06c5dd3b0307aa19,07aa19,9,单,大
2026-08-11 19:05:51,85258440,000000000514f0c859a6981024ccaf86c40cc1d228b2b1a6c0795bc21c117699,117699,9,单,大
2026-08-11 19:06:00,85258445,000000000514f0cd853ef3870073965e285287e9eb0deaae36e483be4e855926,855926,6,双,大
2026-08-11 19:06:14,85258450,000000000514f0d2bf7f7e507463f3f9af713aabf42419a296ec975c087177b9,7177b9,9,单,大
2026-08-11 19:06:30,85258455,000000000514f0d77b001e98c5c9eb4781834ded98fabcf65b96cc1d2a83cd62,83cd62,2,双,小
2026-08-11 19:06:44,85258460,000000000514f0dc211bd7972b01a0e2d68b38c20f7ce0efccf49cb402b35d06,b35d06,6,双,大
2026-08-11 19:06:57,85258465,000000000514f0e1bb30b0060f387ac5c9e9cd94208ee50d6b77205736c60d72,c60d72,2,双,小
2026-08-11 19:07:14,85258470,000000000514f0e6bbddc345d7cb4cc261ec4a6020fe6572120380f94caaa152,aaa152,2,双,小
2026-08-11 19:07:29,85258475,000000000514f0eb203e69f9337d78fecc3738033f388f0754360b08e217e209,17e209,9,单,大
2026-08-11 19:07:42,85258480,000000000514f0f0be2cc296b3d797b1fb8a3958fd3ce9a166f68a4b22ac98a8,ac98a8,8,双,大
2026-08-11 19:07:59,85258485,000000000514f0f573f1e4ab04fa1dc4138154142f4cdadf7a51c6edb3b91dd3,b91dd3,3,单,小
2026-08-11 19:08:12,85258490,000000000514f0fa90859fa107adbcff0c16019fa77004e7c774b49afabd657a,bd657a,7,单,大
2026-08-11 19:08:34,85258495,000000000514f0ff2953727c748bd7c15a3077cee9a51d4af52a58d4f3e8baea,e8baea,8,双,大
2026-08-11 19:08:43,85258500,000000000514f1048c30eaa0b8891f3f2a97b204768dc1835cdb49a724565a51,565a51,1,单,小
2026-08-11 19:09:00,85258505,000000000514f109de442584bbb1b2b5d36797026692677e4d5f22fa525300a2,5300a2,2,双,小
2026-08-11 19:09:14,85258510,000000000514f10e423de227001100224211b77e26796e1bf62995f68c4da143,4da143,3,单,小
2026-08-11 19:09:29,85258515,000000000514f113d368621bf0a9970500c97d732a44ae3ad4cecaab5c76fb8c,76fb8c,8,双,大
2026-08-11 19:09:43,85258520,000000000514f118c6cfca317c0906848e940fa778894caf8161c505088f9594,8f9594,4,双,小
2026-08-11 19:09:58,85258525,000000000514f11d0b6e83f12bf23d8acd03e8f7059d21f8e0a7e52cada04064,a04064,4,双,小
2026-08-11 19:10:13,85258530,000000000514f122bb63c96a39cc06e37fd69e2a21be6f76a6f1d851b8290a17,290a17,7,单,大
2026-08-11 19:10:27,85258535,000000000514f127161809804e707cc525979c08885cc35417d1e1b699cc168b,cc168b,8,双,大
2026-08-11 19:10:43,85258540,000000000514f12c284f393da8ae516b470a4153a0110b176dae88a5947128d4,7128d4,4,双,小
2026-08-11 19:10:59,85258545,000000000514f131e96369a9430c8e624061f0d318c0059975fc579d4576c3cc,76c3cc,3,单,小
2026-08-11 19:11:11,85258550,000000000514f136c69f042774c30c74056366632239fbd22a137f38cef3e59f,f3e59f,9,单,大
2026-08-11 19:11:28,85258555,000000000514f13becf7a61cc046e63de8f4d7c24c466c215809c4350ecb54e9,cb54e9,9,单,大
2026-08-11 19:11:41,85258560,000000000514f1403d2485f83b82695e57a2031e1020a76875e364163affaaa9,ffaaa9,9,单,大
2026-08-11 19:11:58,85258565,000000000514f1456d6a711cc7b87ba69312c6ceb345b471b5085dc28aa1590c,a1590c,0,双,小
2026-08-11 19:12:13,85258570,000000000514f14a9817b9d7c606ad8e74b86c642aca4bf2aaecf93f68d092ec,d092ec,2,双,小
2026-08-11 19:12:28,85258575,000000000514f14f49b8479da9a81f6cd920a97506ae8a56f9e2f6d67104e498,04e498,8,双,大
2026-08-11 19:12:44,85258580,000000000514f154afa6d810fbc8c00e9100815dd45fdf989ccaf4459ddef30c,def30c,0,双,小
2026-08-11 19:12:57,85258585,000000000514f1592d725b4f573e6879164b0f136f1eeb0678b25aa131a4b48e,a4b48e,8,双,大
2026-08-11 19:13:13,85258590,000000000514f15e9fce429a7a0275ac685243c7b07a8c95246d604359099449,099449,9,单,大
2026-08-11 19:13:27,85258595,000000000514f163621853a353faa95c44fafc81b74e0d94db1ae70354b9042b,b9042b,2,双,小
2026-08-11 19:13:43,85258600,000000000514f168ea8075c0b5ed3db4dcd582cc45acbe2578881657061a3d83,1a3d83,3,单,小
2026-08-11 19:13:57,85258605,000000000514f16d267e4b2bb5ebb9e18e1ce4a3cbbdd83f7a9d945dd11d88ab,1d88ab,8,双,大
2026-08-11 19:14:12,85258610,000000000514f1720c7b16fa6bc8b721c2fa10a3e149afa9baea14f4d6175cc1,175cc1,1,单,小
2026-08-11 19:14:28,85258615,000000000514f1770a1d009ec54239e29933498faefab274024ed639d4abd4ac,abd4ac,4,双,小
2026-08-11 19:14:43,85258620,000000000514f17cbc1704c60e0c49902ae393cd09df9036f99dfd08aa3167dd,3167dd,7,单,大
2026-08-11 19:14:57,85258625,000000000514f1817b0d7aadecd09a352ad653623d66c740f841fa20616ad7d8,6ad7d8,8,双,大
2026-08-11 19:15:12,85258630,000000000514f18626b2b6c0227022f200738eacf40e650c2266dce290cbfd58,cbfd58,8,双,大
2026-08-11 19:15:29,85258635,000000000514f18b758732f05962cff41b6f002d8ab79ff4c8400c2282c090ec,c090ec,0,双,小
2026-08-11 19:15:44,85258640,000000000514f1903c0c84d225b93c7812a46a73df14036a53cdead19dc4c727,c4c727,7,单,大
2026-08-11 19:15:58,85258645,000000000514f1953686d10a3ac4c6a22a65f3e4018a4c8027cdbb05a67ec377,7ec377,7,单,大
2026-08-11 19:16:15,85258650,000000000514f19a4705fa10bf96301977ef903aee6c8bc2abc64fba28f003db,f003db,3,单,小
2026-08-11 19:16:27,85258655,000000000514f19fe3b5384360762915a6e18d1c03d159e921c5e9cb8fdc84af,dc84af,4,双,小
2026-08-11 19:16:44,85258660,000000000514f1a450a3056b0ef13d4fc2ab405b85bf5d42af66a8475ac9c69d,c9c69d,9,单,大
2026-08-11 19:16:57,85258665,000000000514f1a97eee5ef3d331abf73ed9beee7a260f63a683dda373d7dfc9,d7dfc9,9,单,大
2026-08-11 19:17:12,85258670,000000000514f1ae396fffde20d54da897e93e6f6636ba9802bc193ecf6915c0,6915c0,0,双,小
2026-08-11 19:17:27,85258675,000000000514f1b3cab62a2d510ad412d2281feee834d3c2fbd1eb09b7cf6607,cf6607,7,单,大
2026-08-11 19:17:42,85258680,000000000514f1b8ae6fd145d1aa6fc81170f9d59efd9da74393bac3c0cda431,cda431,1,单,小
2026-08-11 19:17:57,85258685,000000000514f1bdc77b1a315aedd268f7e0ba639cf539d5c231f141bd7abe4b,7abe4b,4,双,小
2026-08-11 19:18:14,85258690,000000000514f1c21e38090f5820c1f61a1a6bedaeba7f87b9739641adce8b6d,ce8b6d,6,双,大
2026-08-11 19:18:27,85258695,000000000514f1c7b38d250657bd5dc5d66e45659dfa5767c61d0d512aa13d50,a13d50,0,双,小
2026-08-11 19:18:42,85258700,000000000514f1ccfef0e471fa699f12b95256821d6212b3edb8c8bb311838d8,1838d8,8,双,大
2026-08-11 19:18:58,85258705,000000000514f1d155d3bb03395dbbe205de61242535bf4c1434d7910998ce9c,98ce9c,9,单,大
2026-08-11 19:19:13,85258710,000000000514f1d600ab97431242d833db67cba087b198d46e1d2d4660b46014,b46014,4,双,小
2026-08-11 19:19:27,85258715,000000000514f1db3f2ca219865a751170d449ea8a604a35791b9084d320f65b,20f65b,5,单,大
2026-08-11 19:19:42,85258720,000000000514f1e0b9634f17124a2754bfbc4b832743bdaf96d19bbd561d8175,1d8175,5,单,大
2026-08-11 19:19:59,85258725,000000000514f1e5655f538e37eda8cb7fae01e707cb1905f1535f19b4403816,403816,6,双,大
2026-08-11 19:20:14,85258730,000000000514f1ea6cf422cf2ec58f4d270d1970945d83d784867b7b372ffb9a,2ffb9a,9,单,大
2026-08-11 19:20:27,85258735,000000000514f1efc07e852824e778091fde91e328f50275a1213192220b1cc2,0b1cc2,2,双,小
2026-08-11 19:20:44,85258740,000000000514f1f444c3064d387863ca246fab10388ad2eb9120e7a81e04b020,04b020,0,双,小
2026-08-11 19:20:57,85258745,000000000514f1f99f98ecc2cb7772892f5d35ae14e05dcafce66e5519f83cae,f83cae,3,单,小
2026-08-11 19:21:12,85258750,000000000514f1fe765252a7c308c998f0c080d50e27cffd0266c37bbbee5289,ee5289,9,单,大
2026-08-11 19:21:28,85258755,000000000514f20388f6394f3c8917ded056b96956875811ea62231da511d478,11d478,8,双,大
2026-08-11 19:21:42,85258760,000000000514f208bac357d2d3e25b4d3c8b6fa4367347e1b6c25f7cb5bd86d7,bd86d7,7,单,大
2026-08-11 19:21:58,85258765,000000000514f20d04cca2878d6bd2f3eee48e1cb795d72bc92ba457aaee0f21,ee0f21,1,单,小
2026-08-11 19:22:14,85258770,000000000514f212310cf700df6d2669c9ca49daa0d9420ad2605a78e9b82d4f,b82d4f,4,双,小
2026-08-11 19:22:27,85258775,000000000514f217f15b892e19c69ff851decd9e10dd544553087f3dc6037c8b,037c8b,8,双,大
2026-08-11 19:22:42,85258780,000000000514f21c58d31d93b7d44e455de293b38c7979b42c668871bb9152dc,9152dc,2,双,小
2026-08-11 19:22:58,85258785,000000000514f221ed39558481ff591c2dc5801ca7adc4a25efb27cb49dcac80,dcac80,0,双,小
2026-08-11 19:23:13,85258790,000000000514f226151ace970e0e86f91ca32a3ef1a22353134ba29a7069b004,69b004,4,双,小
2026-08-11 19:23:30,85258795,000000000514f22b99d7616c510e6778f9c4b63c93c4603dd2955a40608d237a,8d237a,7,单,大
2026-08-11 19:23:41,85258800,000000000514f23042d54cd937f32d8fe2b81e3610467f5d0622819c21347507,347507,7,单,大
2026-08-11 19:23:58,85258805,000000000514f235d1e3170f8c49f85e448aadfe8a64ad5c2d9606d564d085eb,d085eb,5,单,大
2026-08-11 19:24:14,85258810,000000000514f23a2078b856d71b989ed3fa951eba218fda1e868b5a35abe88f,abe88f,8,双,大
2026-08-11 19:24:29,85258815,000000000514f23f330f8dde94bbb5457c4966814e3d252393c74814a4b9ede7,b9ede7,7,单,大
2026-08-11 19:24:43,85258820,000000000514f2441eb9a73529a20fdb96e4c9b0eb6423e97d56e8ed3e7230d3,7230d3,3,单,小
2026-08-11 19:25:04,85258825,000000000514f249883030bbbbbfcd18692ca6066d1c0887f3874a377c02bbb2,02bbb2,2,双,小
2026-08-11 19:25:13,85258830,000000000514f24e5a4fdd4503451197308bec89b035449bf60ed3824b857b55,857b55,5,单,大
2026-08-11 19:25:27,85258835,000000000514f253535fefd8ee3fcd776571e2d93cf53d9ecfc2f5fd4c76848f,76848f,8,双,大
2026-08-11 19:25:50,85258840,000000000514f25828f6ca31c3e0684071f46035615aab731084d847fab380bd,b380bd,0,双,小
2026-08-11 19:25:57,85258845,000000000514f25d624f9022c4c39cef70cb584c72fd1ddd99273dd1c08b460c,8b460c,0,双,小
2026-08-11 19:26:13,85258850,000000000514f262a80a328accc982556d8cf00013ca478903c6add3e2074dc1,074dc1,1,单,小
2026-08-11 19:26:41,85258855,000000000514f267ef05660cabcaa2b4febd2a06eea00622072ce1c28fc06b2c,c06b2c,2,双,小
2026-08-11 19:26:45,85258860,000000000514f26cc85ff00a0811bebeed33a8c6656ceb9b31d3e28d910af9fc,0af9fc,9,单,大
2026-08-11 19:27:00,85258865,000000000514f2717c11a71a7df29326b1537a53673f75d3f5aad8e1ecf77a1f,f77a1f,1,单,小
2026-08-11 19:27:14,85258870,000000000514f276da2e08590847d6321694427f7c3b56f75bfd726256fe0e2e,fe0e2e,2,双,小
2026-08-11 19:27:27,85258875,000000000514f27bee3cf8145b7c14b4c5ab5efbdd92c6e062ecc2eec3d36438,d36438,8,双,大
2026-08-11 19:27:46,85258880,000000000514f2802cf7470ef1231a567d0201c6b0d53efc2c44eb6b0f18eaa7,18eaa7,7,单,大
2026-08-11 19:27:59,85258885,000000000514f285c32dc87f0c5bf868f0cf0c423fa9b5a59a13990607208f13,208f13,3,单,小
2026-08-11 19:28:21,85258890,000000000514f28aba78e93b76fb59c6d9e74451e86ec996a076f91e234dc4b0,4dc4b0,0,双,小
2026-08-11 19:28:28,85258895,000000000514f28fa483cfbab0c28980cc3e8bfed2c33a33c076e95fa664217e,64217e,7,单,大
2026-08-11 19:29:04,85258905,000000000514f2990019282b706cb72664204115ce630ad0a3a6bc1fd3533f9d,533f9d,9,单,大
2026-08-11 19:29:45,85258920,000000000514f2a8b54970c03d9583f122a87b410a52526d2ca47632671442a5,1442a5,5,单,大
2026-08-11 19:30:02,85258925,000000000514f2add61cadc1cc2238baf36811ea9e0e54a4cee821351222b572,22b572,2,双,小
2026-08-11 19:30:26,85258930,000000000514f2b2b0a63ca8e522fb6770619051497b8c402d6d5c1fe8fd1d7d,fd1d7d,7,单,大
2026-08-11 19:30:43,85258940,000000000514f2bca78680168a8c38dae1ea38650782a0498ef651a6ff07757b,07757b,7,单,大
2026-08-11 19:30:59,85258945,000000000514f2c1ddea77d86b6367d1e545a7377a23ec9f241f856ea393641f,93641f,1,单,小
2026-08-11 19:31:13,85258950,000000000514f2c643992f1d19c532a4ff3a8a649ad4a468ab2749d56c32bd81,32bd81,1,单,小
2026-08-11 19:31:31,85258955,000000000514f2cbb8385ec2303ee0234dcb70904d498caf048ebad43af081ae,f081ae,1,单,小
2026-08-11 19:31:50,85258960,000000000514f2d03512e4f0fe992b83d53170e20eeb25bd3362eeaf10570e33,570e33,3,单,小
2026-08-11 19:31:58,85258965,000000000514f2d571d6eb7792e97f66a004f04ea1fe60589646c4758da1302c,a1302c,2,双,小
2026-08-11 19:32:13,85258970,000000000514f2da71d5e3437040cebdcea7f980d946c58cff86d147c3646e86,646e86,6,双,大
2026-08-11 19:32:39,85258975,000000000514f2df276bda00d12b3b34497d91caddd4f362da89b47bdaa13c4e,a13c4e,4,双,小
2026-08-11 19:32:48,85258980,000000000514f2e49eba49eb13c194d0d7adeb6435cbb871cffddb2efdf09f9c,f09f9c,9,单,大
2026-08-11 19:32:58,85258985,000000000514f2e92f3961e43fda202c6c09526fdba0997389b778d546f7be8c,f7be8c,8,双,大
2026-08-11 19:33:14,85258990,000000000514f2ee0588787a305d58ab51280ea96c75c090fdc5c49b44409d5e,409d5e,5,单,大
2026-08-11 19:33:41,85258995,000000000514f2f33485215cbe13bb1f6112011648e7e83c1bbfb33b9c8e9dd9,8e9dd9,9,单,大
2026-08-11 19:33:44,85259000,000000000514f2f8fa5913a22442373224e43da150269abd148efd745fab0b5c,ab0b5c,5,单,大
2026-08-11 19:33:57,85259005,000000000514f2fddcce52c95391c136e0c9f7f534638f6cead481fa8364c476,64c476,6,双,大
2026-08-11 19:34:15,85259010,000000000514f302784be0910b33e04da01bc7b5c9987d9fa3a48ae529ff7493,ff7493,3,单,小
2026-08-11 19:35:18,85259030,000000000514f316ef6e99dcdf3eb0486659e11794e5768a21e3e9c03c3ea8fe,3ea8fe,8,双,大
2026-08-11 19:35:29,85259035,000000000514f31bd80ed49bda7542768d4f665f486eef385a3a98579e3a66f3,3a66f3,3,单,小
2026-08-11 19:35:45,85259040,000000000514f320c0b4f3afa37ed8dacf24892d50727613daf668ee184652f9,4652f9,9,单,大
2026-08-11 19:35:55,85259045,000000000514f3254d962e2fd4eefa8ca7f0bc00e7a195dc779fdf79082eb1d0,2eb1d0,0,双,小
2026-08-11 19:36:14,85259050,000000000514f32a5da0d1fab6af08d736f5f75a892bd13db414a539947ff4b5,7ff4b5,5,单,大
2026-08-11 19:36:42,85259055,000000000514f32fd946fc79dc2828a38631192580f4ff81c9f3d34e50199773,199773,3,单,小
2026-08-11 19:36:46,85259060,000000000514f3349158ffc2b0b5f2e4099166107f63560bc5ae122c77743db9,743db9,9,单,大
2026-08-11 19:37:17,85259070,000000000514f33e48934be36b0dc2dd59fa5f2750ffc137e73f9eeab83a0ba5,3a0ba5,5,单,大
2026-08-11 19:37:36,85259075,000000000514f34354da87da0ec7cc6d989ead0a6603494b881d35d76bad8622,ad8622,2,双,小
2026-08-11 19:37:54,85259080,000000000514f34820dc00df712d21489e8f3008ff215e8f010ea13d63ee27d4,ee27d4,4,双,小
2026-08-11 19:37:59,85259085,000000000514f34de186edfa702565182dcfe762bd589491dfc7fb08cef750fa,f750fa,0,双,小
2026-08-11 19:38:57,85259100,000000000514f35c03c30d3e9cb38b2ad104568ffa67569196716de0442cc171,2cc171,1,单,小
2026-08-11 19:39:03,85259105,000000000514f361651e5ff0eaac0a96416d6d1f29a09d25e1db7e5c36cb8542,cb8542,2,双,小
2026-08-11 19:39:11,85259110,000000000514f366a71473c5d90960c134029c63f11a99e0eea123d55db5ef05,b5ef05,5,单,大
2026-08-11 19:39:44,85259115,000000000514f36bc236f93205aff9bfe21067390d34ca24d55e7b18bd155016,155016,6,双,大
2026-08-11 19:39:48,85259120,000000000514f370e0cb06ffbf5400a3afb8af84dcb9d2e6869fca41020bb57c,0bb57c,7,单,大
2026-08-11 19:39:58,85259125,000000000514f3755260223a2a3e21d2763408d0d3ec9d679c7414fd7d865a65,865a65,5,单,大
2026-08-11 19:40:14,85259130,000000000514f37a494105538727266e02faea9dade8837ca8d13aa610734f38,734f38,8,双,大
2026-08-11 19:40:44,85259140,000000000514f384700b0f75d409e8a71220ecfd2c15ef334d222a97b3b31dce,b31dce,1,单,小
2026-08-11 19:40:58,85259145,000000000514f389c5a5b3c73b13025649d96d5b2fa09cb6273d30229d81cf67,81cf67,7,单,大
2026-08-11 19:41:28,85259155,000000000514f393bdfc88a1ef5edefebdb14c30b299de71a60830c8fc01edef,01edef,1,单,小
2026-08-11 19:42:03,85259165,000000000514f39d9ec62e0dc06945dbe371443f1be2f473bf41a1699364af1e,64af1e,1,单,小
2026-08-11 19:43:02,85259185,000000000514f3b158919004fbef093e878bf3d3d103ca92d9fc170597bde9dd,bde9dd,9,单,大
2026-08-11 19:43:41,85259195,000000000514f3bbc178f915b73b661fde1d0021754f4f2eefda131735e643d0,e643d0,0,双,小
2026-08-11 19:43:45,85259200,000000000514f3c0ace9bd7d1e80fdec9c81231fbf2e05a84ea9fccd3ab0db40,b0db40,0,双,小
2026-08-11 19:44:04,85259205,000000000514f3c5d2d70a0a81e4554e8699a4b0ea3fc67efc0012ee962b5753,2b5753,3,单,小
2026-08-11 19:44:19,85259210,000000000514f3ca8e263db14798bb176c9606d3dc59045e41aff645663b8ef7,3b8ef7,7,单,大
2026-08-11 19:44:29,85259215,000000000514f3cf5b3c7c6ca5043cffd5d8e05d4bcbbfd64c109596b6051cc1,051cc1,1,单,小
2026-08-11 19:44:45,85259220,000000000514f3d4a5f2b40ac05b382c2ca5d3e65175a5d2d565647525c7306b,c7306b,6,双,大
2026-08-11 19:45:03,85259225,000000000514f3d981c1e53cac89498c1d98b587cce9e1f0e428e42f757924bd,7924bd,4,双,小
2026-08-11 19:45:14,85259230,000000000514f3def63aba7b35b998d0b48481a1b990f2dbcbc4d724541f8695,1f8695,5,单,大
2026-08-11 19:45:41,85259235,000000000514f3e3ed4c92da583ffcc7a6111a07c1197a7b69d216541228c325,28c325,5,单,大
2026-08-11 19:45:46,85259240,000000000514f3e83c24a37f21970ecfa01b56e3f431ddd0274918586acc968a,cc968a,8,双,大
2026-08-11 19:46:11,85259245,000000000514f3ed2840155004e5ba5831e90d8a20de8d0be003fdef22f9283b,f9283b,3,单,小
2026-08-11 19:46:16,85259250,000000000514f3f2372a5c5f36f1fcb649ec18817cf5751223c1ed712f4a24f4,4a24f4,4,双,小
2026-08-11 19:46:47,85259260,000000000514f3fc2e04daa6ff0688bca17c5c87fd2fb2887019cead1482670d,82670d,0,双,小
