时间,区块高度,Hash,Hash尾6,尾数,单双,大小
2026-08-06 15:51:21,85110593,000000000512af4114d26be1e5989355b21ee233de1e2b9edc55a691855f8f26,5f8f26,6,双,大
2026-08-06 15:51:28,85110595,000000000512af4341bb0a0cc84baaf44c6c1c18e99308a4072a8573fdeccadf,eccadf,3,单,小
2026-08-06 15:51:35,85110597,000000000512af45990562982c0e2ed126c0b61c9536b3aeb454e3f90ef4f9b7,f4f9b7,7,单,大
2026-08-06 15:51:41,85110600,000000000512af48dbae540754adf238155f6dcde4e2b0912491483fe3bb8fd1,bb8fd1,1,单,小
2026-08-06 15:51:47,85110602,000000000512af4a8614bcbbf922efd318d658927cf2713b408718586031b0d7,31b0d7,7,单,大
2026-08-06 15:51:54,85110604,000000000512af4c1f15e13e76fbde30926f30cd233338739c82a6eaaf681609,681609,9,单,大
2026-08-06 15:52:01,85110606,000000000512af4e74565bd4edaf1b8fed14456063cb40ad50b1c3868579d09b,79d09b,9,单,大
2026-08-06 15:52:07,85110609,000000000512af5152b409642a6542efe3280c8e4d10ecb1fd8215093f568fea,568fea,8,双,大
2026-08-06 15:52:14,85110611,000000000512af533d49f64942993751faf93248684656d8a6f70f210970a3b4,70a3b4,4,双,小
2026-08-06 15:52:21,85110613,000000000512af55e0f7667df4cd59eace1ca8da57bbb8ae7792e25a23eb5444,eb5444,4,双,小
2026-08-06 15:52:28,85110615,000000000512af571ad47e885651861cd106b4c8c93cdbe0ff847590563d77ba,3d77ba,7,单,大
2026-08-06 15:52:35,85110618,000000000512af5ac3e09b3381fbb0a3b6eb60408ea7512e3ecb352fd5ef55e5,ef55e5,5,单,大
2026-08-06 15:52:43,85110621,000000000512af5dad6e882701613b4fe00224902ef96a0702a3c2c946c93dcd,c93dcd,3,单,小
2026-08-06 15:52:50,85110623,000000000512af5f7d48cfb09ee828c0f87257e38c227e0aee50977b80f795cd,f795cd,5,单,大
2026-08-06 15:52:57,85110625,000000000512af61ef0a33a1ea78b1408f6453df4893607708dc25362c54e950,54e950,0,双,小
2026-08-06 15:53:04,85110628,000000000512af64f8ba82b6448863866d1429e0758c70dc90f9c504a87de7ad,7de7ad,7,单,大
2026-08-06 15:53:11,85110630,000000000512af6612b0a06e46a25694bf68704e1f3cba9667d99d0fc744c285,44c285,5,单,大
2026-08-06 15:53:18,85110632,000000000512af68d2debf575de4a3dec766651ea9721a2ad691f9e4bc2dd595,2dd595,5,单,大
2026-08-06 15:53:25,85110634,000000000512af6a050350aec71bccc2e66aa198c8f843abbad8d791e2fc1617,fc1617,7,单,大
2026-08-06 15:53:32,85110636,000000000512af6ca9d2eb06246c69d71cfffd34f815d0f49bb8a0449afe6b9e,fe6b9e,9,单,大
2026-08-06 15:53:39,85110639,000000000512af6f87385d7de83748cea7c0325e44de80442a17cacac6b98295,b98295,5,单,大
2026-08-06 15:53:46,85110641,000000000512af715437790763cbed22cddd5fb9484c349961759c3eb8d45045,d45045,5,单,大
2026-08-06 15:53:53,85110644,000000000512af747d7cd1166f2738bef9d7a7c7760d4abecb2acc106a5716d6,5716d6,6,双,大
2026-08-06 15:54:00,85110646,000000000512af7637fa7bfaff239c47504f135b4f66dc86f6be7d6560f3171a,f3171a,1,单,小
2026-08-06 15:54:07,85110648,000000000512af789f5b47cefb2c3b1594b35f2991362e6f3e67cb56511bbb6a,1bbb6a,6,双,大
2026-08-06 15:54:14,85110651,000000000512af7b944e7e809b42868efa3932d6e17930326dc93874a134c6cb,34c6cb,6,双,大
2026-08-06 15:54:21,85110653,000000000512af7d9b394fbb9aea1d405bc0380bd10ea658ed3436c2ad53f2f2,53f2f2,2,双,小
2026-08-06 15:54:27,85110655,000000000512af7f1515e19423e4cc52e2936086a16259cd3e3984fcc3e03d57,e03d57,7,单,大
2026-08-06 15:54:34,85110657,000000000512af81bab26deba3f45807c12e96f8622c3156047dddcc1ec61397,c61397,7,单,大
2026-08-06 15:54:41,85110659,000000000512af833766f660c32d939a4d26e1a5885fe1b2f32c847bf53e5dd2,3e5dd2,2,双,小
2026-08-06 15:54:48,85110662,000000000512af86969fbd6850924e5e65bd274db818cb2eb70abdd39d512442,512442,2,双,小
2026-08-06 15:54:55,85110664,000000000512af884e84463c0739bb6538fa4a1fa1da1f9a43774c7221681095,681095,5,单,大
2026-08-06 15:55:01,85110666,000000000512af8accd9242da548bd3aa096106c00273ae9fc8fafe3b98b6463,8b6463,3,单,小
2026-08-06 15:55:08,85110669,000000000512af8dba322888428ce57776fbf7dfe2a7649ce0f90d77fa0ac715,0ac715,5,单,大
2026-08-06 15:55:15,85110671,000000000512af8f0696864b6b91e934e3b882701184287ddf137d7455db7634,db7634,4,双,小
2026-08-06 15:55:22,85110673,000000000512af91c83cb71ef8d53ff3f912be52915a4ff982a5f4df48224abb,224abb,4,双,小
2026-08-06 15:55:29,85110675,000000000512af935b1780e9e3522aaabdff322dff66df477ba85c1e234ee6d5,4ee6d5,5,单,大
2026-08-06 15:55:36,85110678,000000000512af9694e69315415ce5eb272dc070eb40f60c00e79f64a139f481,39f481,1,单,小
2026-08-06 15:55:43,85110680,000000000512af98116ab4979ca4a56fcae8f205feb83e1f0d7942464dfbb2b6,fbb2b6,6,双,大
2026-08-06 15:55:50,85110683,000000000512af9b61a9a03270c016beaa7675e20dc46dd5a5ff2516ee2f0b94,2f0b94,4,双,小
2026-08-06 15:55:57,85110685,000000000512af9d810adc55fe26aa03c37efbe98c9845c9e714f240d39e024a,9e024a,4,双,小
2026-08-06 15:56:03,85110687,000000000512af9ff9c7029e1396a28559c68e1bf8ba3bf6123341e5ae886414,886414,4,双,小
2026-08-06 15:56:10,85110689,000000000512afa186d13d195a2dd92d1063116cfdc9a9eeb6f8255062d92c6c,d92c6c,6,双,大
2026-08-06 15:56:17,85110692,000000000512afa4cab79ad366464222df70749ebc3e81a48a9c69217ec7a6fe,c7a6fe,6,双,大
2026-08-06 15:56:25,85110694,000000000512afa63c0b6a224d41acc4c9b223c5a80171fe5751b97e2a649661,649661,1,单,小
2026-08-06 15:56:32,85110696,000000000512afa850bd95afc9612cba7134b124e27b14c0aa3d0e4f0d9cef32,9cef32,2,双,小
2026-08-06 15:56:39,85110699,000000000512afabedf4ed3fd825a8d8412a7b1de14ed1880e1241936d855424,855424,4,双,小
2026-08-06 15:56:46,85110702,000000000512afae8add762eedcca0d084416c38f6f228292cc180fc6777410d,77410d,0,双,小
2026-08-06 15:56:53,85110703,000000000512afafea90d1b99a62e075724aa45cd60869739f73adcecbd3e223,d3e223,3,单,小
2026-08-06 15:57:00,85110706,000000000512afb2c5efb0c742f627a3c72031a6715daedc3266ebbca9333c6e,333c6e,6,双,大
2026-08-06 15:57:06,85110708,000000000512afb4819228d7a2ce330e9cec0845791648e18867cc3f7e68e85c,68e85c,5,单,大
2026-08-06 15:57:13,85110711,000000000512afb7c1dc2aa0fef5b969304ad8489c2680a24909491b22b33818,b33818,8,双,大
2026-08-06 15:57:20,85110713,000000000512afb9bd1a6f1cdd68a7de9f680f274de427594e36c328cec14507,c14507,7,单,大
2026-08-06 15:57:27,85110714,000000000512afbab7b52be1fe940a905438b28e095afe980d9f682f14e888bb,e888bb,8,双,大
2026-08-06 15:57:33,85110717,000000000512afbdcff128585570322141d5660dddf00a9b0bed3a62b637d4e9,37d4e9,9,单,大
2026-08-06 15:57:40,85110719,000000000512afbf5c9edc2eaa2df04a3dd8d511bb3bd39f23b7e01b880a64d8,0a64d8,8,双,大
2026-08-06 15:57:46,85110721,000000000512afc1f5932046af1d8a06195061a22fe110c8e3410e4d2e89e9f5,89e9f5,5,单,大
2026-08-06 15:57:53,85110723,000000000512afc3b8bf009968f46fe5ce2bbb2fc59be25abffccabd13a3bb8a,a3bb8a,8,双,大
2026-08-06 15:58:00,85110727,000000000512afc76329428288e6f3022648884467181ff1e0e3c3121a8a1b6d,8a1b6d,6,双,大
2026-08-06 15:58:06,85110728,000000000512afc8813c20ba665566f423c119ca386959bdeeddd1c998b3772e,b3772e,2,双,小
2026-08-06 15:58:13,85110730,000000000512afca307f8e998998fed3a91336698b2d5865b9fa5e2d3d148c52,148c52,2,双,小
2026-08-06 15:58:20,85110733,000000000512afcd97aac421b45750c52fd15243f3e5b5f297947724f3b709ce,b709ce,9,单,大
2026-08-06 15:58:27,85110735,000000000512afcfdeaa805743cd027100d71ebddbec24163e57980d416e0656,6e0656,6,双,大
2026-08-06 15:58:40,85110739,000000000512afd31400fb12133d5d83d88d8ed47b31c64ad2a3587304e34e0a,e34e0a,0,双,小
2026-08-06 15:58:47,85110741,000000000512afd5757c95d6b23d49650f865f1480eadc7a7a2a4cc8a3db6943,db6943,3,单,小
2026-08-06 15:58:54,85110743,000000000512afd780b2f2fe71e0e8d35430ae0c58317ea9f01e4c112acc6115,cc6115,5,单,大
2026-08-06 15:59:00,85110746,000000000512afdae042fcf42bcc707316d22c3c7146bc056207fbd73bb33d13,b33d13,3,单,小
2026-08-06 15:59:07,85110748,000000000512afdcb68b6adefe0b36a0a394be67110006d37a9d88952655e40d,55e40d,0,双,小
2026-08-06 15:59:13,85110751,000000000512afdf3784006fcafa01d8c7a9f92e8824484840115b8f83778d20,778d20,0,双,小
2026-08-06 15:59:20,85110753,000000000512afe151f407f61aca7145b219b71303b2040d769dbe66a3ba3980,ba3980,0,双,小
2026-08-06 15:59:26,85110755,000000000512afe3b43a9a4aebeef5aff9527dbe5ef8d1e49df920999172b72f,72b72f,2,双,小
2026-08-06 15:59:33,85110757,000000000512afe51ec0cdc925fa738ae08ef7a8e51d7d424e4ff1902547a29a,47a29a,9,单,大
2026-08-06 15:59:40,85110759,000000000512afe7f3e8978516792fce9af3c2d3358a4a95e494fbea89e6ed50,e6ed50,0,双,小
2026-08-06 15:59:47,85110762,000000000512afeafc3103469c8f5075f64e5f53258c8026c67d5ff4c2ac15cc,ac15cc,5,单,大
2026-08-06 15:59:54,85110764,000000000512afeceb604f6f98674d03aee71d7dd4c652c0ec5e5ee6a6d7cdf8,d7cdf8,8,双,大
2026-08-06 16:00:01,85110766,000000000512afee62dc7278f5d448aafd97def8c48e36e8cbba23f95d739c62,739c62,2,双,小
2026-08-06 16:00:08,85110768,000000000512aff05ccff519feb20f177be263909134c200bdb8a3009b2db3ba,2db3ba,3,单,小
2026-08-06 16:00:15,85110771,000000000512aff3741e643e50438e9c16dcd0b48f8dab08471f9aa6196aa159,6aa159,9,单,大
2026-08-06 16:00:25,85110773,000000000512aff51cdc9cf425e19f609343a8eaa7bc0308e341cd3200b3ef99,b3ef99,9,单,大
2026-08-06 16:00:33,85110777,000000000512aff9fdd1a4113001f61c6755e697ce11a602cc19cec2e7088790,088790,0,双,小
2026-08-06 16:00:40,85110779,000000000512affb9b7a7446d9ea824a3e3df45f76bf5d67286e15bfab53a048,53a048,8,双,大
2026-08-06 16:00:46,85110782,000000000512affebbf47a22f6f566a4e620bf552b1d4e8f0ee2135f86bf5232,bf5232,2,双,小
2026-08-06 16:00:53,85110784,000000000512b0004b6cf099edc991ce0bed6ae41a5bbfbdfcd73a17f5c235c8,c235c8,8,双,大
2026-08-06 16:01:00,85110786,000000000512b00299a69e6a23ff14061cefc4ae2c641300eba15cf800015722,015722,2,双,小
2026-08-06 16:01:07,85110789,000000000512b0050b1f5de637b07b8ddd38ecb66cbef5317b91ccc183c17163,c17163,3,单,小
2026-08-06 16:01:14,85110791,000000000512b0077860384cfe3fe0b8e14ebfc6fe76743c063732fc422d9af0,2d9af0,0,双,小
2026-08-06 16:01:21,85110793,000000000512b009de279c0f4063df7a8c2d80f54509f209bf595f2dd249f2c0,49f2c0,0,双,小
2026-08-06 16:01:28,85110796,000000000512b00ced89da5aa9c77283b9589e7dc89cac49ab2fafbed7cfb284,cfb284,4,双,小
2026-08-06 16:01:34,85110797,000000000512b00d3a04bd056e0bd1883f514b4466da4eee4fde0e92c6476e19,476e19,9,单,大
2026-08-06 16:01:41,85110800,000000000512b01084a68b097942ebdcb9e4dcbca517054c424f82150cd18c04,d18c04,4,双,小
2026-08-06 16:01:48,85110802,000000000512b0126bfadb5d837bfc7d23cc8053f2067efecaaea1321fdd6f3f,dd6f3f,3,单,小
2026-08-06 16:01:55,85110804,000000000512b0144c20e8eacfef45db469e4da9878f4c0d6092fea91435c361,35c361,1,单,小
2026-08-06 16:02:02,85110806,000000000512b0169942e52f8afd06c172fee237ec6154d33eaa15a7ac13eaa9,13eaa9,9,单,大
2026-08-06 16:02:09,85110809,000000000512b0194bbbf43799fc14045094c77a29c889d021078b3a57cf4498,cf4498,8,双,大
2026-08-06 16:02:16,85110812,000000000512b01c19425c1d55a700b9a1b7a2af85c67e82ab02b8ecefa3bbb7,a3bbb7,7,单,大
2026-08-06 16:02:23,85110814,000000000512b01e57fb1f2d3ce8968ccd602877a11f54437fedd59b1d132361,132361,1,单,小
2026-08-06 16:02:30,85110816,000000000512b020097bd99350ba53b8b049d141a4bd9c8415668469862af849,2af849,9,单,大
2026-08-06 16:02:37,85110818,000000000512b0227a979fd62f295d2bfdc5857491258887361fb5c2d70ad9bb,0ad9bb,9,单,大
2026-08-06 16:02:43,85110820,000000000512b0240223a781414dde9aa296fd8f67e6b5cd0edec7ec1dd5e059,d5e059,9,单,大
2026-08-06 16:02:50,85110823,000000000512b02714d75b3bd038f2ec8bbf66a36849a29443134acde60d6a40,0d6a40,0,双,小
2026-08-06 16:02:57,85110825,000000000512b029f32fc1a751a817b6de30fd49405e67a9d707035a1d93acfe,93acfe,3,单,小
2026-08-06 16:03:05,85110827,000000000512b02bbea44db2cfe2fab8bc5531359e09dae1e0dec45bfa19b84a,19b84a,4,双,小
2026-08-06 16:03:12,85110829,000000000512b02daef993c718e05643ede183aa0286428c8e5b7ab6fb144404,144404,4,双,小
2026-08-06 16:03:19,85110832,000000000512b030be2457f34d467114e8444bb00bb558e78e4a643e46fdccd8,fdccd8,8,双,大
2026-08-06 16:03:26,85110833,000000000512b031ccbc97ab3d89334fa77c28c726d5e529263c384870012c6e,012c6e,6,双,大
2026-08-06 16:03:33,85110835,000000000512b0333610c2ee7a25b25909dab593df7debee72bc8c4e2f1372cc,1372cc,2,双,小
2026-08-06 16:03:40,85110839,000000000512b037c8e86560c1f94713b367d82d52255bb874a7bd5aa65cf9ae,5cf9ae,9,单,大
2026-08-06 16:03:47,85110841,000000000512b0393fdd50f669ed0017e9dc8b55c3d351eb13d2c068ddccbdb9,ccbdb9,9,单,大
2026-08-06 16:03:54,85110844,000000000512b03cbc31e3d7446de1cd751a79089225298a334599e10951375e,51375e,5,单,大
2026-08-06 16:04:01,85110846,000000000512b03e082037b5d322f55315d7f8396879c85d238d77f752893cef,893cef,3,单,小
2026-08-06 16:04:08,85110849,000000000512b041cd4075674c9e0d8c02a1684d19653efcd95d3f91ecc09042,c09042,2,双,小
2026-08-06 16:04:15,85110851,000000000512b043caf0ec2a08433ca195e00c690101f0cbafedcc860df88662,f88662,2,双,小
2026-08-06 16:04:22,85110853,000000000512b04564413f269cada771dd365b11e400407e4aca5d1f9c4ae9f8,4ae9f8,8,双,大
2026-08-06 16:04:29,85110856,000000000512b048187a4729ba7e05044559ff9b5438aba962129046ce31eb4a,31eb4a,4,双,小
2026-08-06 16:04:36,85110858,000000000512b04a98f55b31836b5a34e5cfeb8cd13a7ae54d7c9260a71b2ed2,1b2ed2,2,双,小
2026-08-06 16:04:42,85110860,000000000512b04c43c2dc00416aa80929ca5d876aface99ad4dd88365fb5b40,fb5b40,0,双,小
2026-08-06 16:04:49,85110862,000000000512b04e47f07a0d2584bc5b71128fc6487ebe84168692d00a96d42c,96d42c,2,双,小
2026-08-06 16:04:56,85110864,000000000512b050a1f794c3fcfa28cd8ceb044e8e09e95fc4caaa8ad9cbaf58,cbaf58,8,双,大
2026-08-06 16:05:02,85110867,000000000512b053d9ecd0554849b95f874a86ac5f144365ccb6ece396cc1899,cc1899,9,单,大
2026-08-06 16:05:09,85110868,000000000512b054161cdbcc737729b684cd0d1821afd2e76135a17a2797da1f,97da1f,1,单,小
2026-08-06 16:05:16,85110871,000000000512b0577a1740bfc158018ea181b8ac0944872cd510481b882e0616,2e0616,6,双,大
2026-08-06 16:05:23,85110874,000000000512b05a5568e866e8b7631394e5dc1be5099739a7fa605963cd7963,cd7963,3,单,小
2026-08-06 16:05:30,85110876,000000000512b05c631d783db15b2270a625a16ff3c661abf17728d5e9f1f322,f1f322,2,双,小
2026-08-06 16:05:37,85110879,000000000512b05f2419c8e56be2578e7ff3065449d4729ddbfd21877101736d,01736d,6,双,大
2026-08-06 16:05:44,85110881,000000000512b0611f1e0f7a7b92daa40db4e7fdfabd9706e3c7875174f3a2ef,f3a2ef,2,双,小
2026-08-06 16:05:50,85110882,000000000512b062058a45aa247db4042525d9e008cb5bada30cb6f20dd717bb,d717bb,7,单,大
2026-08-06 16:05:57,85110885,000000000512b0658c1b9ba81f46d042bf0b75a7737ec3f1f7b5986c5beb1405,eb1405,5,单,大
2026-08-06 16:06:04,85110887,000000000512b06717eefc90b2cd5c62989c2eea0f72c9813f350cfce0e314b0,e314b0,0,双,小
2026-08-06 16:06:11,85110889,000000000512b0699151c7c78e0ac0a88713da61b529c64e3495b8c8b43a1b77,3a1b77,7,单,大
2026-08-06 16:06:18,85110892,000000000512b06cf4132ef947856a4e12b76d15f8dcf35140811a943125c6fb,25c6fb,6,双,大
2026-08-06 16:06:25,85110894,000000000512b06e2c8f39d4de1d6575d786be8aa2a2d2c45774158a42b8eabc,b8eabc,8,双,大
2026-08-06 16:06:31,85110896,000000000512b070ebb4c9a0728f5bead6de3f5da429e84a8a7ad082aec27575,c27575,5,单,大
2026-08-06 16:06:38,85110899,000000000512b07337e1c1fc4a8dd35320975ceb5dcfc1ce3ed6fce61b5fd9c7,5fd9c7,7,单,大
2026-08-06 16:06:45,85110902,000000000512b076745acdc49721f039795a0d783a0184929e4b0f8234f3cde4,f3cde4,4,双,小
2026-08-06 16:06:52,85110903,000000000512b0773e2ea39b2377a10ea9e72ad4449fc1fcfc2088dc7457dbab,57dbab,7,单,大
2026-08-06 16:06:59,85110906,000000000512b07a018d9040c5ad117dbc56a11d3442ea3dbbb2d47ceaf02e28,f02e28,8,双,大
2026-08-06 16:07:06,85110907,000000000512b07b10c8c623408a0ee6ab5795aea372181be1cf6e8954fc1e02,fc1e02,2,双,小
2026-08-06 16:07:13,85110910,000000000512b07e25b9ac4407fe6812f4ee70ced3ce1d57506f17c12e24e9f0,24e9f0,0,双,小
2026-08-06 16:07:20,85110913,000000000512b081ec32787364b12776c61114315343ac27a421799a28be0290,be0290,0,双,小
2026-08-06 16:07:27,85110914,000000000512b08249af10dbeb28e6372a8cedf0b64f413924695ef205c52965,c52965,5,单,大
2026-08-06 16:07:33,85110917,000000000512b0859a7ae0006460b8fce528dde271cf47a37d784b362ddbd959,dbd959,9,单,大
2026-08-06 16:07:40,85110919,000000000512b0879e23152c0e06bc99a182610ca69af028ffa4b56230fae4e3,fae4e3,3,单,小
2026-08-06 16:07:47,85110922,000000000512b08a3e07e1a65d0ffcdb51a59257714da65344dff21c08699c06,699c06,6,双,大
2026-08-06 16:07:54,85110924,000000000512b08c2c8af92095c5095fab021d778d8692e1fdf050eb80f9f7dc,f9f7dc,7,单,大
2026-08-06 16:08:01,85110926,000000000512b08ea17521cd081a0fb9fb4112fb19e77b88b40368c25c5bb857,5bb857,7,单,大
2026-08-06 16:08:07,85110928,000000000512b0906fe12092bfc334d00901fee60a325f20456d447a6e4bd91a,4bd91a,1,单,小
2026-08-06 16:08:14,85110931,000000000512b093c108995770b4c5e21af943bb0c5367c8d3226b8869d1f57a,d1f57a,7,单,大
2026-08-06 16:08:21,85110933,000000000512b0959905fd01426d6af9fe251456b5c9982c39eefbd6319c64de,9c64de,4,双,小
2026-08-06 16:08:28,85110936,000000000512b0980c73bec3565965635a3361eb2e615362b8a796803697d555,97d555,5,单,大
2026-08-06 16:08:35,85110938,000000000512b09a17504562df2433af202203548863acf1620a521fe9261fde,261fde,1,单,小
2026-08-06 16:08:42,85110940,000000000512b09cde13d544d246605d76132fa1177858c63651e532f42f7c39,2f7c39,9,单,大
2026-08-06 16:08:49,85110942,000000000512b09eae183bb091a27d25cac9fe08fdc519cc72b77321f7254e26,254e26,6,双,大
2026-08-06 16:08:56,85110944,000000000512b0a01265f938f9b06cd40dd932caf40208c48f8779256b7ed5fc,7ed5fc,5,单,大
2026-08-06 16:09:03,85110947,000000000512b0a3dbb3e2167fbe92d2e943bda23507a58e911cb2bf4b9f5813,9f5813,3,单,小
2026-08-06 16:09:10,85110949,000000000512b0a55b4aeeef804117cf074e87822e5ecf6f3628478c0809d0e8,09d0e8,8,双,大
2026-08-06 16:09:17,85110952,000000000512b0a881e766d99d70f3a20427882cd3aee5f9f7d4ff606d42ea62,42ea62,2,双,小
2026-08-06 16:09:23,85110954,000000000512b0aaaae47fcda9615dda88c367c030447058f304cbc5d57fa0d0,7fa0d0,0,双,小
2026-08-06 16:09:30,85110956,000000000512b0ace8ff422a2e8a4831312666648d6a144c51d6fc141022de8a,22de8a,8,双,大
2026-08-06 16:09:38,85110959,000000000512b0af157a031412eb6965966cfb6b13e21991032f30c577eff694,eff694,4,双,小
2026-08-06 16:09:45,85110961,000000000512b0b16383cc9bc81b9c34e89af45cdf4f7f1803fc677b190b06b9,0b06b9,9,单,大
2026-08-06 16:09:51,85110963,000000000512b0b3a5b0141701ef84b0a160141d1e1a38a77d275aa41b198373,198373,3,单,小
2026-08-06 16:09:58,85110965,000000000512b0b579b6b074918859fa1d8c36c8b27d8c6ec643a56f92ae9081,ae9081,1,单,小
2026-08-06 16:10:05,85110968,000000000512b0b88c952fc88ab9120e27dd7cf24424c4349a2eb6f28bbd7407,bd7407,7,单,大
2026-08-06 16:10:12,85110970,000000000512b0ba773f44bc4e58c28954d8df3f795afbedbdb16297eceb2988,eb2988,8,双,大
2026-08-06 16:10:19,85110973,000000000512b0bd45df71d87b8b1ce91d6f85be8ccdbc6057f5b9ccbd6894e7,6894e7,7,单,大
2026-08-06 16:10:26,85110975,000000000512b0bf0aa661f366f38943fd0f05f98d0c73db5d7facc34c416aea,416aea,6,双,大
2026-08-06 16:10:32,85110977,000000000512b0c1efc7f78bff27d2a2ca9ce7c530b7fd2e05ce19eabb4e4820,4e4820,0,双,小
2026-08-06 16:10:39,85110979,000000000512b0c39fded6d579d01f8711aefaab887921a0dc4aaee34e27708b,27708b,8,双,大
2026-08-06 16:10:46,85110981,000000000512b0c5424614e13b6a97eb595c738400bcc9beaebcd49d3a279692,279692,2,双,小
2026-08-06 16:10:53,85110984,000000000512b0c8f92b123cd4bda2533c6ecf4139d766697c18be5b9da986c9,a986c9,9,单,大
2026-08-06 16:11:00,85110986,000000000512b0ca31ffccf96b2222f6f9ff2c2fc78a93935fb8f53c9e13af3d,13af3d,3,单,小
2026-08-06 16:11:07,85110988,000000000512b0ccdc772ac38f514cef6b4ecf66a27f9be152bbf561d8713f52,713f52,2,双,小
2026-08-06 16:11:14,85110991,000000000512b0cf7c326452668d2f8e1d9e6fc245866a16973776f776640089,640089,9,单,大
2026-08-06 16:11:21,85110993,000000000512b0d10aa4cf6caba39820bc275a7fa5d020576d9741ef496d6e9a,6d6e9a,9,单,大
2026-08-06 16:11:27,85110995,000000000512b0d314d29b45dcae4f99fb9f3002e6aae0ac1cd2a64ab9dc490a,dc490a,0,双,小
2026-08-06 16:11:34,85110997,000000000512b0d573673ed7e04bf3bcc0754d11ba2339f04a82ec308f29a5a0,29a5a0,0,双,小
2026-08-06 16:11:41,85111000,000000000512b0d8579d8107d0aeb30e64b6ed3561da576dcb2b5f011be60575,e60575,5,单,大
2026-08-06 16:11:49,85111003,000000000512b0dbd1f0fece0d17693e1ff3b7056a0d8fc822443a39b1dd7919,dd7919,9,单,大
2026-08-06 16:11:56,85111004,000000000512b0dc7f56c49da089cec0a3be7326346fe99963ec253feb3514cb,3514cb,4,双,小
2026-08-06 16:12:02,85111006,000000000512b0de03276bcb6b0ca1c3781a3c46ef9436c1e64de02e007d8e24,7d8e24,4,双,小
2026-08-06 16:12:09,85111009,000000000512b0e1b5e5498fcdf8be6e4c377b147e499a6647b9fd504d94f5af,94f5af,5,单,大
2026-08-06 16:12:16,85111011,000000000512b0e379bd4d9e2fd295515cdcbc565c6cf20d6c8e66ad5037a179,37a179,9,单,大
2026-08-06 16:12:24,85111014,000000000512b0e63bdef32f5077f8f3c3b6a05094f96af0e4bbce51b0f955b9,f955b9,9,单,大
2026-08-06 16:12:31,85111017,000000000512b0e971c8ee82adc99f6720194ec0d8781764de2917f4cc3a88a5,3a88a5,5,单,大
2026-08-06 16:12:37,85111018,000000000512b0eade9744905e372c243376f93e8b868ce6bb9b59b981ec7646,ec7646,6,双,大
2026-08-06 16:12:44,85111021,000000000512b0ed6be44562cc2cc14bc818edddbd43b7313d1d3be33d2edc61,2edc61,1,单,小
2026-08-06 16:12:50,85111023,000000000512b0ef5838154d363b03c484d9bf6d0a456fa42b304df0a8822380,822380,0,双,小
2026-08-06 16:12:57,85111024,000000000512b0f0e04fc94fa83698b170eca4580e0a6a1fba7352ad5208bb96,08bb96,6,双,大
2026-08-06 16:48:47,85111742,000000000512b3be09fef4710e0cbcbe231fccc5a8dfa0e2d94d167223a07964,a07964,4,双,小
2026-08-06 16:48:54,85111744,000000000512b3c03cd761ca338fe4a52aa18ab622749b3602d25778abec793a,ec793a,3,单,小
2026-08-06 16:49:02,85111747,000000000512b3c3ece4e8bad3496275f42037a82587744f06a9b270f256d1e8,56d1e8,8,双,大
2026-08-06 16:49:09,85111749,000000000512b3c5051dbca91614700739a8fe6c244fdfccc1c1d1059c9591a2,9591a2,2,双,小
2026-08-06 16:49:16,85111751,000000000512b3c7beba5f30778286ef3db8b069fa373d56c19d0738d77843c6,7843c6,6,双,大
2026-08-06 16:49:22,85111753,000000000512b3c9f110cdcd3beb4f583f406a110885d846041423df97c6231e,c6231e,1,单,小
2026-08-06 16:49:29,85111756,000000000512b3cc1bf374a4c227a25ed857cdce7f8f760ba24c042c1b540db8,540db8,8,双,大
2026-08-06 16:49:48,85111762,000000000512b3d23629d529a7a045ee55442eb1b384f439ebee0d5ed0351a92,351a92,2,双,小
2026-08-06 16:50:00,85111765,000000000512b3d5a32c6804e9cacef9b4db56a61b9279c51d143e1a60785281,785281,1,单,小
2026-08-06 16:50:13,85111770,000000000512b3da0b977350a52c00488de386903a4b6bcf842f0c6da516064b,16064b,4,双,小
2026-08-06 16:50:20,85111773,000000000512b3dd2a67ca85e785d598fead7500789069ccfe5f6d653ec84adc,c84adc,4,双,小
2026-08-06 16:50:26,85111774,000000000512b3de9d15cd50d3fb7929797bbc758163226e72302c0ee4a54998,a54998,8,双,大
2026-08-06 16:50:39,85111779,000000000512b3e382f246c3ed2e801253e0dc6ad61bbe5829d4108b1e045005,045005,5,单,大
2026-08-06 16:50:46,85111782,000000000512b3e6f05e7ccac16a823ea1a268ace0bab90ff8c45bd258f47bff,f47bff,7,单,大
2026-08-06 16:50:52,85111784,000000000512b3e8f28c2d78c94a928fc89899f619f543ec44639475f42d1291,2d1291,1,单,小
2026-08-06 16:50:59,85111786,000000000512b3ea8b370b74c908072a2c236f6e61c10637577e33745c3efe5b,3efe5b,5,单,大
2026-08-08 21:50:40,85175358,000000000513ac3e5758d1b8dbc8e446e848df9c64cb9c348ba948cbee6f7ee8,6f7ee8,8,双,大
2026-08-08 21:50:50,85175362,000000000513ac422756a2f44374d39ead78f6a82c17ad007af2719512d87b95,d87b95,5,单,大
2026-08-08 21:51:01,85175365,000000000513ac459d82fa4a2ba5f13d34dca447305ccd4170fcf8c8e95c8eea,5c8eea,8,双,大
2026-08-08 21:51:12,85175368,000000000513ac481bdb54f9bd180a231387573c089e5cc647ece0fde4608860,608860,0,双,小
2026-08-08 21:51:24,85175373,000000000513ac4da3a32fc3ab647ca0f53f495053297525fcdac10ca56e8cfb,6e8cfb,8,双,大
2026-08-08 21:51:36,85175377,000000000513ac511c1676b1ab028720cadbef20fb8317c5703e756e356b011a,6b011a,1,单,小
2026-08-08 21:51:48,85175381,000000000513ac553a0e1bc7342896833d2798a0c24bb5701b153f8768c4e3d9,c4e3d9,9,单,大
2026-08-08 21:52:01,85175385,000000000513ac5980929fc66ddfb1332ed607c2e8608dd8657467c195a207d8,a207d8,8,双,大
2026-08-08 22:00:30,85175556,000000000513ad0498a5e212812979703ea9da2c626f97216e11608c57c0d784,c0d784,4,双,小
2026-08-08 22:01:03,85175568,000000000513ad102a1f6455b5e0e70bba2f610a8582370ad43dfa1f1d7a832b,7a832b,2,双,小
2026-08-08 22:01:25,85175571,000000000513ad13828249f409ce295e3b7bee41b5bbf19834a4f94336a5d2f1,a5d2f1,1,单,小
2026-08-08 22:01:52,85175583,000000000513ad1fd7a7a7b33710d54f9ecf6efcb8d61c1f49d0240aac5e14f0,5e14f0,0,双,小
2026-08-08 22:02:29,85175595,000000000513ad2b069e4195473c6f2a905db1ded24a7ecf30202d5ebe1f6a13,1f6a13,3,单,小
2026-08-08 22:03:02,85175604,000000000513ad3462ccf31f4e44b9fbcaeb5448e16da2147fcf04dbc3bdb02d,bdb02d,2,双,小
2026-08-08 22:03:28,85175616,000000000513ad400e4e8e197a44bd2002360a419e4ee2fafb8a0ee29d92d191,92d191,1,单,小
2026-08-08 22:09:50,85175744,000000000513adc0f22b1d6cefb34780da99f6510feba0fc19d767c631e93c07,e93c07,7,单,大
2026-08-08 22:14:41,85175840,000000000513ae20447d240dc253046a0e1b4efa1d547e1f0db81c0b9b1c6c48,1c6c48,8,双,大
2026-08-08 22:16:01,85175867,000000000513ae3b834359aab03633a2940062af8314109aea59f0de95a55cd4,a55cd4,4,双,小
2026-08-08 22:19:20,85175934,000000000513ae7e6e99184656b079c7b8a9aec0a3c3d661bb9a9597f15ce772,5ce772,2,双,小
2026-08-08 22:23:18,85176009,000000000513aec96ca6d19eda06f1ca691aae6977077b4e660305e5e21e7da3,1e7da3,3,单,小
2026-08-08 22:23:29,85176013,000000000513aecd932f09d1f4b55e8111e744d99c112d8a637f3cd3697591cb,7591cb,1,单,小
2026-08-08 22:23:41,85176017,000000000513aed182cfbd74eb2748cdd634c5951d985cb15d064ea82d6c1ade,6c1ade,1,单,小
2026-08-08 22:23:53,85176021,000000000513aed583f3ce96c406ae9e71c1621debce922a8ee3960f17ff717f,ff717f,7,单,大
2026-08-08 22:24:04,85176025,000000000513aed97b7715e26c34f0100adb43d3ace2b8c2da15361dc9db0b16,db0b16,6,双,大
2026-08-08 22:24:16,85176029,000000000513aedd6146512cef316dacab980da9b59e23d7b7a660cb4ddb07fb,db07fb,7,单,大
2026-08-08 22:27:15,85176088,000000000513af18d6a0ff4d5a6c259b9f2979eee8f0a627d0dfa6bf6f755cbc,755cbc,5,单,大
2026-08-08 22:27:27,85176092,000000000513af1ce110f422b0b5f8dd74b616fab8ab950c24dc0459fb0d41a5,0d41a5,5,单,大
2026-08-08 22:27:47,85176100,000000000513af240e2908a9e4ce76278426caa266ee3afa10c404b2dd74c69e,74c69e,9,单,大
2026-08-08 22:28:10,85176107,000000000513af2bcd7aad3028665de82b2c2e083655e1f5e0663662928a2de7,8a2de7,7,单,大
2026-08-08 22:28:22,85176111,000000000513af2f624317c7dcc9762c9a34e91b65a3a6c2e9b4092e65d132ba,d132ba,2,双,小
2026-08-08 22:28:36,85176116,000000000513af346b622e2d0dee39f883843ba8f57ced49d0cfe7bc9bf054da,f054da,4,双,小
2026-08-08 22:28:49,85176120,000000000513af38585012a4534ed06b9c9eea40d8ca1ce58dd3647fe5bffa8c,bffa8c,8,双,大
2026-08-08 22:29:02,85176124,000000000513af3c85f59bacab09f3840ff4ce69f4abc2a38257151e12b53990,b53990,0,双,小
2026-08-08 22:29:14,85176129,000000000513af41c1f856e53e829ad44c181a4271f6156cd50758d080d2f488,d2f488,8,双,大
2026-08-08 22:29:26,85176132,000000000513af441c0fd19f8712925549d0c7c1404651a50cda6b1603c0885e,c0885e,5,单,大
2026-08-08 22:29:40,85176138,000000000513af4ac53d811a8253b06a1621568c5da5e8e7c4cf1932c25aff54,5aff54,4,双,小
2026-08-08 22:29:53,85176141,000000000513af4dc813c1270c11f76f06349c9e9891287622b744ccf178728f,78728f,8,双,大
2026-08-08 22:30:04,85176146,000000000513af524961a739ae873b0f09840b6bcf45e19347d03b62fd6be1e9,6be1e9,9,单,大
2026-08-08 22:30:19,85176150,000000000513af5645bea13f1aa5ddecad79fa00750d4ff2113f71b78ade4f42,de4f42,2,双,小
2026-08-08 22:30:31,85176154,000000000513af5aaa51b518aaafdb4b1b5fba9ad16bb7aca43ed1a74b1bc719,1bc719,9,单,大
2026-08-08 22:30:46,85176159,000000000513af5fe630c673886bf0a735029e8adffbf26ebf32f0353b6d1916,6d1916,6,双,大
2026-08-08 22:31:08,85176167,000000000513af67f8889e414a82393fe2d794602de3357f7d2e224455e3e85c,e3e85c,5,单,大
2026-08-08 22:31:20,85176171,000000000513af6b0382af41978559b672d5574d9986832a454c807f2a1c7f5e,1c7f5e,5,单,大
2026-08-08 22:31:33,85176174,000000000513af6e91239d39e7e273237ac3db98a6dd337cf2cccab9f2afa21e,afa21e,1,单,小
2026-08-08 22:31:49,85176179,000000000513af73639fddfe90eb52f0e5dea095609aab491e18aed615c49d88,c49d88,8,双,大
2026-08-08 22:32:01,85176184,000000000513af78828c157b55b53e83abe4a66c773c84cb8cad4e1c29edc01a,edc01a,1,单,小
2026-08-08 22:32:13,85176188,000000000513af7c3d12cba856a3fe247c6a48fa372063609a54943b86d072be,d072be,2,双,小
2026-08-08 22:32:25,85176192,000000000513af80ca1e3bdac34c1aa64e65a64e51a61a655e27c9161ed386bb,d386bb,6,双,大
2026-08-08 22:32:37,85176196,000000000513af8455046b791473419b9e929f17f4568a649a8b3350f954506c,54506c,6,双,大
2026-08-08 22:32:50,85176200,000000000513af88413330586ca7dd63195cf9a14995adae0fce7e7120b420b8,b420b8,8,双,大
2026-08-08 22:33:02,85176205,000000000513af8d245f995c79b2587898dd3e265806ffc7037c70210a237832,237832,2,双,小
2026-08-08 22:33:16,85176209,000000000513af9157ad623e17d841710a86140ffce4f2cbf5372216e63d22c3,3d22c3,3,单,小
2026-08-08 22:33:28,85176213,000000000513af95e8ad31781289e61eaa8e7d457acb638e775b4bd08ce2f0ae,e2f0ae,0,双,小
2026-08-08 22:33:40,85176217,000000000513af99ca697c37312f626e0459c5b8fb32bb14dda003a34f743fc1,743fc1,1,单,小
2026-08-08 22:33:53,85176221,000000000513af9d7bba33b990af9b6a35339cf5e70642c583ff58efc1fe9334,fe9334,4,双,小
2026-08-08 22:34:06,85176226,000000000513afa284fb63810252153b755f26368ad146dec41312a8d1fa69d0,fa69d0,0,双,小
2026-08-08 22:34:18,85176229,000000000513afa53b3e535c5a49edc20e869752451b1f427ff4c0b8109630b2,9630b2,2,双,小
2026-08-08 22:34:32,85176234,000000000513afaaa058756e921e9dfa42bcda715c40351880c3bddd73082a1e,082a1e,1,单,小
2026-08-08 22:34:46,85176239,000000000513afaffee2ddff6ecf2b072657f870c836a4e5561a0766ee02deb7,02deb7,7,单,大
2026-08-08 22:35:00,85176244,000000000513afb4b5aea7bc019cbb3fb168d48f1755b50965e441edc150de0a,50de0a,0,双,小
2026-08-08 22:35:15,85176249,000000000513afb96e969ead7e8742f00c3aefa2121c605cbef749cff6f0e840,f0e840,0,双,小
2026-08-08 22:35:29,85176253,000000000513afbd3c839dfec8dea9d18c9ed6e53385a00a0a3f0fbd323fbcb1,3fbcb1,1,单,小
2026-08-08 22:35:42,85176258,000000000513afc2fbc2c86b4739bc8e85e78716008e0ae61444dcd9102b7003,2b7003,3,单,小
2026-08-08 22:35:55,85176262,000000000513afc66b316dc0c05b994911910279120907dcded037cd649d1672,9d1672,2,双,小
2026-08-08 22:36:07,85176266,000000000513afcaaa51dd9047591580d6a994248768aa5b4e5cfbf9a3d76469,d76469,9,单,大
2026-08-08 22:36:20,85176271,000000000513afcf4198d1c3024e7b9ad8232694cb802d6a3a7c86818cadc42e,adc42e,2,双,小
2026-08-08 22:36:32,85176275,000000000513afd36ea478222c1399f2294b7cbcc379572d8d3ed3b0eb8ffb44,8ffb44,4,双,小
2026-08-08 22:36:47,85176279,000000000513afd7de1b3d684ea3625715835736f083081e59acaaba54ba6ba2,ba6ba2,2,双,小
2026-08-08 22:37:02,85176285,000000000513afddb58f99fff7dbd327a906e11b0562572ef66e4790ac5d742c,5d742c,2,双,小
2026-08-08 22:37:13,85176289,000000000513afe1c183d403b792538379e63989ec9a4efb34868fc796a56d41,a56d41,1,单,小
2026-08-08 22:37:26,85176292,000000000513afe4582b9fb2c83dfdee15f31ed6fad0b867746f7e5039798384,798384,4,双,小
2026-08-08 22:37:38,85176296,000000000513afe8e9c70f8336de9930adb87e26157be67fdaeee9cd0fb26394,b26394,4,双,小
2026-08-08 22:37:49,85176300,000000000513afec8c9a54ac05101722c91bae27249c1914e8daa25adb811e79,811e79,9,单,大
2026-08-08 22:38:02,85176304,000000000513aff0ea0d43304e73d7a953743f3788953e791583c6525f1c1886,1c1886,6,双,大
2026-08-08 22:38:15,85176309,000000000513aff54942de0dc82452f7bbd4d90e37b543dbcf7056e19bf57fd2,f57fd2,2,双,小
2026-08-08 22:38:27,85176313,000000000513aff9111d3b0dc2f163cf615e4825b8c19612b672308e119ab9fe,9ab9fe,9,单,大
2026-08-08 22:38:39,85176317,000000000513affdfff42e0a58ca83f97a93c6ec483cc14d9eb80013f0e22875,e22875,5,单,大
2026-08-08 22:38:53,85176321,000000000513b00160f02a793cfd3c390691ed2a91fb17216f79e78aad47a4ec,47a4ec,4,双,小
2026-08-08 22:39:07,85176326,000000000513b00674a4dc48e37d67cc2e08be6eedac0622a615bcbd6adaef27,daef27,7,单,大
2026-08-08 22:39:21,85176331,000000000513b00b7d336a7f712b98271dd7a6d5d6a0a3cf18ee289c0f2773d4,2773d4,4,双,小
2026-08-08 22:39:33,85176335,000000000513b00fdc8cc617e1ce5d1565dba759a9fe2149ad94fefbc2bfd5af,bfd5af,5,单,大
2026-08-08 22:39:48,85176339,000000000513b01358e92fd187e3038576540b10d54c22ccfcff9ccd2c9b1f84,9b1f84,4,双,小
2026-08-08 22:40:01,85176344,000000000513b0180fe2f65369e91105255ee72e8ba97ffff20828f5216b6404,6b6404,4,双,小
2026-08-08 22:40:15,85176348,000000000513b01ce79c7e7d76e8ef72ba3e67dd0e32b5ecb3d86629f7782761,782761,1,单,小
2026-08-08 22:40:27,85176352,000000000513b020784768b2dc16fc4371c3c7bde7522c0f0db34f4675248e2d,248e2d,2,双,小
2026-08-08 22:40:40,85176357,000000000513b025ab8a45fb8f982d73a40edc9cc0241ccd949c55cba5ee12af,ee12af,2,双,小
2026-08-08 22:40:55,85176362,000000000513b02aa3d040ed179c6fd1175a63275f176c4602f0a6892b7cb1d6,7cb1d6,6,双,大
2026-08-08 22:41:08,85176367,000000000513b02f065f6e57352728401a17f4f1ad2caf7033257423755e07ce,5e07ce,7,单,大
2026-08-08 22:41:23,85176371,000000000513b0337f798ea1807478a47a82c8c1411845203c92caaef12515c2,2515c2,2,双,小
2026-08-08 22:41:38,85176376,000000000513b0386f397886709f5de40233655ba4e6aa9596bf33e1469918ca,9918ca,8,双,大
2026-08-08 22:41:55,85176381,000000000513b03db48c35d60fea3e1deb16fed8e69f7611e81d6fbc54e8531d,e8531d,1,单,小
2026-08-08 22:42:07,85176386,000000000513b042715fde89642992cccfaf7dc27566d7d6dbbbcc33f22bc720,2bc720,0,双,小
2026-08-08 22:42:22,85176391,000000000513b047c681ee016b13ab5757dc124ead2ed47de68bb65255da66dc,da66dc,6,双,大
2026-08-08 22:42:35,85176395,000000000513b04bae0fd51de6b92db2fa3daa09b9d81d36c6242a3159925cf3,925cf3,3,单,小
2026-08-08 22:42:48,85176400,000000000513b05082bbb88db4e0e6782cfca5eff8b187db8f78d96eb8b8c9f2,b8c9f2,2,双,小
2026-08-08 22:43:02,85176404,000000000513b054de669777bde774763a4c81afca36fc35ed8c810cba05eadc,05eadc,5,单,大
2026-08-08 22:43:15,85176408,000000000513b058ac7f32fc7f2a62873f2f798274a061fc08260cd770aff878,aff878,8,双,大
2026-08-08 22:43:28,85176413,000000000513b05d5126bd68e5584436abe7e3afa82ef874f4edb5ea7dd31bdd,d31bdd,1,单,小
2026-08-08 22:43:40,85176417,000000000513b06100a2bed985713a67d82063853f30dceb140a70e1fdf7c5a3,f7c5a3,3,单,小
2026-08-08 22:43:53,85176421,000000000513b06515ff547390b0f5f6c4be8835e0a73a5a534e91b3c7d38ec3,d38ec3,3,单,小
2026-08-08 22:44:06,85176426,000000000513b06acbc2bbbc11a0b5c696f6c3106aef5628ec097fe4397fb9d7,7fb9d7,7,单,大
2026-08-08 22:44:20,85176431,000000000513b06ffbfcc67796c0e5dc7a1621f0a45c7f512a0dade9820a66f6,0a66f6,6,双,大
2026-08-08 22:44:32,85176435,000000000513b0730c2e5838cc52c8fc140e455f2f988b392922807b51797dfa,797dfa,7,单,大
2026-08-08 22:44:45,85176439,000000000513b07768f23e73d029757979868c8231963f54541c7b8a308f9d92,8f9d92,2,双,小
2026-08-08 22:44:58,85176443,000000000513b07b55369c6261e5fd2cf84453a462916bcfef470934b63d2c55,3d2c55,5,单,大
2026-08-08 22:45:11,85176447,000000000513b07f66efe30d2191d57aeac4b9d706dbea554f86beb801da98a2,da98a2,2,双,小
2026-08-08 22:45:25,85176452,000000000513b0841ab0d32731e53af49be71b2f35ab9b0bd8aad372338eaec4,8eaec4,4,双,小
2026-08-08 22:45:37,85176457,000000000513b089fe4c546533f7e59d7517d348ac7c92942854873bb7e8b10b,e8b10b,0,双,小
2026-08-08 22:45:50,85176460,000000000513b08c1fe10f699c0755518eca006372ee3b3ebaab461e0d1f3cf1,1f3cf1,1,单,小
2026-08-08 22:46:03,85176465,000000000513b0919ba33fb28eedff908336c800b627706b6e5815acab4d7b56,4d7b56,6,双,大
2026-08-08 22:46:15,85176469,000000000513b0956c74d85c132ade9207027d991f8efdc439c506a6a226adde,26adde,6,双,大
2026-08-08 22:46:30,85176473,000000000513b0999934451d27f3255282cb936579b17c7288d1882e97acbf37,acbf37,7,单,大
2026-08-08 22:46:43,85176478,000000000513b09eb201aeba8f00bdff21fad5bd4199c3b35a18c6d131289738,289738,8,双,大
2026-08-08 22:46:56,85176482,000000000513b0a2298a20d8fb29e4e98ec3fabf734f684f337fb015e5207738,207738,8,双,大
2026-08-08 22:47:09,85176487,000000000513b0a70ee751587a97ffcaa085b44e1d552e1667d4fafd38fe81cb,fe81cb,1,单,小
2026-08-08 22:47:22,85176491,000000000513b0abd26deffcc7258b1f536aa056ac852d487017237c4a23118b,23118b,8,双,大
2026-08-08 22:47:34,85176496,000000000513b0b044950538343683b7e47f3415828a9015852edb60f49150fa,9150fa,0,双,小
2026-08-08 22:47:49,85176500,000000000513b0b4f3b72d81272910fdf273a2b9f96ac4c869b41aae54e4d6fc,e4d6fc,6,双,大
2026-08-08 22:48:01,85176504,000000000513b0b8149b3d75c004d6d063c66ac5e2d5c95fa6811009f413f527,13f527,7,单,大
2026-08-08 22:48:13,85176508,000000000513b0bc3bd7e9bda5745ccebf423c84c13baa20ae096b920713ada3,13ada3,3,单,小
2026-08-08 22:48:27,85176512,000000000513b0c05781088ad4ae617fe690fa9b278b5df0300ac4a780ff7a8b,ff7a8b,8,双,大
2026-08-08 22:48:41,85176517,000000000513b0c5d9b121ad223948fb7ff1a8ee9fd94d72194d919edbd86c88,d86c88,8,双,大
2026-08-08 22:48:53,85176521,000000000513b0c96feb1b831e5c20c2070e831af3f3e674741a16d8b0601973,601973,3,单,小
2026-08-08 22:49:04,85176525,000000000513b0cdd3331661c5ef49065af5bc856d1b0598f5bf1cd60b1abbfb,1abbfb,1,单,小
2026-08-08 22:49:17,85176529,000000000513b0d1da494099452dfcf1359be2d3aab798a0c718a8a40f479f44,479f44,4,双,小
2026-08-08 22:49:29,85176534,000000000513b0d62845523cd8ae208ef66cda9e7bd64027795e29d4800f9de5,0f9de5,5,单,大
2026-08-08 22:49:42,85176538,000000000513b0dacc9435a04bc4ea1cd8223f61de1aa7b11161e8879b765288,765288,8,双,大
2026-08-08 22:49:54,85176542,000000000513b0de9d068e7c057cac2e9902582bde44622cf312a3d9509166e0,9166e0,0,双,小
2026-08-08 22:50:09,85176546,000000000513b0e2dc1ffbf79b1d061693d6742f08f620f8abe571a0d99faaba,9faaba,9,单,大
2026-08-08 22:50:22,85176551,000000000513b0e7dbfe5ad6a7e81b4afe79e965632315a6c892133c5edbe862,dbe862,2,双,小
2026-08-08 22:50:34,85176555,000000000513b0eb1b1d99974c97162d90cb4bb31c09285d17e6012b9bc948dd,c948dd,8,双,大
2026-08-08 22:50:47,85176559,000000000513b0ef428a2202be6ce0e8a3aa834502ae2ec10dbdfa66d13a7e3d,3a7e3d,3,单,小
2026-08-08 22:50:59,85176563,000000000513b0f305f42c54cb29ed228506dbce9fd487b575663af39f2ffd75,2ffd75,5,单,大
2026-08-08 22:51:12,85176568,000000000513b0f88ba61ec364b59e5904140f9a923927725648d257dee11442,e11442,2,双,小
2026-08-08 22:51:27,85176572,000000000513b0fcc482d7ac08d7a9b4d3926575aa8935250243f2631ff281e4,f281e4,4,双,小
2026-08-08 22:51:42,85176578,000000000513b102fa1fb3e643315cb7c44137cd021924c4e04384c3342c8bc3,2c8bc3,3,单,小
2026-08-08 22:51:56,85176583,000000000513b1071543e7e23609dd8d1ef1aed531a85aa68b4825a2f08cb3f3,8cb3f3,3,单,小
2026-08-08 22:52:13,85176587,000000000513b10b655f75f270b1e443b2ffae814afce4fd6e2d4afe141e9cef,1e9cef,9,单,大
2026-08-08 22:52:26,85176592,000000000513b1105a367b79d08c57054d1e39917ae68839bd466edbdba476b3,a476b3,3,单,小
2026-08-08 22:52:39,85176597,000000000513b1155998e206254b8a4c0480a187ffb62278854e2d3818df27d7,df27d7,7,单,大
2026-08-08 22:52:53,85176601,000000000513b119b4c22104e43e061f150fb5ee653fccdebd4a0bf443c90f30,c90f30,0,双,小
2026-08-08 22:53:05,85176605,000000000513b11db34370bdf6af6f8d8936493f019d7e9491aff7cad220e9a7,20e9a7,7,单,大
2026-08-08 22:53:18,85176610,000000000513b122aff35a7f8899ad517f0c93b424d1025e1911bc1b9d14c227,14c227,7,单,大
2026-08-08 22:53:30,85176614,000000000513b126e19269ce85f4d9a841a7503b76a8137d074441ef5ec2c797,c2c797,7,单,大
2026-08-08 22:53:44,85176618,000000000513b12affc5a0eff8e943abb19812eb12d33789950d9415c4630fa4,630fa4,4,双,小
2026-08-08 22:53:58,85176623,000000000513b12f26c1ddbee0c7828cd6a49b1f9afbf17e70dd4b65fcc535f7,c535f7,7,单,大
2026-08-08 22:54:11,85176628,000000000513b134237c645bc6ec2eda4fdca0fe6b700d2786dc2d8aecfdd00f,fdd00f,0,双,小
2026-08-08 22:54:23,85176631,000000000513b1376030fa568ba713e5c19f88453331b46ac0cfe6e96688159b,88159b,9,单,大
2026-08-08 22:54:37,85176636,000000000513b13c658dda277b59c15181ca95f3a5aafc0071b98cc9c1480fe5,480fe5,5,单,大
2026-08-08 22:54:50,85176640,000000000513b140080e1618255323f029075d0cc4ead04213a9ec942957c225,57c225,5,单,大
2026-08-08 22:55:04,85176645,000000000513b14568a2b4e5062f89d0f977641e4e646dbe4cadb6081eaf5120,af5120,0,双,小
2026-08-08 22:55:18,85176649,000000000513b149881e648122bdf3e3b2e15f0db966aa6553b91b3326bddedb,bddedb,6,双,大
2026-08-08 22:55:29,85176653,000000000513b14d490434b2827e268f9487e880c966280bf6468408cc0a20fc,0a20fc,0,双,小
2026-08-08 22:55:40,85176657,000000000513b151550e4ec51e12b3dac9110b6c7392190a85012ff19ce5b08e,e5b08e,8,双,大
2026-08-08 22:55:53,85176661,000000000513b15538e31c444887207264b4670d92d8d19a9f0162a257fa32a2,fa32a2,2,双,小
2026-08-08 22:56:05,85176665,000000000513b1593e895442179728b1f34b80db97d2cedb80792ecc6c416e66,416e66,6,双,大
2026-08-08 22:56:18,85176670,000000000513b15e187de5732771532699fa28f8d445b84428a571aff053a4e4,53a4e4,4,双,小
2026-08-08 22:56:32,85176675,000000000513b1634c7792a00699c2ee9dd7f6126da642706d024a78e28fd287,8fd287,7,单,大
2026-08-08 22:56:47,85176679,000000000513b1675d9cf6cd2429d5bc8fe78ac5dcf70c78f2dd76d2eadf6b04,df6b04,4,双,小
2026-08-08 22:57:02,85176685,000000000513b16d22d0ad6f1e615919dd968c2858e8f17a3d768cfc1264eeb0,64eeb0,0,双,小
2026-08-08 22:57:18,85176689,000000000513b171b9d275f01227625e8837ded6874629704ba9c0abf6d203a0,d203a0,0,双,小
2026-08-08 22:57:33,85176695,000000000513b177b4abb40979a8a794961ee8a2672c7cafd2ea943656a0bef8,a0bef8,8,双,大
2026-08-08 22:57:45,85176699,000000000513b17b9ccb75fc7b088e436e176fc69fed9936d45250099f909f35,909f35,5,单,大
2026-08-08 22:58:00,85176703,000000000513b17fca11c468b0ce3b929175d5c64323d98aaf242893d6ccd1b2,ccd1b2,2,双,小
2026-08-08 22:58:11,85176708,000000000513b1849973ee90c8eaa36c01513d905000dca1998532162cdc4b36,dc4b36,6,双,大
2026-08-08 22:58:24,85176712,000000000513b1885e4da46412cb3d837ee3849e3b139e1e4f523afca86608c3,6608c3,3,单,小
2026-08-08 22:58:37,85176716,000000000513b18c0da3d0329f86906b673feb0d936c0b8cbd119cbc2fb377ac,b377ac,7,单,大
2026-08-08 22:58:49,85176719,000000000513b18f4bb33f967f0ac610bb46cae52540eb62e201452e55636f45,636f45,5,单,大
2026-08-08 22:59:02,85176725,000000000513b195f5cffabcc5a1db5a480087dd01309b3daea1a157ad29b7a5,29b7a5,5,单,大
2026-08-08 22:59:16,85176729,000000000513b1994e6c982006a1091205e919babbb40a911b93ec0452ca9f1e,ca9f1e,1,单,小
2026-08-08 22:59:29,85176733,000000000513b19d83470ecfd2f8c72ec2591859c473c358c9528020041b3ce5,1b3ce5,5,单,大
2026-08-08 22:59:40,85176737,000000000513b1a1a62fe0ceb22fde70561241aee5b5a6b8e09b31a3d7825b73,825b73,3,单,小
2026-08-08 22:59:53,85176741,000000000513b1a5214536864591dc5893836cebeb0fc537029c31ddcdaca74f,aca74f,4,双,小
2026-08-08 23:00:08,85176746,000000000513b1aa4d3b0db10b4721000c5e38c7b524ed3a79c2b016b0de7857,de7857,7,单,大
2026-08-08 23:00:22,85176751,000000000513b1af1ff6ec35f9ae385965096d03cddb84478863dc85b4c1e7cc,c1e7cc,7,单,大
2026-08-08 23:00:35,85176755,000000000513b1b3a7af93541b0bbe55b47586e9e4c10b92edf2afa663489f95,489f95,5,单,大
2026-08-08 23:00:48,85176760,000000000513b1b8c89bea6cd2c1ac232c9823a67529d59a83e171d3ff080502,080502,2,双,小
2026-08-08 23:01:02,85176764,000000000513b1bc2f4a62bcc2f8f635b10d053d72aab9863c359759db6fcc2d,6fcc2d,2,双,小
2026-08-08 23:01:18,85176769,000000000513b1c11d9cfafed3764578067117241d87365231a39206b4e4cee9,e4cee9,9,单,大
2026-08-08 23:01:33,85176774,000000000513b1c6843e33e64fe41d4e5962d54c712e3c2595f89d609b676d7f,676d7f,7,单,大
2026-08-08 23:01:47,85176779,000000000513b1cbf31533ce4a2a0d227c43e3a5e3e0732d8c0b4849ac197e64,197e64,4,双,小
2026-08-08 23:02:00,85176783,000000000513b1cf5a83c2b1f9426d8d135c6d3c91bb60ba8d29ed84457b368c,7b368c,8,双,大
2026-08-08 23:02:13,85176788,000000000513b1d4ed1fa3b2356abcdd918a04c3d690c67d290fc4553609abae,09abae,9,单,大
2026-08-08 23:02:26,85176792,000000000513b1d853ec1665f8942c70ac59ba28c3553205d36df83b1deb2077,eb2077,7,单,大
2026-08-08 23:02:39,85176797,000000000513b1dd807165b47d270dc05955eca415671b83fdf0ebb4d718cdd6,18cdd6,6,双,大
2026-08-08 23:02:51,85176801,000000000513b1e1474569d0cc3b9530e98e076f03edc2dcd4967ffc41765b03,765b03,3,单,小
2026-08-08 23:03:03,85176804,000000000513b1e43b5313bfcd56e0eb6c639485281ed1bc9f94bfcca2c00104,c00104,4,双,小
2026-08-08 23:03:16,85176809,000000000513b1e91ab93f96eec81e937d7eca4e499683cd63afddbda4993c75,993c75,5,单,大
2026-08-08 23:03:28,85176813,000000000513b1ed0e1ca4a74ff7cee61d395912dbc29f66999c7fb63accea3f,ccea3f,3,单,小
2026-08-08 23:03:41,85176817,000000000513b1f121987780dd90b15a3ff7db35a8ffb2292cfe81f1c5bf4a6b,bf4a6b,6,双,大
2026-08-08 23:03:53,85176821,000000000513b1f5b58af56b90c1d877189d1531f30693ecc566f299124e30cd,4e30cd,0,双,小
2026-08-08 23:04:05,85176825,000000000513b1f9c12b3aba93d7f6fb4655a732fb6e9b20014cf08196de9363,de9363,3,单,小
2026-08-08 23:04:18,85176830,000000000513b1fe8c3ea24e0905894938f31ec8fdb43b9437a9bb224dd57aff,d57aff,7,单,大
2026-08-08 23:04:30,85176833,000000000513b201cb85a3b6d776748bd8bc19f8bba4fe611b9ba459cbbef0e4,bef0e4,4,双,小
2026-08-08 23:04:42,85176838,000000000513b20653e1a74d102f3ca2c13a9b747e7ef922105552daca22f2c6,22f2c6,6,双,大
2026-08-08 23:04:55,85176842,000000000513b20aeca612360ad19b407b57d8b16a6f71c696733600eabcf2a8,bcf2a8,8,双,大
2026-08-08 23:05:10,85176845,000000000513b20d63afa5e05d0e48682048ce4eec9d8bb1d0e18a5be0ba80f3,ba80f3,3,单,小
2026-08-08 23:05:22,85176851,000000000513b21325e91252f2e4434513d5240b0560c25c1f2bb914889c3bd3,9c3bd3,3,单,小
2026-08-08 23:05:35,85176855,000000000513b21772e12b60340b38d8170e64e9adba34e920f2143379dd6272,dd6272,2,双,小
2026-08-08 23:05:46,85176859,000000000513b21b098f034d4b3836600ae74281e09846171abd361525dd63e1,dd63e1,1,单,小
2026-08-08 23:05:58,85176863,000000000513b21f12ab51fc9c6fe450a1a94b2e53a1756a5f50ab81f131f96d,31f96d,6,双,大
2026-08-08 23:06:10,85176867,000000000513b223659c5d156930fa6d24a4f2a79523aea8218cd8a7581dbb4b,1dbb4b,4,双,小
2026-08-08 23:06:21,85176871,000000000513b2275e4ac32fc53d4b6833cbeeaa82672c8ab394dbd2594fe7db,4fe7db,7,单,大
2026-08-08 23:06:34,85176875,000000000513b22b2d31b311e9e72a2286d34d443e50b308a7bbc9b7bfd506c0,d506c0,0,双,小
2026-08-08 23:06:46,85176879,000000000513b22fbd9437592c5a4d819bd373a90d22a0a397cf84dcce24f856,24f856,6,双,大
2026-08-08 23:06:59,85176883,000000000513b2336e07b42c2f8402e338eccbdc30278c12586af68d31019098,019098,8,双,大
2026-08-08 23:07:12,85176888,000000000513b238f2575962e3ade636318d9a051822e44fc6e4e767ec6338ae,6338ae,8,双,大
2026-08-08 23:07:24,85176892,000000000513b23c4c183b22c1c46487bbb1185ef12b636adc849a2ff82f6bcf,2f6bcf,6,双,大
2026-08-08 23:07:36,85176896,000000000513b24046449af85e20fbc4aceae2ed9248cd1e61785511d07dd8ab,7dd8ab,8,双,大
2026-08-08 23:07:50,85176900,000000000513b24453c0b1666dae6b223b403a3f7a09352d82b48ffce3419be4,419be4,4,双,小
2026-08-08 23:08:03,85176905,000000000513b249717882f762bb41150c54411fe49808cedc13254bd5a1c050,a1c050,0,双,小
2026-08-08 23:08:18,85176909,000000000513b24ddea8d01c42a5c97edcc13dbdbb8d86f16295078e960cacc6,0cacc6,6,双,大
2026-08-08 23:08:35,85176915,000000000513b25305669ab0e709566f38d198fc960863da1a591f218fd3b2e6,d3b2e6,6,双,大
2026-08-08 23:08:49,85176920,000000000513b258aa55639b44f2cc609580320f261e18914ae6b223ee5b1423,5b1423,3,单,小
2026-08-08 23:09:06,85176926,000000000513b25e225157b4f3f701fcdf2e28ecaba87167599853f83a89339f,89339f,9,单,大
2026-08-08 23:09:19,85176930,000000000513b26225126c29b74fa37da325f0a48ef1c9aa102c5f2bfdfb7be1,fb7be1,1,单,小
2026-08-08 23:09:37,85176937,000000000513b26989110d2dc24b0d879c406341ac7676b2406d26b5700040d3,0040d3,3,单,小
2026-08-08 23:09:51,85176941,000000000513b26d7cbafc701be6d15f034b0ab3e408c56c7d98aba83f04a649,04a649,9,单,大
2026-08-08 23:10:12,85176948,000000000513b274a3c86a5d0c7617d3e73b9b0a8f3d5fd1aa806e18a90ec6fa,0ec6fa,6,双,大
2026-08-08 23:10:27,85176952,000000000513b278fd194990a5e4381a3a66476c68e04033d6a999c10dffdb9f,ffdb9f,9,单,大
2026-08-08 23:10:43,85176958,000000000513b27e6b0f691eb297a8106782a728ddf91b16ed24b7a9414eaa3e,4eaa3e,3,单,小
2026-08-08 23:10:56,85176963,000000000513b28300bf11d3f1ee59cd83ba802b84dd11563a3dd6e6bba4322d,a4322d,2,双,小
2026-08-08 23:11:12,85176967,000000000513b287081dc42cfbeba8ae022a78f785c4a4e5192593e1114b95a5,4b95a5,5,单,大
2026-08-08 23:11:27,85176973,000000000513b28d34a69054ff01c3c867587433b3970c6faf75331025ff291d,ff291d,1,单,小
2026-08-08 23:11:40,85176977,000000000513b291eff84a3a95d8282387fa588da200f7813f4d004228e6e290,e6e290,0,双,小
2026-08-08 23:11:55,85176981,000000000513b2959030a5eb20ac2d6480ff19ec985bb80ff0ca2cf719540eaa,540eaa,0,双,小
2026-08-08 23:12:07,85176986,000000000513b29a7ee37be8a3d5868529dbe02d3b1deee2fb50ff6841beb24d,beb24d,4,双,小
2026-08-08 23:12:21,85176990,000000000513b29eb4e3a5d2f1748cf28bdb1cc61c78e05022224bdc18b52cb5,b52cb5,5,单,大
2026-08-08 23:12:35,85176995,000000000513b2a3909906e9d215f2da77af460c8f6afc49847346ee59a1d512,a1d512,2,双,小
2026-08-08 23:12:49,85177000,000000000513b2a83b04aa8cd957dfb1759a4a3d6fc9d4f565fdad0b1e058cf1,058cf1,1,单,小
2026-08-08 23:13:04,85177005,000000000513b2adaca85229141062de4b515ed4db8557a2c5f3e8d36ec2a187,c2a187,7,单,大
2026-08-08 23:13:17,85177009,000000000513b2b118ecbfbc8fb32accb309a04e1c294e24d401fdf28d2df851,2df851,1,单,小
2026-08-08 23:13:30,85177014,000000000513b2b63a4000694acc9ccc71a3b1ba49b8872ba9bbe3bf18c91af1,c91af1,1,单,小
2026-08-08 23:13:43,85177018,000000000513b2bad7167ba7ce8633ed990c80f480049925639de989b6062ae5,062ae5,5,单,大
2026-08-08 23:13:56,85177022,000000000513b2be23659d5c3aee726f71439a5701a04ceb81cfc2be21878609,878609,9,单,大
2026-08-08 23:14:10,85177027,000000000513b2c3a29ad1ea1d2135abab20368977c30d1be3698751749524cb,9524cb,4,双,小
2026-08-08 23:14:25,85177032,000000000513b2c874da3894f7dd870896b5eb816aa6868e256bbb5587b352ee,b352ee,2,双,小
2026-08-08 23:14:38,85177036,000000000513b2cc17b0bc0953f97cba1cf1154fd5eb8f38f3f40a893573ffee,73ffee,3,单,小
2026-08-08 23:14:50,85177040,000000000513b2d08212c30d90100b974d09c50b0daa69df5498e2720abb215e,bb215e,5,单,大
2026-08-08 23:15:03,85177044,000000000513b2d4d00380058b184c6751386fac190dc28546a01a1b60eaf29e,eaf29e,9,单,大
2026-08-08 23:15:15,85177049,000000000513b2d90145b9c33a6ba1ce980ebe08d9687f107e9bfa3fd6f286c1,f286c1,1,单,小
2026-08-08 23:15:28,85177053,000000000513b2ddfe865b3bdaacb6d3cb27cf9440c393681cb3bfe30e6578e4,6578e4,4,双,小
2026-08-08 23:15:40,85177057,000000000513b2e1bf23970b16a58ec5bf1f3009a7293903f88b8429e5a1aece,a1aece,1,单,小
2026-08-08 23:15:52,85177061,000000000513b2e58736a767b085636962637aaf52dfe6df9895687c84aa0ce0,aa0ce0,0,双,小
2026-08-08 23:16:05,85177065,000000000513b2e974e16b2f47e3fba03ec0392c37b911f65fa4b7eaea4ed5d3,4ed5d3,3,单,小
2026-08-08 23:16:19,85177070,000000000513b2ee85c1713d68114f1a83e0059bfa9c90f6b5db05c587178288,178288,8,双,大
2026-08-08 23:16:30,85177074,000000000513b2f21979f3257df6e3d7e354518d774790914ba0ea68bfe1a74d,e1a74d,4,双,小
2026-08-08 23:16:42,85177078,000000000513b2f6f7d89c03bf250dd1a8ccb408ea0fc225a28bb07404f4bb5b,f4bb5b,5,单,大
2026-08-08 23:16:56,85177083,000000000513b2fbda0e93890075c3ffd77dc1c5455bfc8f821d9d4355123413,123413,3,单,小
2026-08-08 23:17:07,85177086,000000000513b2fe202de48952a7ff7dfe9adefaa80ac761cac99b9533047e83,047e83,3,单,小
2026-08-08 23:17:18,85177090,000000000513b302a10b2dc90defcad86fe44034be094571b5439141a4caef56,caef56,6,双,大
2026-08-08 23:17:31,85177094,000000000513b306f2f59aa1a1136b8c308fb001c7c84548bf99ca088f7e4695,7e4695,5,单,大
2026-08-08 23:17:43,85177098,000000000513b30aefdaecba22fbe6c7152347016c83e03879b653f52b1103ed,1103ed,3,单,小
2026-08-08 23:17:54,85177102,000000000513b30e219b7d0efd8bf92ba55a49970d29c3bc951274fc5da7c303,a7c303,3,单,小
2026-08-08 23:18:06,85177106,000000000513b312e476e82789c743d6c8c9ad80dfd40640f76f516b53468596,468596,6,双,大
2026-08-08 23:18:17,85177109,000000000513b3155f6188095ce6e4559dca31b7d69cd02c4d1481edc8377f2a,377f2a,2,双,小
2026-08-08 23:18:28,85177113,000000000513b319a528f943854ec154a60a23c0bcd60522eb6b2970dd89c67b,89c67b,7,单,大
2026-08-08 23:18:39,85177118,000000000513b31e24eb4ead3539d425f2b1c413f68fd239d183ca11629ea29e,9ea29e,9,单,大
2026-08-08 23:18:51,85177120,000000000513b320358cd5640839cfdc132e621a21fdfc88ec86d112e1f5dff1,f5dff1,1,单,小
2026-08-08 23:19:02,85177125,000000000513b3255dca74a762ed0197e0ca7f4e41408643538e19e32b6b1f36,6b1f36,6,双,大
2026-08-08 23:19:12,85177128,000000000513b328b9be08c586edbf25cbb9fc22c00ee0f3b1888e6bbe16b02d,16b02d,2,双,小
2026-08-08 23:19:23,85177131,000000000513b32be9f5ff46549922f5f5d11ed94b7f5974c2e06baa1ce43c96,e43c96,6,双,大
2026-08-08 23:19:34,85177135,000000000513b32fce86e47fbb47863f486211c63fac8804c3b5dfc5f0f8339c,f8339c,9,单,大
2026-08-08 23:19:45,85177139,000000000513b33382bcfd1045a511fa3020736c9369959bd7d95721407f0c0c,7f0c0c,0,双,小
2026-08-08 23:19:56,85177142,000000000513b3364db46d9d61b969126404ea3636c485fc5df0d5b9bfc49a80,c49a80,0,双,小
2026-08-08 23:20:07,85177146,000000000513b33a5bd3f096c7c82e18093bcf6d9d3d83320ea004bcb3d26d9c,d26d9c,9,单,大
2026-08-08 23:20:19,85177150,000000000513b33ee9b084fac4a9154a6f049528a7bc38c957b2188414cdff3c,cdff3c,3,单,小
2026-08-08 23:20:31,85177154,000000000513b342fee55df24b1399ec3c554d2146b0429beeb90b5b73936ceb,936ceb,6,双,大
2026-08-08 23:20:42,85177158,000000000513b346fd0dabdd58df07d6240e80a951beaf979c2a5cdebd562813,562813,3,单,小
2026-08-08 23:20:53,85177161,000000000513b3498e96238b901fc5100fed202ea224bc884486572e8e2a75b5,2a75b5,5,单,大
2026-08-08 23:21:05,85177165,000000000513b34d2c8cedd7e8c9ef5f72c93fd1c13d8ebbd951e27dd13ac518,3ac518,8,双,大
2026-08-08 23:21:16,85177169,000000000513b351bc215ba75c40adb13131d85ac0dfc517ffd3cac2d24316fc,4316fc,6,双,大
2026-08-08 23:21:28,85177173,000000000513b3555db7d7ee64e5872b80cbd9b36ef1998c99843e7b70cd518b,cd518b,8,双,大
2026-08-08 23:21:39,85177176,000000000513b3587e546443e005359eb80ecc5d0c934b74e92ca68779bd9992,bd9992,2,双,小
2026-08-08 23:21:50,85177180,000000000513b35c5464ed0b255df6e95539df2b7e240b31615690f1301c16ee,1c16ee,6,双,大
2026-08-08 23:22:02,85177185,000000000513b361ffc7120a159fd693ac96f825287d14ae85bca0096d942216,942216,6,双,大
2026-08-08 23:22:14,85177189,000000000513b36521c65e003da09cc1a41e137a991c4ee0f5d66cd719d6311a,d6311a,1,单,小
2026-08-08 23:22:25,85177192,000000000513b3682fa72108312e9f4e14b0881eef07f18c3aa63205fd227440,227440,0,双,小
2026-08-08 23:22:37,85177196,000000000513b36c8333375f705f0686cf5bc352cdc243c60b71fa878983f734,83f734,4,双,小
2026-08-08 23:22:48,85177200,000000000513b37028512bdee5609479c128a61ffdd14a7d1c4aa00f3f1a5d70,1a5d70,0,双,小
2026-08-08 23:23:01,85177204,000000000513b37470192247491db52c78ebd623308661d9a972eab3918cda9e,8cda9e,9,单,大
2026-08-08 23:23:13,85177208,000000000513b37817c566e4e3a8b04829f3dfebaf115de57d46278be1d032bf,d032bf,2,双,小
2026-08-08 23:23:26,85177212,000000000513b37cd06aad865465d8a048818737289d776777a30dbde7e5cafe,e5cafe,5,单,大
2026-08-08 23:23:38,85177216,000000000513b380cf471cdb6bcd8ec434686a431c141987b1eec80bc4eb92f5,eb92f5,5,单,大
2026-08-08 23:23:49,85177220,000000000513b3846d4f4b064f35b894d8d9c2d45b66a787dba3d72692b52efe,b52efe,2,双,小
2026-08-08 23:24:01,85177224,000000000513b3888d1858b04ea02caba76adf188d5de49fab069059bd4feeb1,4feeb1,1,单,小
2026-08-08 23:24:13,85177229,000000000513b38dea68006e049f15173147cd867349ca4e07fac6971aabb125,abb125,5,单,大
2026-08-08 23:24:26,85177233,000000000513b391907ca3824bbd909578ffc950dda4509d6c3ac365e1e51f54,e51f54,4,双,小
2026-08-08 23:24:37,85177236,000000000513b394ec430193e9aa8b8536ec6cf0bbda0348a2801cec632b9068,2b9068,8,双,大
2026-08-08 23:24:48,85177240,000000000513b3980a57dc60f12de7617f16e87312705ed569539bd7bc9e9814,9e9814,4,双,小
2026-08-08 23:25:00,85177244,000000000513b39c6e95ddac396d474e1f3546deadce6f3e09b7806f6cfb72f2,fb72f2,2,双,小
2026-08-08 23:25:11,85177248,000000000513b3a08903f61598eeae156f239a9f7d2a607d122960e865c09dd7,c09dd7,7,单,大
2026-08-08 23:25:22,85177252,000000000513b3a438145f49ae70179ad22cf49e066e8be5f088a25c9664beae,64beae,4,双,小
2026-08-08 23:25:34,85177256,000000000513b3a8cc4938876cd8d4bceb57cf60e560c61ab4912642f48afbaa,8afbaa,8,双,大
2026-08-08 23:25:45,85177259,000000000513b3ab913377af448081ab6ef3fb8ea64144c767f547ece91c426f,1c426f,6,双,大
2026-08-08 23:25:56,85177263,000000000513b3af5ad10663a854e7892c2018c5d0ec20ff0d6d18e5a921b095,21b095,5,单,大
2026-08-08 23:26:07,85177266,000000000513b3b27b8343fefce9354a27ae3152f8152d6d82707cd5704fcffc,4fcffc,4,双,小
2026-08-08 23:26:18,85177270,000000000513b3b66bcc2ab9f8cbb0c2f2ed56922ff9b5a6518f4a835dd49502,d49502,2,双,小
2026-08-08 23:26:30,85177274,000000000513b3ba5d48d4812a399066b9c44ac527dc6e8e8c176a24cf35b7bf,35b7bf,7,单,大
2026-08-08 23:26:42,85177278,000000000513b3be1791205fa40c497704f2190acaaff38ca49db7dc5be7c3c9,e7c3c9,9,单,大
2026-08-08 23:26:54,85177282,000000000513b3c2f998337510fa8a9f594da8e0e40459c91aedfd3da32ecaf9,2ecaf9,9,单,大
2026-08-08 23:27:06,85177286,000000000513b3c6df5e80cbf4595a254749b1b731f9d3210be55e666a009e07,009e07,7,单,大
2026-08-08 23:27:18,85177290,000000000513b3cae8f0fdb35f0a509ee080ab22ca85dad5fd28007ec79f7cb7,9f7cb7,7,单,大
2026-08-08 23:27:29,85177293,000000000513b3cd17e6e7a1730703c260c19b713433cc5f1a70b4e64e9bf82d,9bf82d,2,双,小
2026-08-08 23:27:41,85177297,000000000513b3d1c032f5c6529ab51c8698e7bed643f65fa5ec04b9ccc36a6c,c36a6c,6,双,大
2026-08-08 23:27:53,85177301,000000000513b3d57d82ef3a448c80c26b3a224771971f62405d4d8078eac750,eac750,0,双,小
2026-08-08 23:28:08,85177306,000000000513b3dac8c00607c57b2bdd4563728c5256b0ab3f6b2bcfc2a74e7a,a74e7a,7,单,大
2026-08-08 23:28:21,85177311,000000000513b3dfd5f804f080552f4567b1019fb8b77ece2ce30988aec46b04,c46b04,4,双,小
2026-08-08 23:28:33,85177315,000000000513b3e36051f1238aa7a5803b6ba6617775ef5d1753d8d51499f0ca,99f0ca,0,双,小
2026-08-08 23:28:45,85177319,000000000513b3e71b3c4bd2dd0a979893bdaae12aa9c4aa81d152dc6c5f2ddb,5f2ddb,2,双,小
2026-08-08 23:28:58,85177323,000000000513b3eb0637987ac53770c1718197371e000d2991cbd4a4d0e7ee03,e7ee03,3,单,小
2026-08-08 23:29:09,85177326,000000000513b3eea5a1524e08a9cf005c104a8519ae4b0d5b12ada63c9d8dbe,9d8dbe,8,双,大
2026-08-08 23:29:21,85177331,000000000513b3f3f69368ed44cfe3d62b5f022b62c78522d9420cd7c78e7cde,8e7cde,7,单,大
2026-08-08 23:29:31,85177335,000000000513b3f75bb8aa95b9ec8aa7973b658028e8563034a6705ffc8438d3,8438d3,3,单,小
2026-08-08 23:29:42,85177338,000000000513b3fa5edc45f33815bbecdb74006396c7c10056ec3e17549c9f81,9c9f81,1,单,小
2026-08-08 23:29:53,85177341,000000000513b3fd57aad137b7c98481594afdebf95049b4f8c5b8ebc6ce15be,ce15be,5,单,大
2026-08-08 23:30:03,85177345,000000000513b401d58dba98c08bd79a68e7e0109f206f4e7b1f7c1bb8bc8ca9,bc8ca9,9,单,大
2026-08-08 23:30:15,85177349,000000000513b4058c9027866671c92360074df36b10e1dc42430930febb357d,bb357d,7,单,大
2026-08-08 23:30:26,85177353,000000000513b409d59d72cd5c098c78c7f5c737ebac14185a08995b2dc3fd62,c3fd62,2,双,小
2026-08-08 23:30:37,85177356,000000000513b40cbc480b8b0cafaa573af86485a2670cc81faac6c906826d97,826d97,7,单,大
2026-08-08 23:30:48,85177360,000000000513b410e51195279d77ba46bf111d55c45f10d58bd878e2f4dc20a9,dc20a9,9,单,大
2026-08-08 23:30:59,85177364,000000000513b41403991b2e9eaa62422f00f4bc60c718b4ac57648858a55bd9,a55bd9,9,单,大
2026-08-08 23:31:11,85177367,000000000513b417c9cb22f06c2e55ac787e52c380f15b26fa544e15ddcea569,cea569,9,单,大
2026-08-08 23:31:25,85177372,000000000513b41c5c4934d7463d19d6e889cb07bad8ce3f946d43d65a2d848f,2d848f,8,双,大
2026-08-08 23:31:36,85177375,000000000513b41f2bfcae4d4e4261420d1472b93cce90b2a365b0e5a82e8b8e,2e8b8e,8,双,大
2026-08-08 23:31:48,85177380,000000000513b424c64ac8d84579eeffcb9c0fa10562a593c7ae6af3e11d35c5,1d35c5,5,单,大
2026-08-08 23:32:00,85177384,000000000513b42855be9f527277bd4fad23cfbe41441bb3373c2d5b93934017,934017,7,单,大
2026-08-08 23:32:13,85177388,000000000513b42cbb5fc826b7c5e4fb41f19ec76ef59255c5632a680001add1,01add1,1,单,小
2026-08-08 23:32:29,85177393,000000000513b4311fb5cf4289a198569857b447afb969174987a28418a7a651,a7a651,1,单,小
2026-08-08 23:32:41,85177398,000000000513b436b4451e822faac91ae7c14689ea7a3329cfbde00692b2143a,b2143a,3,单,小
2026-08-08 23:32:53,85177401,000000000513b439e16bd7b6a143e1616e1449a3ca84b26d918cedc2dda41cd4,a41cd4,4,双,小
2026-08-08 23:33:04,85177405,000000000513b43d134a540cbe322639d74314d45d48822f84574859147613b1,7613b1,1,单,小
2026-08-08 23:33:16,85177409,000000000513b44112c1b2394b989a80a7d3d2c977a5e59333d1360426864a48,864a48,8,双,大
2026-08-08 23:33:27,85177413,000000000513b445b2dc9e25f30ccad13ce564f294c6cf6a15cfd4d6a5764925,764925,5,单,大
2026-08-08 23:33:39,85177416,000000000513b448a16e8a92f39a262814c2b6d84ff9380942ab6cfc02d9a9e5,d9a9e5,5,单,大
2026-08-08 23:33:50,85177421,000000000513b44dfc31546159f3e6d7bd3b5cca82dd00d5fbcc67723951d843,51d843,3,单,小
2026-08-08 23:34:02,85177424,000000000513b45079979a31ff0f5f40464c494ad6212073313d1fd41d710ba8,710ba8,8,双,大
2026-08-08 23:34:14,85177429,000000000513b455795041a07e3deb9d0975aad778d1b8cfab94071cd0d14d38,d14d38,8,双,大
2026-08-08 23:34:25,85177432,000000000513b45899cf8f572fbf6a063a30b14d1a441e03fdf536a7e1081607,081607,7,单,大
2026-08-08 23:34:36,85177436,000000000513b45ca5ccdc52951e95ce7c2f6ffde01efc55562ee255cdf3fd3b,f3fd3b,3,单,小
2026-08-08 23:34:49,85177440,000000000513b4607281434214f401dd7d7207c63e48a27a6738e3f1111b156d,1b156d,6,双,大
2026-08-08 23:35:01,85177444,000000000513b46428232df44f1971d253a78e8fbf0d454199b142db2d380947,380947,7,单,大
2026-08-08 23:35:13,85177448,000000000513b46882bd2ce9f897cfc77ef450793194abfe2f60370c26775525,775525,5,单,大
2026-08-08 23:35:25,85177452,000000000513b46c33286b411e086241e4ec96592f42e65167e68980c4424594,424594,4,双,小
2026-08-08 23:35:37,85177457,000000000513b4716075e4ed8bcb4ecd2771be61029b3f858c12a8e0c768af2e,68af2e,2,双,小
2026-08-08 23:35:49,85177460,000000000513b47409f0998c70fcd67315315d28d8d7e1e8068e4f85e2876b70,876b70,0,双,小
2026-08-08 23:36:01,85177464,000000000513b4781f1dc540f231987161f1683d9dae6e5ab7e0d069af001d81,001d81,1,单,小
2026-08-08 23:36:12,85177468,000000000513b47ce808dc8afe5fe3b8807b25bcc6d0a6eed5c2d51aceb17cca,b17cca,7,单,大
2026-08-08 23:36:23,85177471,000000000513b47fe866c719a4ddff0e0ca007eb52783a70e59ee68def5fc0b2,5fc0b2,2,双,小
2026-08-08 23:36:34,85177475,000000000513b48327bd36e4aea94cd962dc7c2f44897eb66d9162697484d212,84d212,2,双,小
2026-08-08 23:36:46,85177479,000000000513b4877ae28d181d4e62239e05a52aa961fd45bd661f12ff7a4c27,7a4c27,7,单,大
2026-08-08 23:36:58,85177482,000000000513b48acca8b2a05be74571c128b91b56eef02ec2bf01822a03016a,03016a,6,双,大
2026-08-08 23:37:09,85177487,000000000513b48f27ef7b337a775c3b0f4255779f2624e4b053c85eb76b7876,6b7876,6,双,大
2026-08-08 23:37:20,85177491,000000000513b4930819589d824531bf60cb5a38e24f93cfa2078bdd0cba9b30,ba9b30,0,双,小
2026-08-08 23:37:33,85177495,000000000513b4977f5293413bc494e50641d25417b93cc881eab1cc0780dc23,80dc23,3,单,小
2026-08-08 23:37:44,85177499,000000000513b49ba44ead641d53c14dca8d0aa916bc30672ef6946d26493a1f,493a1f,1,单,小
2026-08-08 23:37:55,85177502,000000000513b49e60726307e6ee1f104d4c662cb526b853f6772abb94e5dbdf,e5dbdf,5,单,大
2026-08-08 23:38:08,85177507,000000000513b4a335fb76205c1c7f643f822554565a068ea94ab7811f02d5e0,02d5e0,0,双,小
2026-08-08 23:38:20,85177511,000000000513b4a74ded5f34f4c82fede480bf76e7692aa035fd24594e14df1e,14df1e,1,单,小
2026-08-08 23:38:32,85177514,000000000513b4aa5ba326c3e36f8550d94c37a2405cf9ea763bc1df8ba8badd,a8badd,8,双,大
2026-08-08 23:38:43,85177518,000000000513b4ae5877539484d486f3d23c22f57a9ef9ef4de63a29e571da7c,71da7c,7,单,大
2026-08-08 23:38:55,85177522,000000000513b4b2f7230b3a3982ab209f59342aa7e3fb72c9b3df304188d338,88d338,8,双,大
2026-08-08 23:39:06,85177526,000000000513b4b657961dc88393541537e0922d24b5befcc3fda4a41938806e,38806e,6,双,大
2026-08-08 23:39:17,85177530,000000000513b4ba6aa5855788350172c03cac3d4fc07e39c12385fbbe14652b,14652b,2,双,小
2026-08-08 23:39:29,85177533,000000000513b4bd6cc99f7bb606923871b01755b6eddba6538da60d30c57183,c57183,3,单,小
2026-08-08 23:39:40,85177537,000000000513b4c176d590b5993bbfd441d60f1ba5f12b653df9e9d035febb8e,febb8e,8,双,大
2026-08-08 23:39:53,85177542,000000000513b4c6519cf20741ce2a4ec00e768bd4e9ee1394a5899da0f908d9,f908d9,9,单,大
2026-08-08 23:40:04,85177545,000000000513b4c9a6b53ce7a910cf0f08cb2a8006024df017009f43acf0d48d,f0d48d,8,双,大
2026-08-08 23:40:15,85177549,000000000513b4cdc1cfe7d5bacff806723888791d8aff24d3f36a86a457125f,57125f,5,单,大
2026-08-08 23:40:26,85177553,000000000513b4d1f599ef03580c38315c2c3b0e8ce94216b5e4713dc86d2907,6d2907,7,单,大
2026-08-08 23:40:38,85177557,000000000513b4d58feff5a86f9bd24e66e3d2e642c46395b4e75a94b35943ad,5943ad,3,单,小
2026-08-08 23:40:50,85177560,000000000513b4d8041d4afb905cd20d381a18a67472b5230e0c389fb61110c9,1110c9,9,单,大
2026-08-08 23:41:01,85177564,000000000513b4dc48d6d81027b199098c9ec4157b72591fa9d4af2c93d3a98f,d3a98f,8,双,大
2026-08-08 23:41:12,85177568,000000000513b4e04cb14d5b1a203237230255b7b75c81ec6c051659b510ebac,10ebac,0,双,小
2026-08-08 23:41:24,85177571,000000000513b4e3326e21e130e1c934109d2478657d20e0c530abaca4fdf1a5,fdf1a5,5,单,大
2026-08-08 23:41:36,85177576,000000000513b4e8a66191de4274f7a342377f5125a327d78201fd9bd82bac84,2bac84,4,双,小
2026-08-08 23:41:49,85177580,000000000513b4ec3e9127d7979e357c63a3fa79dad5bb4e4e9c1bce0d3cd2c1,3cd2c1,1,单,小
2026-08-08 23:42:00,85177584,000000000513b4f0a706e9e8a0fde53d94b19a110ba23ccfbac323184cc4bcc0,c4bcc0,0,双,小
2026-08-08 23:42:12,85177588,000000000513b4f4e0e11587ba6c431a179f778d498ee63157c69a2f17290a0d,290a0d,0,双,小
2026-08-08 23:42:24,85177592,000000000513b4f802fb7e5cb43b3133b13b655f9df24ddf91bc4a8986bdb2b3,bdb2b3,3,单,小
2026-08-08 23:42:36,85177596,000000000513b4fc4fee23d2aa863a83898f2116f95edd83398d800446dfe036,dfe036,6,双,大
2026-08-08 23:42:48,85177600,000000000513b5004cf60c57257003e67eefc8b05b0a0034e2ee1e3274c0a277,c0a277,7,单,大
2026-08-08 23:43:00,85177603,000000000513b5032f9c247badc42b12f833ecb09f58c287782412e8b3b38eb9,b38eb9,9,单,大
2026-08-08 23:43:13,85177608,000000000513b5086b14d9ffbfb39b9c10d583df90439ff73656481f0db8d4e9,b8d4e9,9,单,大
2026-08-08 23:43:27,85177613,000000000513b50d46421fd3b729d54cbc03110e9cc01e391a755788a0e3dd92,e3dd92,2,双,小
2026-08-08 23:43:41,85177617,000000000513b51167f28499f9c0581f519ca50b5371e5e36b30609685c7a532,c7a532,2,双,小
2026-08-08 23:43:52,85177621,000000000513b515ce0e4a59886f55d21480234b3f7cc739b09caebe4b43c2e2,43c2e2,2,双,小
2026-08-08 23:44:05,85177626,000000000513b51a5c92147362e814224be58264e198d3469882e1986beee3ad,eee3ad,3,单,小
2026-08-08 23:44:18,85177630,000000000513b51e7a72d34dd456e8534eaaa55441007a84947b848b2c0635ec,0635ec,5,单,大
2026-08-08 23:44:31,85177634,000000000513b522704f534ad38dd11a619ccdce1f51df84369533ae8e9392ab,9392ab,2,双,小
2026-08-08 23:44:45,85177639,000000000513b52719b5ee1530cdf955f4d0e6911548fba37e6a1f3980f8ce9e,f8ce9e,9,单,大
2026-08-08 23:44:57,85177642,000000000513b52a8fb6d689039174e8f1b18959d2f1083b2a3b65b7fd269fb3,269fb3,3,单,小
2026-08-08 23:45:10,85177648,000000000513b530c7f15d2719551e4f85085b5a3ca149bbf46708db89588627,588627,7,单,大
2026-08-08 23:45:22,85177650,000000000513b53275923a6d4949240b5cd50edb93c2735cbacf93f89d00de56,00de56,6,双,大
2026-08-08 23:45:33,85177655,000000000513b5372bb28c1a415d7ee00d7e5f67296ec4d5a348ad2cbd45ac73,45ac73,3,单,小
2026-08-08 23:45:48,85177660,000000000513b53c3cdcc1f70c0b163bbc0b1a964954d72f78c1c47eb1e8c791,e8c791,1,单,小
2026-08-08 23:46:01,85177664,000000000513b54030b233ef8f88e9aaa3448f48ea4d930dcab6ace558e92822,e92822,2,双,小
2026-08-08 23:46:12,85177668,000000000513b5449bb4e5bebd3c6664a9e3da9cd38e202385042abe8f8c11b1,8c11b1,1,单,小
2026-08-08 23:46:24,85177671,000000000513b54746fe3ee350c22975722901f7b4e20c0e6e5f9c3527bc5b77,bc5b77,7,单,大
2026-08-08 23:46:36,85177676,000000000513b54c233bf37ddabfb9e65919f4b09157042f0b6d0e27d0513939,513939,9,单,大
2026-08-08 23:46:47,85177679,000000000513b54fc297e177b43d601853eee87495607dc5c8b225673f69b9ef,69b9ef,9,单,大
2026-08-08 23:46:58,85177683,000000000513b55307cec11bd866009ef05abafca4558b2e52d320b4cf108723,108723,3,单,小
2026-08-08 23:47:10,85177687,000000000513b557ce6107c909239724e51c974b3e5bd1f54f4e8f8ec7983adc,983adc,3,单,小
2026-08-08 23:47:21,85177690,000000000513b55aaa348acbcda47142e79e3bf86aa90fdabbb4c4b7fe5efbac,5efbac,5,单,大
2026-08-08 23:47:33,85177695,000000000513b55fcc13178f9bc72a28ccc4bfa1e95726e2eb3ec48df70f4515,0f4515,5,单,大
2026-08-08 23:47:45,85177699,000000000513b5636ab992527a1d717da40b22580ee408260e3d4c458a4eb754,4eb754,4,双,小
2026-08-08 23:47:57,85177703,000000000513b567664f4bca9aa1b5332abfacbf21c9bf672f34a46fb04c3df1,4c3df1,1,单,小
2026-08-08 23:48:08,85177707,000000000513b56b34dadc7caacb0c0b0b4ae64984a73adcb0907e82efecd3c2,ecd3c2,2,双,小
2026-08-08 23:48:19,85177710,000000000513b56e84fee6340ad3ba2c3674c5a01f24280d8de8040be0295a8e,295a8e,8,双,大
2026-08-08 23:48:29,85177713,000000000513b571a0c7890253c526e8f32428979b46e60b90538f0d7edbc2ab,dbc2ab,2,双,小
2026-08-08 23:48:41,85177718,000000000513b576b97ffc616f65939aeb4130e37992468487ed5ce34a0e3309,0e3309,9,单,大
2026-08-08 23:48:52,85177720,000000000513b5782c052aed45412e5fa774d7a2b0ec37a3e4ba452e37db398a,db398a,8,双,大
2026-08-08 23:49:02,85177725,000000000513b57d312d44866f3e971a00d7ce5db3ee4de05f0550b7e327372a,27372a,2,双,小
2026-08-08 23:49:16,85177729,000000000513b5812aec135f60dd8a8641df0f8ba3df86e25c6395fd982f5a54,2f5a54,4,双,小
2026-08-08 23:49:27,85177733,000000000513b58523869fa6d2ceabc725d1791b5fa6c527caca40e293bcf6c8,bcf6c8,8,双,大
2026-08-08 23:49:39,85177737,000000000513b589ff091556f36e5af337bc6e55e4ec9c3fa321677a8b75ba38,75ba38,8,双,大
2026-08-08 23:49:49,85177740,000000000513b58c87c678469bf623b2f606056ef80638e5feed21c3cc5f77c6,5f77c6,6,双,大
2026-08-08 23:49:59,85177744,000000000513b59084a3485571e0d5d97f40e8c141b4407b130273099ca5f188,a5f188,8,双,大
2026-08-08 23:50:11,85177747,000000000513b5936bb6fee0aeef8018eb80f2ca6567bc7f0ad2da2cc259934e,59934e,4,双,小
2026-08-08 23:50:23,85177752,000000000513b59871d7d68b01b405cfe13660bfc605cc49e50d9d3d4c75620a,75620a,0,双,小
2026-08-08 23:50:33,85177755,000000000513b59b776001b04abb3130732170d907ca647f2cd683d535d5f35b,d5f35b,5,单,大
2026-08-08 23:50:45,85177759,000000000513b59fa1a6678351be9656020acc6f63e5bf4e6c650a2f72b444ff,b444ff,4,双,小
2026-08-08 23:50:56,85177762,000000000513b5a26492cfa124ce086ddb6000891a41c753fc8ec84b5c9295f7,9295f7,7,单,大
2026-08-08 23:51:06,85177765,000000000513b5a531edca698e8830e3d5c283d8f98fb6f0ad9b7a61886c7634,6c7634,4,双,小
2026-08-08 23:51:18,85177770,000000000513b5aa2adf80adabaee33a8e2ec831cf1a913f9f3e442e5fff4afb,ff4afb,4,双,小
2026-08-08 23:51:29,85177773,000000000513b5ad1e827fe4134fe5d11c87b9fd74af2fe2f31bffdf746cedbc,6cedbc,6,双,大
2026-08-08 23:51:40,85177777,000000000513b5b122c9564e1456e9c0d0454c65263721b28b17c6c51cb596af,b596af,6,双,大
2026-08-08 23:51:51,85177781,000000000513b5b5facae577cd5bdd7686d7b49cb863f13da5cdedcf0d1ee879,1ee879,9,单,大
2026-08-08 23:52:02,85177785,000000000513b5b9dc88bb5257bc3944ca937df5569fb793ca27472d5a9d5bed,9d5bed,5,单,大
2026-08-08 23:52:13,85177788,000000000513b5bc963661cb58eebf68b9e6b8002c0eaea26ffbbf3307e2c6c0,e2c6c0,0,双,小
2026-08-08 23:52:24,85177792,000000000513b5c08b216f81b66025471079c7848a60ed2452908d1f58230d80,230d80,0,双,小
2026-08-08 23:52:34,85177795,000000000513b5c31fc7f3f7f655ae03ee0f504a6527ea14469df59c658c80e5,8c80e5,5,单,大
2026-08-08 23:52:45,85177799,000000000513b5c7d448cf6d4a0717ffcfafccb34d8f5ecb8cfe33e3bd12fb02,12fb02,2,双,小
2026-08-08 23:52:56,85177803,000000000513b5cb4be872f489f7a89bee8eceb5ecf214cbcb4d1262a3ca713d,ca713d,3,单,小
2026-08-08 23:53:09,85177806,000000000513b5ce74faa0e2bd12ca28259970b02b73501d122db0537760747e,60747e,7,单,大
2026-08-08 23:53:21,85177811,000000000513b5d3cc157dbd3f8bce36e36d03cb4ba41e66d63a57a1a8a0e9b6,a0e9b6,6,双,大
2026-08-08 23:53:33,85177815,000000000513b5d70966c8d63bfa59c1cc6e59c5468abbcf2b3e5a70272f5060,2f5060,0,双,小
2026-08-08 23:53:44,85177818,000000000513b5daac7ddf15b805d0f2c61bbce4143a7c6832ee859a00618e6b,618e6b,6,双,大
2026-08-08 23:53:54,85177822,000000000513b5de71718bdc299596d804ef3dac95c60283f861be0c7a50689e,50689e,9,单,大
2026-08-08 23:54:04,85177825,000000000513b5e1a304a3bd4d69c28d294769bf7c98bfe524335232ddd61fd1,d61fd1,1,单,小
2026-08-08 23:54:15,85177829,000000000513b5e514a62da1ce045cce87e3b823e8403c77376bfa8a29dbead1,dbead1,1,单,小
2026-08-08 23:54:26,85177833,000000000513b5e9a00b4af602edd8b1745e433f39d2800715d6a5a5f8a40356,a40356,6,双,大
2026-08-08 23:54:37,85177836,000000000513b5ec35da93065408ef0ad7bbb71da03e9e105e064f5b0b01bff6,01bff6,6,双,大
2026-08-08 23:54:47,85177840,000000000513b5f01123a5cfa377d659312ce3d8283edc73cb0dc304218b403d,8b403d,3,单,小
2026-08-08 23:54:59,85177843,000000000513b5f34b7ce354737d97908a10fb10d64e666d165aa4ea38ac8ad6,ac8ad6,6,双,大
2026-08-08 23:55:10,85177847,000000000513b5f7f1deefcf10f53933151b88173490ebd1166cf9dd47f2bc3d,f2bc3d,3,单,小
2026-08-08 23:55:21,85177851,000000000513b5fb3a40c41e1cc204324e136cddbe26c57e47c55657d15e2f72,5e2f72,2,双,小
2026-08-08 23:55:32,85177855,000000000513b5ff2df0b5a7a6710814276ef144999d5224153e142af27c44e8,7c44e8,8,双,大
2026-08-08 23:55:43,85177859,000000000513b603ba45ba250e735084f84216083b201177676e9012b8d56bb0,d56bb0,0,双,小
2026-08-08 23:55:54,85177862,000000000513b606716670e9e0304374cffe661d8971a4d13adacdefafc78467,c78467,7,单,大
2026-08-08 23:56:04,85177865,000000000513b6097a0c780245757879a330fd7d9919438e1ecce392a1bf3828,bf3828,8,双,大
2026-08-08 23:56:15,85177869,000000000513b60d86d3e24a4c37f81d700be4241073f713daa7df961f1bb5ae,1bb5ae,5,单,大
2026-08-08 23:56:25,85177872,000000000513b610c50e3ac7771f7afc89c2de7b82395a11378bf132187ab074,7ab074,4,双,小
2026-08-08 23:56:36,85177876,000000000513b614b4649121c32ded623322d78a05ebca402810924abf393059,393059,9,单,大
2026-08-08 23:56:47,85177880,000000000513b618c43540d9a6f685c2607f5834a69af176f6336f178b91ddff,91ddff,1,单,小
2026-08-08 23:56:58,85177884,000000000513b61c874845da1c2c0b14654329630b1e810b282c6fdc295260b3,5260b3,3,单,小
2026-08-08 23:57:08,85177887,000000000513b61f3b69b7bd0e023a873e332c918c6762f5abb709361def7765,ef7765,5,单,大
2026-08-08 23:57:19,85177891,000000000513b6235c04e4de6046228adc1a88e5ec1638f8b1ca96e6456a6799,6a6799,9,单,大
2026-08-08 23:57:30,85177894,000000000513b626ae2fba32dcfd1cff07d2fb74d3c87483a42d43f25192c83f,92c83f,3,单,小
2026-08-08 23:57:41,85177897,000000000513b62984d0a89f4f9b6ee4c95d67ed0bd9fad587deb0af530643a3,0643a3,3,单,小
2026-08-08 23:57:53,85177901,000000000513b62dc17fa0cce6fe329afafdad5cca4e595507ef6cffe9da577b,da577b,7,单,大
2026-08-08 23:58:04,85177905,000000000513b631782a321ffcc747acfa95ea4d49b8f4806ac0e97f876bf019,6bf019,9,单,大
2026-08-08 23:58:14,85177909,000000000513b635832bd99b973e2995436a2a5528cc77e09e4994e8cd142a35,142a35,5,单,大
2026-08-08 23:58:24,85177912,000000000513b63838fe7163fe0367acbba02309dc5dbb85f842b8fdf6107c5e,107c5e,5,单,大
2026-08-08 23:58:35,85177916,000000000513b63ceafb17dc4aa4c411a07ede2c610ad8c3e4e769e7833aaa07,3aaa07,7,单,大
2026-08-08 23:58:45,85177919,000000000513b63fc0a2876c17c61b16f9cd1eb447ccf26dd18f96d6ad28818b,28818b,8,双,大
2026-08-08 23:58:56,85177923,000000000513b643ddd8595f99aa2aab2ffa22bea373fb7f66ee2a911f87e839,87e839,9,单,大
2026-08-08 23:59:07,85177926,000000000513b646c4d31b8e755d8294654f0f212a15dca3b0955a3ae188c13b,88c13b,3,单,小
2026-08-08 23:59:17,85177930,000000000513b64a57deb49a8e3e80dc80381de6ec30d91d85e869b8899a20a8,9a20a8,8,双,大
2026-08-08 23:59:27,85177933,000000000513b64d23a9f27896202a76da9a9d3ae10cbde4dad470939abec8d6,bec8d6,6,双,大
2026-08-08 23:59:38,85177936,000000000513b6506af8141344e3fee35d564678976d8687e59d0ced1adeea1a,deea1a,1,单,小
2026-08-08 23:59:48,85177940,000000000513b654956bda5b5907b38c82ef99936872720cfd33a9168d5f7531,5f7531,1,单,小
2026-08-08 23:59:59,85177943,000000000513b657ea7d94118b97a81a7e4cac779ed791af344255ba98d5e690,d5e690,0,双,小
2026-08-09 00:00:09,85177947,000000000513b65baf7451da3bbb906220142697623dee1f7a245586eef3d2ed,f3d2ed,2,双,小
2026-08-09 00:00:21,85177950,000000000513b65e2a4543e0218f8378b5588bb04fae1cec2414f7643fb07a6f,b07a6f,6,双,大
2026-08-09 00:00:31,85177954,000000000513b6627fd548bc0fa5d909d52e42d1841a9786754d7232d813c16c,13c16c,6,双,大
2026-08-09 00:00:41,85177958,000000000513b6668b2522d45b75ca7cd8ab19b954521cfcc211a085ef667b2b,667b2b,2,双,小
2026-08-09 00:00:53,85177961,000000000513b66994e65fe38d298c9314a836fe6e4a8a42b550ef1254f316dd,f316dd,6,双,大
2026-08-09 00:01:03,85177965,000000000513b66d581d73ccad96ae46ae9ccf4810d49ab892699761e9fde90d,fde90d,0,双,小
2026-08-09 00:01:14,85177968,000000000513b670c6d34499adda46575ff08319ca1d2c87fdda289512ecde2e,ecde2e,2,双,小
2026-08-09 00:01:25,85177972,000000000513b67418bb5e40d491268a2332d423e4e1c723a6818213d87739af,7739af,9,单,大
2026-08-09 00:01:35,85177976,000000000513b6784f2d3ea1d8866d0f1004a6762c189f3f4a179c4274d27806,d27806,6,双,大
2026-08-09 00:01:47,85177979,000000000513b67b077f482ce90abb2e05d762b930f07d2cb774dfbe6e14a91f,14a91f,1,单,小
2026-08-09 00:01:57,85177982,000000000513b67edf51be918a1de71ada0ffcd44b729b3a60438849f811d49f,11d49f,9,单,大
2026-08-09 00:02:08,85177987,000000000513b683dbd20391f0ff6fe4b4eb03a38bab83a45feff64fa1add270,add270,0,双,小
2026-08-09 00:02:19,85177990,000000000513b68670a300bfca17cafe1897db66dd843af69d6458c5d283cc43,83cc43,3,单,小
2026-08-09 00:02:29,85177994,000000000513b68a8169b3a1652e0adc53d82dd063031ebf7d1e350d8d6da82a,6da82a,2,双,小
2026-08-09 00:02:40,85177998,000000000513b68ef284916ff401120ac3229f4d6f2a493441e0fba905c12a07,c12a07,7,单,大
2026-08-09 00:02:50,85178001,000000000513b691f6dd3a553995a8e2d968b900942b185c99f1c13b19f72c7f,f72c7f,7,单,大
2026-08-09 00:03:01,85178004,000000000513b6949f464ed3a1f237bf7393ca48d121f65a661393745fc8920b,c8920b,0,双,小
2026-08-09 00:03:12,85178008,000000000513b698ea1eeea8469f7fa7fc648d96fd1bc89bcb110505192ae9b7,2ae9b7,7,单,大
2026-08-09 00:03:24,85178012,000000000513b69cff6d14d49acc153dbcfd61d45bf67fcdc83c3d9e798ca28e,8ca28e,8,双,大
2026-08-09 00:03:36,85178016,000000000513b6a06ef934616b164a5a29785c0fdaf95d308825cd1b07b4e08f,b4e08f,8,双,大
2026-08-09 00:03:47,85178020,000000000513b6a4e88a0939214339aa389fdd073bdc1c5e9731cf9c0ebd3b8b,bd3b8b,8,双,大
2026-08-09 00:03:59,85178023,000000000513b6a7dda24858d1e77173352e436652bdfd0364d11d4c75cba3a9,cba3a9,9,单,大
2026-08-09 00:04:10,85178027,000000000513b6ab9600f191ae2d1646685aa7df71fbc24ed9e1e50558893371,893371,1,单,小
2026-08-09 00:04:21,85178030,000000000513b6ae9a49e9b7061014554d113f2430b12cc3e27ad5e6db67d673,67d673,3,单,小
2026-08-09 00:04:32,85178034,000000000513b6b297b92faf94f4531ce78b507bd91004cf8e1f646411bb0946,bb0946,6,双,大
2026-08-09 00:04:43,85178037,000000000513b6b5fbd33368c8d3b1728ec83f4072d39e9212529463879d42e1,9d42e1,1,单,小
2026-08-09 00:04:54,85178042,000000000513b6ba6e26531db0311c4df61747d79cba7e0b2b7605e918f38b7c,f38b7c,7,单,大
2026-08-09 00:05:05,85178045,000000000513b6bd011045726762813e04a4d454aeb84ad6d91cc8d6bb3107b3,3107b3,3,单,小
2026-08-09 00:05:16,85178049,000000000513b6c1e0a2c6faf629d9142b58a22d853684a69897253bcfcefd21,cefd21,1,单,小
2026-08-09 00:05:27,85178053,000000000513b6c5037a8be4c548d2f2c879c086542da361fd0cbcc584f138f7,f138f7,7,单,大
2026-08-09 00:05:39,85178057,000000000513b6c98a3d9f59ca5dd2130827e1f923f6848518ab712900d809b7,d809b7,7,单,大
2026-08-09 00:05:51,85178060,000000000513b6cc19a0e7a32acd748d559bd560631e0b59f95e7be4bc466f2a,466f2a,2,双,小
2026-08-09 00:06:03,85178065,000000000513b6d1526e3a44d9b225a7f07d853ffffb8ea23d298a4033e48bea,e48bea,8,双,大
2026-08-09 00:06:15,85178069,000000000513b6d529565ff4212c8f595e0157c60f00a0e4e76054007b84d475,84d475,5,单,大
2026-08-09 00:06:27,85178073,000000000513b6d99101fe15359eeb106b61bc9a447b6e8ebc4ce070c9a3c226,a3c226,6,双,大
2026-08-09 00:06:39,85178077,000000000513b6dde08f2f575b43b4c4bc08cea6ba2466a639431d9ec7b59593,b59593,3,单,小
2026-08-09 00:06:50,85178081,000000000513b6e122233b172b7e5781aae6e75e413d6ab7fe2f32fe04cc0b9e,cc0b9e,9,单,大
2026-08-09 00:07:02,85178084,000000000513b6e49bbb632f678841e494e29a1accd2786e6453b89a0c7114bf,7114bf,4,双,小
2026-08-09 00:07:14,85178088,000000000513b6e87a359b24cd5ab1e9eb64a01ea2529987c6e56c2a8b69df34,69df34,4,双,小
2026-08-09 00:07:25,85178092,000000000513b6ec1cffe8ebc8011ef8bc266e6c49ad7268dea54f182dbbee19,bbee19,9,单,大
2026-08-09 00:07:36,85178096,000000000513b6f049c935b03a9960104cae191c19d520376b6f4d787ad62ed1,d62ed1,1,单,小
2026-08-09 00:07:46,85178099,000000000513b6f38fdd761a20bf5986311c600c43a2a12e6cba8450a89fe413,9fe413,3,单,小
2026-08-09 00:07:57,85178103,000000000513b6f7d92163430a1925895d623ebd1209822919872042ff80cb98,80cb98,8,双,大
2026-08-09 00:08:07,85178107,000000000513b6fb8b1da12a61dbf38a007a8691187f07df9c8dcb85b550875d,50875d,5,单,大
2026-08-09 00:08:18,85178109,000000000513b6fd2a33c86c6f92cec3ed098422c2c377465b03bcc62148a71b,48a71b,1,单,小
2026-08-09 00:08:29,85178113,000000000513b701cfa4b9a218ad357b647da246e4076e8847164dd94a9c80e0,9c80e0,0,双,小
2026-08-09 00:08:40,85178117,000000000513b7058ce0d667009d225cd130b002a20da693de873ee77380de7d,80de7d,7,单,大
2026-08-09 00:08:50,85178121,000000000513b7094727b1501b83dc02ebba406f9da1ccf3a4b53194d3dc93be,dc93be,3,单,小
2026-08-09 00:09:01,85178124,000000000513b70cae07353526d10b103f6841d8bdc8e7727f4f260060475ad6,475ad6,6,双,大
2026-08-09 00:09:12,85178128,000000000513b7100f25d5088fd710f54adf3bcac1b3a44549e5d56c3ad9f0a3,d9f0a3,3,单,小
2026-08-09 00:09:23,85178131,000000000513b713ecbc010d2aaed1051e880d3e0fc48e2f537df76dbc8c7f48,8c7f48,8,双,大
2026-08-09 00:09:33,85178135,000000000513b717c579414faa2792d2dd15191dfbe7c8a737c846ce7b57aa07,57aa07,7,单,大
2026-08-09 00:09:44,85178139,000000000513b71bdaa8c8302fcb21c4eb5840de9ed040b2fa94c7ec97a33c24,a33c24,4,双,小
2026-08-09 00:09:55,85178142,000000000513b71ee13f628de8d4b7db98af11351f4ea6ac0167795517e7aa4c,e7aa4c,4,双,小
2026-08-09 00:10:06,85178146,000000000513b722e53aa079009bd0ec607364f2f590637f8bcf7e2b6e4488a9,4488a9,9,单,大
2026-08-09 00:10:18,85178150,000000000513b7260a5c5b4eae814862adb86b712e73e6a796493152119baeed,9baeed,9,单,大
2026-08-09 00:10:30,85178153,000000000513b729925bea37a481c87d1a293b5b913b354e40d4aaa59da4d813,a4d813,3,单,小
2026-08-09 00:10:41,85178157,000000000513b72d22f8135caabf95136446bcf54fe1855c448a1e1bb37f1ca5,7f1ca5,5,单,大
2026-08-09 00:10:53,85178161,000000000513b7311f683d253918035afd6367e89b656b51e49ddff1dc7ca40d,7ca40d,0,双,小
2026-08-09 00:11:05,85178165,000000000513b735cfe0a74b75314bc3db740a54efea088e9181b18fa890bd86,90bd86,6,双,大
2026-08-09 00:11:16,85178169,000000000513b7394bdc506720eb1fffc25e221910248408b7968e14ddc55c15,c55c15,5,单,大
2026-08-09 00:11:27,85178173,000000000513b73dd1a450d682d935291258a06a9fceeda90b7ea5cbabf193d2,f193d2,2,双,小
2026-08-09 00:11:39,85178177,000000000513b7413bf4c57ecad1301bbf84a56e6a47a725e2d927818d893262,893262,2,双,小
2026-08-09 00:11:50,85178181,000000000513b745a56be6940cdf82c7808af8d34517e4d09a518716cb5a1dcc,5a1dcc,1,单,小
2026-08-09 00:12:02,85178184,000000000513b748bbc20dae30e8878e1e3b8addc79fd1f6991ac90f3c4acd1c,4acd1c,1,单,小
2026-08-09 00:12:13,85178188,000000000513b74cceca9032df5b44e77627afce55f44983e84566cd86082d4a,082d4a,4,双,小
2026-08-09 00:12:25,85178192,000000000513b750a7ad285bdc5f9a42d4706061e96095b1b50d7eb33da775d7,a775d7,7,单,大
2026-08-09 00:12:37,85178196,000000000513b75437fa3ce388216ff86371fb335e8e2d7840f6c226fe0e690f,0e690f,0,双,小
2026-08-09 00:12:48,85178200,000000000513b758c7fc2f1cc3177582093e14b64b167098bd9ce2f190934977,934977,7,单,大
2026-08-09 00:13:00,85178204,000000000513b75c4dc4286a6a9bc8d8b10976f1228c8459a6bba0e417ab618d,ab618d,8,双,大
2026-08-09 00:13:11,85178208,000000000513b76003ca57a2639c1c69ea83ee7d31c9754491d519b6dd78de0f,78de0f,0,双,小
2026-08-09 00:13:22,85178211,000000000513b763daed8f5dc422bb025ef5a023baae1d7969c1145c7a035f03,035f03,3,单,小
2026-08-09 00:13:33,85178215,000000000513b7676e7e0f585f38a7f416cc081f6fe84bbfba53a4f2fe96eb2a,96eb2a,2,双,小
2026-08-09 00:13:44,85178218,000000000513b76a9f89188615b609c5e829c59d749b98497a36ecff0e463559,463559,9,单,大
2026-08-09 00:13:55,85178222,000000000513b76eaed4eb87b8ac653448118c608a1f37b8be54855678195215,195215,5,单,大
2026-08-09 00:14:05,85178225,000000000513b771ed57e831c84a050dc8752913a68e8fe76ba4a7746ba98d9f,a98d9f,9,单,大
2026-08-09 00:14:15,85178229,000000000513b7751c37962427c4a9029f1ab2fc20040f2a41dca6c502dad913,dad913,3,单,小
2026-08-09 00:14:25,85178232,000000000513b77887e52ea6494846d0a5451c7ad896eaf2a1e18c76204322a6,4322a6,6,双,大
2026-08-09 00:14:36,85178236,000000000513b77ce2e403e88953b88967c769a146465dddadc3c30df3208a0f,208a0f,0,双,小
2026-08-09 00:14:47,85178239,000000000513b77f9bd196c0fc8e720d49b7f78aea3e2503214373dc71b0c16b,b0c16b,6,双,大
2026-08-09 00:14:57,85178243,000000000513b78383aa42af6e6f97b2fddf88f7e8e809504a4ae755a12fa662,2fa662,2,双,小
2026-08-09 00:15:08,85178247,000000000513b787cc9b6f7d353c1b9d6dc8cc736910b12f16b92e91be5145c8,5145c8,8,双,大
2026-08-09 00:15:18,85178250,000000000513b78a30bb1973de0278a29666097890b7cf1d2f040d9ad73950ec,3950ec,0,双,小
2026-08-09 00:15:29,85178253,000000000513b78dac77998241f7389747c5c48db2ee90ff555839ae86766449,766449,9,单,大
2026-08-09 00:15:40,85178257,000000000513b7914d8700a8d331c722f1b6870b9c52cbcc856f53534ca15e05,a15e05,5,单,大
2026-08-09 00:15:50,85178261,000000000513b795293fa75b516d89ee0fcd8afcf504e3f72aa312e4ae17ea9c,17ea9c,9,单,大
2026-08-09 00:16:02,85178264,000000000513b79855ac75a15efa32e89cc4d3b6e5c9589e4f2cc22a62d5c0ed,d5c0ed,0,双,小
2026-08-09 00:16:13,85178268,000000000513b79c470f0f5a440851e49ea31ec6a65e022dfb10952359ca7d70,ca7d70,0,双,小
2026-08-09 00:16:25,85178271,000000000513b79f8af2724b3b95fad083841a060665703c6bf1b1a57fecb2a6,ecb2a6,6,双,大
2026-08-09 00:16:36,85178276,000000000513b7a40af9b06531891e1a47878066b91416e9d4311ce9f805b96c,05b96c,6,双,大
2026-08-09 00:16:47,85178279,000000000513b7a75976053de107bf941dd1b2768f0069e19881522638ee1ca3,ee1ca3,3,单,小
2026-08-09 00:16:57,85178283,000000000513b7ab77a413dabebb252e719e8f997432bb4fca6e8489a35f1e68,5f1e68,8,双,大
2026-08-09 00:17:09,85178286,000000000513b7ae9815d1b095ad5ab792053efc4b85dd489341c5a3c39ce6fb,9ce6fb,6,双,大
2026-08-09 00:17:20,85178291,000000000513b7b3b3eb4a270c5f028007986b95122677e4992bda5e4dfb6646,fb6646,6,双,大
2026-08-09 00:17:31,85178294,000000000513b7b6a5f6c455697f0c94819d63b567eb9eae8c3a02c36bc7429e,c7429e,9,单,大
2026-08-09 00:17:42,85178297,000000000513b7b9e2ced8b68b5be78a9eed61be953df8e8e9c468073ef8909f,f8909f,9,单,大
2026-08-09 00:17:53,85178301,000000000513b7bd60865d6aac379b7ea3f1004a0f162ebb822f5835de9acbb2,9acbb2,2,双,小
2026-08-09 00:18:04,85178305,000000000513b7c1f2e81b2e960318f65bdc28a4a728f8c0d99d146c1d6bb661,6bb661,1,单,小
2026-08-09 00:18:15,85178309,000000000513b7c5576b6a3212e09c0fbd4bf0047d0b4689eb2ce62b7b4ca5d2,4ca5d2,2,双,小
2026-08-09 00:18:27,85178313,000000000513b7c94be2223ee1f87d351ffa46958e9bdfd42a59abe12b0ff2a3,0ff2a3,3,单,小
2026-08-09 00:18:39,85178317,000000000513b7cd592c0ca806c759e69a53f7cade9f1b17134449e566780800,780800,0,双,小
2026-08-09 00:18:52,85178321,000000000513b7d1660b8f23ca9db8ad2fca43b134dc9a18d1ce85025ceaa9af,eaa9af,9,单,大
2026-08-09 00:19:03,85178325,000000000513b7d5e9497dfb77b648962a5955523142f7f6eae445cbf21f460f,1f460f,0,双,小
2026-08-09 00:19:14,85178329,000000000513b7d95b780a4e09e5f4e44c6336876aaf8d953556e15e7189e23e,89e23e,3,单,小
2026-08-09 00:19:25,85178332,000000000513b7dc5c23541739709e28009cebc033191a1abe1325347290586d,90586d,6,双,大
2026-08-09 00:19:35,85178336,000000000513b7e09d66c1ebdde246e9236e5fc9903093b28f3c539ad7bd8580,bd8580,0,双,小
2026-08-09 00:19:46,85178339,000000000513b7e374367cb39eb315e302776891af13c1563f32bea63594a9fd,94a9fd,9,单,大
2026-08-09 00:19:56,85178343,000000000513b7e745049d85e9e2bc5ffb7404171bb3f648448f7f0b0cfb6d4a,fb6d4a,4,双,小
2026-08-09 00:20:07,85178346,000000000513b7eac5cea353cd226d828d6de00641a4ded51231c3226955839a,55839a,9,单,大
2026-08-09 00:20:17,85178349,000000000513b7edc7deb247e881d19613fc5ad89d51c8442a0d99d64e77e61b,77e61b,1,单,小
2026-08-09 00:20:28,85178353,000000000513b7f149171e49fd2455ec99805ec6e0a8aed436e66464ec87bb9d,87bb9d,9,单,大
2026-08-09 00:20:39,85178357,000000000513b7f5914c26dcc17ce6ce26b3dd48a5e0468b2653c338a3869348,869348,8,双,大
2026-08-09 00:20:51,85178361,000000000513b7f9507231e980603c8812c5aa7e367ca605fec486955d31dd51,31dd51,1,单,小
2026-08-09 00:21:02,85178365,000000000513b7fd5607dee2560d5890e96d90a03d51f5819d4cdc969000e67b,00e67b,7,单,大
2026-08-09 00:21:14,85178368,000000000513b80039f5d9c64f184aaca368fd31260ee28a6a39c97e0b472556,472556,6,双,大
2026-08-09 00:21:24,85178372,000000000513b80409b220f38a955aac3362b850afb2f0444191ac2daa97109a,97109a,9,单,大
2026-08-09 00:21:35,85178375,000000000513b8070acf9df3f95a54828b9e5b10bca9e4f7c232be5e783f02af,3f02af,2,双,小
2026-08-09 00:21:46,85178379,000000000513b80b581be8ed0b8f4f745276c85b23e2ba3e8b10b0bd760cf234,0cf234,4,双,小
2026-08-09 00:21:56,85178383,000000000513b80fe2b578e9b18010a2c456e12922ff62120bc0923eb283f0aa,83f0aa,0,双,小
2026-08-09 00:22:06,85178386,000000000513b812069f0f6bd15815825f5cece4c3a0e0eebf34daf5f282bbb3,82bbb3,3,单,小
2026-08-09 00:22:17,85178390,000000000513b8160257c6cae7ff9a388983c1bf06f0fbdcf5faa226194e008c,4e008c,8,双,大
2026-08-09 00:22:28,85178393,000000000513b8199cca5bc9f1ebfca994c6ae5e980ab016c87810414152d93f,52d93f,3,单,小
2026-08-09 00:22:38,85178397,000000000513b81d314797b649a59d5d32920635a0beb395118cbe2d6f00fbb4,00fbb4,4,双,小
2026-08-09 00:22:48,85178400,000000000513b820bf3fc1bad56c983f1aa41afb34d66ac992a8a95cbe8c12f7,8c12f7,7,单,大
2026-08-09 00:22:59,85178404,000000000513b8247a0acf164cfc93d4cf6b2390031d1160846030c0dd885e9d,885e9d,9,单,大
2026-08-09 00:23:10,85178407,000000000513b8276720b9e1fb2ebec2a323986f98f385874831cf6de6e56faa,e56faa,6,双,大
2026-08-09 00:23:20,85178411,000000000513b82b17fbfb59f70497e28da00f4f1e742dbb5772d277d37bed6a,7bed6a,6,双,大
2026-08-09 00:23:32,85178414,000000000513b82e451e1eca022edb41c0e671201c43f5e31ca29037538749d4,8749d4,4,双,小
2026-08-09 00:23:43,85178418,000000000513b8326c295770f05b619f1047306773bbb7464a2d63810361a209,61a209,9,单,大
2026-08-09 00:23:55,85178422,000000000513b83697270d6db88f06b0364d93682d1305efcf5cf473e1ee604d,ee604d,4,双,小
2026-08-09 00:24:05,85178425,000000000513b8397dbe764130547939cb7555fbb6ae06aef2b135908ccd2a4e,cd2a4e,4,双,小
2026-08-09 00:24:15,85178429,000000000513b83defea1cf59aee4df0fe65a30fb491f3ecb5639d700c8bd375,8bd375,5,单,大
2026-08-09 00:24:25,85178432,000000000513b8409572f7ab42855411ad764abdeab46598befde4e5786abf24,6abf24,4,双,小
2026-08-09 00:24:35,85178436,000000000513b84416259e5fbc2942523aabab95b6da08600d24c7ee010dc3e6,0dc3e6,6,双,大
2026-08-09 00:24:46,85178439,000000000513b84702a6d0ba588a598d1f54c848514998dde6f26952a073af32,73af32,2,双,小
2026-08-09 00:24:56,85178442,000000000513b84a730097c40b2cb60b616ec59ca20a7164a5e051f89f72d93a,72d93a,3,单,小
2026-08-09 00:25:06,85178446,000000000513b84e0f6188e7780c11d375091068a6ec5074da028f1a37e90510,e90510,0,双,小
2026-08-09 00:25:16,85178449,000000000513b85136225831ce0bb8b2171f2d07bdad3c3069f1906278d5820b,d5820b,0,双,小
2026-08-09 00:25:26,85178453,000000000513b855304fc58ac8734f0f924549b90fdf512c605cdcc1f8c92bef,c92bef,2,双,小
2026-08-09 00:25:36,85178456,000000000513b8589d6e2541d89ee8a8de2f804ea5379dd704a00b552b6d15d5,6d15d5,5,单,大
2026-08-09 00:25:46,85178460,000000000513b85c6af1e04a5e74adc24bdb7bd8aaa14879ac3320c1f3492152,492152,2,双,小
2026-08-09 00:25:57,85178462,000000000513b85eb31224f043d10b3b049c53c15d6855885c20f8662ac98dee,c98dee,8,双,大
2026-08-09 00:26:08,85178467,000000000513b8630366a9b85ceedc5e622e59a62908a3b400041b55c6cf8019,cf8019,9,单,大
2026-08-09 00:26:20,85178471,000000000513b867455fcdcf22e9707c2f76ab3fbbea9ce1fc4c1f0a827b26e4,7b26e4,4,双,小
2026-08-09 00:26:31,85178474,000000000513b86a09bf14431e9afb2ad29d403d25fe3a402d3073318973b3dc,73b3dc,3,单,小
2026-08-09 00:26:42,85178478,000000000513b86e8e1b576cd3d8a95ea1dc64b3ef93a4e5b3c4b585a3c7982d,c7982d,2,双,小
2026-08-09 00:26:52,85178481,000000000513b871a6690271502231652d4dde2ddafdd3461bd82703766050a2,6050a2,2,双,小
2026-08-09 00:27:02,85178485,000000000513b8756bed1ced2ace13f1110d6373aa4a4562f40a37035da20e8c,a20e8c,8,双,大
2026-08-09 00:27:13,85178489,000000000513b879a6aae64bd5b30ff0e020804f9ad46dc8d1e8bfcc9cc128bb,c128bb,8,双,大
2026-08-09 00:27:24,85178492,000000000513b87c7b548aed96103d5971875fb15162f8383bfa9c0379c27fdc,c27fdc,7,单,大
2026-08-09 00:27:34,85178495,000000000513b87f0374843a05352063a642e4f95c17d8e5eb441489ed8470e0,8470e0,0,双,小
2026-08-09 00:27:44,85178498,000000000513b8821fbbcb57a265825baca35d9630c39b43c102da09ce8fffd7,8fffd7,7,单,大
2026-08-09 00:27:54,85178502,000000000513b886e9132364f723bce0e58da98c8637da89593761cb7783bdbe,83bdbe,3,单,小
2026-08-09 00:28:05,85178505,000000000513b8894259da594bc169ba69eb898eca6468fa73c85f8f12a9b1b3,a9b1b3,3,单,小
2026-08-09 00:28:15,85178509,000000000513b88d4fd2d0a18a11a1753c36348c189172a1fca9fe040dfacdbb,facdbb,0,双,小
2026-08-09 00:28:25,85178512,000000000513b890d02e6ac0fc89eab1f0ea75774b01eb4210b9ef36837c1e6d,7c1e6d,6,双,大
2026-08-09 00:28:36,85178516,000000000513b894c1fcc9a9771dc5e8feb8be56249cfa932e44f45ad3f8d786,f8d786,6,双,大
2026-08-09 00:28:46,85178519,000000000513b897b0514c6ba6754a374e26b665766ae36643d24cd56696c8b8,96c8b8,8,双,大
2026-08-09 00:28:56,85178523,000000000513b89bbdcf64372f133fab15e160a9d23ef444930841a7256a0590,6a0590,0,双,小
2026-08-09 00:29:06,85178526,000000000513b89e566549414041c97d29212c06d2735f2d00d4962f2ee1476d,e1476d,6,双,大
2026-08-09 00:29:17,85178529,000000000513b8a1eeeb5509421d6fd5cec92f8e46020d6e3bb31b60d8adc199,adc199,9,单,大
2026-08-09 00:29:28,85178533,000000000513b8a5719946561b32dced0533199c724896061e8ab3a4a585c580,85c580,0,双,小
2026-08-09 00:29:38,85178537,000000000513b8a91a8f3c5025187fb5f581455fb754c7a2a49fcb964399314d,99314d,4,双,小
2026-08-09 00:29:48,85178540,000000000513b8ac927e302ff63a1e5499a12c36a875ba31445509369be64d1f,e64d1f,1,单,小
2026-08-09 00:29:59,85178543,000000000513b8affaa018a2eb41a850c6f934d903329272db0e4d6efc714953,714953,3,单,小
2026-08-09 00:30:09,85178547,000000000513b8b373faba6f7aa40563dd92dfc1f38857960479a9acddd7a5b7,d7a5b7,7,单,大
2026-08-09 00:30:20,85178551,000000000513b8b7ccf55419ed7f6b30e7ffefe20c63a5adc54ab3311c8d8c8b,8d8c8b,8,双,大
2026-08-09 00:30:32,85178554,000000000513b8ba23f6bd7e1303ef551d958db27544aadc956248bceda490c0,a490c0,0,双,小
2026-08-09 00:30:42,85178558,000000000513b8beb41e7fc74276e59bc1cd7f4fea547080bbfab76991a75964,a75964,4,双,小
2026-08-09 00:30:52,85178562,000000000513b8c2b638026ebf0b0f566ce6f12476bb8de26ba99e1c9c3b9445,3b9445,5,单,大
2026-08-09 00:31:02,85178564,000000000513b8c4e9fef5739b4dd470643f6a6bcee64be5f727ed57735514be,5514be,4,双,小
2026-08-09 00:31:12,85178568,000000000513b8c8b291ce2ec2c7e88554b8c69afa3938bae1e6dbfdd532fdf1,32fdf1,1,单,小
2026-08-09 00:31:23,85178571,000000000513b8cba25e6695ef242442c6ad1f95bfbcb0b24ab9b7517c3effde,3effde,3,单,小
2026-08-09 00:31:33,85178575,000000000513b8cf08848fdaab81168af115b9b81361b41dddf5f18880488c95,488c95,5,单,大
2026-08-09 00:31:44,85178579,000000000513b8d3fcd928be768f4c8dab9229cf4a0cfcfcbd44f82126d3e501,d3e501,1,单,小
2026-08-09 00:31:54,85178582,000000000513b8d62c91b85a01bd560a299b6e5910dff873d0fd50eba1ad57d5,ad57d5,5,单,大
2026-08-09 00:32:05,85178586,000000000513b8da62d2a35c4c480cb298df3d64a283f14b405eda8d4e9168e4,9168e4,4,双,小
2026-08-09 00:32:17,85178589,000000000513b8dde2874bf5ca635f020b004e0ca8503644430bf6c816f0a94a,f0a94a,4,双,小
2026-08-09 00:32:27,85178593,000000000513b8e1be0995d5ba5598e7ead0347af0884bcde494b79eedae741b,ae741b,1,单,小
2026-08-09 00:32:38,85178597,000000000513b8e540cc0e9d6c8a7ea530ce548257ca931de2050a355de3e034,e3e034,4,双,小
2026-08-09 00:32:49,85178600,000000000513b8e813900572af773a70de4d9e4b4050d30b869439ca2e33e291,33e291,1,单,小
2026-08-09 00:32:59,85178603,000000000513b8eba035f5cc13f55d9a30e61391c7c95a29fd59adfb8cf7c983,f7c983,3,单,小
2026-08-09 00:33:10,85178607,000000000513b8efb0d503d7bdbf1be4a6e213978541c9631de7115fefb73ce6,b73ce6,6,双,大
2026-08-09 00:33:21,85178611,000000000513b8f3df3edd821c8cac31bb9785e3e49ea632c654874b13debf28,debf28,8,双,大
2026-08-09 00:33:31,85178614,000000000513b8f64795d3b856d642d65cf5751f676b4593a02cdb19e39b7a37,9b7a37,7,单,大
2026-08-09 00:33:42,85178618,000000000513b8faa504cc0b0a9521557ccfc3b6016b0c4e30a98f5ff4b0a89a,b0a89a,9,单,大
2026-08-09 00:33:53,85178621,000000000513b8fd5274ed0f1892ad105275eb9afb778567c147d23f00f9116f,f9116f,6,双,大
2026-08-09 00:34:03,85178625,000000000513b9012efd87e59886f86ef504ee56d3ae97ae1eea3b486f719092,719092,2,双,小
2026-08-09 00:34:14,85178629,000000000513b90567c64905f230887502d238f7679332c5817d8675dd033798,033798,8,双,大
2026-08-09 00:34:25,85178633,000000000513b9099b178d8e0e3eeec4b84917bf8a3313dc7c8fe8274b4c43f8,4c43f8,8,双,大
2026-08-09 00:34:36,85178636,000000000513b90c34c40be4709f2fdce16a1ee928960ab2e4ef0107972c8eff,2c8eff,8,双,大
2026-08-09 00:34:46,85178639,000000000513b90fe05a0dc9abf41186eaec685ab5225c36b3120233cb58221f,58221f,1,单,小
2026-08-09 00:34:57,85178643,000000000513b91372696acdd91535da5c4eba1a79151e9469dbc56fa7168a1d,168a1d,1,单,小
2026-08-09 00:35:07,85178646,000000000513b91602441eebbf26213c4e608d6a9e0060c66b25ca5ec0ffdc3b,ffdc3b,3,单,小
2026-08-09 00:35:18,85178650,000000000513b91a2e474934025148489532be78c305d496ca53aefafe9b9115,9b9115,5,单,大
2026-08-09 00:35:28,85178653,000000000513b91da65bbe95ebf4f95fba47e62168aae1589e745eb528856361,856361,1,单,小
2026-08-09 00:35:38,85178657,000000000513b921345d2977a331d0aa796141ae61dbcdeda2f23282ad7aadf8,7aadf8,8,双,大
2026-08-09 00:35:49,85178660,000000000513b924bbc56d6b86086bae0c407dd20bc87a27b0882472bf8e3308,8e3308,8,双,大
2026-08-09 00:35:59,85178664,000000000513b928e4b86d25932548a6a30f09f3fa142b7c3a2363d0cba74c85,a74c85,5,单,大
2026-08-09 00:36:10,85178667,000000000513b92b535294b8b93aef598806aedc23d0752718d423f328fdf76c,fdf76c,6,双,大
2026-08-09 00:36:21,85178671,000000000513b92f4dbbbcbccc08b1e809816b8fc0f6658c62cc693470e761ce,e761ce,1,单,小
2026-08-09 00:36:32,85178675,000000000513b933314d734ace1f658612e2e0896ab4c7c446b76887976b6555,6b6555,5,单,大
2026-08-09 00:36:42,85178678,000000000513b936e6be823d4ea922b9c4033760a8269d102a012316de47e4c9,47e4c9,9,单,大
2026-08-09 00:36:53,85178682,000000000513b93a3ebdc856b0e9bd3f0141720183e407736929304ab9e6c420,e6c420,0,双,小
2026-08-09 00:37:04,85178686,000000000513b93e84ab07e9812e4f1cb50e7d8429664a089d39b69f690775e0,0775e0,0,双,小
2026-08-09 00:37:15,85178689,000000000513b941ac6d243a4028c7ea81a5779ce581f8e2e8645a423c7963fb,7963fb,3,单,小
2026-08-09 00:37:25,85178692,000000000513b9440ad01afbc18cfa261a0d6d610bc615e3cab3a7f1d1d1341e,d1341e,1,单,小
2026-08-09 00:37:35,85178696,000000000513b948f732112f1537c06c726a61864dac5d293f9321df1731d7f7,31d7f7,7,单,大
2026-08-09 00:37:46,85178700,000000000513b94c914e4d19b8a6828dc449b739c66a393cdf14282f52601e3f,601e3f,3,单,小
2026-08-09 00:37:56,85178703,000000000513b94f5f6c500ccc810fa0df682c0ff6344a9fde9dd5cc3ba7f849,a7f849,9,单,大
2026-08-09 00:38:06,85178706,000000000513b952ad4f5095323e224acef1712e563d7968049cfe1f4b9b076a,9b076a,6,双,大
2026-08-09 00:38:16,85178710,000000000513b956f6e828ce735c77a628ff3c2a7bb217a195d88c3874b95133,b95133,3,单,小
2026-08-09 00:38:26,85178713,000000000513b959e8f93fa2657a007bc3bd0295df1dc2c2fd503d674c5a9e99,5a9e99,9,单,大
2026-08-09 00:38:37,85178716,000000000513b95c6bb13c61c5533afff2474ae2d846ec0fb86e9c6f6e36d14c,36d14c,4,双,小
2026-08-09 00:38:47,85178719,000000000513b95f8e049a66993648de88ed22837bfcfd72cf9d2d65eb9a2328,9a2328,8,双,大
2026-08-09 00:38:57,85178723,000000000513b963198af5ca36cf2f533c4491b68808ad4ae1112e74528cd189,8cd189,9,单,大
2026-08-09 00:39:08,85178727,000000000513b967a0549aacf4a4e94f5042e2ffc5757b9c3599456512611835,611835,5,单,大
2026-08-09 00:39:29,85178733,000000000513b96dd698c2d7fae0d23bc68fdb0629eee2841896da3af0cb3470,cb3470,0,双,小
2026-08-09 00:39:40,85178737,000000000513b971ac1a821ec0f4b48b542d91a4248472fce988fd7e88fcb477,fcb477,7,单,大
2026-08-09 00:39:50,85178741,000000000513b975652fbe1af015a14799ed7db1910fd89d58e6b18e2d514fe7,514fe7,7,单,大
2026-08-09 00:40:00,85178744,000000000513b978a2f7ad08839fe845b4d3ba1cfe73a6a72a2adc1445bff69e,bff69e,9,单,大
2026-08-09 00:40:10,85178747,000000000513b97b0e04f11955e5c6dd05ab5799f14126323a977c960436612c,36612c,2,双,小
2026-08-09 00:40:20,85178751,000000000513b97f4090014ba362d182c9c1c6ccce67917f539de106c64b8346,4b8346,6,双,大
2026-08-09 00:40:30,85178754,000000000513b98246b107d11cbe34f0069ecb1b149cf2c1597ac0220e902939,902939,9,单,大
2026-08-09 00:40:40,85178758,000000000513b9865c85227bbf28c1b9787c27fad03f33372321a66ff733f76e,33f76e,6,双,大
2026-08-09 00:40:51,85178760,000000000513b9886cf4825a7821a3d0676f14b5ab9e737785cfa93d0f8bec12,8bec12,2,双,小
2026-08-09 00:41:01,85178764,000000000513b98cf26b96e95193fbe1605a191e50ee35a3dda49c7e0ecc27fa,cc27fa,7,单,大
2026-08-09 00:41:12,85178768,000000000513b990ca98fd8f0be17e1d74ade00cbf05f5d6dd1cad0e34b89782,b89782,2,双,小
2026-08-09 00:41:23,85178771,000000000513b9938763fff9f41764af8b9d4445d31c8813f5ec4e3beb4fcc9e,4fcc9e,9,单,大
2026-08-09 00:41:33,85178775,000000000513b9974fecc4158c80460fe8c23274c32bf09e278d1e08324499b5,4499b5,5,单,大
2026-08-09 00:41:44,85178779,000000000513b99b24c63a1b7a3b6cb0dfe92a0b54288ef01b0f31eb4c086032,086032,2,双,小
2026-08-09 00:41:54,85178782,000000000513b99e58c07e9734d8a59639c60477edcb285a10a188d1e0cac803,cac803,3,单,小
2026-08-09 00:42:04,85178785,000000000513b9a113e806051b55eb213af64d653337f718698536aae3ef9d1b,ef9d1b,1,单,小
2026-08-09 00:42:16,85178790,000000000513b9a696f5feb683383a6812b1c18d9d905928bd6f8ecbb034b45d,34b45d,5,单,大
2026-08-09 00:42:27,85178792,000000000513b9a84b6f59de926af7333db6348b606abfee005629bebcfc8e69,fc8e69,9,单,大
2026-08-09 00:42:40,85178797,000000000513b9ad55bc7b7cf3599c6ffa37ba4448d5dcb6aec429a69a8a2a02,8a2a02,2,双,小
2026-08-09 00:42:51,85178801,000000000513b9b129a08be9167365bda7dec4c02e369abef24d1d30fe3984cd,3984cd,4,双,小
2026-08-09 00:43:02,85178805,000000000513b9b500036c54e04b030474c450696a07dbc2ae0f9b7f3139fa0a,39fa0a,0,双,小
2026-08-09 00:43:14,85178809,000000000513b9b9f4703cf06afbbc58a3a4e07b38cf008b6a9c1daba3cebec6,cebec6,6,双,大
2026-08-09 00:43:25,85178812,000000000513b9bc4f71606b24c6fcb32705608288c818728fd2f31867e056da,e056da,6,双,大
2026-08-09 00:43:36,85178816,000000000513b9c09158b0119525bb1a6ce18043106bfbebd425471f919e5400,9e5400,0,双,小
2026-08-09 00:43:47,85178820,000000000513b9c4c1bc84f1cf543bc228099c717f035462ec2266decafd732b,fd732b,2,双,小
2026-08-09 00:43:58,85178824,000000000513b9c8a636f6df19e9973babc46cb5786ba8ac7bd782397e50b86e,50b86e,6,双,大
2026-08-09 00:44:11,85178827,000000000513b9cbc06e50f815f85d670784b966b19258299031b54bb60c07ec,0c07ec,7,单,大
2026-08-09 00:44:22,85178831,000000000513b9cf959b5ff0c80403b5d89225a2f0e6c8d821376f19df57052a,57052a,2,双,小
2026-08-09 00:44:32,85178835,000000000513b9d3974ccaeded1a43de67024a039cbce597b2b3e42d982d1682,2d1682,2,双,小
2026-08-09 00:44:42,85178838,000000000513b9d62a4670ba34c58d86ed347555adc8044a1c49cd6352c0e521,c0e521,1,单,小
2026-08-09 00:44:52,85178841,000000000513b9d9037bd4a1e16145e57d21906e38cd6488f3359ab4f6677da8,677da8,8,双,大
2026-08-09 00:45:03,85178845,000000000513b9ddaea94c767775184344ba2a4360a0477a0c5de60aae66c379,66c379,9,单,大
2026-08-09 00:45:13,85178848,000000000513b9e046b7c6269e8dd38d1fcbe0a658f18f91012b993931db1c93,db1c93,3,单,小
2026-08-09 00:45:24,85178852,000000000513b9e48f1457bd79d8a33e381c36c3608ce2f56c3d9fed019ec25d,9ec25d,5,单,大
2026-08-09 00:45:34,85178856,000000000513b9e86312bc6d27a4f03f30157b2236809ec5f2fec8009ff7fcb4,f7fcb4,4,双,小
2026-08-09 00:45:44,85178858,000000000513b9ea57ec46bc3833a98f2150fd42275e02396e2ff26bb8c6f301,c6f301,1,单,小
2026-08-09 00:45:54,85178862,000000000513b9ee94c8d5d2a3442de5bcf967996e9319af69b0c099ab73e161,73e161,1,单,小
2026-08-09 00:46:05,85178866,000000000513b9f232b426f32fe1085ed6bd62cf3a628c86c66ecaaf69b186c9,b186c9,9,单,大
2026-08-09 00:46:16,85178870,000000000513b9f6cde15dfec4b641fc14014a291173b39d335dafeba2e86110,e86110,0,双,小
2026-08-09 00:46:26,85178873,000000000513b9f9f61dd0b4d788ddfa85ba2474c1d6f9265fc7c70cf6c42dd1,c42dd1,1,单,小
2026-08-09 00:46:36,85178876,000000000513b9fcd634446c3bfee44a22facdac5b7e72b18d635308b2d90cc9,d90cc9,9,单,大
2026-08-09 00:46:46,85178880,000000000513ba0052dc3d15e255d6d2a2d9035d5912293452a62b8ac82aeba2,2aeba2,2,双,小
2026-08-09 00:46:56,85178883,000000000513ba03bf75cfa40d996d7cbc9607a8b4420331dd58ad011a5851a2,5851a2,2,双,小
2026-08-09 00:47:06,85178886,000000000513ba06d8a0c5b860f6da6ae70df3d6345bf2b86b9bfe4bac1630fb,1630fb,0,双,小
2026-08-09 00:47:16,85178890,000000000513ba0a7a737aac17e5f3c2c0fbb802b081f1eb8dcfbc8081e4f48f,e4f48f,8,双,大
2026-08-09 00:47:26,85178893,000000000513ba0d9df0a012c7dc52e6d42819649fe320d4a3a81faebc4e77dc,4e77dc,7,单,大
2026-08-09 00:47:36,85178895,000000000513ba0f959211f2666b891f923d2689c4f2d7bc2d2f1fa362f68eb0,f68eb0,0,双,小
2026-08-09 00:47:45,85178899,000000000513ba1360dba5f8f80c511496b5167ac5496d61ee879ce620a2f098,a2f098,8,双,大
2026-08-09 00:47:55,85178903,000000000513ba17fc8d654429d1af5986bf33027e921ced49cfa142167547e2,7547e2,2,双,小
2026-08-09 00:48:06,85178906,000000000513ba1a570fbd0abc992cd23678f1f8c03bdbde393905dca57de4c6,7de4c6,6,双,大
2026-08-09 00:48:16,85178909,000000000513ba1dfdf84696d521bab9a8505c17fb541b65f12d600035f1b9a4,f1b9a4,4,双,小
2026-08-09 00:48:26,85178913,000000000513ba21e7e1a0896416af8678a74477ad185ab9fd892903b6330f69,330f69,9,单,大
2026-08-09 00:48:36,85178916,000000000513ba241879f7638a5700140d7e244cae98bd1e601beefd792ba0d4,2ba0d4,4,双,小
2026-08-09 00:48:46,85178920,000000000513ba28577603bfb20633f96faee3c096d1f5533387699019540885,540885,5,单,大
2026-08-09 00:48:57,85178923,000000000513ba2b355dc5da5830038be678882fdf2753b2aaeb3aff68a490c3,a490c3,3,单,小
2026-08-09 00:49:08,85178927,000000000513ba2fe77d9a69ef97efcbf7309c3eb7901fd13f5a910070c8964f,c8964f,4,双,小
2026-08-09 00:49:18,85178930,000000000513ba32afa752185d01f00d79e15a9748f502ac2e4a30ccfb8a0681,8a0681,1,单,小
2026-08-09 00:49:28,85178933,000000000513ba35a70344aed5645bbcb0000a2350818ee1b4f992d287a9e3f9,a9e3f9,9,单,大
2026-08-09 00:49:38,85178937,000000000513ba396015480f0e89addd95ebfc04873b7b5404a28777c1aae2b8,aae2b8,8,双,大
2026-08-09 00:49:49,85178940,000000000513ba3cb5527b6b5e6671b885f89dc7d2473d8fbe54612cd2e467d9,e467d9,9,单,大
2026-08-09 00:49:59,85178943,000000000513ba3ff7d4f0282aa618c4270fc84862abd66b9dc7912f2c67e7f9,67e7f9,9,单,大
2026-08-09 00:50:09,85178947,000000000513ba43cba53afd4b45fd89c39134f2fe1260e433451fca2ecc50cf,cc50cf,0,双,小
2026-08-09 00:50:20,85178950,000000000513ba46d3286f65d7a485984071198d7759e33fd9e474e996046a77,046a77,7,单,大
2026-08-09 00:50:30,85178954,000000000513ba4afa246f63c38f3e9d516358493b272199734b4c4f5db9870f,b9870f,0,双,小
2026-08-09 00:50:40,85178957,000000000513ba4d3b1ff262d237a94e5955047fb1ccca7f4f587f52f75db266,5db266,6,双,大
2026-08-09 00:50:50,85178960,000000000513ba503ded74c312e669a39e8ae0b346b5827c0d1ce1b582fb35aa,fb35aa,5,单,大
2026-08-09 00:51:00,85178964,000000000513ba548b76767b2095cfb744194acbf34cfd2c2f7fb7431ff7acf5,f7acf5,5,单,大
2026-08-09 00:51:11,85178968,000000000513ba58631f90419d62cdb2319b9fe92ded091f7064ba4b46b0a9a6,b0a9a6,6,双,大
2026-08-09 00:51:21,85178971,000000000513ba5be8c4ed116d6bd7a037c41d32287769445cce064514673e9e,673e9e,9,单,大
2026-08-09 00:51:31,85178975,000000000513ba5fa781511e7dd8297878613863e6cad7896ffb2fdd13f1c3bc,f1c3bc,3,单,小
2026-08-09 00:51:42,85178978,000000000513ba62f547fb87d5ea1d7687badae10cea045a750951edc59170d9,9170d9,9,单,大
2026-08-09 00:51:52,85178981,000000000513ba6570b6fd1618219536512d4604d978f37e00cb2766da5c069d,5c069d,9,单,大
2026-08-09 00:52:02,85178984,000000000513ba6880c6c4429a2b6bf406700a121996f3836d899acfc46bd6bb,6bd6bb,6,双,大
2026-08-09 00:52:12,85178988,000000000513ba6c3e8893efc8cad88c776eb7004ecb260de072f40c0432bf43,32bf43,3,单,小
2026-08-09 00:52:22,85178992,000000000513ba70d4078a278ae7d8cd57e4f49b48502cb313d02bd5a90ebe7f,0ebe7f,7,单,大
2026-08-09 00:52:33,85178995,000000000513ba73a8c69c05c23c9da33dbd7de48a710288e44b68642a230772,230772,2,双,小
2026-08-09 00:52:43,85178998,000000000513ba76687f32ab56b8646fb7c2c7bda69819069e41b63519b927ec,b927ec,7,单,大
2026-08-09 00:52:53,85179001,000000000513ba799cd566566dfbcf91f8261b75604796a93db7b3948c1af787,1af787,7,单,大
2026-08-09 00:53:04,85179006,000000000513ba7e8f602709c3b7d7381248d2ab7a23051561afb6b50ccae3c7,cae3c7,7,单,大
2026-08-09 00:53:15,85179009,000000000513ba8133991fb8fa71553e4f40bf3dcd3e80bcd7c842b04f9cc049,9cc049,9,单,大
2026-08-09 00:53:26,85179012,000000000513ba84c085c425f8c10744c841cbae6fc5f0013069b99bc6111324,111324,4,双,小
2026-08-09 00:53:37,85179016,000000000513ba88bf9640d5cc0b35f0286dda69199d109ac3062c3c13a4e455,a4e455,5,单,大
2026-08-09 00:53:47,85179020,000000000513ba8c306602287eff830c0e124f2ca88d0fd0c7eb2f82b0b93c82,b93c82,2,双,小
2026-08-09 00:53:57,85179023,000000000513ba8fc4e01ceae6b960819413975ffc358f96f104ce7a8ef3db84,f3db84,4,双,小
2026-08-09 00:54:07,85179026,000000000513ba92f5976ac2172760dec3414260e5e0fa2203ba970de311c2cc,11c2cc,2,双,小
2026-08-09 00:54:17,85179030,000000000513ba965d7292419ed7d51bd04f046dc55bd301be96f5f8cec1caf7,c1caf7,7,单,大
2026-08-09 00:54:27,85179033,000000000513ba991b2cb422641266d32fd6c22a8270f60d9cdfd4ea0af53898,f53898,8,双,大
2026-08-09 00:54:37,85179036,000000000513ba9cac31756857dcf770133dc9c167a8188c479c68065fd812c9,d812c9,9,单,大
2026-08-09 00:54:47,85179039,000000000513ba9f0ecda92492481cc6e2384143cfc2000a54720eec994717ce,4717ce,7,单,大
2026-08-09 00:54:57,85179043,000000000513baa34c002ea70407e11f96438d211bff7b4ced43e222c242f401,42f401,1,单,小
2026-08-09 00:55:08,85179047,000000000513baa7cbbc7475e215c674b7ac3e8280c9490de044bebe5ced73e6,ed73e6,6,双,大
2026-08-09 00:55:18,85179050,000000000513baaa8644348a117f53de78521c0dd6ccec0677720917e9c83639,c83639,9,单,大
2026-08-09 00:55:29,85179053,000000000513baad619e97029a1f2b1865de69a8fa2e9c7d9b07b32abd296520,296520,0,双,小
2026-08-09 00:55:39,85179057,000000000513bab1e0e06e2fd7135f653302039b99989220d892485f279e941f,9e941f,1,单,小
2026-08-09 00:55:49,85179060,000000000513bab4f31052491574329d78b07a16093d42511c475f5037cef3de,cef3de,3,单,小
2026-08-09 00:55:59,85179064,000000000513bab8f89dbf4f07368cbccee92fb3ac86b057e822a987ad4a9f93,4a9f93,3,单,小
2026-08-09 00:56:09,85179067,000000000513babbe75ecf83490d1958b8587fd21cb08a617e9df3bde09189be,9189be,9,单,大
2026-08-09 00:56:20,85179070,000000000513babe406ea0ce8d9fc4848aca34c00f64c76adb39696640ffe196,ffe196,6,双,大
2026-08-09 00:56:30,85179074,000000000513bac26516b1aaffc088eb1c52e4086fa3a53c2f5e138e423df24a,3df24a,4,双,小
2026-08-09 00:56:40,85179078,000000000513bac66d9f82a8c813e99bb28709f105c8af8fc5c4698526517a9a,517a9a,9,单,大
2026-08-09 00:56:50,85179081,000000000513bac90736f75a4035ce50c414d5f58d4261f9114262b7777f7742,7f7742,2,双,小
2026-08-09 00:57:01,85179085,000000000513bacdf59ddb72560633be942cbea711f5ef1671124c011b251e87,251e87,7,单,大
2026-08-09 00:57:11,85179087,000000000513bacf5504cd7084f75539d20108afdadf650aa66519f9c66b1658,6b1658,8,双,大
2026-08-09 00:57:20,85179091,000000000513bad3ce562c3b371e527a5daf1a3a3bfd70a240adf06e1c897005,897005,5,单,大
2026-08-09 00:57:30,85179094,000000000513bad678ac9c329c63b48b4a7a127093b0343f939e964dfaca870c,ca870c,0,双,小
2026-08-09 00:57:40,85179097,000000000513bad92f1716cb326b5852b103ef57d2f4fe5aa2182ed01282019c,82019c,9,单,大
2026-08-09 00:57:50,85179100,000000000513badc953ca33eeb9c2198114e9df71e867bc6eebc4cd974a6a371,a6a371,1,单,小
2026-08-09 00:58:00,85179104,000000000513bae0289e6e76754cbdbf78f426d403e66c2dade1d9eab21ba156,1ba156,6,双,大
2026-08-09 00:58:10,85179108,000000000513bae4cfdd5a35aaa9f165f627c610f50f243e53648e5f49790a31,790a31,1,单,小
2026-08-09 00:58:20,85179111,000000000513bae75b9630d5408eede119f39a48cf1c958a0afc5e8f9d2aee97,2aee97,7,单,大
2026-08-09 00:58:30,85179114,000000000513baea96713a1d33baad9dd66fc22bb55c98441992473e93b4058f,b4058f,8,双,大
2026-08-09 00:58:40,85179117,000000000513baed04bfe42bfc9417337858e0fefd1394d072605b8e918b41b4,8b41b4,4,双,小
2026-08-09 00:58:50,85179120,000000000513baf0e65db860f774914a0bdc3b0256eb707810b67c06c03db222,3db222,2,双,小
2026-08-09 00:59:00,85179124,000000000513baf44a143b6fba885cb053e4ab2e6515f240690083b9502533e6,2533e6,6,双,大
2026-08-09 00:59:11,85179127,000000000513baf7ac081d76b5ba71b82cc0b11b1c64bab26251bf05052aba03,2aba03,3,单,小
2026-08-09 00:59:22,85179131,000000000513bafbea21543d98e4c64f27e00d87765d1026f9453b34fcc55c76,c55c76,6,双,大
2026-08-09 00:59:32,85179135,000000000513baff2e2e92d6574fd3d0e9fffcf98024cb96a5165f7f096f50c3,6f50c3,3,单,小
2026-08-09 00:59:42,85179137,000000000513bb010cfbf82695d6ecd0b72a50319636d0bbb49ea4102bd5ee44,d5ee44,4,双,小
2026-08-09 00:59:52,85179141,000000000513bb0500ae7729bd5655b3f3eed05eaabb80d367a29b6251b05460,b05460,0,双,小
2026-08-09 01:00:02,85179145,000000000513bb09f83c2004306e6c6cbc4942dd867f9bdb8b7ee558f3e96de3,e96de3,3,单,小
2026-08-09 01:00:12,85179148,000000000513bb0cff2b763e107adebd94dd8c8eb8c42350445764e7e2edcd1d,edcd1d,1,单,小
2026-08-09 01:00:23,85179151,000000000513bb0fc3c1f8a39e85986b4e8455ac497ba2872a54bd68e9ea8b4f,ea8b4f,4,双,小
2026-08-09 01:00:33,85179155,000000000513bb13eccb34e790c119d9cf4d052b56e9f51c21537a9bb5feb182,feb182,2,双,小
2026-08-09 01:00:44,85179159,000000000513bb17ea3ce174cccf266784c31cf31c879a4644a87cbf0214c5f9,14c5f9,9,单,大
2026-08-09 01:00:53,85179162,000000000513bb1afd121767673435d2b4ef0514b190814f0c675ad645cec7a9,cec7a9,9,单,大
2026-08-09 01:01:03,85179165,000000000513bb1de0e0ef8b778dfcb1a2d68b69ab81f91f575f9391a23cd960,3cd960,0,双,小
2026-08-09 01:01:14,85179168,000000000513bb20291327855bc3bb415a7a8c77b8f1461146fafca744a74135,a74135,5,单,大
2026-08-09 01:01:24,85179172,000000000513bb24e94c22f41e1c0154b35c3c0ea112f59fc9450a273fc472e4,c472e4,4,双,小
2026-08-09 01:01:34,85179176,000000000513bb28627ea86e2f018c310fa3d8d720cfaed59ddf5c0a98f6ae3a,f6ae3a,3,单,小
2026-08-09 01:01:44,85179179,000000000513bb2b3dc1eaeccaa86ab10b854be88fcd3c0e5865bb1385455b5c,455b5c,5,单,大
2026-08-09 01:01:55,85179182,000000000513bb2ed74f53183373e3bf07c76a8c515de73e5e3de3af96854e16,854e16,6,双,大
2026-08-09 01:02:06,85179186,000000000513bb32daccc4804ea6e7c83c01941ce6a36c72f38e696342e1b093,e1b093,3,单,小
2026-08-09 01:02:16,85179189,000000000513bb35498481f03fad5160b238b53743e7b3a9db34d33b602cae26,2cae26,6,双,大
2026-08-09 01:02:27,85179193,000000000513bb3944c84bd716021494dfd604bba0df004a65efb1800058f588,58f588,8,双,大
2026-08-09 01:02:37,85179196,000000000513bb3cd9ebe805f6ccb76b38f435f61aedd15c3bfe0896b4620235,620235,5,单,大
2026-08-09 01:02:47,85179199,000000000513bb3f25b47e284b6d7ab3b22cfe7853c3a9bf8a04123f5e29200a,29200a,0,双,小
2026-08-09 01:02:57,85179202,000000000513bb42d25b5c60a12f4e2c1dade88fc97cf35d3dc1213c27de06a0,de06a0,0,双,小
2026-08-09 01:03:07,85179207,000000000513bb4791bbedca364fb3fe0a96cc129419e09dfad1c297934e4bb9,4e4bb9,9,单,大
2026-08-09 01:03:18,85179210,000000000513bb4a4d2cf8f2c6357cffa1c98ecde431592414ecc72b92e82e7d,e82e7d,7,单,大
2026-08-09 01:03:29,85179214,000000000513bb4e5ce5d60fd76f286509aa67f62c6e9894cca08e6ecbacfe20,acfe20,0,双,小
2026-08-09 01:03:40,85179217,000000000513bb5132057d9cb1af1716e388106d07a9820f7bca0be651b0aa66,b0aa66,6,双,大
2026-08-09 01:03:49,85179220,000000000513bb547303a210b568648d6b17aeb8767835766b39035a21c4a4cf,c4a4cf,4,双,小
2026-08-09 01:04:00,85179224,000000000513bb5865d0c2f7d4b77f06a113910a4768074aeae0c62c46fa2ec8,fa2ec8,8,双,大
2026-08-09 01:04:10,85179227,000000000513bb5b3dcea8bc13cbf9d60aa53cd1e4f9c0c68bb9dde712716463,716463,3,单,小
2026-08-09 01:04:20,85179230,000000000513bb5eaccab87283ed57d8747ed0c7c8b25d482838f1445ab30f46,b30f46,6,双,大
2026-08-09 01:04:30,85179234,000000000513bb62e678895c4b513bdc5c66f85c5005862d095f45b66967a68d,67a68d,8,双,大
2026-08-09 01:04:40,85179238,000000000513bb66e4e3b97168747e9b098b91ba69c24b2268958c1668016a52,016a52,2,双,小
2026-08-09 01:04:50,85179241,000000000513bb69900ecb46753859ae140c01732e62e9c2bf4a029ee58c8ca0,8c8ca0,0,双,小
2026-08-09 01:05:02,85179244,000000000513bb6c5197957b7bab6af9018a914c5a474e0ea50df2305c415381,415381,1,单,小
2026-08-09 01:05:12,85179247,000000000513bb6f20835649c47c04b397c28dd4e9bef9cce1640b42177f02e2,7f02e2,2,双,小
2026-08-09 01:05:22,85179251,000000000513bb73814880a89d6fa3462aaf7fd2965ff3c1a8256d9449ab32e5,ab32e5,5,单,大
2026-08-09 01:05:32,85179254,000000000513bb7684fb9719a2537d5d7f7f0bc3588b3d34ac3263b81e070a7c,070a7c,7,单,大
2026-08-09 01:05:42,85179258,000000000513bb7ad9099221b0d44ebaa7e257a58e63355efb810ba099111730,111730,0,双,小
2026-08-09 01:05:52,85179262,000000000513bb7e00b2cbbfcf6299657f9a6f015f7733ae6e53a1ebfae4308f,e4308f,8,双,大
2026-08-09 01:06:02,85179264,000000000513bb8029c9d7265ee592ffe032f9a1d29502a66429244c9586746e,86746e,6,双,大
2026-08-09 01:06:12,85179268,000000000513bb84e0aea774b6cd58fb6095523494d3eb0de9e7125ab5b4cd20,b4cd20,0,双,小
2026-08-09 01:06:22,85179271,000000000513bb87de8f574e1c2423cb99131f0117eb254f325b5260cb9d0d3e,9d0d3e,3,单,小
2026-08-09 01:06:33,85179274,000000000513bb8ac6aa14b8dc487fb49d26cc1508c7c974cb0cd688697932b7,7932b7,7,单,大
2026-08-09 01:06:43,85179278,000000000513bb8e5e1916ad9472aee26263fd429614cbbfcb24c0c746a5b5c9,a5b5c9,9,单,大
2026-08-09 01:06:53,85179282,000000000513bb92a3d8928b971fb7ba51f5527c9e9ab66cc17d87fd00d8ba66,d8ba66,6,双,大
2026-08-09 01:07:03,85179285,000000000513bb953d00c61fc4b158deddad950d13f2515e9eafee0c23d17b77,d17b77,7,单,大
2026-08-09 01:07:14,85179289,000000000513bb99cb645d0919849b0dc71a0a977f74d8d1da51c08769eb35ca,eb35ca,5,单,大
2026-08-09 01:07:24,85179292,000000000513bb9c40f66bca816972c01a49679fdda421772a9bc8298549e15b,49e15b,5,单,大
2026-08-09 01:07:34,85179295,000000000513bb9ff05a89fe7e4abaf5bd185e0725805da167fa09894c8b1863,8b1863,3,单,小
2026-08-09 01:07:45,85179299,000000000513bba3b9d50ce69b1970e768b9ab4d9b33a11c7a4f02cbb6739b1c,739b1c,1,单,小
2026-08-09 01:07:55,85179302,000000000513bba63ca04d101744135bd0ecb5a93f2577792e9026fd82fd31f7,fd31f7,7,单,大
2026-08-09 01:08:05,85179305,000000000513bba93b3958ea6b1a8c8e67be01ed676549f3bf8efc4a0c25dd3b,25dd3b,3,单,小
2026-08-09 01:08:15,85179309,000000000513bbad60ab602620a7958fd5c4b603ac857dc64b0da7535ae64048,e64048,8,双,大
2026-08-09 01:08:25,85179312,000000000513bbb0c56af514c79003730b63843f86d32951f28ed9304e28ca05,28ca05,5,单,大
2026-08-09 01:08:35,85179315,000000000513bbb38d72c11aa03dec6b26f3baa8075556e78117e485496683fd,6683fd,3,单,小
2026-08-09 01:08:45,85179319,000000000513bbb7bd67ea2a50d3fe2cff837eb3ffd54ed841076b914cfbf9bb,fbf9bb,9,单,大
2026-08-09 01:08:55,85179322,000000000513bbbaa06788bf042f82f7402998c88fb6dd0aa9fe1004f19cbce2,9cbce2,2,双,小
2026-08-09 01:09:05,85179325,000000000513bbbdb78dcff5c9b99d79310d55f35357770f5ee3fe845c447aec,447aec,7,单,大
2026-08-09 01:09:15,85179329,000000000513bbc1cb7d58035421312ef46b89b919510bad18d97d5485b9e918,b9e918,8,双,大
2026-08-09 01:09:25,85179332,000000000513bbc4c410cd5dc21b7cfd3bb051af53635b111b4d4b37e28d66ce,8d66ce,6,双,大
2026-08-09 01:09:35,85179336,000000000513bbc870ec3bee040a8a78167a444af9493382b12755ea9e728b2a,728b2a,2,双,小
2026-08-09 01:09:45,85179339,000000000513bbcb6a4e42d9b534e4c14dcdfbc6d925a429543e9eed4a71761e,71761e,1,单,小
2026-08-09 01:09:55,85179343,000000000513bbcf052c4e143508450fd96a374a2bea953f31a950daa6bbfdd6,bbfdd6,6,双,大
2026-08-09 01:10:05,85179346,000000000513bbd2954824b8694c07195aaf83d1b0591809a96bb75da0611362,611362,2,双,小
2026-08-09 01:10:15,85179349,000000000513bbd5da528b58a09b718c9b374e88ecef5e1a63df94e5f4dd900e,dd900e,0,双,小
2026-08-09 01:10:25,85179352,000000000513bbd88b17d84c8f70fd6a387270b4e76bfe5139c32803074679aa,4679aa,9,单,大
2026-08-09 01:10:35,85179356,000000000513bbdcc5b72b41ca42901b59bf1f8d05f6b570ed94e15249a424ad,a424ad,4,双,小
2026-08-09 01:10:45,85179359,000000000513bbdf344b8052e72a0cf315a7d6e428bfe79a6cd8a19e6e0f2e75,0f2e75,5,单,大
2026-08-09 01:10:55,85179362,000000000513bbe270d6b4bf7e07fa228d4ee9215f05e4e783cb3d167a215919,215919,9,单,大
2026-08-09 01:11:05,85179366,000000000513bbe6fba27b12e101b526a8ecbe2875b68731ca46a2a3c2c5a431,c5a431,1,单,小
2026-08-09 01:11:15,85179369,000000000513bbe9d8e34e694bb33e7c4010f2a3994675a4c1be326c96ab5279,ab5279,9,单,大
2026-08-09 01:11:25,85179372,000000000513bbec4efd27dd19777a92293a94eae3c83738e400151d06367301,367301,1,单,小
2026-08-09 01:11:35,85179376,000000000513bbf0ff6a7d26b4059431cef90648d3bb2de62478ef6612affa25,affa25,5,单,大
2026-08-09 01:11:45,85179379,000000000513bbf30fe628504f6b0ade7e0023133d19564520a69f1af8e75b79,e75b79,9,单,大
2026-08-09 01:11:55,85179382,000000000513bbf60497fe8467eca12eb2894b9ffbb0c3023f70b9e530bac925,bac925,5,单,大
2026-08-09 01:12:04,85179386,000000000513bbface9b0cab14d9fdc48899243b6fd546064a64204bcff85d9c,f85d9c,9,单,大
2026-08-09 01:12:14,85179389,000000000513bbfd13aee82a99764fa5a5ed8405a12c137720649d96c71660d6,1660d6,6,双,大
2026-08-09 01:12:24,85179392,000000000513bc00143720ce86caba63535b07d9b811a72fd8c49882c28edf38,8edf38,8,双,大
2026-08-09 01:12:34,85179396,000000000513bc042ec558d2d21860a573ee184a6b0fb2f4552240225878e61d,78e61d,1,单,小
2026-08-09 01:12:44,85179399,000000000513bc0787e6256fb47338c51cbddac81ad133da0066330610478763,478763,3,单,小
2026-08-09 01:12:54,85179402,000000000513bc0a5ef41de499cd735217ee696a513726768d470342260640ef,0640ef,0,双,小
2026-08-09 01:13:04,85179405,000000000513bc0d92714d83748e20155de18aa061096fbeed412cabf755236e,55236e,6,双,大
2026-08-09 01:13:14,85179409,000000000513bc11ed67a42c3f2f54bd92aeeb1b642cdff979588c4f11af2621,af2621,1,单,小
2026-08-09 01:13:24,85179412,000000000513bc14d138529284f014f7c76d4118ee9d713f35e4410af9bc5e72,bc5e72,2,双,小
2026-08-09 01:13:34,85179416,000000000513bc18b15bc7dad8ba73d9e9f71e59fb2d022d7dfd5e20f0f1953d,f1953d,3,单,小
2026-08-09 01:13:44,85179418,000000000513bc1a59c2bb56fe60d1368b22df5ba2bfba01990de3ce489e9113,9e9113,3,单,小
2026-08-09 01:13:56,85179422,000000000513bc1e12b29d81e1adcbe55c41ccb80fa8823a933ed163f6535c3b,535c3b,3,单,小
2026-08-09 01:14:11,85179428,000000000513bc243d8378021f816e8b9aa396e69f7bbbe5c88c4213a8a56a3e,a56a3e,3,单,小
2026-08-09 01:14:23,85179431,000000000513bc27fe7b345bb66090395cde52ef3200924eff5b8186ea710bc3,710bc3,3,单,小
2026-08-09 01:14:40,85179437,000000000513bc2d02b42e3fcabd921f95edec1dad2d885bfb8c24da9d73e45c,73e45c,5,单,大
2026-08-09 01:14:50,85179441,000000000513bc31c8b36a5e8f05cb0d1a8e595302e05efe6f45ec73669b12f7,9b12f7,7,单,大
2026-08-09 01:15:01,85179444,000000000513bc34279dc09a1df5f2e950d4dbe7b4d02038f11599f8e514b857,14b857,7,单,大
2026-08-09 01:15:11,85179448,000000000513bc38a744bb5c8241d286b919ff3d107b0931d77f3b9b496b5701,6b5701,1,单,小
2026-08-09 01:15:22,85179451,000000000513bc3b0367bd2cbea4a7f88bbd29df399b01960998289765a0c922,a0c922,2,双,小
2026-08-09 01:15:33,85179455,000000000513bc3fa2c4cab3e5fad4453dd64cae5da58532b4673f66b5b36b39,b36b39,9,单,大
2026-08-09 01:15:43,85179458,000000000513bc42b701aa8e48c28590c32fd699160ea587809e3409e73a7d10,3a7d10,0,双,小
2026-08-09 01:15:54,85179462,000000000513bc46d23a4ad8d3be5d5f12b73a487a81665a2fd0270c7d325baa,325baa,5,单,大
2026-08-09 01:16:05,85179466,000000000513bc4a5ebb315351832b4b1a959bb8217c54ea59d69772585a514f,5a514f,4,双,小
2026-08-09 01:16:15,85179469,000000000513bc4d0b90c34b213ebf37fa27cba2307d3a4ab4d329ec7f76303a,76303a,3,单,小
2026-08-09 01:16:25,85179472,000000000513bc50f2f23f4bce91fc23e416daa2f1ad5a7aa1064bf48c07461b,07461b,1,单,小
2026-08-09 01:16:36,85179476,000000000513bc5470237bd56cb611f493d0b06be129b0146104ce8b7d3cdba3,3cdba3,3,单,小
2026-08-09 01:16:46,85179479,000000000513bc57bf0265874eb98614dfff830643832191abfc58c1ab1900eb,1900eb,0,双,小
2026-08-09 01:16:56,85179483,000000000513bc5b6f0fd670f9d9dacc4b264be9ba588ab8c450531f67634cf2,634cf2,2,双,小
2026-08-09 01:17:05,85179486,000000000513bc5e52b130d014f5d0de51640e890bbb148b1b8f5b8280147358,147358,8,双,大
2026-08-09 01:17:15,85179489,000000000513bc61418b2aee37f0c77b4bbef5bbd46a3b43e5ea679d61677d1d,677d1d,1,单,小
2026-08-09 01:17:25,85179492,000000000513bc64d39a0ff02ae12ae3309b06b31dfb59a8ff968782919bbaa6,9bbaa6,6,双,大
2026-08-09 01:17:35,85179496,000000000513bc68a2e2382e709644a3ac3f96fb267f80d2f5fec3d27a3ef5ed,3ef5ed,5,单,大
2026-08-09 01:17:45,85179499,000000000513bc6b0fc1222c5fccf26c7952071485799f687e876148f964b31f,64b31f,1,单,小
2026-08-09 01:17:55,85179502,000000000513bc6e1de5ae6c866b880973d899643cc079b30eb4ffbfdbb61a97,b61a97,7,单,大
2026-08-09 01:18:05,85179505,000000000513bc718c5a39e9c9a9e64d6e67be5e12d31ff4398b71d69b95d9b2,95d9b2,2,双,小
2026-08-09 01:18:16,85179510,000000000513bc76e90599ead38713ebab6762da1691941cd710f7b8556ab837,6ab837,7,单,大
2026-08-09 01:18:26,85179513,000000000513bc793994f8276df8f31cd02485902d9323b31815eb65afd7cdcb,d7cdcb,7,单,大
2026-08-09 01:18:37,85179517,000000000513bc7d9d56ac3faa8fd07279e1b716ef24490910208e36bf9104ca,9104ca,4,双,小
2026-08-09 01:18:48,85179520,000000000513bc80d945d6a875e218ec683217dc3e77a6b474823bb31da9a44c,a9a44c,4,双,小
2026-08-09 01:18:59,85179524,000000000513bc84f28d90f142ed1bd42668dfa41f41920e8e1c97ca0632851a,32851a,1,单,小
2026-08-09 01:19:09,85179527,000000000513bc87d7e4c7ffae6fe75a472d63926ca8b0797b810c07639d409b,9d409b,9,单,大
2026-08-09 01:19:20,85179531,000000000513bc8b00dd903660c3605b2634104b1e758f653093250e33edccb2,edccb2,2,双,小
2026-08-09 01:19:31,85179534,000000000513bc8eb78e5303daaccefe8e4e1d21da47a60f63c1c3dbfa5c5855,5c5855,5,单,大
2026-08-09 01:19:42,85179538,000000000513bc928bba7efbec93a84b6df7e767c0644fa64cdd8ad7f736b398,36b398,8,双,大
2026-08-09 01:19:52,85179541,000000000513bc9549d8195b9618e46568176d3dafada84b501c761e6e3b3c92,3b3c92,2,双,小
2026-08-09 01:20:02,85179545,000000000513bc993f3f227bd98d6c106ce08485b50ec877ed764353641dd265,1dd265,5,单,大
2026-08-09 01:20:12,85179548,000000000513bc9c9f4dc7d31b91ed95d4864282f5b7457102963fdd9b133cbc,133cbc,3,单,小
2026-08-09 01:20:23,85179552,000000000513bca00e7785526d8c129fed4dc991037896dd384225035ba844fa,a844fa,4,双,小
2026-08-09 01:20:34,85179555,000000000513bca3968024f3f5be42f328431e48bef8b0eca7d35f5dcb049700,049700,0,双,小
2026-08-09 01:20:44,85179559,000000000513bca7aa863e8095defe0c8c141159b303306f2c6e1552bcc18a62,c18a62,2,双,小
2026-08-09 01:20:53,85179561,000000000513bca9e6a33204b3177c87fe86114f7a6749c365ef0c4e249f580c,9f580c,0,双,小
2026-08-09 01:21:03,85179565,000000000513bcad94bf02793d4b539df96827ad16bca3ed37dfb40be6285f6d,285f6d,6,双,大
2026-08-09 01:21:13,85179568,000000000513bcb09d1ed8711a3cd837d4f9595d2f455c6f357f9d2d3eba4e93,ba4e93,3,单,小
2026-08-09 01:21:23,85179572,000000000513bcb4cfa99bf68e2dc24b3f47737a54072545a1d7d780077afdb3,7afdb3,3,单,小
2026-08-09 01:21:33,85179574,000000000513bcb696ae6b2893cb5325666fdc5ea442583082264ec43822e8ce,22e8ce,8,双,大
2026-08-09 01:21:43,85179578,000000000513bcbac11e8ff3aa7f20f95bfcc63880621f82c91cd0d76543f992,43f992,2,双,小
2026-08-09 01:21:53,85179581,000000000513bcbd18e945e63bde8c5057b41627c3096631dc97f8d218d5e376,d5e376,6,双,大
2026-08-09 01:22:03,85179585,000000000513bcc117af6b47f92d8e134b57da859df384a1f9ae8c9019769ca2,769ca2,2,双,小
2026-08-09 01:22:13,85179588,000000000513bcc4c1c35b7d7c3df4fac3b825921e6e9537563856629afc7ff6,fc7ff6,6,双,大
2026-08-09 01:22:22,85179592,000000000513bcc8eea7a862495b8d689ccf9a249caa7b38aef45a9854da2364,da2364,4,双,小
2026-08-09 01:22:32,85179595,000000000513bccbd1e6b9c5a799fe31c3ceaba12900a599326df0ace3fed743,fed743,3,单,小
2026-08-09 01:22:42,85179598,000000000513bcce4e4c80e37054391a751366affe24ad83cbc36aa5ecb5b684,b5b684,4,双,小
2026-08-09 01:22:52,85179601,000000000513bcd1168c18e0140e17bbe83beaa13f378da2e9db8f0675c326cf,c326cf,6,双,大
2026-08-09 01:23:02,85179604,000000000513bcd49108a9241a851a90e82990c461193ae3e06aa5b5925c7e62,5c7e62,2,双,小
2026-08-09 01:23:12,85179608,000000000513bcd8c66af40f3abba916189a3229be3c6eb196fa81337e4c68c3,4c68c3,3,单,小
2026-08-09 01:23:22,85179612,000000000513bcdc5ada333a60eaa2f22d4b50857e28a6e4e9225840e0f4c2c3,f4c2c3,3,单,小
2026-08-09 01:23:32,85179615,000000000513bcdfd8182116c70380c2157f655e7fbdcbfe98ea5df918d83841,d83841,1,单,小
2026-08-09 01:23:42,85179618,000000000513bce21a85cbb33651a3b943c798d319928c2d930407bca8e6598d,e6598d,8,双,大
2026-08-09 01:23:52,85179621,000000000513bce5e5cbcc19a71b6116b2c404b94869143984c761a94313c6df,13c6df,6,双,大
2026-08-09 01:24:02,85179625,000000000513bce9e99fa4f93403f84aa2517c56ff477f2ebfb9dd10d4d7460e,d7460e,0,双,小
2026-08-09 01:24:12,85179628,000000000513bcec86cf80d6b243688d9ae4403200cf7569c318f944fda26804,a26804,4,双,小
2026-08-09 01:24:22,85179631,000000000513bcef81d93b11af4b98fede15c8a204923366062e5631f2477767,477767,7,单,大
2026-08-09 01:24:31,85179634,000000000513bcf22a9ca7623cb01a1391be7e50aea736722df49c5d5d4636cc,4636cc,6,双,大
2026-08-09 01:24:41,85179637,000000000513bcf5c152e437e4a3b0951e92c05929254c25e584005abc79f1cb,79f1cb,1,单,小
2026-08-09 01:24:51,85179641,000000000513bcf97ff5c3c9d0e8686fc2be4f8c91dcce8352ef5b6bd25172be,5172be,2,双,小
2026-08-09 01:25:01,85179644,000000000513bcfc73cab868e488d71c84f6d9a14d345ff0153e322e4370c290,70c290,0,双,小
2026-08-09 01:25:11,85179648,000000000513bd001bc6aad40daeab387a7ae89620800ce1ef1fc6f46444d3b5,44d3b5,5,单,大
2026-08-09 01:25:20,85179651,000000000513bd03c05f9e67bbec74c6dbb82f59951ace7231a970091d8ec8e8,8ec8e8,8,双,大
2026-08-09 01:25:30,85179654,000000000513bd064c6bf5aa0e4c9664da4eaa7879fada14eea57ec9bc6b332b,6b332b,2,双,小
2026-08-09 01:25:40,85179657,000000000513bd09028b591007c4ea6c07f96b652c65f7a90c31ce529b705eaf,705eaf,5,单,大
2026-08-09 01:25:50,85179661,000000000513bd0d5d3dd231f2d3931fdd3ebc361880b2e85a595074f5d1c12d,d1c12d,2,双,小
2026-08-09 01:26:00,85179664,000000000513bd10caf38070e17a2e89960fbf3aa7c9ee900c71fc8b726c2eb5,6c2eb5,5,单,大
2026-08-09 01:26:10,85179667,000000000513bd13a4c04743c6bab9e36fe32e4f480a9534821a9046d564b73c,64b73c,3,单,小
2026-08-09 01:26:21,85179670,000000000513bd16d420274a6d0eaed2eade403c65555b6c4828e530b565f2fd,65f2fd,2,双,小
2026-08-09 01:26:32,85179675,000000000513bd1b83cfbdf40b616128e8367a10d858512503000995cf613e0e,613e0e,0,双,小
2026-08-09 01:26:43,85179678,000000000513bd1eb7e8b032a917d0987908baa0e9c288bfe4f9d91b710f6089,0f6089,9,单,大
2026-08-09 01:26:54,85179682,000000000513bd22a88cc224463b33af0d3fd68f3630ec16cf35c62a9e1fa16f,1fa16f,6,双,大
2026-08-09 01:27:06,85179686,000000000513bd263fb333cf19e3299ddf6a86b462960eeb4189387b034c312f,4c312f,2,双,小
2026-08-09 01:27:17,85179689,000000000513bd29e33f0e26167bcf2e9f7e3636732fe9ca38177db16b6365d1,6365d1,1,单,小
2026-08-09 01:27:27,85179693,000000000513bd2dbed0b41c9e4c857e666cffb2a3e098b8cd525a83460090d0,0090d0,0,双,小
2026-08-09 01:27:37,85179696,000000000513bd3018a87707d815e8cee0e26d5498bd90e9d8a29fe4549b243c,9b243c,3,单,小
2026-08-09 01:27:48,85179699,000000000513bd3328b1caa19f46de170671b3194e0e767eaf1fd843d82b44b3,2b44b3,3,单,小
2026-08-09 01:27:59,85179704,000000000513bd3839d27c95b7e66dea464dfdcfe9bf93a9175079f2a712ec69,12ec69,9,单,大
2026-08-09 01:28:10,85179707,000000000513bd3b98d5ee45c20867e74643e096fb5e1fcb3700b22c037b5c68,7b5c68,8,双,大
2026-08-09 01:28:21,85179711,000000000513bd3f72d7b0ef1fe47301dd4ece31d3747883e90a7f02354e491e,4e491e,1,单,小
2026-08-09 01:28:31,85179714,000000000513bd42bd5d342986f8785ca1b0aad7e951479307f2e37abdf1ee7e,f1ee7e,7,单,大
2026-08-09 01:28:43,85179718,000000000513bd460d6a624f52af2154b6a7b5f23bd99af88bc97fc049775d2a,775d2a,2,双,小
2026-08-09 01:28:54,85179722,000000000513bd4a720638a7f41ddc551261b7abbf103d455e83f51ab8e1da5e,e1da5e,5,单,大
2026-08-09 01:29:05,85179725,000000000513bd4dd127def861d509cd27d43d3348f176c01242bfb5c9cc430f,cc430f,0,双,小
2026-08-09 01:29:16,85179729,000000000513bd5128ab93b9eebb18f4afd6b721c6dc6eae8d3a035872da34d8,da34d8,8,双,大
2026-08-09 01:29:26,85179733,000000000513bd559fc0967f1766bf910e6b9aca4df7a6895da0c4e2667a8437,7a8437,7,单,大
2026-08-09 01:29:37,85179737,000000000513bd5938066d6e457bdcec1a8b82da75be96388924b026ae583879,583879,9,单,大
2026-08-09 01:29:48,85179740,000000000513bd5c7f1891a2882f873365948b2f22e69498eecf8a70a95df19d,5df19d,9,单,大
2026-08-09 01:29:59,85179744,000000000513bd607118679d7a0ab406d234f383bbddfd3430efcfb3cd635dd5,635dd5,5,单,大
2026-08-09 01:30:10,85179747,000000000513bd63a02648efcecf346a3db07180ded53643275923ae1be87f13,e87f13,3,单,小
2026-08-09 01:30:21,85179751,000000000513bd6784d4bb1b4e8e52e7154eacc50330377e17db1ae4bedbfb5a,dbfb5a,5,单,大
2026-08-09 01:30:31,85179754,000000000513bd6a38ff9d58b10d8938603744b6bf9846fc98a5eb7bdfc8e437,c8e437,7,单,大
2026-08-09 01:30:41,85179758,000000000513bd6e76bbccf8761803055379a527518e69a081dd791af8762bd9,762bd9,9,单,大
2026-08-09 01:30:52,85179761,000000000513bd711bfe70ab1aad2ad6d56a2000ab111e0ef3644d897676461d,76461d,1,单,小
2026-08-09 01:31:03,85179764,000000000513bd74bb1207430b1fbe6f51258e3ace1e69e53c9de76bd4ef79e5,ef79e5,5,单,大
2026-08-09 01:31:14,85179769,000000000513bd79c3ce3dc0c856365cacd2de6abae11f0e37a267a3db797420,797420,0,双,小
2026-08-09 01:31:25,85179772,000000000513bd7ca4aafd8c008fb0f26d8e7879f44999eebe57b2730d83a664,83a664,4,双,小
2026-08-09 01:31:35,85179776,000000000513bd808f4a6fdf4af82c87870f5f00368215f5e1b5869361f3cbaa,f3cbaa,3,单,小
2026-08-09 01:31:46,85179780,000000000513bd847ef4acf52c4ae040932cc598ede27c1d2b9e2ed16b111179,111179,9,单,大
2026-08-09 01:31:57,85179782,000000000513bd865f63fa4532b7e64ac4e36fa20357bd633daa80b0e204a2b3,04a2b3,3,单,小
2026-08-09 01:32:08,85179786,000000000513bd8aec511056f6dc783eb4d51da8ed1af231ebfd8f59cc68f219,68f219,9,单,大
2026-08-09 01:32:19,85179790,000000000513bd8ed8ad693124f155691263f2b9e26988c6e59506b9d6c169c1,c169c1,1,单,小
2026-08-09 01:32:30,85179794,000000000513bd92f436dbdf2d081f53598fb4c3887469c2c7030b22a415e22f,15e22f,2,双,小
2026-08-09 01:32:41,85179798,000000000513bd96a7b43c4d97bd10632d6c0bd026f689aca21aa1f4f4566f5f,566f5f,5,单,大
2026-08-09 01:32:51,85179801,000000000513bd99f2ea4c37f295bf4df129f378233310ac9681331949a7dd1e,a7dd1e,1,单,小
2026-08-09 01:33:02,85179805,000000000513bd9dd7708c6442cfc53c85c5a25866b4fe4d2ce917206c3e0980,3e0980,0,双,小
2026-08-09 01:33:14,85179809,000000000513bda1d3c3cc058019e296181dc567ed3d7de7cb820fda3e761a15,761a15,5,单,大
2026-08-09 01:33:24,85179812,000000000513bda44102d6f33867a7b8753b8718ce4eb92e10b26c9edb57b26a,57b26a,6,双,大
2026-08-09 01:33:35,85179816,000000000513bda80a49487476155a6159d2ae5f779a9763ff2bf9a20463bc92,63bc92,2,双,小
2026-08-09 01:33:45,85179819,000000000513bdab751e055678553fffa9fa8b661d035a89c81c2e93f8cd1a55,cd1a55,5,单,大
2026-08-09 01:33:55,85179822,000000000513bdae9fc47e738624fffd984eb61d19df236aed776de6f31b720e,1b720e,0,双,小
2026-08-09 01:34:05,85179825,000000000513bdb15ef0e18e8ec05b8f8317ba90560a1d821cae7b58cdc6a148,c6a148,8,双,大
2026-08-09 01:34:15,85179829,000000000513bdb5d98bdfff30e9913db61e4004fc442d93f5ab64de73dd1669,dd1669,9,单,大
2026-08-09 01:34:25,85179832,000000000513bdb80841fc8681f213af7fbfa9df69e61e82a9fc2cfadbb01f93,b01f93,3,单,小
2026-08-09 01:34:36,85179836,000000000513bdbc91f0ee72e9c92f7cf73af488d71d90657db2b750606fc4c3,6fc4c3,3,单,小
2026-08-09 01:34:47,85179839,000000000513bdbf21f0cdf535b125f4919c6c221fab2de35264163a2b253129,253129,9,单,大
2026-08-09 01:34:58,85179843,000000000513bdc37d90a020fa64e1543d68cb706271f312c6cceb962b25c9f2,25c9f2,2,双,小
2026-08-09 01:35:08,85179847,000000000513bdc731ab98acd33be90366a585c4bc9450b95a52c8e0ebd522a0,d522a0,0,双,小
2026-08-09 01:35:19,85179850,000000000513bdca8d12e7012608595730390a13ecb8dfd195e399afff3065ad,3065ad,5,单,大
2026-08-09 01:35:30,85179854,000000000513bdceb64b1647ddad71fe66a6646ec65cd64f4109a9884351e34c,51e34c,4,双,小
2026-08-09 01:35:41,85179858,000000000513bdd2ff0817d5dbad17c75098800f9aa72de9b7eeb58b850bdf5d,0bdf5d,5,单,大
2026-08-09 01:35:51,85179861,000000000513bdd505a92d046933bc7741b32b0b1c256b86a3f662ce2889b162,89b162,2,双,小
2026-08-09 01:36:02,85179865,000000000513bdd99936b0d54eae1897f81617d8507a386825ff590cfef43db0,f43db0,0,双,小
2026-08-09 01:36:13,85179868,000000000513bddc41c8d023bb4b31ca8acc57c394c0bf2383e9c97d7b6cae1c,6cae1c,1,单,小
2026-08-09 01:36:24,85179872,000000000513bde0adeee57d901908f99a306dc5064485e4b99a8d346f5ba59d,5ba59d,9,单,大
2026-08-09 01:36:35,85179875,000000000513bde372541eed12caff189c6709b5460d0c59164fa8cba64a32dd,4a32dd,2,双,小
2026-08-09 01:36:46,85179879,000000000513bde7a53cddde8314133a7fd6689a0178322793b975ab57e7b0fc,e7b0fc,0,双,小
2026-08-09 01:36:57,85179883,000000000513bdeb1b37f774375ffaae1c6911dea5323de099eb86600ec8dfcd,c8dfcd,8,双,大
2026-08-09 01:37:08,85179886,000000000513bdeee255006dcae8b9f39f336a4bcf7ec96775420816d35baa63,5baa63,3,单,小
2026-08-09 01:37:18,85179890,000000000513bdf24d011e4f80ad5a1353a73a21f2fd744a5874a50f17943cde,943cde,3,单,小
2026-08-09 01:37:29,85179894,000000000513bdf6d6198cdb9739c208907ad3ff7f10acd787776f0dacf6bcac,f6bcac,6,双,大
2026-08-09 01:37:40,85179897,000000000513bdf99db8776f3d1e5e11ab2dbbc9de798a7f32cca359dc577781,577781,1,单,小
2026-08-09 01:37:51,85179901,000000000513bdfdaeddcf7f295f4861e54c8f97a1bd0d0bd76b631ae9a623be,a623be,3,单,小
2026-08-09 01:38:02,85179904,000000000513be00d1b97714179754e2bea77cb5235f767d57121ba83f0c0ec4,0c0ec4,4,双,小
2026-08-09 01:38:13,85179908,000000000513be04512995974a484c6b4270f73b0e7e64b26a4138dbac04c061,04c061,1,单,小
2026-08-09 01:38:24,85179912,000000000513be088befc11c59617c78da3b3206c28bee08fe93986d8b459846,459846,6,双,大
2026-08-09 01:38:34,85179915,000000000513be0b71a58ddf30e426f9698f9f49fe0fd64d7996451060c060d6,c060d6,6,双,大
2026-08-09 01:38:45,85179919,000000000513be0f812032c987b4afb7d929aaf714d257136ad21c0330eca5af,eca5af,5,单,大
2026-08-09 01:38:56,85179922,000000000513be12c38a9c17f04f9bf8dd119aa4864d056f1de9f7cef9a93fdd,a93fdd,3,单,小
2026-08-09 01:39:07,85179926,000000000513be16a6811f07d0911ae0599275b1cd3c4b63fdd5911f9af3f988,f3f988,8,双,大
2026-08-09 01:39:18,85179930,000000000513be1a40c51ca5e8eb75f90f4a9edecd1071425cb210fc5c8956a4,8956a4,4,双,小
2026-08-09 01:39:29,85179933,000000000513be1d5df3c5186ba35a16e0c8be797031b1bb0a53f23300e1e8b2,e1e8b2,2,双,小
2026-08-09 01:39:41,85179937,000000000513be214d457ef13c00d0ef00f2dba9d0633245265635502ed6cc5a,d6cc5a,5,单,大
2026-08-09 01:39:52,85179941,000000000513be25890168a53fc5ee016b9986f765b59778bbdb69cfbdd4574d,d4574d,4,双,小
2026-08-09 01:40:04,85179945,000000000513be2947e0ff429c46079047f5b1fb10f32cf2c41cda3994c43efb,c43efb,3,单,小
2026-08-09 01:40:15,85179949,000000000513be2d709c83de97d9ccd3ef22e8900c33200e0fd788e8534bfde5,4bfde5,5,单,大
2026-08-09 01:40:26,85179952,000000000513be304d26522017cca7d6ec14b09744bf81b61e6c538bb1346a44,346a44,4,双,小
2026-08-09 01:40:38,85179957,000000000513be357551a416925c5bae908412ff155adbc2bf455f4a17a6979f,a6979f,9,单,大
2026-08-09 01:40:49,85179960,000000000513be38dfbf4e46570c58f8ad337b7ce7f94d96c0f784bf1bca8e44,ca8e44,4,双,小
2026-08-09 01:41:01,85179964,000000000513be3c8b71be374e7d52f73931df963f036a9c940ed795dcacd44e,acd44e,4,双,小
2026-08-09 01:41:13,85179968,000000000513be403f3f34b395f73ce99845aaabc6eb0517e7948b98af230bfc,230bfc,0,双,小
2026-08-09 01:41:24,85179972,000000000513be4477f4427f47154d3aa4936b903ced60678e8a999643471dd4,471dd4,4,双,小
2026-08-09 01:41:36,85179976,000000000513be4835d6769fd7174c1f825bcea5a419ab42f9b8e80a0704ba5f,04ba5f,5,单,大
2026-08-09 01:41:48,85179980,000000000513be4c28b42bf5dadef9e2c2a73728ca489241b066390c6c842258,842258,8,双,大
2026-08-09 01:41:59,85179984,000000000513be50fa9b48b3c28caaa4fb5bb5805511aa11fe34e0caa27f8305,7f8305,5,单,大
2026-08-09 01:42:11,85179987,000000000513be53b9d83ae5115bf2b9aaf1d655f7b736a1731857002980891b,80891b,1,单,小
2026-08-09 01:42:23,85179991,000000000513be5794b55926b6913fc32b8629c0fa1f6e001d017b3520e7d245,e7d245,5,单,大
2026-08-09 01:42:34,85179995,000000000513be5b1d41927d34715c655ec8585fc81566e85b962b4345d0eb52,d0eb52,2,双,小
2026-08-09 01:42:46,85179999,000000000513be5f65dfba43ecafa72ffde19979251cd35c1c70a02cd206f5e2,06f5e2,2,双,小
2026-08-09 01:42:57,85180002,000000000513be624f04a602c166092e3ab1ec43f0e157edf49feffac432f265,32f265,5,单,大
2026-08-09 01:43:09,85180007,000000000513be67722ac12c7fe15d3e3ca0b031b9c40c6f1030038c9facad3e,acad3e,3,单,小
2026-08-09 01:43:20,85180010,000000000513be6a51c0d477a8af854db7f759ff5b24a1ea689a3570543f3f2a,3f3f2a,2,双,小
2026-08-09 01:43:32,85180014,000000000513be6e116ac6c40c80dd5bb8b6df8ba653ff3d1b22e573f044973c,44973c,3,单,小
2026-08-09 01:43:43,85180018,000000000513be724883eeb279226e8dda0d04bc4417ec7cacd9d6859bc95007,c95007,7,单,大
2026-08-09 01:58:28,85180313,000000000513bf994f340f716ce775b8387fb64d8f7e11fded1fdd77ce535ecf,535ecf,5,单,大
2026-08-09 01:58:40,85180317,000000000513bf9d7f248d44fd01b985aca3a1e37f73127afec1378c019ba367,9ba367,7,单,大
2026-08-09 01:58:53,85180321,000000000513bfa176997ffff4c1eb7219772d481cdaf94aa8e2d56641b1a148,b1a148,8,双,大
2026-08-09 01:59:07,85180326,000000000513bfa61420577a39b40b8dc7b971df96d2753cd4bbaabbb6db3dca,db3dca,3,单,小
2026-08-09 01:59:21,85180331,000000000513bfab1439e67efb112cff05990e02a89027a2fb51a355fff41958,f41958,8,双,大
2026-08-09 01:59:34,85180336,000000000513bfb01ba8866f45d4b43977c7d776546bd44607cdc12246a837e7,a837e7,7,单,大
2026-08-09 01:59:44,85180339,000000000513bfb3d741a3407899c435148d82d566341836a41ed641cbb43768,b43768,8,双,大
2026-08-09 01:59:55,85180343,000000000513bfb712706d420e6867b2a9636ffa1920b6f31326096cd75e4af8,5e4af8,8,双,大
2026-08-09 02:00:06,85180346,000000000513bfba6fa80c73285b150232b46e9e9fbb050f029afe66f1f605fe,f605fe,5,单,大
2026-08-09 02:00:22,85180347,000000000513bfbb80204f45d0176d7c258178ef941523e66a46801b44d1669f,d1669f,9,单,大
2026-08-09 02:00:40,85180355,000000000513bfc30c0b9e4bd791fe6df60d74b2f966967360aed45e0318db6a,18db6a,6,双,大
2026-08-09 02:01:03,85180363,000000000513bfcbb20562feaeb909f0104b598dbd85cfaec519b819f1a83eea,a83eea,3,单,小
2026-08-09 02:01:19,85180369,000000000513bfd14202c33e84cbc7595650d6da8876265000c02ca3a165df4a,65df4a,4,双,小
2026-08-09 02:01:31,85180372,000000000513bfd4515c9150083bf4313fbd53a2e16ae53ffd8b2f8753cadc11,cadc11,1,单,小
2026-08-09 02:01:41,85180376,000000000513bfd8bd5601e5ec9cb50405a6ab32f6c5f0b6ee16759b51db24f7,db24f7,7,单,大
2026-08-09 02:01:53,85180379,000000000513bfdbdd8201c15ccceb9a2989dd68085a27e30468c51e341ac57a,1ac57a,7,单,大
2026-08-09 02:02:04,85180383,000000000513bfdfe61862d6cb39bf04b4d3515058273077cf58d095533bdb0a,3bdb0a,0,双,小
2026-08-09 02:02:13,85180387,000000000513bfe324cc7d43f0982e57d5a17b614aabb4b05451f733836fc79a,6fc79a,9,单,大
2026-08-09 02:02:23,85180390,000000000513bfe6d07d17aee569c900baccbec634e10c7722583d9377e85f61,e85f61,1,单,小
2026-08-09 02:02:33,85180393,000000000513bfe997c98f232673d52b33a3abc096b15c3c1b49a802efa59dc1,a59dc1,1,单,小
2026-08-09 02:02:44,85180397,000000000513bfedb84c5b2238c249a55d14da850801d0ea634343854faa3af5,aa3af5,5,单,大
2026-08-09 02:02:55,85180400,000000000513bff08219c150c7c44476cdf0f881a970ae87989bff78e74242f4,4242f4,4,双,小
2026-08-09 02:03:06,85180404,000000000513bff4bfe0547bf41068a132c95db4607b182d7d953ead3ef6490c,f6490c,0,双,小
2026-08-09 02:03:18,85180408,000000000513bff89b4c23638de3312f16375356e7d1dc6d0a43513cd5758858,758858,8,双,大
2026-08-09 02:03:29,85180412,000000000513bffc37d2a0d18a42120ea600e5d54117828419c539d8888eb951,8eb951,1,单,小
2026-08-09 02:03:39,85180415,000000000513bfffd789bdc6041b07d75393c5579eb81c0c5b0b559fa77f7e7b,7f7e7b,7,单,大
2026-08-09 02:03:49,85180419,000000000513c00358c4cf65aa14992364f62f3a3bc06e7585020b58f6782fd3,782fd3,3,单,小
2026-08-09 02:03:59,85180422,000000000513c0064b74d7e32b93057978141c2a05fc40220a684e9fc684f23b,84f23b,3,单,小
2026-08-09 02:04:09,85180425,000000000513c009e01f49e8819587fa2a3768d4d731240f6adb835748762490,762490,0,双,小
2026-08-09 02:04:19,85180428,000000000513c00c253f466a42129def471cef2f638463001f74ed334db0c911,b0c911,1,单,小
2026-08-09 02:04:30,85180432,000000000513c010f6bec6f4a300e961d46ebbc636385d89e844e387db741507,741507,7,单,大
2026-08-09 02:05:18,85180448,000000000513c020732fc1033e0b31f4b3ed6239f0ce19bb3435f3f0ad06ad78,06ad78,8,双,大
2026-08-09 02:05:28,85180452,000000000513c024db6f391abf9e1fff45eb5888d6fc928a85eee26197950409,950409,9,单,大
2026-08-09 02:05:39,85180455,000000000513c02756f08c56be4ad6deb183247d393fefb2a1f215f215ce19cf,ce19cf,9,单,大
2026-08-09 02:05:50,85180459,000000000513c02bb255bdb244fa922c659f64bceeee32ce3da164a5418bc090,8bc090,0,双,小
2026-08-09 02:06:01,85180463,000000000513c02f614ebcc6afd0a708b4f1be5430e2960d33ac7d51c2db9dc0,db9dc0,0,双,小
2026-08-09 02:06:12,85180466,000000000513c0322b8e7b231a6fccae4c55e21472897810ecb3da4096f7d4ba,f7d4ba,4,双,小
2026-08-09 02:06:23,85180470,000000000513c0364d4cf8a9b68ccc48874438385ea9dbe9eb4328927f96b9ca,96b9ca,9,单,大
2026-08-09 02:06:33,85180473,000000000513c0392552a16c2627708a7f9c8aa7a5b1895655e86eeaaeec05af,ec05af,5,单,大
2026-08-09 02:06:44,85180477,000000000513c03d334e3eea80370f305d0f742c1320aee8cd6f035efa86f339,86f339,9,单,大
2026-08-09 02:06:55,85180480,000000000513c0402b60602bf14b5872d155015e0fa3bdaf3cb5c7956656421c,56421c,1,单,小
2026-08-09 02:07:06,85180483,000000000513c0438960a1f0a4b5ae6ba460392eae609a5ef26f3fffc68976e6,8976e6,6,双,大
2026-08-09 02:07:16,85180487,000000000513c0470d7b6fbc946a1d6d35d501c43c92cddd5a9cc0e21b38f052,38f052,2,双,小
2026-08-09 02:07:27,85180491,000000000513c04bef3b04af945b08f22c1b6c6e2db5f2354872913dadfd107e,fd107e,7,单,大
2026-08-09 02:07:38,85180495,000000000513c04f24f6e66747d5a5325de6e9d982b6d2c01012106c12c3b6a9,c3b6a9,9,单,大
2026-08-09 02:07:48,85180498,000000000513c0528af05c8d17464565eba87c30278761ea09b3e356386a06ad,6a06ad,6,双,大
2026-08-09 02:07:59,85180502,000000000513c056efca7df5a450f8674131d23f5977ff2955da64bbb31b75b5,1b75b5,5,单,大
2026-08-09 02:08:10,85180505,000000000513c059b1da9acc9d7ffeaa2a1ba46dd8eb4aea7701349248c614d8,c614d8,8,双,大
2026-08-09 02:08:21,85180509,000000000513c05da3f624571e84c812fd5ac167d3a46f23d54f191aa1ec5b25,ec5b25,5,单,大
2026-08-09 02:08:31,85180512,000000000513c060b2a543f1115938323a2b092ad85ebc0b637ee464a26d33e8,6d33e8,8,双,大
2026-08-09 02:08:42,85180516,000000000513c064e739435fb8846b7d7e3bacf407a9222b145f6010c344332b,44332b,2,双,小
2026-08-09 02:08:53,85180519,000000000513c067fce62f26dd33739d4a8bc43f4b4ebd908e8d549d187e6b17,7e6b17,7,单,大
2026-08-09 02:09:04,85180523,000000000513c06b6e6d118de7dd980e5f326c2a2dff1bdf11548af06d88c224,88c224,4,双,小
2026-08-09 02:09:14,85180527,000000000513c06fa04bb13db05ce233b0301b326a54c38e2ed487d14c3e1eef,3e1eef,1,单,小
2026-08-09 02:09:25,85180531,000000000513c0736324a668731657c66458b963937d908af204ce1843eb3998,eb3998,8,双,大
2026-08-09 02:09:36,85180534,000000000513c0769932df6f6b335564a2fd11fe824308c8446e4b6e27099d60,099d60,0,双,小
2026-08-09 02:09:47,85180537,000000000513c079d78dd716a7cd86f4ff3acf8276deb726129d2d52a123b48e,23b48e,8,双,大
2026-08-09 02:09:58,85180541,000000000513c07d0b825effb50b86afd90cf9833d0bf5da63368769a89f011b,9f011b,1,单,小
2026-08-09 02:10:08,85180545,000000000513c081aa66dc1732d51681570c6af64db07ad06cc03bcfb5d659bb,d659bb,9,单,大
2026-08-09 02:10:19,85180547,000000000513c083d0464ed2740c887e5d44aee40802b8bf489d8cd5e6ce7633,ce7633,3,单,小
2026-08-09 02:10:30,85180552,000000000513c0889c5239851aa7389586a4e7a7120ea5b48cdf27f3d1ebb5b7,ebb5b7,7,单,大
2026-08-09 02:10:40,85180556,000000000513c08c980b21a807d5f46acfb38ef85c6290243a4db481990b0d10,0b0d10,0,双,小
2026-08-09 02:10:51,85180560,000000000513c09013fdd0911ca8407f30b72020ae1d036aa764f9633633a1b7,33a1b7,7,单,大
2026-08-09 02:11:02,85180563,000000000513c093cb270ecfd9e247ee84d3a76714cca3eaf504306b01df0782,df0782,2,双,小
2026-08-09 02:11:13,85180566,000000000513c096a0f974b83b350e019f0e9f8fb253de7d22742a1e67d2c357,d2c357,7,单,大
2026-08-09 02:11:23,85180570,000000000513c09a9bc1aef657a41199ed11c27396f10a78804565408652bc87,52bc87,7,单,大
2026-08-09 02:11:34,85180573,000000000513c09da8f7c41502958dc6f09b5db5f0ece32e30003f7fc8ae84d4,ae84d4,4,双,小
2026-08-09 02:11:45,85180577,000000000513c0a11f3fec45e183cd31312fae262c0911c07be596217f865e25,865e25,5,单,大
2026-08-09 02:11:55,85180580,000000000513c0a431739a5d943a8ceb95d87ab53fdfc993db992ba45ab5782f,b5782f,2,双,小
2026-08-09 02:12:07,85180584,000000000513c0a8d8cfa800a812c5b09c6c688c2c8c6218c2feb3b673b3bbb6,b3bbb6,6,双,大
2026-08-09 02:12:17,85180588,000000000513c0acf8f41d2f79abec04a1c43b58761dc5333152f2968555fd29,55fd29,9,单,大
2026-08-09 02:12:27,85180591,000000000513c0af35f2a962e0cbbd8fa01eb9d3e567882d447fdd345ab7c42d,b7c42d,2,双,小
2026-08-09 02:12:37,85180595,000000000513c0b3c538d19a877410e431ffdd56ec340da85a5e5ab20e9c847f,9c847f,7,单,大
2026-08-09 02:12:47,85180598,000000000513c0b6d14057ee0370f5a231208e6c8848d0cadcb41e90dfe400bf,e400bf,0,双,小
2026-08-09 02:12:57,85180601,000000000513c0b9a3cc163b810b49cadd1be724fade456db05f6b553eb555d6,b555d6,6,双,大
2026-08-09 02:13:07,85180605,000000000513c0bd1557bedbe941dfaaaa56c7dc77bec24840745424a2c43f5d,c43f5d,5,单,大
2026-08-09 02:13:17,85180607,000000000513c0bfb98cdfc6594f688af30870d54a7d65477a90ead440f2bd22,f2bd22,2,双,小
2026-08-09 02:13:26,85180611,000000000513c0c3577b01e279c8f37d4ab8cff316db678832f7ac649ffc283a,fc283a,3,单,小
2026-08-09 02:13:37,85180615,000000000513c0c7100242a29d26c6269b4c95d3c69d90c57f2df9c4966295c4,6295c4,4,双,小
2026-08-09 02:13:48,85180618,000000000513c0caab528ba49e2aa08d5b9714a9e99c3fe0212437ce4d69a9b7,69a9b7,7,单,大
2026-08-09 02:13:59,85180622,000000000513c0ce0553f1e218d0c2b29d7d942c3291a3f63a4f27e8d402c025,02c025,5,单,大
2026-08-09 02:14:09,85180625,000000000513c0d160eaac20df22b42531ff4af54dd0c826b3116e35c117de46,17de46,6,双,大
2026-08-09 02:14:20,85180628,000000000513c0d439c798ebad2198242284f070273ae30c52ab0cecf44e5f72,4e5f72,2,双,小
2026-08-09 02:14:31,85180632,000000000513c0d8f8ff40ac92a8df6f6ae99d4e1dc5b8a839dc9fe70be7605c,e7605c,5,单,大
2026-08-09 02:14:43,85180636,000000000513c0dc51089770a915a1ec4bdc7771ff32f94b5d4d99a6bf36375a,36375a,5,单,大
2026-08-09 02:14:53,85180639,000000000513c0df8ab3254fcef0f6f1462ebe592101def8e10daadc5e2f9ea5,2f9ea5,5,单,大
2026-08-09 02:17:22,85180689,000000000513c11137ac9e26e9a7787f9a93a5ea3fdc35527b8b953177ce5f52,ce5f52,2,双,小
2026-08-09 02:17:32,85180693,000000000513c11525e31237546b8c9400f715d3449cb474caf252212e40422c,40422c,2,双,小
2026-08-09 02:17:42,85180696,000000000513c11853664fffc9cf40a3ba817ef8a31cb6f8ea38aab859cba2b2,cba2b2,2,双,小
2026-08-09 02:17:53,85180699,000000000513c11be9b1d3e865f8f19841a200f58805302b385158907294dff0,94dff0,0,双,小
2026-08-09 02:18:02,85180703,000000000513c11f54928df57e04f35495cc6b3b21761b95e8e0efb7ead5681d,d5681d,1,单,小
2026-08-09 02:18:12,85180706,000000000513c122f707cc644394ea8bcc70eb469b7f7eb2e36ec3e49760b6fb,60b6fb,6,双,大
2026-08-09 02:18:22,85180709,000000000513c12585291abfa9a218f0fb07ae14e7cc2db5b1af62592f981f7d,981f7d,7,单,大
2026-08-09 02:18:32,85180713,000000000513c129cc2939867037a479418c3b22aee66b23705a2de7c7158a0e,158a0e,0,双,小
2026-08-09 02:18:42,85180716,000000000513c12c82944249e707b3e89e03c05916b984582b37406c67984075,984075,5,单,大
2026-08-09 02:18:53,85180720,000000000513c130a51c408f0adce9e3259d03b757ae48e468b21e7764cbd6df,cbd6df,6,双,大
2026-08-09 02:19:04,85180723,000000000513c13319fcf4ec33077fc7b6dcab4d436a449a5a84587ddc81eba2,81eba2,2,双,小
2026-08-09 02:19:15,85180726,000000000513c1369fa2610f5b7957550808ebfb3e4e175a7846bc66ba962599,962599,9,单,大
2026-08-09 02:19:25,85180731,000000000513c13b35fcda14839ff15a54f075851b650ce122e64a941f841c1e,841c1e,1,单,小
2026-08-09 02:19:36,85180733,000000000513c13da3f0838b8722d5d13ba86a0868e13a1bfabbbf5df250c637,50c637,7,单,大
2026-08-09 02:19:47,85180737,000000000513c14142fdf0b81d3cf942c66d14829a085670af67f5b0c6c536ed,c536ed,6,双,大
2026-08-09 02:19:57,85180741,000000000513c145575b3d9046e6aa4598027e2441e33b04985c05047181480b,81480b,0,双,小
2026-08-09 02:20:08,85180744,000000000513c148f3eec819894424a498e955afa67b6f275909a4369a922df1,922df1,1,单,小
2026-08-09 02:20:19,85180748,000000000513c14c9aeb42b4169f98db29abba70ee959b75caa6b8f4099bf402,9bf402,2,双,小
2026-08-09 02:20:29,85180752,000000000513c150fc4369f98685fd7c8beaa5093f45bfbe99c67fe09e408dbc,408dbc,8,双,大
2026-08-09 02:20:40,85180755,000000000513c153f0c8b1629500a63f19ea2ae7e4e9e56eb795115855964d83,964d83,3,单,小
2026-08-09 02:20:51,85180759,000000000513c1579107fba0b7ecb1ad7e428ac9a7d4990db9bf233d619546fb,9546fb,6,双,大
2026-08-09 02:21:01,85180762,000000000513c15abbb3d7ff9bca3cbff6462993c43175b4dd7fc69a5b1d3b47,1d3b47,7,单,大
2026-08-09 02:21:12,85180765,000000000513c15d09bb2e1ae7966b7575a69f2bc1da95d2721abe26179e13fb,9e13fb,3,单,小
2026-08-09 02:21:23,85180770,000000000513c162179b4c792282010b283a2c4159ebfb5090e926ed0037e9ce,37e9ce,9,单,大
2026-08-09 02:21:33,85180773,000000000513c1655a17491dc6b4262b65420187ab815de4e373832d3dd73cf6,d73cf6,6,双,大
2026-08-09 02:21:44,85180777,000000000513c169b712f58dd2f03abdf703f133658274ba5319a851ebb66b18,b66b18,8,双,大
2026-08-09 02:21:55,85180780,000000000513c16cb57ed763985a2f520f770cba15756ef4910afc355a3bb4af,3bb4af,4,双,小
2026-08-09 02:22:05,85180784,000000000513c170a881e2572c84832f458bd56a92682b5adc1702a3f2a884bf,a884bf,4,双,小
2026-08-09 02:22:16,85180788,000000000513c1745845e0e99954c86fef6b30de955b3f2c2622ec67e8e4b16d,e4b16d,6,双,大
2026-08-09 02:22:27,85180791,000000000513c17761c09ddf14bd3b48ecf3e6188e0ae1fe819d0932d6ea015c,ea015c,5,单,大
2026-08-09 02:22:37,85180795,000000000513c17bd4d7b623a2ebea7259b7f1c5cbb66c611aeb0ec2bac86d36,c86d36,6,双,大
2026-08-09 02:22:48,85180798,000000000513c17eda98b75736fdf8bace1fc89c4cbd1e2c6ad89526b6b3ecac,b3ecac,3,单,小
2026-08-09 02:22:59,85180801,000000000513c18166b57990ede1a40d7cd3b7b6f0db8c685c2e5a64fa513e88,513e88,8,双,大
2026-08-09 02:23:10,85180805,000000000513c18565f1a90ce17abac6e3a7b45362250cef921433c00d06fcd4,06fcd4,4,双,小
2026-08-09 02:23:19,85180809,000000000513c1894937ffe137f8fa31c3420b6f4de36e59f905e0cb889dc0bb,9dc0bb,0,双,小
2026-08-09 02:23:29,85180812,000000000513c18caa079ece8bf4edc11f17caef2ad393d5aa4d6410449801e0,9801e0,0,双,小
2026-08-09 02:23:39,85180815,000000000513c18fe6ece5dc23c73e1d3c7f53200fe3145ecf647e5e3ed14f31,d14f31,1,单,小
2026-08-09 02:23:49,85180818,000000000513c19224566e6e6436dcdc524cc0949ed9d5fd4e82103124d6af1f,d6af1f,1,单,小
2026-08-09 02:24:00,85180822,000000000513c1960892d70083374fa4c42b5a328ac89ca6299d92945d7afd10,7afd10,0,双,小
2026-08-09 02:24:11,85180826,000000000513c19a8961ee064c0b8161151e8a6963d192c334080cdfb643dde3,43dde3,3,单,小
2026-08-09 02:24:22,85180829,000000000513c19d9aced2db09a53e9ea59359a87a9a1c3921e54583e031cebb,31cebb,1,单,小
2026-08-09 02:24:32,85180833,000000000513c1a11bf5e2c58edf73b7b3592796aef5ca6fc3b02ab0c8dd7d97,dd7d97,7,单,大
2026-08-09 02:24:43,85180837,000000000513c1a5e3e5da3faf2dc89364f933209b83695db9d574b7e47da87a,7da87a,7,单,大
2026-08-09 02:24:54,85180840,000000000513c1a8a17d18b4fab4dd25e7495571819a936e6baace98573af917,3af917,7,单,大
2026-08-09 02:25:04,85180843,000000000513c1abfe121f6c81db9c66c6e67aad4e1b70093bda82aa54e57e43,e57e43,3,单,小
2026-08-09 02:42:58,85181201,000000000513c3114ee8f4721794ef7dcf3d81cee28ce34184946520f6778d4a,778d4a,4,双,小
2026-08-09 02:43:09,85181204,000000000513c31462f4e81ded88b9e798d9771e2f900544b43f4236bd8b06ee,8b06ee,6,双,大
2026-08-09 02:43:19,85181208,000000000513c318dddff51eff88282881d324898305cc50734cc750c1527833,527833,3,单,小
2026-08-09 02:43:29,85181212,000000000513c31c1150d8e0cbc4069caacfa02e72840c87648c989c00c14f9b,c14f9b,9,单,大
2026-08-09 02:43:39,85181215,000000000513c31fb8636e3346fd10308affe31b8cfe08ab07e71a9912c0f518,c0f518,8,双,大
2026-08-09 02:43:49,85181219,000000000513c323468385af2e0d489f2bcdaf8e4e61b36f43513c026b345714,345714,4,双,小
2026-08-09 02:43:59,85181222,000000000513c3261df7cc11b20bce98264d800394626d3841e2411cc80c822a,0c822a,2,双,小
2026-08-09 02:44:09,85181225,000000000513c3299bfd2072e051cb100b3fe68fda57786ef216f65bfdaac05a,aac05a,5,单,大
2026-08-09 02:44:18,85181228,000000000513c32cc2b67735d05ce1abdeea7c5fcf6fb9ee247bd313219cad17,9cad17,7,单,大
2026-08-09 02:44:28,85181231,000000000513c32f4cdb566aedb394a846b55ae602152f6888ab2a4ebebc23a2,bc23a2,2,双,小
2026-08-09 02:44:38,85181234,000000000513c332d60c647bf39f2211b8cc14e653476e52c80fcd4afe9f61c8,9f61c8,8,双,大
2026-08-09 02:44:48,85181238,000000000513c33673fa832ab8d0c3d57a283938a57d138e7ea3934fb5f1a638,f1a638,8,双,大
2026-08-09 02:44:58,85181241,000000000513c339ff8aa0488614e0ddf25585b88fd53534b93b99b0d569eb67,69eb67,7,单,大
2026-08-09 02:45:07,85181245,000000000513c33d2405e482bc94628e716eaa7eb4ed05d9e5b8a58429cbb0ff,cbb0ff,0,双,小
2026-08-09 02:45:18,85181248,000000000513c3406957f7ba9a5aa81ec888e39ffe36678d908f81318247ab47,47ab47,7,单,大
2026-08-09 02:45:28,85181252,000000000513c3448b82b118aba0c77a20d20d8bf7477740fe45a217b2d601c9,d601c9,9,单,大
2026-08-09 02:45:38,85181255,000000000513c347a69f8013aafff6f4b6d1bf4b7bc699c1e555573146b8a9a7,b8a9a7,7,单,大
2026-08-09 02:45:48,85181258,000000000513c34a40a9521b8f1d0dff0125be7bb28bb80ec3f5715efc095e4c,095e4c,4,双,小
2026-08-09 02:45:58,85181261,000000000513c34d28c753ced9a6f55c25480abb0a0f53f09f68ded3f5f8c5df,f8c5df,5,单,大
2026-08-09 02:46:08,85181265,000000000513c351ae57f0e30118b5a6439626cb8af4077d01fef7b089d8a08b,d8a08b,8,双,大
2026-08-09 02:46:19,85181268,000000000513c354ac10228f4a8645fbb5913c20ebce45595451e8fe9bb4733d,b4733d,3,单,小
2026-08-09 02:46:29,85181272,000000000513c3588b6348a7962975a54156934f132c73acf5c599e29a91c4b5,91c4b5,5,单,大
2026-08-09 02:46:40,85181276,000000000513c35c4f5a55729890a2d5938063cf6cc0e44a1ea363df048d6281,8d6281,1,单,小
2026-08-09 02:46:51,85181279,000000000513c35f1eb74fb828af7ddc946feddf708c9739bfa74050a33e9949,3e9949,9,单,大
2026-08-09 02:47:02,85181283,000000000513c36304c0f447969feeb2abf3f68daa7fc7166aadd4d87026e4f8,26e4f8,8,双,大
2026-08-09 02:47:13,85181286,000000000513c3660ba662920c187dd43fffd5d84a95bfe14016c91f9f320020,320020,0,双,小
2026-08-09 02:47:23,85181290,000000000513c36a3dec86d149419a56cf0c18f988aed3aba3661beeebc001f5,c001f5,5,单,大
2026-08-09 02:47:33,85181293,000000000513c36dc52d4d2400aea7d8e0669525bee894eeb8c419b6cd123dff,123dff,3,单,小
2026-08-09 02:47:43,85181296,000000000513c3703b1402a49de7433790fa7ffe2b0d4dade48eb5ac413877e3,3877e3,3,单,小
2026-08-09 02:47:53,85181300,000000000513c374bd39faf7443b481d2db401c7ab4cc6f266fef32f54f6daf1,f6daf1,1,单,小
2026-08-09 02:48:03,85181303,000000000513c377a7d61e238a4fe6b4536f44b96167fb58167e7292cdbcbef0,bcbef0,0,双,小
2026-08-09 02:48:13,85181306,000000000513c37a9f478eb5bf574e3dd9379f6cef49fe1f42d7b636966ff831,6ff831,1,单,小
2026-08-09 02:48:23,85181310,000000000513c37eabcfc4ba3a9b5108fc2ce593b023267cd0a1863415b72070,b72070,0,双,小
2026-08-09 02:48:33,85181313,000000000513c381e82841786b57a353e8c244448c2e66f6220113682106725a,06725a,5,单,大
2026-08-09 02:48:43,85181316,000000000513c3840046aafe54669397497ad125cfbfb7a23b0ed80804581c34,581c34,4,双,小
2026-08-09 02:48:52,85181319,000000000513c387aa0380b21cb999bde16ee0f2c6f93d72e71e63aaad2ab07d,2ab07d,7,单,大
2026-08-09 02:49:02,85181323,000000000513c38be7b90665b32825bf7b5eba5b949b4e6e8a78298562a20848,a20848,8,双,大
2026-08-09 02:49:12,85181326,000000000513c38e3eea6ec9266343319c23a4c828e87ff2d6d072d473476a4a,476a4a,4,双,小
2026-08-09 02:49:22,85181329,000000000513c391b7591d7bbf9b01e0de1d0734a47bf9e4ae7c695ef3d9c4b7,d9c4b7,7,单,大
2026-08-09 02:49:32,85181333,000000000513c395e853c1c8936e795ae9c9a1d14678b4e7e14897e1dc6a17b3,6a17b3,3,单,小
2026-08-09 02:49:41,85181336,000000000513c398b3763cb3d6c2aa09479f4b1ad4e90c153c40434900a1307f,a1307f,7,单,大
2026-08-09 02:49:51,85181339,000000000513c39b693a4b36e51a2b22fbb2b5dc5bff4ee504a88504f2302bc8,302bc8,8,双,大
2026-08-09 02:50:01,85181343,000000000513c39fdd0e9c999171a8331c5542146368fafef9b917d7a946ceb8,46ceb8,8,双,大
2026-08-09 02:50:11,85181346,000000000513c3a2dafdf9e7dc60a75be0ae045b2370960a4a74e74df3830b7a,830b7a,7,单,大
2026-08-09 02:50:21,85181349,000000000513c3a5aa7493e49cc5f937bdb56e33e4214269e3d810d3348fa347,8fa347,7,单,大
2026-08-09 02:50:32,85181352,000000000513c3a830c997ded3033f36618bdc16423c1a1cdcbf2a77262f73ae,2f73ae,3,单,小
2026-08-09 02:50:42,85181356,000000000513c3ac89a1ab9c0f9b725bebce807f204fd8130d35671ce02d2754,2d2754,4,双,小
2026-08-09 02:50:53,85181360,000000000513c3b05b3b85a45dff3d08ccfb4eb573adbd32eac0d1f76204a9d3,04a9d3,3,单,小
2026-08-09 02:51:02,85181363,000000000513c3b39cd2c5ebe1e1fb4514eb57aba0e91cc36f914f8b8e7e152e,7e152e,2,双,小
2026-08-09 02:51:12,85181366,000000000513c3b67630a467c0d03e049e8ce7355529ae3e0378e935dc79aa5f,79aa5f,5,单,大
2026-08-09 02:51:22,85181370,000000000513c3bacf91e3d8ec50e3161cac67ab471ea7bed64ae35fbf8c2f69,8c2f69,9,单,大
2026-08-09 02:51:32,85181373,000000000513c3bd05f6ce617fab4cc138d0d8576af7fde78a9d6e98a87e10a9,7e10a9,9,单,大
2026-08-09 02:51:42,85181376,000000000513c3c09dbe639babcebd7c9ed9a89d3ea9faad6be6bbbaa9cfbd4d,cfbd4d,4,双,小
2026-08-09 02:51:52,85181379,000000000513c3c3280a70802ef7e0e5b63448f12d2482380a9dfac688528f50,528f50,0,双,小
2026-08-09 02:52:01,85181383,000000000513c3c7deb71d4f7510f43b81c3a3eb77e5c75b27d1ceeb7b0db393,0db393,3,单,小
2026-08-09 02:52:11,85181386,000000000513c3ca20748f878ad75f8015d24fc0b43b8cb18439526060abf498,abf498,8,双,大
2026-08-09 02:52:21,85181389,000000000513c3cdf0d454137d20617656d1f47377909e9638f161ccf9beea9a,beea9a,9,单,大
2026-08-09 02:52:31,85181392,000000000513c3d05772b6c101041100ad7569ca9682eed48d46a57ec45a2f3c,5a2f3c,3,单,小
2026-08-09 02:52:40,85181396,000000000513c3d4f3a18aa1d285cb2845242a203c146f6707b7342eab76ed96,76ed96,6,双,大
2026-08-09 02:52:50,85181399,000000000513c3d7f30ab10bf6a982be29f0b648a88796481a606e27962a60f2,2a60f2,2,双,小
2026-08-09 02:53:00,85181402,000000000513c3da2d1e1e4dfb24b4c74ca81a5983c23fb88b5a71c8e7d8c3f2,d8c3f2,2,双,小
2026-08-09 02:53:10,85181405,000000000513c3dd090901286a8f307a03c2debfcf59a1c53627c0969a62b958,62b958,8,双,大
2026-08-09 02:53:20,85181408,000000000513c3e0a5d8f61f7c602cfd98f7a4129085486292dcbdd2bf92a3c1,92a3c1,1,单,小
2026-08-09 02:53:29,85181412,000000000513c3e4c365a475630a848a3bc7cb701da076efe58f155f0cbf6d62,bf6d62,2,双,小
2026-08-09 02:53:39,85181415,000000000513c3e7d6f9a0ea44d7dcc93a9f54b71ac43bea071d69e01b89cee6,89cee6,6,双,大
2026-08-09 02:53:50,85181418,000000000513c3ea60afe7f58d0ac14e91f473d04d6454db61009e6cb86842d9,6842d9,9,单,大
2026-08-09 02:53:59,85181422,000000000513c3eec4b5e580c027174452c9d1855a5958ab5f4a31a8b305b8fd,05b8fd,8,双,大
2026-08-09 02:54:09,85181425,000000000513c3f1c2d285ef7b47e207fa1c4b5507f799b4efb519ff4b21020d,21020d,0,双,小
2026-08-09 02:54:19,85181428,000000000513c3f48ea57b474e7d4978db133aef4fb2df997df1638033c85870,c85870,0,双,小
2026-08-09 02:54:29,85181432,000000000513c3f82cca9b9f8443e39aa17ce4c7c220cb2a4c87f266b1001da6,001da6,6,双,大
2026-08-09 02:54:39,85181435,000000000513c3fb17c30c3edbc5e932e49283d329921e9681a9cc24b58fb3c3,8fb3c3,3,单,小
2026-08-09 02:54:48,85181438,000000000513c3fe10d2d6aa7c8e8f70250bb5733742512260a55b3011ee7954,ee7954,4,双,小
2026-08-09 02:54:58,85181441,000000000513c401d23c2526c1c2e8c8098450cce0df1a78b08fb9379bd343e5,d343e5,5,单,大
2026-08-09 02:55:09,85181445,000000000513c405cd1a5dcbb7bed006990c25075b9d97c5ae4e3dd6db44b01a,44b01a,1,单,小
2026-08-09 02:55:20,85181449,000000000513c40943eb63c300e7a977203746e537d312ce5d22c8a09c67772f,67772f,2,双,小
2026-08-09 02:55:30,85181453,000000000513c40d7b3eeba795a26153dd4ee72cfb3ba54e228ce77550dc54f5,dc54f5,5,单,大
2026-08-09 02:55:41,85181456,000000000513c4104f12b4c1b0880f797f098b6f676960f57d4608e80b859c95,859c95,5,单,大
2026-08-09 02:55:51,85181459,000000000513c41350678472a20f24634ba8f14bd3e47dca6cf92301f68333c5,8333c5,5,单,大
2026-08-09 02:56:01,85181462,000000000513c416648875dab17cd7d46205abce7f3bb8ac91c2a262c49c7fac,9c7fac,7,单,大
2026-08-09 02:56:11,85181466,000000000513c41aaf7837e8b6d882d2338ba2893a4fbbed70924c27011ec249,1ec249,9,单,大
2026-08-09 02:56:20,85181469,000000000513c41d7ed36c3a4f37f4fa84f14956ae25a8811eb44e6542482501,482501,1,单,小
2026-08-09 02:56:30,85181472,000000000513c420b972ac15b40946114e2c27a9287aae1e9c3d3829a7d803b1,d803b1,1,单,小
2026-08-09 02:56:40,85181476,000000000513c42465e5918cf65dac1c0d825d6b199dfdcdbc5ca38a87a3cec1,a3cec1,1,单,小
2026-08-09 02:56:50,85181479,000000000513c4279ad50df80eed1ba0cab9d47212edb479723554ccdcccb246,ccb246,6,双,大
2026-08-09 02:57:00,85181482,000000000513c42a93f0fd020e7be190176a8fda3a853bb357142ea1656542be,6542be,2,双,小
2026-08-09 02:57:09,85181485,000000000513c42d08743ac032348b16ecdd96b915452179315fc5ecfcd5344d,d5344d,4,双,小
2026-08-09 02:57:19,85181489,000000000513c43126de8f392f9370dc664ccea662484e09aa2e852906772c06,772c06,6,双,大
2026-08-09 02:57:29,85181492,000000000513c434a416ca437ab83b16a25624c6b4ee6e12abf1c36290ea1631,ea1631,1,单,小
2026-08-09 02:57:39,85181495,000000000513c43721b78a6fcc6e9dc672dc31db29fe11540898be089089ff56,89ff56,6,双,大
2026-08-09 02:57:49,85181499,000000000513c43ba1f8b918df8fd02910ccbbbd00f43896f2b82df8f5b5693e,b5693e,3,单,小
2026-08-09 02:57:58,85181501,000000000513c43debcac3b33faa56a06e15cc4a53021cc4fc797041f60e310e,0e310e,0,双,小
2026-08-09 02:58:08,85181505,000000000513c441c7b2dc680ad3d09e1a7c5c4393894e462f49a960bd9385e6,9385e6,6,双,大
2026-08-09 02:58:18,85181508,000000000513c4447082fac41eb64cb9acde15c5d8891dfccabd1d7c4af98d25,f98d25,5,单,大
2026-08-09 02:58:28,85181511,000000000513c44755947a8f08a80fd36be9aa56264015f638969ec3486c2ada,6c2ada,2,双,小
2026-08-09 02:58:38,85181515,000000000513c44b7759326ccf6fa86b169af1fe32c8d690754262402cae7016,ae7016,6,双,大
2026-08-09 02:58:48,85181518,000000000513c44e49f890d63cf0afae3b3d20932a128fa0e79e6d3a2ab6e77d,b6e77d,7,单,大
2026-08-09 02:58:57,85181522,000000000513c452b05df760807a4d18f5a02de33d365bfd07aeb4a339b192a6,b192a6,6,双,大
2026-08-09 02:59:07,85181524,000000000513c454310501808650f3a6cc6f21a35669d0a6e74bf53d5bc23a71,c23a71,1,单,小
2026-08-09 02:59:17,85181527,000000000513c45770e0c4027569a7feef47de44eb8d7e6fd1bf23a5b436ff88,36ff88,8,双,大
2026-08-09 02:59:27,85181531,000000000513c45b0af177236f5f83fea7e39e6feb645abc2e3bb5259defa32e,efa32e,2,双,小
2026-08-09 02:59:36,85181534,000000000513c45efcc7b9ba5b1fbb09b6a8489687a1918bf4e57ec3faf92d06,f92d06,6,双,大
2026-08-09 02:59:46,85181537,000000000513c461822029450e41ab5e2b25f57fa975dc56cae8bce11ee56117,e56117,7,单,大
2026-08-09 02:59:56,85181540,000000000513c46447697b1dd44b0e5e930276aa93961c213a1932b21861710a,61710a,0,双,小
2026-08-09 03:00:06,85181544,000000000513c46844a501c0fba4f64215733192cf2c7febf295b3784a4d1714,4d1714,4,双,小
2026-08-09 03:00:15,85181547,000000000513c46b931bd8bd2f8d8d282e20ade9ee2a1b6147a72ac57485906e,85906e,6,双,大
2026-08-09 03:00:25,85181550,000000000513c46e85f2dfa5c8ad6097b0acead5c1e13523458e8900c0d214b6,d214b6,6,双,大
2026-08-09 03:00:36,85181554,000000000513c472d285f0d64414cd493452cbb479517cc97412bcd7b8274800,274800,0,双,小
2026-08-09 03:00:47,85181557,000000000513c4754b597566aaabae7bb9a51428f734ca859c2fc9bfc70e269e,0e269e,9,单,大
2026-08-09 03:00:58,85181561,000000000513c47954dd3fb9c5c1dd83cae59d879c07b8f1ec091a9ee608cef9,08cef9,9,单,大
2026-08-09 03:01:08,85181564,000000000513c47c3222bf254e790b252094f54e0f4f379b593be13ab792b61f,92b61f,1,单,小
2026-08-09 03:01:19,85181568,000000000513c480c845fc8aca527c5185589cb5254320719b19540079db16ac,db16ac,6,双,大
2026-08-09 03:01:29,85181572,000000000513c4840e930a17856d9f5c60c701028d7b2635bd60accaaf1d0d27,1d0d27,7,单,大
2026-08-09 03:01:40,85181575,000000000513c48720f6b06b3208a0652d3cc7a8dac80ceeb07ee2dc5fa85be0,a85be0,0,双,小
2026-08-09 03:01:51,85181579,000000000513c48bcdbe1bb05988bbd0829df02c74fe3bb7e053f66a2c76f504,76f504,4,双,小
2026-08-09 03:02:01,85181583,000000000513c48f9e34a91588b4505015c3abc02062cfbdbd5a58df91959802,959802,2,双,小
2026-08-09 03:02:12,85181586,000000000513c49262b993c8bafb91b116bdecd035be31e33076c10daa183a46,183a46,6,双,大
2026-08-09 03:02:22,85181590,000000000513c496e923ace04b8aca03c1e12c85626e1ccded18f35210bdafc8,bdafc8,8,双,大
2026-08-09 03:02:33,85181593,000000000513c499f9909682d41d4a8d9ab6bd33f4d24a031e8c6d5ea718da18,18da18,8,双,大
2026-08-09 03:02:44,85181597,000000000513c49db7166bc95d9146def2cbc8ae7bd040ad91a6f35425c32c57,c32c57,7,单,大
2026-08-09 03:02:54,85181600,000000000513c4a0641777d839b7e3481cbe5700b913ac43a74211db8931e69a,31e69a,9,单,大
2026-08-09 03:03:05,85181604,000000000513c4a4ba0e6988574936a67ccd9b0d2faf838215f79854f576ae25,76ae25,5,单,大
2026-08-09 03:03:16,85181608,000000000513c4a8cd3238ca974e4ae5c2a0a2c702f78e80adbee184fecb465d,cb465d,5,单,大
2026-08-09 03:03:26,85181611,000000000513c4ab8b62bffcec9e6889806df32b87031bb2d16e91ba92a63358,a63358,8,双,大
2026-08-09 03:03:36,85181614,000000000513c4aea41ece541b192005ab9cb4a26829e049433d24d7a8296b6f,296b6f,6,双,大
2026-08-09 03:03:46,85181617,000000000513c4b1e953e6d2263b8a73071e095a65f90baf31aa33d5c86be22f,6be22f,2,双,小
2026-08-09 03:03:56,85181621,000000000513c4b59d3d0e88a89cc7f1e0d97c08c27cb9f4b5789d6196a69501,a69501,1,单,小
2026-08-09 03:04:06,85181624,000000000513c4b817823fda67ddcadc95c8dd5156243b80db52c483e3e54e24,e54e24,4,双,小
2026-08-09 03:04:17,85181627,000000000513c4bb44f8acfeef1424691e58fb1b92b006a41861fbe63380b3ce,80b3ce,3,单,小
2026-08-09 03:04:27,85181631,000000000513c4bf8f07a952a8ef5bd151c567646ee774362e222fc0ef3238e8,3238e8,8,双,大
2026-08-09 03:04:36,85181634,000000000513c4c25e3e62ccdce7fa401447d221bce82dd7ecbed392c454b596,54b596,6,双,大
2026-08-09 03:04:46,85181638,000000000513c4c6e8653b1e294c712229504cc580ce8db5533983027bd9eef6,d9eef6,6,双,大
2026-08-09 03:04:56,85181641,000000000513c4c9bfc2c32746e0315c0f4757cb16eb101942b8b146f3663f57,663f57,7,单,大
2026-08-09 03:05:06,85181643,000000000513c4cbddd0ae80675819838088181a189c93341e82563d84cd88e0,cd88e0,0,双,小
2026-08-09 03:05:15,85181648,000000000513c4d071aaa361465e657680f86ef59fc9a9f88396144c4c15fcd3,15fcd3,3,单,小
2026-08-09 03:05:25,85181651,000000000513c4d35330d0c53f58251edc89e38215822f2dabce10c56f855de4,855de4,4,双,小
2026-08-09 03:05:35,85181654,000000000513c4d69d42a0829ab23c281bfc62cae37cb2c7db69bd210753794c,53794c,4,双,小
2026-08-09 03:05:45,85181656,000000000513c4d8ba4b2bd912bcab36df25ddcf0ac070c2f47bfb76d6aab95e,aab95e,5,单,大
2026-08-09 03:05:55,85181660,000000000513c4dc2f1a27f7230300952d2caad461392ebde03b0c82f3650db4,650db4,4,双,小
2026-08-09 03:06:04,85181664,000000000513c4e06c21da418ee4588e170ad355ca6a45f9aa1e73196532e3e6,32e3e6,6,双,大
2026-08-09 03:06:14,85181667,000000000513c4e371ffe567be4ece9c93a7a7d220d10740560f496d62e97bca,e97bca,7,单,大
2026-08-09 03:06:24,85181670,000000000513c4e6dca3fa4c776dd348f17fcfb6583c65477c89a354b4790484,790484,4,双,小
2026-08-09 03:06:34,85181673,000000000513c4e9877b80d1c7467028b2f19fdd6d5a021958885b6f96397165,397165,5,单,大
2026-08-09 03:06:45,85181677,000000000513c4edcb73652114accfeed04dc49e832e6ef86a885919b8faa3f7,faa3f7,7,单,大
2026-08-09 03:06:55,85181680,000000000513c4f064d09f284f362c4835b235db4b6eeb13745bbf2eca940d6d,940d6d,6,双,大
2026-08-09 03:07:05,85181683,000000000513c4f39600a9c6df576f8962af4c9461dde3a7fd668fb123ec7908,ec7908,8,双,大
2026-08-09 03:07:15,85181688,000000000513c4f89dfabff9d936d56e9dc5ffb8fd0f1efb046d757807f385c9,f385c9,9,单,大
2026-08-09 03:07:25,85181690,000000000513c4fa7758c81f497b65f90266e28ca4efeb62ab4bc358076d90ae,6d90ae,0,双,小
2026-08-09 03:07:35,85181694,000000000513c4fe3ad8325e67de6eca26ad3a8e5320498cfde3f4494aea55ee,ea55ee,5,单,大
2026-08-09 03:07:45,85181696,000000000513c5001328fa28180dcb297d024df40ae87308a006c41872e552c8,e552c8,8,双,大
2026-08-09 03:07:55,85181700,000000000513c50425ed6b197ab3e339b34227014383ff561893d3d503bf74f5,bf74f5,5,单,大
2026-08-09 03:08:05,85181704,000000000513c5087023b8cb96080374975a16873d0fc6205edd45179d940a07,940a07,7,单,大
2026-08-09 03:08:14,85181707,000000000513c50bd512b914648cf92880179c7f1c020bb65a95b1f3cc7d40a5,7d40a5,5,单,大
2026-08-09 03:08:25,85181710,000000000513c50ec115373caac1f7d8432beaca85ff3258ef342802edceb10b,ceb10b,0,双,小
2026-08-09 03:08:34,85181713,000000000513c5110cd5201cbd0f41e3a3a0e643e47dd994e3256290c80a3054,0a3054,4,双,小
2026-08-09 03:08:44,85181717,000000000513c5157fbce838f439f794d8850c01e973de6263672b2e082dced0,2dced0,0,双,小
2026-08-09 03:08:54,85181720,000000000513c518caf999dbc9f4de8032c36fe202aed1fe41092fdb5285636e,85636e,6,双,大
2026-08-09 03:09:04,85181723,000000000513c51b772ff0840250cd33230675c03667666620d18b73cf8b0568,8b0568,8,双,大
2026-08-09 03:09:14,85181727,000000000513c51fcada3e6031b66985b9d94e4a22f643ec06672b658a31bcd9,31bcd9,9,单,大
2026-08-09 03:09:24,85181730,000000000513c522d5fe33eedbe250632e71d4f49b4353d504caba6c4ed48180,d48180,0,双,小
2026-08-09 03:09:33,85181733,000000000513c52563f3ac07091843ab791f983663976603b20f4b1e95a78e39,a78e39,9,单,大
2026-08-09 03:09:43,85181736,000000000513c5285af30bdc246537343faf49a25230b990fce9e833e74e5433,4e5433,3,单,小
2026-08-09 03:09:53,85181740,000000000513c52cab52e01bba7de2ae2132529ce84368fab9f8e56d892ea61e,2ea61e,1,单,小
2026-08-09 03:10:03,85181743,000000000513c52f6ee7a3e67597bd0eaccd70ee20dbb04ce5023dd1d9e4536c,e4536c,6,双,大
2026-08-09 03:10:13,85181746,000000000513c532a94639e2d782375365751dd2af0be89173672bb9a45a7390,5a7390,0,双,小
2026-08-09 03:10:22,85181750,000000000513c53669abb6fcefd9b07fa223fcae163338bf89ab34dba39bd19f,9bd19f,9,单,大
2026-08-09 03:10:32,85181753,000000000513c53947af03ba49fbd32ce5b94347cebe8ee97eca1697401db06c,1db06c,6,双,大
2026-08-09 03:10:43,85181757,000000000513c53dd3f2e17734bc3eaf3c2d70845f542d50f910926634b151ae,b151ae,1,单,小
2026-08-09 03:10:54,85181760,000000000513c5409376f2e84f2d8798877897b4030e6671920a239a8ac498fa,c498fa,8,双,大
2026-08-09 03:11:04,85181763,000000000513c543b334ad9812c6dcdfe9612e5a8fac6cf8abf376777460f9e4,60f9e4,4,双,小
2026-08-09 03:11:15,85181767,000000000513c547cee97918a00b57eaebaa5546a92ad63fd641e5fbe6a169c1,a169c1,1,单,小
2026-08-09 03:11:26,85181771,000000000513c54bb4428eb72d3097f8c2acb0d8a99a216f1997ce39374d041a,4d041a,1,单,小
2026-08-09 03:11:36,85181774,000000000513c54ee9d161eb39d620e3e040fc89b9ec45a00792b154dc726532,726532,2,双,小
2026-08-09 03:11:47,85181778,000000000513c5522a347e10126beb9cba69574736e5ed789392a995d36aa9e9,6aa9e9,9,单,大
2026-08-09 03:11:58,85181781,000000000513c5550836725064e51ffaeec26f7ec76c3db354b90e02ec5bcbb7,5bcbb7,7,单,大
2026-08-09 03:12:08,85181784,000000000513c558d119e477b2197bddbc51a976dde2b65544e6a94f59af8c1d,af8c1d,1,单,小
2026-08-09 03:12:19,85181789,000000000513c55db418a15ab8069e6f041a35ad8151bdf863d25c9c97b3755b,b3755b,5,单,大
2026-08-09 03:12:29,85181792,000000000513c5603ea4fb4d2ab197b9f90eba37c07116dc74b701c1669f1017,9f1017,7,单,大
2026-08-09 03:12:40,85181796,000000000513c564f733bc8ccdbc6a85257f53a44be4e0a355f5debd2121bb00,21bb00,0,双,小
2026-08-09 03:12:51,85181799,000000000513c56789b83e616562bd12409afb262e3d6202be337052740d3fc2,0d3fc2,2,双,小
2026-08-09 03:13:01,85181802,000000000513c56a434d5867d898f087cc5bd2ba499a1d07bf99e7462a16de00,16de00,0,双,小
2026-08-09 03:13:12,85181806,000000000513c56e25f66eede00db39e08636c62ebeee8c1f856a2468aa75795,a75795,5,单,大
2026-08-09 03:13:22,85181809,000000000513c571214ed7a4c0a4a34780fe21af85969355c11d5b44064ca87c,4ca87c,7,单,大
2026-08-09 03:13:32,85181813,000000000513c575dba1d20214cc43ae850b0c33d9489cb74642ed286e2d6027,2d6027,7,单,大
2026-08-09 03:13:42,85181816,000000000513c5784e471a101b5a98add037855d55d7c63b3bd09a3974f693ee,f693ee,3,单,小
2026-08-09 03:13:52,85181819,000000000513c57b234de8c598b83da0c3f2805a87c20fb241f2b670e947dfc2,47dfc2,2,双,小
2026-08-09 03:14:01,85181822,000000000513c57e903d9e84dbeff73cac16a597affdc68effc5345744d999e0,d999e0,0,双,小
2026-08-09 03:14:11,85181826,000000000513c582d8ea4a8a4773ab2f2692bdddf08497b4132397a3db1a7c57,1a7c57,7,单,大
2026-08-09 03:14:21,85181829,000000000513c585fd0aa3d2ab649ba37a274b47fb64597ec444ed6e8af43ca5,f43ca5,5,单,大
2026-08-09 03:14:31,85181832,000000000513c58882d70bfa6ed9c42108b6cb6b347001c4f2a42e076af61aa6,f61aa6,6,双,大
2026-08-09 03:14:41,85181835,000000000513c58b39196d2d5e144919045ae2c7c7df75a8741a8095e57ad466,7ad466,6,双,大
2026-08-09 03:14:51,85181839,000000000513c58fd3c701429623f7b06b8a451ea4b41d95a816a9a0babd3e31,bd3e31,1,单,小
2026-08-09 03:15:02,85181843,000000000513c593832a51e194d0eb8363ea633159b302257a591da3e2a9283b,a9283b,3,单,小
2026-08-09 03:15:13,85181846,000000000513c596aedb003acde931c0e149563667c1a70933593bc3a48265fb,8265fb,5,单,大
2026-08-09 03:15:23,85181850,000000000513c59a2e85455db4aacf1fcf16fc5ca4d1757667702cfdab97080e,97080e,0,双,小
2026-08-09 03:15:33,85181853,000000000513c59d7de34759943c6657e81b7900d16c9c0e25cd8c14ffd163db,d163db,3,单,小
2026-08-09 03:15:43,85181856,000000000513c5a02db5ea94174794509e25ea9299e3df2e80c20f37149f18f6,9f18f6,6,双,大
2026-08-09 03:15:53,85181860,000000000513c5a496d70df4bf4ba5c40ad40206c2af6971aa2d27d7b8155eae,155eae,5,单,大
2026-08-09 03:16:03,85181863,000000000513c5a7e822457419548a1e9def9150dceaea555a629c2ae2584caa,584caa,4,双,小
2026-08-09 03:16:13,85181867,000000000513c5ab303d451233358fdf3b1971f0b037a332ccfb61fb0c0cd9a1,0cd9a1,1,单,小
2026-08-09 03:16:24,85181870,000000000513c5ae26545ae6533d648eb1010dd1fe55c1666087ba828a6bb5cb,6bb5cb,5,单,大
2026-08-09 03:16:34,85181874,000000000513c5b2bdd732a14fcb1825aaefa3c334ecaf56052bde5b7fbdfa2b,bdfa2b,2,双,小
2026-08-09 03:16:45,85181876,000000000513c5b45b114e0c7aab44e2c14f49fe22872be252861d6e2ac8f6f2,c8f6f2,2,双,小
2026-08-09 03:16:55,85181880,000000000513c5b8c69f27650043684c613df7bdf135adcd997c228cdd110edf,110edf,0,双,小
2026-08-09 03:17:06,85181884,000000000513c5bc53629f1456cac1f2aa7d69d0548fe1a8e5865ebd62bbe60a,bbe60a,0,双,小
2026-08-09 03:17:17,85181887,000000000513c5bf37d17d48dce04a545e052a15cdfdac36ef764def54ae125b,ae125b,5,单,大
2026-08-09 03:17:27,85181891,000000000513c5c37d930db05c41ad20d8ce3d137d764ccd74ba9bdd45e4f1ef,e4f1ef,1,单,小
2026-08-09 03:17:37,85181894,000000000513c5c6583cdd3fd39d9541c1c98f98732f9caa2742d01eafc53c34,c53c34,4,双,小
2026-08-09 03:17:46,85181898,000000000513c5caf942de812ce8453272832f41a7211a98ad4e37ed87379923,379923,3,单,小
2026-08-09 03:17:56,85181900,000000000513c5cc3ff1be1484e570825736dac6fb73e4134cd249d42f336634,336634,4,双,小
2026-08-09 03:18:06,85181904,000000000513c5d0125e3886ff4a0988dee93591823981316d50469ad259f2be,59f2be,2,双,小
2026-08-09 03:18:16,85181907,000000000513c5d37314d76adba1abb29d19d583a7a41be41b67aaa891482662,482662,2,双,小
2026-08-09 03:18:25,85181911,000000000513c5d78833cfc3737ff44947d3fd0b41874e571ed01cbfc1347f46,347f46,6,双,大
2026-08-09 03:18:36,85181914,000000000513c5da2d75b171ace947d5ef172638553c2c2863194ed4528b5301,8b5301,1,单,小
2026-08-09 03:18:46,85181918,000000000513c5dee3d060449f734cdf8b7a5561a3cf2073c02435eba5d4d452,d4d452,2,双,小
2026-08-09 03:18:56,85181920,000000000513c5e091818e2d70f10348bde785873541b20fbcb553bdf3e7841b,e7841b,1,单,小
2026-08-09 03:19:06,85181924,000000000513c5e445f77ef3aafcfd204d2eb4fd829b204f6db2a5abf8cbd188,cbd188,8,双,大
2026-08-09 03:19:15,85181927,000000000513c5e79ef103aec7e63109ffbe48d9ba1c5d0ba5bf212a386381f5,6381f5,5,单,大
2026-08-09 03:19:25,85181931,000000000513c5eb63c83f5518bf57a65b4fb9f760735051bf7b3b63e5e15569,e15569,9,单,大
2026-08-09 03:19:35,85181933,000000000513c5edaa422f85fee49c756b7dae83278cdd671c64dac0355b99ab,5b99ab,9,单,大
2026-08-09 03:19:45,85181937,000000000513c5f1d4a03a103494f0e34862bd7f39fabbb9e04876c99c5142b6,5142b6,6,双,大
2026-08-09 03:19:54,85181940,000000000513c5f4f453f7d1ffef2e90bc2609ec6b3637616fb02be804cbf073,cbf073,3,单,小
2026-08-09 03:20:04,85181943,000000000513c5f7037d04a5cfae1bba57251dfb12bd894eabcc99d63dd0d656,d0d656,6,双,大
2026-08-09 03:20:15,85181947,000000000513c5fb9ee3fa650073c5ca780f83460b6523fc07bc80f44c7d0cbf,7d0cbf,0,双,小
2026-08-09 03:20:25,85181951,000000000513c5ff4824f73516faddf812230b3b3d3e766df63be170aec1a28e,c1a28e,8,双,大
2026-08-09 03:20:36,85181954,000000000513c6028851e3ec06aa24d209de90952b4b83286d7164f04336f61e,36f61e,1,单,小
2026-08-09 03:20:47,85181958,000000000513c60609c7231e5f0a9b28ae1379c1f813dbb33a91ae9a31f0d4b6,f0d4b6,6,双,大
2026-08-09 03:20:57,85181961,000000000513c60923e4af881b27686321d54f8427535bd2f7b1935f687c67c4,7c67c4,4,双,小
2026-08-09 03:21:08,85181965,000000000513c60dffbcff563e0dcf57cddc37b11b2fe9ed714af57f0f0f8ce1,0f8ce1,1,单,小
2026-08-09 03:21:18,85181968,000000000513c610a8c4cc9ff6d25ed5dcc9901c9427470b721bd5a874fd80d3,fd80d3,3,单,小
2026-08-09 03:21:29,85181972,000000000513c61417a1c73fda21c088ab797a41a4e28791b5a570695c0fe21d,0fe21d,1,单,小
2026-08-09 03:21:40,85181976,000000000513c618faca7c66fe414994c62cc5b73b009a086ae5bb5dddf1d4fc,f1d4fc,4,双,小
2026-08-09 03:21:50,85181979,000000000513c61b61ac7924ed48cde12cff9d270e66172868a36246699b2665,9b2665,5,单,大
2026-08-09 03:22:01,85181982,000000000513c61e011e6d70fefe022f14ad69c89cf642b12ad3eef38cf2ffee,f2ffee,2,双,小
2026-08-09 03:22:12,85181986,000000000513c62227d2da5e8cf0a56b078a8cb74b499e8ec339240a502e89e6,2e89e6,6,双,大
2026-08-09 03:22:22,85181989,000000000513c625938f1d698aeda47534a722bd28db99ba62c54f8a1db622f6,b622f6,6,双,大
2026-08-09 03:22:32,85181992,000000000513c62864726e4f6634a4f9203b062e2cc086393842ecf7c8b820f5,b820f5,5,单,大
2026-08-09 03:22:41,85181996,000000000513c62cfd34637e9b364b30c154f0126e8946005d241579ec0e601f,0e601f,1,单,小
2026-08-09 03:22:51,85181999,000000000513c62f884d05f7601f2008daec9acd33e0ef9c23f30ed9d37b8c2e,7b8c2e,2,双,小
2026-08-09 03:23:01,85182002,000000000513c63216759cd1364c06fb8a9187cbb47d6e96e93fa33ff511f967,11f967,7,单,大
2026-08-09 03:23:11,85182005,000000000513c6358f061090777296625b88e4ec612c480589b6bd1d12ec2fe4,ec2fe4,4,双,小
2026-08-09 03:23:20,85182009,000000000513c639e6f72347138faab083026342e55ae5a2a3133ba565d43b88,d43b88,8,双,大
2026-08-09 03:23:30,85182012,000000000513c63cef32b4ab52ffe699c54f4d88ffacfeb48089fc0b4de1b377,e1b377,7,单,大
2026-08-09 03:23:40,85182015,000000000513c63f0dee4eb8583e728a70cdaf2e5ac8f89685bc021262946aa0,946aa0,0,双,小
2026-08-09 03:23:50,85182019,000000000513c6437a30ce2f08442f5f6d8b8146edda87e754d576c8536e533b,6e533b,3,单,小
2026-08-09 03:23:59,85182022,000000000513c646de4c4da852fada07fb1575acfda1ff87d0fadaf55ba86bc6,a86bc6,6,双,大
2026-08-09 03:24:09,85182025,000000000513c6499914c623b39d7d01838fea29f3d5f874d3455b05a27716fe,7716fe,6,双,大
2026-08-09 03:24:19,85182029,000000000513c64d611bc53b2a312fe064f089cd9eb844abd743280c34250621,250621,1,单,小
2026-08-09 03:24:29,85182032,000000000513c650ef9918d644098d7ba69926c91891dc3d16ab2176ec053134,053134,4,双,小
2026-08-09 03:24:38,85182035,000000000513c65392b425e35df6d8f6e943c77e2ed89eb607ecfa1c0ff445f3,f445f3,3,单,小
2026-08-09 03:24:48,85182038,000000000513c656f1a81c1b242e8986e326b3ee14dd2da3336e8962c4e077d3,e077d3,3,单,小
2026-08-09 03:24:58,85182041,000000000513c6591b901fdc95d4370979c5406bcb094cc710964fd3a9357b00,357b00,0,双,小
2026-08-09 03:25:07,85182045,000000000513c65db57b5b344638e35da100de18d7a93adf1034c06df4db3a4c,db3a4c,4,双,小
2026-08-09 03:25:17,85182048,000000000513c66075137540890cb2e30844b4f93e0992deb93800e748ad075a,ad075a,5,单,大
2026-08-09 03:25:27,85182051,000000000513c663754797a2ff33d4b53cd3b247270288fb31a76f1e38b411ac,b411ac,1,单,小
2026-08-09 03:25:37,85182054,000000000513c6663e03406c793f238f67beb980a9f558fbdd939a62812aed17,2aed17,7,单,大
2026-08-09 03:25:47,85182058,000000000513c66a1eab045f4824c4fa01252be04f8fc14da746f6786842da77,42da77,7,单,大
2026-08-09 03:25:58,85182061,000000000513c66dc4eab87d17c3e9016e729d9a8444b4fa83270222923f7b98,3f7b98,8,双,大
2026-08-09 03:26:09,85182065,000000000513c67121e89373483ce070ab5ea4347db43866fad15d3629d34e63,d34e63,3,单,小
2026-08-09 03:26:19,85182069,000000000513c675cd128d91949f57362d294db22fca6b526c6a779782d84503,d84503,3,单,小
2026-08-09 03:26:30,85182072,000000000513c6783247aea58a359ea01a221250ff66407dec68fdc7e9a07c88,a07c88,8,双,大
2026-08-09 03:26:40,85182076,000000000513c67cc8249b658435c41058a15298914e96a316b54769006eeb3f,6eeb3f,3,单,小
2026-08-09 03:26:51,85182079,000000000513c67f132b08a502adb0eb05462d9c62cfce9ffd171b3110e99a8e,e99a8e,8,双,大
2026-08-09 03:27:01,85182083,000000000513c683b70d1dafe99ca0f655e1abc90fe2f64a7c13ce2ec01aac63,1aac63,3,单,小
2026-08-09 03:27:12,85182086,000000000513c6862cc84ac2d17a4c0186dc999b6c6644d858e922c3e0f9f3a3,f9f3a3,3,单,小
2026-08-09 03:27:23,85182090,000000000513c68a423868faf397d7c8bdc0c4fc4c79c4631961054455ed26d1,ed26d1,1,单,小
2026-08-09 03:27:34,85182093,000000000513c68d8d3e16478af273b8255a82e170f6f687ad377a8585c90936,c90936,6,双,大
2026-08-09 03:27:44,85182097,000000000513c691466f9f0b04afb91a09bb94adfad140de707b6596511d3ffa,1d3ffa,3,单,小
2026-08-09 03:27:55,85182100,000000000513c6943cd6bffb2d49860476838bb2f2b07b13176c9fea0daf6a23,af6a23,3,单,小
2026-08-09 03:28:06,85182103,000000000513c6971dbac8382d1303cc2eafb133a0fc65577519d18e8e1db8e2,1db8e2,2,双,小
2026-08-09 03:28:17,85182108,000000000513c69c8dfcc0ca75656b7657e0c5c3bdc7bfb9b0b74e757e5cdb91,5cdb91,1,单,小
2026-08-09 03:28:27,85182111,000000000513c69fbfe685b94925cfdb9827ef73b282e9129391674f495379db,5379db,9,单,大
2026-08-09 03:28:38,85182115,000000000513c6a3078b7fd8f87bfcca91009b45024c32a914a016a6b4716870,716870,0,双,小
2026-08-09 03:28:48,85182118,000000000513c6a6c4f7982adc7988dd5fbdf605bd64087dd0175bb60da93548,a93548,8,双,大
2026-08-09 03:28:59,85182121,000000000513c6a9a9ff44981190e166a4e42e4a177c6db1767a07d6a90b25cf,0b25cf,5,单,大
2026-08-09 03:29:10,85182125,000000000513c6adf9f517fb716b10ec1a003272fd82c9524e6a8436af916fb8,916fb8,8,双,大
2026-08-09 03:29:20,85182129,000000000513c6b1aef36a50e35b43696f08c9f5f83fd6d45e2ca282aaa2722f,a2722f,2,双,小
2026-08-09 03:29:31,85182132,000000000513c6b4573aa036c8f010303af0f6a0f8389d44f0ed420899afa2e8,afa2e8,8,双,大
2026-08-09 03:29:41,85182135,000000000513c6b74ddb78d080a27cb711a35aba5b4d237f226ea99f9af02fbb,f02fbb,2,双,小
2026-08-09 03:29:52,85182140,000000000513c6bc06e08512138a386d275af44afb3d8772206e2274c8dac136,dac136,6,双,大
2026-08-09 03:30:02,85182143,000000000513c6bf5c73b1ac65afb7721217a085195444a9f235263d7c0a0227,0a0227,7,单,大
2026-08-09 03:30:13,85182146,000000000513c6c2b81521da1b8f792c4d019e39b9bb79bb339fa355a231b540,31b540,0,双,小
2026-08-09 03:30:23,85182150,000000000513c6c630fde1d8a1c19910784caf28ea76613d26c7287807aa9cc9,aa9cc9,9,单,大
2026-08-09 03:30:34,85182154,000000000513c6ca7b99fa9de7c3c338d886eea9ed89cef1382cbfccb05edee2,5edee2,2,双,小
2026-08-09 03:30:45,85182157,000000000513c6cd31bad94c265aa4ad6f415061d28beabebf4eebc207876e03,876e03,3,单,小
2026-08-09 03:30:55,85182161,000000000513c6d1d4b3b5a82dd3af6045d3522d570af9cf20f1351a1cc00e0d,c00e0d,0,双,小
2026-08-09 03:31:06,85182164,000000000513c6d4377e7e53b88a449f293e37a5f2519e430d666401e3585b0c,585b0c,0,双,小
2026-08-09 03:31:17,85182168,000000000513c6d8a054ece27759fe51cbba5fe8e7dc046713caaf66c6fd713b,fd713b,3,单,小
2026-08-09 03:31:27,85182171,000000000513c6db641110e0189ec372124e466049e2c1dbe917a23011e01302,e01302,2,双,小
2026-08-09 03:31:38,85182175,000000000513c6df36fc540f72171129956c14ab6191cad9bef0d45b6e4dc6de,4dc6de,6,双,大
2026-08-09 03:31:48,85182178,000000000513c6e2e31a66d8b6db84d362c6e9784d3954dee0084ba398b3bed3,b3bed3,3,单,小
2026-08-09 03:31:58,85182182,000000000513c6e66d30dd733bfaced562254eac3fa511fed595c4b6cedcbf03,dcbf03,3,单,小
2026-08-09 03:32:09,85182185,000000000513c6e9d9dc269d0bb8470f4e19acedbe3a47791c03cd96a94f0eef,4f0eef,0,双,小
2026-08-09 03:32:19,85182188,000000000513c6ec7a8e54a035c7ff4081e3f4b83b70a41fd0301e575b3d09d0,3d09d0,0,双,小
2026-08-09 03:32:30,85182192,000000000513c6f0380744552ea6cf86236626f2f6c54992bce08c57f00d5ead,0d5ead,5,单,大
2026-08-09 03:32:40,85182196,000000000513c6f4426f6d95ef51cb712233d5a4754ef0ef6aa1193dba03f9ca,03f9ca,9,单,大
2026-08-09 03:32:50,85182199,000000000513c6f7ec38b74320d5302bec67e801cd40e8bf6c77f0a656e1aadc,e1aadc,1,单,小
2026-08-09 03:33:01,85182202,000000000513c6faafc72ee3224c33a7c506eb7c612e3c5c313c8012ce8b999c,8b999c,9,单,大
2026-08-09 03:33:11,85182205,000000000513c6fd0005ae26de46fae5ca4e30472a5bfb01f018e9844014f6c8,14f6c8,8,双,大
2026-08-09 03:33:22,85182209,000000000513c7019bd1a9db0eb6178351728778e4a57d8d6cad174d401f8bac,1f8bac,8,双,大
2026-08-09 03:33:32,85182212,000000000513c704751af438ffd19ba81ee221ef90347bbd4a35c8fe4200b100,00b100,0,双,小
2026-08-09 03:33:42,85182217,000000000513c70936527877658ee3e8102c1c3bc7b1804c8f348689b8e2000b,e2000b,0,双,小
2026-08-09 03:33:53,85182219,000000000513c70bb5a3ada5f6378836e72de50b2a6453cecbdc22296628670f,28670f,0,双,小
2026-08-09 03:34:03,85182223,000000000513c70fdfc899ae6f477d01d8e87d4d60013a86efc921597682e387,82e387,7,单,大
2026-08-09 03:34:14,85182227,000000000513c7130ff49165ce5d8d0466fa4af6e4dce6419313d2585d1db082,1db082,2,双,小
2026-08-09 03:34:24,85182230,000000000513c716f9a30c6306c915a3bc5941531c76f248e4dbde1bf5512803,512803,3,单,小
2026-08-09 03:34:35,85182234,000000000513c71aa89cdb930d64652c54ede96c076fb4b97e0a59a38a235323,235323,3,单,小
2026-08-09 03:34:45,85182237,000000000513c71d5baaf094b9f415d134b2687edb22368ffd2ba2deda41f1d6,41f1d6,6,双,大
2026-08-09 03:34:56,85182240,000000000513c72036993dc866d5f49efe215bb13423473b5809f1b38b5ab811,5ab811,1,单,小
2026-08-09 03:35:06,85182244,000000000513c724b3ddac9a81dc3551ad8d5870cbb8c0abec96a4073fb5a26b,b5a26b,6,双,大
2026-08-09 03:35:17,85182247,000000000513c72728fb5c765c397b051e017d08f8c1a1067000e2a846373950,373950,0,双,小
2026-08-09 03:35:27,85182251,000000000513c72b43fb7aa0cd66f85d0ccb7454f2be7dc8d88a8b3a9c17fee3,17fee3,3,单,小
2026-08-09 03:35:38,85182254,000000000513c72e70926b553b28afa8f857fe1993c989830d185b9e55d5a460,d5a460,0,双,小
2026-08-09 03:35:49,85182259,000000000513c7335f82a9e4c3e6ea43590a7922b25d0dc9e354b7875d3a2134,3a2134,4,双,小
2026-08-09 03:35:59,85182261,000000000513c7352a5f5d88feafab65cbeabe75ef43338647c154fe868a60fc,8a60fc,0,双,小
2026-08-09 03:36:10,85182265,000000000513c7398b2b486cc5250e49a6b6572f3f2115658982f3cce62b1996,2b1996,6,双,大
2026-08-09 03:36:20,85182269,000000000513c73d34cf525d396a07778d65035aed8781c5f76240a6c6c45b4c,c45b4c,4,双,小
2026-08-09 03:36:31,85182272,000000000513c740da22e3be87dd611e9ff7843e024a1cdb815703ef07c19184,c19184,4,双,小
2026-08-09 03:36:41,85182276,000000000513c744d441b55f8e575248d9c9524ff2f65cd5e3480ec12e5f1f3f,5f1f3f,3,单,小
2026-08-09 03:36:52,85182279,000000000513c7475fbed9db6d0cea030ce08ea325c70d72ec1e5b9339e36e85,e36e85,5,单,大
2026-08-09 03:37:02,85182283,000000000513c74b6f1834e3b2b0cb9b1a840a392ac541ceb4ffb689cac40b08,c40b08,8,双,大
2026-08-09 03:37:13,85182287,000000000513c74f4264a76d416a908231632eb8b2dc1e8894155e818f7587e0,7587e0,0,双,小
2026-08-09 03:37:23,85182290,000000000513c752bde1f6597822b7515de9ea0922db2471c2c77603c94c02d0,4c02d0,0,双,小
2026-08-09 03:37:34,85182293,000000000513c75557dc821c61c46f387f9bd97444a448fb12e240c96899ccf0,99ccf0,0,双,小
2026-08-09 03:37:45,85182297,000000000513c759a7a1d43f674d7bd2db3a6a91dcbf2ff187dcb57325578d5b,578d5b,5,单,大
2026-08-09 03:37:55,85182301,000000000513c75dadc073678abd449da14276759701e2a1a686b8599bd38bcb,d38bcb,8,双,大
2026-08-09 03:38:06,85182304,000000000513c760c6522826beacb0a1f4eafeae1d4fb9b2f9268f444e32fd9a,32fd9a,9,单,大
2026-08-09 03:38:17,85182308,000000000513c7645825b1cdb5bdd910ba5445271e77409c95dc0efaf52e6774,2e6774,4,双,小
2026-08-09 03:38:27,85182311,000000000513c767cd29b284182b95e3b36977f7a8f2378908a50b5dcb7b0dbb,7b0dbb,0,双,小
2026-08-09 03:38:38,85182315,000000000513c76bfad49a7133d051198de02af74b31fbe518313b09ba922d95,922d95,5,单,大
2026-08-09 03:38:48,85182318,000000000513c76e708f184c42777a3b924535dd305d9baf1245372f8c81288a,81288a,8,双,大
2026-08-09 03:38:59,85182322,000000000513c772205a109ac04916ea9b5ce2b3a0e56361e9845e72ddfdc920,fdc920,0,双,小
2026-08-09 03:39:09,85182325,000000000513c775bc81b5358ce34916f55667a737e669c6c8706d2e9ee7be82,e7be82,2,双,小
2026-08-09 03:39:20,85182329,000000000513c779912b85769d7dabd5895d8c1ee49a9a1ec7812712e756a80b,56a80b,0,双,小
2026-08-09 03:39:31,85182332,000000000513c77cd563ebe3a2bba952354055d1bd548e8680a45d5663fbe4dd,fbe4dd,4,双,小
2026-08-09 03:39:41,85182336,000000000513c78087d0dafcfe6454b69f1d5f6c20a35484c0cc3335c26e2b0e,6e2b0e,0,双,小
2026-08-09 03:39:52,85182339,000000000513c78341da0b65b3a34c7008fd24fab25c43a9d7830bd5816956e6,6956e6,6,双,大
2026-08-09 03:40:02,85182343,000000000513c78715d73fcd9eb5ece0d894146b4657f0c5237b9f459e630744,630744,4,双,小
2026-08-09 03:40:13,85182347,000000000513c78b7cd75246a1beb4d8831d1f5ad1f1ff5b7d1ac37d89c09a96,c09a96,6,双,大
2026-08-09 03:40:24,85182350,000000000513c78e5abeccc7a6c14503fdef4afe91f5bc4f2470856424420c90,420c90,0,双,小
2026-08-09 03:40:34,85182354,000000000513c792fe25b7dc99ecd9bdb4e2aaf15d01dfce7b0601e920805715,805715,5,单,大
2026-08-09 03:40:45,85182358,000000000513c7960c8f4f1b2a428ebb0858338f2badf4d305de6b660e7f4106,7f4106,6,双,大
2026-08-09 03:40:55,85182360,000000000513c7985c850ac75772819afb8d9c8f483f446922088a33db9ba66f,9ba66f,6,双,大
2026-08-09 03:41:06,85182364,000000000513c79cacc2a429c08965a77c31323155a57f989f5c3472b03c95b4,3c95b4,4,双,小
2026-08-09 03:41:16,85182367,000000000513c79fcb4b92b8af89d3b2b82ad305cd05805cde39d933bd1d375a,1d375a,5,单,大
2026-08-09 03:41:27,85182371,000000000513c7a366f6125498eae7a452465e983a775f372eaab6a2cfab1488,ab1488,8,双,大
2026-08-09 03:41:37,85182375,000000000513c7a79e938f2beccd747bae3781e01c2fb0f9c45508da3f101df3,101df3,3,单,小
2026-08-09 03:41:48,85182378,000000000513c7aa267cd36623b5274142dea261c7223672d831f39d29f2dcd2,f2dcd2,2,双,小
2026-08-09 03:41:58,85182381,000000000513c7ad3aca1bf1a62ebbcb341dc1cdad4c628592165e63cb36c023,36c023,3,单,小
2026-08-09 03:42:09,85182385,000000000513c7b14835c2e32b2acdea2e10b85d65a287b0c63687c9e5f29741,f29741,1,单,小
2026-08-09 03:42:20,85182389,000000000513c7b5633acfbd4d3853465110ce9f8fc185bc7b340a3d5aaf983e,af983e,3,单,小
2026-08-09 03:42:30,85182392,000000000513c7b8e116b3b179a30a39b0d8b6c18270e488f01390630b3a6e47,3a6e47,7,单,大
2026-08-09 03:42:41,85182396,000000000513c7bc13657b14ded8a0b70a4bfe651a19a76a79e75800db62c507,62c507,7,单,大
2026-08-09 03:42:51,85182399,000000000513c7bf40368af8ff6dee7deb5167e31c95511f1d41ffaa0a4fdadb,4fdadb,4,双,小
2026-08-09 03:43:02,85182403,000000000513c7c3f6e428b9af4c083cb0292216f6815b691720e451730f105b,0f105b,5,单,大
2026-08-09 03:43:13,85182406,000000000513c7c65c6b102c75c257e334f105caa328a657c1127ade4bf4baac,f4baac,4,双,小
2026-08-09 03:43:23,85182410,000000000513c7ca9967cc308a99588e462812ec687bfd564e633399bc251543,251543,3,单,小
2026-08-09 03:43:34,85182413,000000000513c7cd209de672480fab8da044e67de928e9edf42bdd44b4207440,207440,0,双,小
2026-08-09 03:43:45,85182417,000000000513c7d13023720490bef4b6ef0df876ade92097e18d31d7e77a5669,7a5669,9,单,大
2026-08-09 03:43:55,85182421,000000000513c7d5c8497e9c991ffa1dea057fa5e6f259c8f377b6e02114a338,14a338,8,双,大
2026-08-09 03:44:06,85182424,000000000513c7d81cc3d0409ed750b43db5e5280dbc07419e925450c950cf7d,50cf7d,7,单,大
2026-08-09 03:44:16,85182427,000000000513c7db93fcc86aff0998baf0c2cd897f3880de94ac675b0706b8f2,06b8f2,2,双,小
2026-08-09 03:44:27,85182431,000000000513c7df49faa3f602dffbffeb7fc89ae64abbe0eda9d54749145609,145609,9,单,大
2026-08-09 03:44:38,85182434,000000000513c7e230afe10de4fa5bd4e80463e4fd6ae49d76b27c2bdea265e5,a265e5,5,单,大
2026-08-09 03:44:48,85182438,000000000513c7e6d1811f818fde877501231d61837be5883be499356bdee648,dee648,8,双,大
2026-08-09 03:44:59,85182441,000000000513c7e936d0121736421160a4e0714256d2f19c0eee3f405eedaa44,edaa44,4,双,小
2026-08-09 03:45:09,85182445,000000000513c7ed480bec4f49b462f3d49be2c35934da3c1120763c43835c57,835c57,7,单,大
2026-08-09 03:45:19,85182448,000000000513c7f0a9e2b4ce78f457d54195684c19751b64de8d96d6db9b9a9c,9b9a9c,9,单,大
2026-08-09 03:45:30,85182452,000000000513c7f431fafffb79f7c27080a848fff5563591b3c9420da7ff4f9b,ff4f9b,9,单,大
2026-08-09 03:45:40,85182455,000000000513c7f7781a5a87de440b91df02a6e12b92d795933eb38a7f988396,988396,6,双,大
2026-08-09 03:45:50,85182459,000000000513c7fb2d495cc639d4466f71e169d9a5dd3cd4d92615a68e9ff9cc,9ff9cc,9,单,大
2026-08-09 03:46:00,85182462,000000000513c7fe9ab2ab6624b2b8655aff06cab4e6f28fd4e08955b5feb21e,feb21e,1,单,小
2026-08-09 03:46:09,85182465,000000000513c80100cda6a2944e740585d45e1162bd299d1095a2052b37fda3,37fda3,3,单,小
2026-08-09 03:46:19,85182469,000000000513c805cabc61af4078563ad7b25be71b8e1708f3657b4cc9ef5bfa,ef5bfa,5,单,大
2026-08-09 03:46:29,85182471,000000000513c80784387fcabce0ac22108e644d40c34098486d05eb5bb3af3a,b3af3a,3,单,小
2026-08-09 03:46:39,85182475,000000000513c80bfd19baf96639520bb70b506b1d8347645f4bba16fdcc2ae2,cc2ae2,2,双,小
2026-08-09 03:46:49,85182478,000000000513c80e581597dd62d782a3fad44802b9331315b29964b1d881a1dd,81a1dd,1,单,小
2026-08-09 03:46:59,85182481,000000000513c8116a48f365c468efeee256c73d3035d5e1b260be198aafe46d,afe46d,6,双,大
2026-08-09 03:47:08,85182485,000000000513c8156996c1ebc4beb75936edad62012283074a21684608caf445,caf445,5,单,大
2026-08-09 03:47:18,85182488,000000000513c8181ecc1f13746eb161ecc2c57ae26761353d6e24d25649aec7,49aec7,7,单,大
2026-08-09 03:47:27,85182491,000000000513c81b24a50381e323b0aabf186d47d53950785fd7e1588f32c941,32c941,1,单,小
2026-08-09 03:47:37,85182495,000000000513c81f13f883869871fc6cee731c8b889a1c174b91533b167f7e69,7f7e69,9,单,大
2026-08-09 03:47:48,85182498,000000000513c822cd95080144bf4184b3a13710f686266117dd213ad6db5efb,db5efb,5,单,大
2026-08-09 03:47:58,85182502,000000000513c8269d08bd3010c48117925c04fb3a9ea372261793a44258f6bc,58f6bc,6,双,大
2026-08-09 03:48:08,85182505,000000000513c829ecdf61a083507859466821a6e7b5dbbff8a1640d32b64a7d,b64a7d,7,单,大
2026-08-09 03:48:19,85182508,000000000513c82cff10ea0db2cdaac6608bd69551433ace2f4a4729079b664c,9b664c,4,双,小
2026-08-09 03:48:29,85182512,000000000513c830c48f1a6de2b11a535b6120550f6d7abbd3ffdb8fb31f00f4,1f00f4,4,双,小
2026-08-09 03:48:38,85182515,000000000513c8339df6b171c7f7b3c16288da7451f4ce06141fdea05ac765e3,c765e3,3,单,小
2026-08-09 03:48:48,85182518,000000000513c836e629c8479e52b00c42c1c541b8d3f7edb6b7336e2d9bb5f6,9bb5f6,6,双,大
2026-08-09 03:48:58,85182521,000000000513c839dd4cffe47bfd720e65ff5b20635a8bf6e59b42268a59a575,59a575,5,单,大
2026-08-09 03:49:08,85182525,000000000513c83d5504a72df9a93a58b5a8c04eb8b6e63d8cd4f681fdaf8004,af8004,4,双,小
2026-08-09 03:49:17,85182528,000000000513c84098505fbbe450bd1ad192e9b031d5d963b287441b12e8be2f,e8be2f,2,双,小
2026-08-09 03:49:27,85182531,000000000513c8431b98bbfb5b7c4cd9b8c096eb9d492bd1b72b05219cb6cd14,b6cd14,4,双,小
2026-08-09 03:49:36,85182534,000000000513c846e6d0c56e001a5e3c992802f125af506996dc710ead6a5a15,6a5a15,5,单,大
2026-08-09 03:49:46,85182538,000000000513c84ab60cb42067771eb16ca58978ad8c3d93ce726a5d0d6f75d5,6f75d5,5,单,大
2026-08-09 03:49:56,85182540,000000000513c84c25cd85487147593e4cf7362993282fbf562988529deb7810,eb7810,0,双,小
2026-08-09 03:50:05,85182544,000000000513c85062f2a2728ffa928fbdd741a4cd4d0c129fa76a2d310c7642,0c7642,2,双,小
2026-08-09 03:50:15,85182547,000000000513c853807472475d37f234c709a6ac6c41156cba6df89d193d8e51,3d8e51,1,单,小
2026-08-09 03:50:25,85182550,000000000513c85658948eef0f160bedd6804be62335e3b81f8c64cca3c36a28,c36a28,8,双,大
2026-08-09 03:50:35,85182554,000000000513c85aab58bbd29c7f27047dcef673657633448628be6a2293c953,93c953,3,单,小
2026-08-09 03:50:45,85182557,000000000513c85d0fb35ad50fdf1d8197611c9a754738803890b98329ddab17,ddab17,7,单,大
2026-08-09 03:50:56,85182561,000000000513c86112eff647d6c261193c04c8c568396a7bb348b410f8989ad0,989ad0,0,双,小
2026-08-09 03:51:06,85182564,000000000513c86485cbf1bc8dfa9150a15a91edcd261235577e1f653908da18,08da18,8,双,大
2026-08-09 03:51:17,85182568,000000000513c8687bb8af055693f8fb87018c38c2b0fcba7f80a8fb57488685,488685,5,单,大
2026-08-09 03:51:27,85182571,000000000513c86b857cab5f90c0978b274ee2f74f08fbaa21ccaece686ea5fe,6ea5fe,5,单,大
2026-08-09 03:51:37,85182574,000000000513c86eb5b3cc303e29f51906b0d8b71bee0895bda4a066e47b564c,7b564c,4,双,小
2026-08-09 03:51:48,85182578,000000000513c872853d1db4066b11f26b483f02798c6cec37e3c5e9b4c200c9,c200c9,9,单,大
2026-08-09 03:51:58,85182582,000000000513c876599a3e111595f6be236d6036e820d8fab23c967398f6557b,f6557b,7,单,大
2026-08-09 03:52:09,85182585,000000000513c87969bd47aeaf691f3f06ddc2171e4385cc783181a9884d863a,4d863a,3,单,小
2026-08-09 03:52:19,85182589,000000000513c87dc30f2a77efcfccc3d2af357bf856c482ac52c3b924e8ed3b,e8ed3b,3,单,小
2026-08-09 03:52:30,85182592,000000000513c880d004cbe88eaa42f5e80e53dae532f7af795db268d60bcb4f,0bcb4f,4,双,小
2026-08-09 03:52:40,85182595,000000000513c88320e0f3df5cc03e07eba89de1edbf2fd3f3dcbcbd35e448bb,e448bb,8,双,大
2026-08-09 03:52:49,85182598,000000000513c886edce213683a2c44483dce14c26b01504adf8c24b744f8e77,4f8e77,7,单,大
2026-08-09 03:53:00,85182602,000000000513c88a8baa82b6da160046cc52fa7d7c1453693e6d64e0f0a4695d,a4695d,5,单,大
2026-08-09 03:53:10,85182606,000000000513c88edaa3487e0ff4fa1ca6b5b353dda758b38323486e31d7fb2d,d7fb2d,2,双,小
2026-08-09 03:53:20,85182609,000000000513c891a8e158d720c97da46b8121556debb3fd768dcf34da7cf391,7cf391,1,单,小
2026-08-09 03:53:30,85182613,000000000513c895086aaa8d13b16cc1f04e88587d94ce5d507550a2f8486550,486550,0,双,小
2026-08-09 03:53:40,85182616,000000000513c8987fd763b43e53ed9b67105b48d48771bcc6aa2b458359e6f5,59e6f5,5,单,大
2026-08-09 03:53:49,85182618,000000000513c89a5a7630390d839c88f6adc37c659986cdb100e754123f2ca2,3f2ca2,2,双,小
2026-08-09 03:53:59,85182622,000000000513c89eb837fbdbb0a33538a439074840430679ad7857b5a5569c29,569c29,9,单,大
2026-08-09 03:54:09,85182625,000000000513c8a14bb55905365157656a74c132f6c4e781b8eb80449f2ff041,2ff041,1,单,小
2026-08-09 03:54:19,85182628,000000000513c8a43ce9e87f208983c32c4833fec4f345020f6338e7c9dcc235,dcc235,5,单,大
2026-08-09 03:54:29,85182631,000000000513c8a7107de7d3dc9e5bbd1fc161da21cb4f5cab14ad32e7a0f45d,a0f45d,5,单,大
2026-08-09 03:54:39,85182635,000000000513c8ab98f21c66a5c739343980e4e8a26f9348b6a44c69ef9a1574,9a1574,4,双,小
2026-08-09 03:54:48,85182638,000000000513c8aed0cbf3e2d3c01425aada59fac741cb348f5f59eff11ae456,1ae456,6,双,大
2026-08-09 03:54:58,85182641,000000000513c8b18c87a4e0638a7d512c68b753ca4246ce0e6a25f4fe0f68cf,0f68cf,8,双,大
2026-08-09 03:55:08,85182644,000000000513c8b4d03bd47fb6440e4624bcdeb90cc8eefa819785e1c3f6dc88,f6dc88,8,双,大
2026-08-09 03:55:17,85182648,000000000513c8b81013056c8bf4b90bf9905ec8f6e8a0761097160ec34754da,4754da,4,双,小
2026-08-09 03:55:27,85182651,000000000513c8bb5ab8c0e2fc5a1f1bb55470b6e767ffc14addcebedce014ca,e014ca,4,双,小
2026-08-09 03:55:37,85182655,000000000513c8bf6536a811590d506fc517e106a261bfbd68b8a305a6ed3f58,ed3f58,8,双,大
2026-08-09 03:55:47,85182658,000000000513c8c2ac260ee1f9926b6739ea95da005e02558be30d68cc19889a,19889a,9,单,大
2026-08-09 03:55:57,85182661,000000000513c8c5decd53859f1f129c7fbfcec223301760ff03adea974e1bf4,4e1bf4,4,双,小
2026-08-09 03:56:07,85182665,000000000513c8c9e480741a2625663a760e54405d930ce4792ab69e8e6ca753,6ca753,3,单,小
2026-08-09 03:56:17,85182668,000000000513c8cc6c248e5b6419eab8cf99ed0087de31055612cf114df94033,f94033,3,单,小
2026-08-09 03:56:27,85182671,000000000513c8cf5193fbc32c5b14fa5304bd475b31d5a6b540df96fcd4ecc6,d4ecc6,6,双,大
2026-08-09 03:56:37,85182674,000000000513c8d2d636835aac928bca39a5a02f410894f676e90ca1457fb2b0,7fb2b0,0,双,小
2026-08-09 03:56:46,85182678,000000000513c8d6357ec477201bfac7b0052930af67d1b853683e70ca65f5d4,65f5d4,4,双,小
2026-08-09 03:56:55,85182681,000000000513c8d9136da2d1ccd6f0e3fa9b5c81095f3e46f0a3d42e74dc5c35,dc5c35,5,单,大
2026-08-09 03:57:05,85182683,000000000513c8dbd07269859517e4544033973e568bd871f23b4bf56f03d030,03d030,0,双,小
2026-08-09 03:57:14,85182687,000000000513c8dff2009b41cdfaf2c017f969301c45ffcaf374d1234584a5b4,84a5b4,4,双,小
2026-08-09 03:57:24,85182690,000000000513c8e247501f974e6c9294952d4dc691f1fc40f13eb3463e6d1437,6d1437,7,单,大
2026-08-09 03:57:34,85182693,000000000513c8e51127e8e2497db739b17de4f7d0888229f398f1b5259a00ad,9a00ad,0,双,小
2026-08-09 03:57:44,85182696,000000000513c8e83fd49c59925f7c70980991d086b0a0f91ffb15e247ecda6d,ecda6d,6,双,大
2026-08-09 03:57:53,85182700,000000000513c8ec5c45469c764dbe607f9620571a4d58dcee0eae01701cb1e8,1cb1e8,8,双,大
2026-08-09 03:58:03,85182703,000000000513c8ef2e9ad00d00dc8031685eee36bf5a36a068f5674de0445472,445472,2,双,小
2026-08-09 03:58:12,85182706,000000000513c8f2f740276caed155dcf53c679bdbcdcc5677bc669e0b1a9b48,1a9b48,8,双,大
2026-08-09 03:58:22,85182710,000000000513c8f6abb0828ceec79ca96b11acfe7ca47f309f779bd639cc6e96,cc6e96,6,双,大
2026-08-09 03:58:31,85182712,000000000513c8f854e7439cd2c98c0c68d622861c2f96ca1b0f655bd2c3bb68,c3bb68,8,双,大
2026-08-09 03:58:40,85182715,000000000513c8fb0252e48e8e0540a1c88cac8e10c90d3b23a4c096f975c942,75c942,2,双,小
2026-08-09 03:58:50,85182718,000000000513c8fe6252a2f6a2bae3e3e43b7aff9f300f3a9c20e30381d85fc6,d85fc6,6,双,大
2026-08-09 03:59:00,85182722,000000000513c90249532742c6e5ca0e89e2c8cb344e353d45f48c0ebec9553d,c9553d,3,单,小
2026-08-09 03:59:09,85182725,000000000513c9056b2a11e420cc88865e28a01c26e23214b425eed075d17b42,d17b42,2,双,小
2026-08-09 03:59:19,85182729,000000000513c9092864662db11d54d94c3393d0f7247588939c5cc85909d8fc,09d8fc,8,双,大
2026-08-09 03:59:29,85182731,000000000513c90b41b26efb93ecd561556683145c1dfbd51f074b860eb2b550,b2b550,0,双,小
2026-08-09 03:59:38,85182735,000000000513c90fff6c203da253987fb43bc8cc35ea8b612fe2831dc2914914,914914,4,双,小
2026-08-09 03:59:49,85182738,000000000513c912e38f25461e183a43429bd656baeec68db7ec6c56416a164f,6a164f,4,双,小
2026-08-09 03:59:59,85182742,000000000513c916fa100f75cca0fbb27fe14a371b2547ba358c57429f830292,830292,2,双,小
2026-08-09 04:00:09,85182745,000000000513c919ab43272aec817096025afb087464d81d8f22b41d107df0fa,7df0fa,0,双,小
2026-08-09 04:00:18,85182748,000000000513c91ccd10a36093ff3a1d75521fb206e3fbc8da0c899c5f37d53d,37d53d,3,单,小
2026-08-09 04:00:28,85182752,000000000513c920a01e2e83a5a3e4f6df526bbcd5f8c5956dff31eac41e22ae,1e22ae,2,双,小
2026-08-09 04:00:38,85182754,000000000513c922cdc7a052e4469a8fb922530bb9085943c70147c644b30d66,b30d66,6,双,大
2026-08-09 04:00:47,85182758,000000000513c926bf01edb7f53405499f572b73408fcf4f86f32059362d938c,2d938c,8,双,大
2026-08-09 04:00:57,85182761,000000000513c929b979bfa9dda2d79d134f1875e3069b4b0dd214b227b95990,b95990,0,双,小
2026-08-09 04:01:07,85182764,000000000513c92ceb96087a5529730bff3529ef222e51f9c4614dc604b6163e,b6163e,3,单,小
2026-08-09 04:01:17,85182768,000000000513c93072723bcb77e119b25988cd85c4b632352f6bd8371d8a261f,8a261f,1,单,小
2026-08-09 04:01:27,85182771,000000000513c933719a252d039767e99bc2a271e77418131d757e088777474d,77474d,4,双,小
2026-08-09 04:01:36,85182775,000000000513c9379a012aed8a52115d06409c7277c7a2c8243da3e3ae31712f,31712f,2,双,小
2026-08-09 04:01:46,85182778,000000000513c93acbf000f660f108a0253b5fbe2d1c290713d730efb61cf0b3,1cf0b3,3,单,小
2026-08-09 04:01:56,85182781,000000000513c93deac97f3173b0921fc4239cbc4c90e19725797402a97d0f08,7d0f08,8,双,大
2026-08-09 04:02:06,85182784,000000000513c9403dbb9aaeecc9db0693bc57800dafbfe7a387c9fd2c0885c9,0885c9,9,单,大
2026-08-09 04:02:16,85182788,000000000513c944e90ccac7a26b5ad54d8a1f749522203a096d8448a50dbe68,0dbe68,8,双,大
2026-08-09 04:02:26,85182791,000000000513c947835ea1fa71a21d174f8587744acff1c622451b6ca33b7e40,3b7e40,0,双,小
2026-08-09 04:02:35,85182794,000000000513c94a310f76e97c2d8eb9468989cc984e2b4d046b1cf32dbaa0ca,baa0ca,0,双,小
2026-08-09 04:02:45,85182797,000000000513c94d904f5319d9a2358f325f196d03cfbe94a6b435ad88979379,979379,9,单,大
2026-08-09 04:02:55,85182800,000000000513c9503e1d8fad61de53322eb0e70e3e45003b6ae3a56465948534,948534,4,双,小
2026-08-09 04:03:05,85182804,000000000513c954774b72d002f242c7dcb43b0279d6ebe7761b4d36932c3328,2c3328,8,双,大
2026-08-09 04:03:15,85182808,000000000513c9586cfedc1931572b02341327195dd618c15e638d03647f77e5,7f77e5,5,单,大
2026-08-09 04:03:25,85182810,000000000513c95a4db1de1a799c70b9977dc90afb3f8cf0c008377fee2edb7a,2edb7a,7,单,大
2026-08-09 04:11:52,85182979,000000000513ca03381bb61827b3b5a35cddb7c07a42ac7a02f702f9e5019ff7,019ff7,7,单,大
2026-08-09 04:12:01,85182983,000000000513ca0798642cf37c11591d7d66bdd921ea2bccfa8fc0e4759baff9,9baff9,9,单,大
2026-08-09 04:12:11,85182986,000000000513ca0ab2bf5e9916ed126cdfc387ee37ce9bfe7011eca306ac079b,ac079b,9,单,大
2026-08-09 04:12:21,85182989,000000000513ca0d2d09ded826b1daed8baabba9ff1f468834f4a3432ab93796,b93796,6,双,大
2026-08-09 04:12:31,85182992,000000000513ca10d90cf28b57489b219311bd5995cb2bfcba2aeed2b664f51e,64f51e,1,单,小
2026-08-09 04:12:41,85182996,000000000513ca144a9f4566293d988e36caaeeb178d804901f698d0303da728,3da728,8,双,大
2026-08-09 04:12:51,85182999,000000000513ca174fe9cb57814b9f14799de0cb3031af164a72b746b3ae860c,ae860c,0,双,小
2026-08-09 04:13:01,85183002,000000000513ca1a2094ddefdf766b56837decb68ad4a8919358a17102a78c33,a78c33,3,单,小
2026-08-09 04:13:11,85183005,000000000513ca1df9e44ef6ad46fd9b44882d7e27bd3fed666603a3b45073bd,5073bd,3,单,小
2026-08-09 04:13:21,85183010,000000000513ca22856958996cb804c7ee5ba27fc09b7289789369ea2e4194df,4194df,4,双,小
2026-08-09 04:13:32,85183012,000000000513ca242fdf5f9a8186d02064015afa35b0fe6fe7160891b67e25cd,7e25cd,5,单,大
2026-08-09 04:13:42,85183016,000000000513ca28eaf651795971ab4f8fafc954fa4d5d8203ef5086955a238f,5a238f,8,双,大
2026-08-09 04:13:51,85183019,000000000513ca2b96b3bf949674282ce4396098989ea1c3efbb9031956aeb5a,6aeb5a,5,单,大
2026-08-09 04:14:02,85183023,000000000513ca2f91385952ec5951e49ba2090b8507850d35bf5efc74c420fd,c420fd,0,双,小
2026-08-09 04:14:12,85183026,000000000513ca32ca8c1dfcb4bcb6f2d7d2e010c219a81925847bbe25ecef52,ecef52,2,双,小
2026-08-09 04:14:23,85183030,000000000513ca36faf664eab62bc3f81b4156b3a07761bf04433eb1c7ee13db,ee13db,3,单,小
2026-08-09 04:14:34,85183034,000000000513ca3a9f5270d026f4b21092ec054d92eca932229d284f09aee06b,aee06b,6,双,大
2026-08-09 04:14:44,85183037,000000000513ca3d4e81af4e20169531c57287cd93d70a110489226d7fb3fbd3,b3fbd3,3,单,小
2026-08-09 04:14:55,85183040,000000000513ca4055b84690265da83cbec98e6ac05cc6f17292070d27be91b2,be91b2,2,双,小
2026-08-09 04:15:05,85183044,000000000513ca4482c5357d0c0a774c5864a3a5d6b71fb5afc5ed4900f5a4e7,f5a4e7,7,单,大
2026-08-09 04:15:16,85183047,000000000513ca4777c62884cda2682f64c63b30b8a5e169b29f961ac23c022c,3c022c,2,双,小
2026-08-09 04:15:26,85183051,000000000513ca4b717326f00c91791034bca61ad46b300aa67d0c4b63d61806,d61806,6,双,大
2026-08-09 04:15:37,85183055,000000000513ca4f634a1df9ab2fb3b90ff50f81ffb01e47f32048102f7ed232,7ed232,2,双,小
2026-08-09 04:15:47,85183057,000000000513ca518cd7b1ecb954ec202cf949550c793399ebf9db4705c92871,c92871,1,单,小
2026-08-09 04:15:56,85183061,000000000513ca55a1abb04617ee0135e8868750e1cec7395e18179fc9b8a9f7,b8a9f7,7,单,大
2026-08-09 04:16:06,85183064,000000000513ca58b47d6869465200553c8b1f05838613e7434c773ebd7d1834,7d1834,4,双,小
2026-08-09 04:16:16,85183068,000000000513ca5c56421e78b3c4af60b17a3e3f318f997ab8c112918b024344,024344,4,双,小
2026-08-09 04:16:26,85183071,000000000513ca5f15f297c8bd3825f4bf47141849a1add34f9d9334b318756f,18756f,6,双,大
2026-08-09 04:16:36,85183074,000000000513ca62a3d4221db7040b0fe4f1c1224b420f4c0f2002d287e4757e,e4757e,7,单,大
2026-08-09 04:16:45,85183077,000000000513ca65c7452ee7a4ff8060c09c8a3fa5ce660a41ea2de43f905bbc,905bbc,5,单,大
2026-08-09 04:16:55,85183081,000000000513ca6959caa635ac39b020eff3fd57d8869abfd3f6e8084ccffd23,cffd23,3,单,小
2026-08-09 04:17:05,85183084,000000000513ca6cd3a2c1d1f8b316796b59d31f15886d44d1ad14eb17437b22,437b22,2,双,小
2026-08-09 04:17:16,85183087,000000000513ca6f42d8a3c99ff8b9e0afb6f2ab2fb7c649b0620d9c1d22429f,22429f,9,单,大
2026-08-09 04:17:26,85183091,000000000513ca736f55dbfb0f154c9495a03fe6527afb545c3ea6d2214d4718,4d4718,8,双,大
2026-08-09 04:17:36,85183094,000000000513ca76dfd1b2599e2870f6ab84def71d824a3ca17a4e6ea71265bf,1265bf,5,单,大
2026-08-09 04:17:46,85183098,000000000513ca7a4d21f9cf956af39beffec85578bcc5aabfd63a0fe78bae36,8bae36,6,双,大
2026-08-09 04:17:56,85183100,000000000513ca7c6636e8120c2a07c47892a4db7fb0bdbe241c79bea9e0b004,e0b004,4,双,小
2026-08-09 04:18:06,85183104,000000000513ca807edb8927e322e62bd394c0453f4d86fdd8e9d8606ded6f5f,ed6f5f,5,单,大
2026-08-09 04:18:16,85183107,000000000513ca831eb53df1d1d9390b734fc1143a33c329a06ee9f9306e5aa9,6e5aa9,9,单,大
2026-08-09 04:18:25,85183111,000000000513ca87e41e382b2b7ddaadce5e5bd064f3e2bd5bd9e0b32c8c362d,8c362d,2,双,小
2026-08-09 04:18:35,85183114,000000000513ca8a71ea99caf18905d7757924fa451c4943bcfeea876bcfb572,cfb572,2,双,小
2026-08-09 04:18:44,85183117,000000000513ca8dc9aa3ed7379febb43aeb8798ce395a28b7b9bf29f6ed8bc0,ed8bc0,0,双,小
2026-08-09 04:18:53,85183120,000000000513ca909b361fa3453e1eb77909203b47a0ec37454c1bbe407ff49c,7ff49c,9,单,大
2026-08-09 04:19:03,85183123,000000000513ca930123da5c2db7130154cd982fc83eca1ba11c894bbbece72c,ece72c,2,双,小
2026-08-09 04:19:14,85183127,000000000513ca9703a776bbbf9f40b452fbfbf0a6ad59ead1fa1c947fa746ed,a746ed,6,双,大
2026-08-09 04:19:23,85183130,000000000513ca9a81672257062c22086a116bb86cebbf9ca71b4d864f7e5aa8,7e5aa8,8,双,大
2026-08-09 04:19:33,85183133,000000000513ca9df296788d150500e297ff5711f75b9b419b85d6a2323ed306,3ed306,6,双,大
2026-08-09 04:19:44,85183137,000000000513caa1dc1299215a0e415edaaaa82b1c96041a98f80a2be0998fc6,998fc6,6,双,大
2026-08-09 04:19:54,85183140,000000000513caa4e5e7ea02b43d7af07953fbc511a99d920f8a2e0fe27b16de,7b16de,6,双,大
2026-08-09 04:20:05,85183144,000000000513caa8f2d2747b13ec471dd56bbb07be7f86df1a73c053e6caba43,caba43,3,单,小
2026-08-09 04:20:15,85183147,000000000513caab0518b0c6b7fab0f8aa93ceef9395c7d15b207e868817409c,17409c,9,单,大
2026-08-09 04:20:25,85183150,000000000513caaed76adfd4cd1d1f36491ac86cfd4ae187a5a6ebabdf8d9beb,8d9beb,9,单,大
2026-08-09 04:20:36,85183154,000000000513cab27a6de44dd93a98f644d2fb7d66c343e70d81f82ce78bbaaa,8bbaaa,8,双,大
2026-08-09 04:20:46,85183158,000000000513cab68b061279699fc8a223ab7d45c4d02b015838f1fbb86430d7,6430d7,7,单,大
2026-08-09 04:20:56,85183161,000000000513cab910fb6854a119d998e7ca8aeea0810f2e359bee3060256cc5,256cc5,5,单,大
2026-08-09 04:21:05,85183164,000000000513cabcb6c152b40bfb9e7353250a9a96b20451b1669eccb03559f5,3559f5,5,单,大
2026-08-09 04:21:15,85183167,000000000513cabfa6393909d6f6bce2028241c93cbd43234a8bbb06124c5ebf,4c5ebf,5,单,大
2026-08-09 04:21:25,85183171,000000000513cac3adbce4e62b84ff54cd81b60df14644bc87f06a6d449412f3,9412f3,3,单,小
2026-08-09 04:21:35,85183174,000000000513cac61b5b73561e28a1255c29039d0f532c9c6b376c5fe764445f,64445f,5,单,大
2026-08-09 04:21:44,85183177,000000000513cac997eaf2bc499001581ca22dc956b8e494844ebe0bc1740599,740599,9,单,大
2026-08-09 04:21:54,85183180,000000000513cacc41be83050750c80d7a32f9e8a78a993e3f247badbfaa2cab,aa2cab,2,双,小
2026-08-09 04:22:03,85183183,000000000513cacfda04e4c79390c9d185db662aad0513c0bcd5f905367a8e4c,7a8e4c,4,双,小
2026-08-09 04:22:13,85183187,000000000513cad3c984d56449c0e0ffd761c3a1b2f38d3bd9ad94ec18f543ca,f543ca,3,单,小
2026-08-09 04:22:23,85183190,000000000513cad64b07d78f5b999f51f3467e291a3bc3d38057a4832d5871d3,5871d3,3,单,小
2026-08-09 04:22:33,85183193,000000000513cad9ef6e3cb64f643dd5b493db178846c0d97c7b1591c3b8e92d,b8e92d,2,双,小
2026-08-09 04:22:43,85183197,000000000513caddfc4fe2c2a618956a1f3938cbc643fcdb2a693421cfb5d627,b5d627,7,单,大
2026-08-09 04:22:52,85183199,000000000513cadf758700aaca31e81eb874ac12b96578d24ce0762e655be51b,5be51b,1,单,小
2026-08-09 04:23:02,85183203,000000000513cae358e5b891965b330f9bd9b47da2ce50bc64c42056d829c54d,29c54d,4,双,小
2026-08-09 04:23:13,85183206,000000000513cae688a93c145ddd0bf4f5b5298918cbd744e6a2f376a085895a,85895a,5,单,大
2026-08-09 04:23:23,85183210,000000000513caea2ffedab595cba7099d58e7dd01e0b447f6b0f622e13b7f7a,3b7f7a,7,单,大
2026-08-11 10:32:48,85248183,000000000514c8b7312af7d343aa6fd75191d0a8332405d24ec87503ef3b2907,3b2907,7,单,大
2026-08-11 10:32:58,85248186,000000000514c8ba3402187973dee15bed8a431f1ed062feb215f563d4e7b2bc,e7b2bc,2,双,小
2026-08-11 10:33:08,85248189,000000000514c8bd1be4098d9886b4bb927f509f8fe86ca534b0077c0734356b,34356b,6,双,大
2026-08-11 10:33:17,85248192,000000000514c8c0ab86681c3a3ea3e3fb40f88583b6e2306add91b9d36a0964,6a0964,4,双,小
2026-08-11 10:33:27,85248195,000000000514c8c3fe9f113f06c50724ef34e0e228a0b192a5cb6e12569db539,9db539,9,单,大
2026-08-11 10:33:37,85248198,000000000514c8c6df2eb3f8baa43591c532bfe7c758e65827bf28918f477a4e,477a4e,4,双,小
2026-08-11 10:33:47,85248201,000000000514c8c9675afc947ad98821ca07ef8ec3923f0a040ea1210bfdadf8,fdadf8,8,双,大
2026-08-11 10:33:57,85248204,000000000514c8cc58beb62e80a9b04fb0300e718237d6252af3058b0526b720,26b720,0,双,小
2026-08-11 10:34:06,85248210,000000000514c8d23c6f3725557f17f21f8018f8256c26b543d83bd5af6aef4f,6aef4f,4,双,小
2026-08-11 10:34:16,85248213,000000000514c8d567f15b914bd722f47f11743401e74c4250011fc46aee5bf5,ee5bf5,5,单,大
2026-08-11 10:34:26,85248216,000000000514c8d837020d3172d01da60620e80f765554585f7fc2a3f5616892,616892,2,双,小
2026-08-11 10:34:35,85248219,000000000514c8dbb8b914ffeb1228eaf6b5d01fb9a182868bb0c00d0043bea3,43bea3,3,单,小
2026-08-11 10:34:45,85248222,000000000514c8deed30048289357ad27ade905317a90c35f5ead3d803e82c4b,e82c4b,4,双,小
2026-08-11 10:34:55,85248225,000000000514c8e1951e406d425ec23cc730df1f9525bb5b2d44899bbadca122,dca122,2,双,小
2026-08-11 10:35:05,85248228,000000000514c8e4dcb45f8eb92067c74b190f200df4f10ddce687bf54338771,338771,1,单,小
2026-08-11 10:35:15,85248231,000000000514c8e780b3437186a0f954e0a70e05640bda860d9743382fc90d3f,c90d3f,3,单,小
2026-08-11 10:35:24,85248234,000000000514c8ea403a7c6aec4e5766670ce1e8d589f47a35b65ba5e2dfd86c,dfd86c,6,双,大
2026-08-11 10:35:34,85248237,000000000514c8ed847fa41caf8548da12eff7642fe305b28bda40f31926e84b,26e84b,4,双,小
2026-08-11 10:35:44,85248243,000000000514c8f319a59871b0a0931de3918a81bacd327cfb9920adf198afb9,98afb9,9,单,大
2026-08-11 10:36:04,85248249,000000000514c8f9e7a5463748a53b5feabeda9f8a6b41e758d97d8bc36b58ee,6b58ee,8,双,大
2026-08-11 10:36:13,85248252,000000000514c8fc9827ab870e60055fc294c0850c854f536d4a6ca7ce929c7f,929c7f,7,单,大
2026-08-11 10:36:23,85248255,000000000514c8ff252c7514934a552e84bf455afeae7ec2e2ac969b156ad359,6ad359,9,单,大
2026-08-11 10:36:33,85248258,000000000514c902e65e4d3a9ab106dddf028fe47cf1d3e65a8f6d69d17afb46,7afb46,6,双,大
2026-08-11 10:36:43,85248261,000000000514c905f187630c78e807f54c5861248ce036ce03a4ed51d5f55f48,f55f48,8,双,大
2026-08-11 10:36:53,85248264,000000000514c90827723ee0f97d6edbbe02628c4c247c8ddf8d844e20719e11,719e11,1,单,小
2026-08-11 10:37:03,85248267,000000000514c90b9df610a431289c1bf64f2d8ccd50286c468f610192e6e041,e6e041,1,单,小
2026-08-11 10:37:13,85248270,000000000514c90e4c99336c0a73bf51b1b10f35075b14e85bc0ceb9db650b03,650b03,3,单,小
2026-08-11 10:37:23,85248273,000000000514c9116db19a89b82b8ccea9d9b01a47b77c8ec95bc32cb7178e69,178e69,9,单,大
2026-08-11 10:37:32,85248276,000000000514c9146dcd1e8e7afb28bd18948a4409bba568c23d4766b23a375a,3a375a,5,单,大
2026-08-11 10:37:42,85248279,000000000514c9174af026b5be3829260fa57c192e55de4b9cf7c6ddf7c3458b,c3458b,8,双,大
2026-08-11 10:37:52,85248285,000000000514c91d7544125aeaa4c2a4c97631bbad1337ffde47344af3157bb9,157bb9,9,单,大
2026-08-11 10:38:02,85248288,000000000514c92078f98c7849f7e64f881a22990202d4969fb928b2e7a2fd11,a2fd11,1,单,小
2026-08-11 10:38:11,85248291,000000000514c923aa8f195afcb8cc1b0dc9b2f3d96768442a4e7e5a0faf8426,af8426,6,双,大
2026-08-11 10:38:21,85248294,000000000514c926f293314c96cf8d6be089b7dc5e88daeb589f44913a334796,334796,6,双,大
2026-08-11 10:38:31,85248297,000000000514c9295e330dc16ae2c0bb7263b794e6d5738a512f9ef71226403c,26403c,3,单,小
2026-08-11 10:38:41,85248300,000000000514c92c68925d7484de8940a1fbbad73ff0bf78d97fff03834b554b,4b554b,4,双,小
2026-08-11 10:38:51,85248303,000000000514c92ffe91517f2714a8b8e27096e504ffc5cf365ae5b7545fa505,5fa505,5,单,大
2026-08-11 10:39:01,85248306,000000000514c932ab752e1066d4efbcc649a1b136cb00247af0e2f0a48a608e,8a608e,8,双,大
2026-08-11 10:39:10,85248309,000000000514c9356fc52e3254bbf0a7b0742c36972c1d9140c4a4ae6183775e,83775e,5,单,大
2026-08-11 10:39:20,85248312,000000000514c938021b993f41a87adf564eb2cea1301a57b56b06822f0b8ad9,0b8ad9,9,单,大
2026-08-11 10:39:30,85248315,000000000514c93bbfde8dd5d3ee8c7c0cb548dca2d474d8300dcc9ce4cf0b7f,cf0b7f,7,单,大
2026-08-11 10:39:40,85248321,000000000514c9413da49b0463595122f97ef1cf6c1e73111edc99b6a52ba1fa,2ba1fa,1,单,小
2026-08-11 10:39:50,85248324,000000000514c944a1600fa964b70813e77e6154385b29b78854a4699126e023,26e023,3,单,小
2026-08-11 10:39:59,85248327,000000000514c947e2a97261a445a83a34a031a982c0fddb0d87892f11578e46,578e46,6,双,大
2026-08-11 10:40:09,85248330,000000000514c94a733d50ee3787520afd30ff8d02e586755848ab4b4e071e23,071e23,3,单,小
2026-08-11 10:40:19,85248333,000000000514c94d2012f1e252361804bf23ddc1df06414e066e331f6b776b44,776b44,4,双,小
2026-08-11 10:40:29,85248336,000000000514c9503fa05e01605fa2dc3a99e68b92b7947fd86d7e79be672716,672716,6,双,大
2026-08-11 10:40:39,85248339,000000000514c953909296e0f974d178814ae8b8e735b0933906eac533ad640b,ad640b,0,双,小
2026-08-11 10:40:49,85248342,000000000514c956a1a93a5a29003094eab22cb20616de33f6e60c99513437f5,3437f5,5,单,大
2026-08-11 10:40:59,85248345,000000000514c959bf1e8d24a0dca6d866615ae07bb2df8ca6e4868c2cff718a,ff718a,8,双,大
2026-08-11 10:41:09,85248348,000000000514c95cb4aa2d14e9e10e42b73737c484a5d7ec5257723e74fac59b,fac59b,9,单,大
2026-08-11 10:41:18,85248354,000000000514c9628fe56f7b983fca47f356bd175a12726b14a8fd76406ad3fd,6ad3fd,3,单,小
2026-08-11 10:41:28,85248357,000000000514c965edf49ea6de716f120143baa50082766dc46194e3bbab9489,ab9489,9,单,大
2026-08-11 10:41:39,85248360,000000000514c968f67cfaea4b05f5f582cd5cbcf5efa49b6102c2cd98350126,350126,6,双,大
2026-08-11 10:41:49,85248363,000000000514c96b47aa7ed796c4286bd682ccf7fc0837dd999525e80b2f8d30,2f8d30,0,双,小
2026-08-11 10:41:59,85248366,000000000514c96e9544c6192b9eb8c09a0b9eb65422765c07d8fd41d17f335e,7f335e,5,单,大
2026-08-11 10:42:08,85248369,000000000514c971bb7911c865efcae77dccfb05d45c4fd2fed271def05bf08d,5bf08d,8,双,大
2026-08-11 10:42:18,85248372,000000000514c9740b570c9ac499fe00c27af6089e0add3a64a0af9f7fe1cad5,e1cad5,5,单,大
2026-08-11 10:42:28,85248375,000000000514c977d8b4dc946e1dc24f233e1a54e505d77c854fcfede7a172f7,a172f7,7,单,大
2026-08-11 10:42:38,85248378,000000000514c97a930d71ff1a6e412fff9fb32a1cecbaf94597a1a22801434e,01434e,4,双,小
2026-08-11 10:42:48,85248384,000000000514c9806e8cec2f976a98330c515d7fbdb7e0752634792446821ef5,821ef5,5,单,大
2026-08-11 10:42:58,85248387,000000000514c9839c2a03f617c9376fdc16e39602a1454b37df41e9c392ced5,92ced5,5,单,大
2026-08-11 10:43:08,85248390,000000000514c986c4c275773eafc32affe4eb6f636de0d4337d0118fc905ce1,905ce1,1,单,小
2026-08-11 10:43:18,85248393,000000000514c989d9933c5f1869ca82806b9e2b1ae672f731411a7eabbfd4e8,bfd4e8,8,双,大
2026-08-11 10:43:27,85248396,000000000514c98c55b107baeb8cf2354da64146201f12188ff9b799a9d10f8c,d10f8c,8,双,大
2026-08-11 10:43:37,85248399,000000000514c98fefe3c78003df6e236c5b67935e526279d7dfee18909bfe78,9bfe78,8,双,大
2026-08-11 10:43:47,85248402,000000000514c9928c34cc49f2a23ebbc6acb995dc9e664c88f9c195e8c884ca,c884ca,4,双,小
2026-08-11 10:43:57,85248405,000000000514c995710d562b108caf368f42c1629faf15422c09aaf72a1a853f,1a853f,3,单,小
2026-08-11 10:44:07,85248408,000000000514c998e35cba198d1342e008b50a22f59b082c4319008189555f73,555f73,3,单,小
2026-08-11 10:44:17,85248411,000000000514c99b5c1bb7bfbae57bebb33d8d4c621874efc3b3201aa5877442,877442,2,双,小
2026-08-11 10:44:27,85248414,000000000514c99ec81c83ce5e8b9774fe8e86c93dc6aa617fc837998c20bec8,20bec8,8,双,大
2026-08-11 10:44:37,85248420,000000000514c9a444d034e98d784cf683ad08a8cafdde8f981fab163d258274,258274,4,双,小
2026-08-11 10:44:47,85248423,000000000514c9a74308fa92ac7f03a461b1fc2beb7b7e41c1cc764d8196c9ea,96c9ea,9,单,大
2026-08-11 10:44:56,85248426,000000000514c9aaead7db84a239d66a0cb87fb7a67754b77063847863b9f51f,b9f51f,1,单,小
2026-08-11 10:45:06,85248429,000000000514c9adae852b3afd6c888c49c28844b198d79a22223f3d9bbba84a,bba84a,4,双,小
2026-08-11 10:45:16,85248432,000000000514c9b036d370035092654b9dbc6771594560935940f335992a6ce9,2a6ce9,9,单,大
2026-08-11 10:45:26,85248435,000000000514c9b33af59a50467c74588e3ca9ead840b88c82228840737650f5,7650f5,5,单,大
2026-08-11 10:45:36,85248438,000000000514c9b657e15f2f6d76cb8720c025320bb01634a9f651346e1b8366,1b8366,6,双,大
2026-08-11 10:45:46,85248441,000000000514c9b913a9f675d55c5232f9981c49418e2cb28c94ae0e3c60c023,60c023,3,单,小
2026-08-11 10:45:55,85248444,000000000514c9bcf66b4b63ee4e31581dc1fcbca52b9c0f264373642a3bf042,3bf042,2,双,小
2026-08-11 10:46:05,85248447,000000000514c9bf0aa1fd371e57a26fd35a06854309ca04a105aaa5aedccd0d,dccd0d,0,双,小
2026-08-11 10:46:15,85248453,000000000514c9c52e86d69a3a0cf51ed83b28a80298ff7817df0324b6ef442d,ef442d,2,双,小
2026-08-11 10:46:25,85248456,000000000514c9c8fe229dfcb2413c3548510821d93c5ed3a30920bfcc384e03,384e03,3,单,小
2026-08-11 10:46:35,85248459,000000000514c9cb8d56b9c23c8927a636e9ad3f901caee697408c0af5adf49c,adf49c,9,单,大
2026-08-11 10:46:44,85248462,000000000514c9ce3ff045ec062f64bcb8d23c97ff55a9ecab9e22905b93cb01,93cb01,1,单,小
2026-08-11 10:46:54,85248465,000000000514c9d1622f4d469b39628bc33936a5e661600564718dbd0a18dc2a,18dc2a,2,双,小
2026-08-11 10:47:04,85248468,000000000514c9d4800170e15da6729e6216e2f0db6aa3e061619039a326f662,26f662,2,双,小
2026-08-11 10:47:13,85248471,000000000514c9d7aae11c6b45b794142450e24d10d8ed909f899d6e6ce79b5b,e79b5b,5,单,大
2026-08-11 10:47:24,85248474,000000000514c9da5b459c0053007059d31fddc2c37f10ef95da86aa6de59a93,e59a93,3,单,小
2026-08-11 10:47:33,85248477,000000000514c9dd965cff46644101f89f2dfd9e6922fc1303b728d0937a8462,7a8462,2,双,小
2026-08-11 10:47:43,85248480,000000000514c9e054da2472493ec65a322e1dd0cd6767035c39d67a35cf0559,cf0559,9,单,大
2026-08-11 10:47:53,85248483,000000000514c9e3fb1c717021e0497c89550e70c0f741b0011465bb1842d2b0,42d2b0,0,双,小
2026-08-11 10:48:03,85248486,000000000514c9e68a88f6bd45b27469020180ef9df7fb0ef1ecae6d5da76111,a76111,1,单,小
2026-08-11 10:48:13,85248492,000000000514c9ec3b6a2ccd5876c18c7146bc4fdf497516c43807fb15d96759,d96759,9,单,大
2026-08-11 10:48:23,85248495,000000000514c9ef0273883a23e6c615a1dc18b85887d91e1ce6c05004e6244c,e6244c,4,双,小
2026-08-11 10:48:32,85248498,000000000514c9f2cf9cfeba2e934ebf51f8588f6b4c48e894bb705fd0bfc0e1,bfc0e1,1,单,小
2026-08-11 10:48:42,85248501,000000000514c9f520237076275d61d2e6f66b39446d06596f0617f9ed564960,564960,0,双,小
2026-08-11 10:48:52,85248504,000000000514c9f89ce29527b988e8a25c8fa746e1464e9d018abbf9c980bc25,80bc25,5,单,大
2026-08-11 10:49:02,85248507,000000000514c9fb5033e5f29fb9c9b8c5623b56d7baa7d5185a60160f3f8028,3f8028,8,双,大
2026-08-11 10:49:11,85248510,000000000514c9fe27cb93a2c40cb9eba2c49dab0cef11c62b8f196293d87023,d87023,3,单,小
2026-08-11 10:49:21,85248513,000000000514ca018daeff8d559f18bf6937f5784ff7c0bd990d58af9d282caf,282caf,2,双,小
2026-08-11 10:49:31,85248516,000000000514ca0427c36821403756ccae54c9fdef97bf679e53780b2629bb11,29bb11,1,单,小
2026-08-11 10:49:41,85248519,000000000514ca072cb49f70ff70c8d4c5cc06c1d6a492bc630aa06cfe504938,504938,8,双,大
2026-08-11 10:49:51,85248525,000000000514ca0d5ff16395e8982982beeb12c3fc4116d3f6f42274c479f97e,79f97e,7,单,大
2026-08-11 10:50:10,85248531,000000000514ca133c4f6641f991eab8cb7a1bb9671512c1c3baaca650a241e0,a241e0,0,双,小
2026-08-11 10:50:20,85248534,000000000514ca16fca5dc5ca97b4981345fede799649edd78c827067146df94,46df94,4,双,小
2026-08-11 10:50:30,85248537,000000000514ca19e19fba0c785caaab28ce919797f91ef831bb8d39310f282e,0f282e,2,双,小
2026-08-11 10:50:39,85248540,000000000514ca1c685376d747e07ec75dc401708e3558035cf2ff6584ddb29f,ddb29f,9,单,大
2026-08-11 10:50:49,85248543,000000000514ca1f6189ec9914d586450f701804ddc2aef741fa4f7c3fedb53a,edb53a,3,单,小
2026-08-11 10:50:59,85248546,000000000514ca22c34e9b5155e97c5c29c1bff05e91b8c165ae57c4c508e69c,08e69c,9,单,大
2026-08-11 10:51:09,85248549,000000000514ca25f5b6ec1e04445b2c3b133b33f4911dd63ddf154e8672f3f9,72f3f9,9,单,大
2026-08-11 10:51:19,85248552,000000000514ca28b4004472502ea62584b1934096a21f9255c9ee419e90d848,90d848,8,双,大
2026-08-11 10:51:28,85248555,000000000514ca2ba2da211f624608c5c7a4b07eb3fc539c580f58f120b826f2,b826f2,2,双,小
2026-08-11 10:51:38,85248558,000000000514ca2e828edd8b9a0cde72a0ea9028f71f71ffc896551591374c1f,374c1f,1,单,小
2026-08-11 10:51:48,85248564,000000000514ca34be908ff1b269be5d2f15198f4da2adb68ce83e64c3c826f7,c826f7,7,单,大
2026-08-11 10:51:58,85248567,000000000514ca379b0f45544dbc8eb84b78ea79395edea17e9541363c0fd272,0fd272,2,双,小
2026-08-11 10:52:07,85248570,000000000514ca3ac9f552645a1d5fcb792af6ceea914706d9eb60f194a9bb9a,a9bb9a,9,单,大
2026-08-11 10:52:17,85248573,000000000514ca3d3b510a728507be939c74460888e82ca945b94da69edc7f78,dc7f78,8,双,大
2026-08-11 10:52:27,85248576,000000000514ca409b44fad586a548e8b28e79809a8f9588e5505e64e72bf3ea,2bf3ea,3,单,小
2026-08-11 10:52:37,85248579,000000000514ca433b7e240e91898eaa533d45c7dd14ec43dfb7d0dde6884119,884119,9,单,大
2026-08-11 10:52:47,85248582,000000000514ca46c9a9420c080cd4544b4565c37147bad5101c1a7c3c439e48,439e48,8,双,大
2026-08-11 10:52:56,85248585,000000000514ca4955b730b5f7cdec6f7a08b933a647ad0f365067baf5d96535,d96535,5,单,大
2026-08-11 10:53:06,85248588,000000000514ca4cff5f122fe0ca1e18db7402ca62815f2b01f92c98c2c4c428,c4c428,8,双,大
2026-08-11 10:53:16,85248591,000000000514ca4ff4c8a45d10be36c2fd7cecb000e3ef074e687b4c1f48e644,48e644,4,双,小
2026-08-11 10:53:26,85248594,000000000514ca52f422a84b06f96040f9ad81ab671612235d5700a9ca6526b4,6526b4,4,双,小
2026-08-11 10:53:36,85248597,000000000514ca5593644a4e156cb4baff4f5a91e6ca59634f64a740715c4a5e,5c4a5e,5,单,大
2026-08-11 10:53:45,85248603,000000000514ca5b1e577d56e6f82e7fc26fb77035a71cb4e63a9bd5c09a580f,9a580f,0,双,小
2026-08-11 10:53:55,85248606,000000000514ca5edb17e046010b49f1743c17d26d573cf1adfab2be78bd1fe9,bd1fe9,9,单,大
2026-08-11 10:54:05,85248609,000000000514ca6118c56765bf6600c34ddf3ca40ac31eaad1a2b0ff12ff5de9,ff5de9,9,单,大
2026-08-11 10:54:15,85248612,000000000514ca64376f09bf12269447241b6fa3686d765692a5b028b951d294,51d294,4,双,小
2026-08-11 10:54:24,85248615,000000000514ca670e3c8eb21edc2aa3e1826b2b8cc8d1b0038cef77c74ca681,4ca681,1,单,小
2026-08-11 10:54:34,85248618,000000000514ca6ab971592b0e24e9fc7355724f3725b526e034d269a4069545,069545,5,单,大
2026-08-11 10:54:44,85248621,000000000514ca6d5399ad1d299252b0a7a457969753eb16595e883571aa4ec6,aa4ec6,6,双,大
2026-08-11 10:54:54,85248624,000000000514ca7071fab7824a7d565ca88dcbefba9d5fb3347db971d5a50c66,a50c66,6,双,大
2026-08-11 10:55:03,85248627,000000000514ca73712bc627c799eb13b1784cf0721b0c227c874179fb781a13,781a13,3,单,小
2026-08-11 10:55:13,85248630,000000000514ca76412da7fc5debae670d4b3fa882e98ce0928827ff34dd61f9,dd61f9,9,单,大
2026-08-11 10:55:23,85248636,000000000514ca7c2eb7c25d01fcbf53eab36a25a719bdcfcbd3bfe22c68d8fe,68d8fe,8,双,大
2026-08-11 10:55:43,85248639,000000000514ca7fc9f13a8ade5ddae33cc51bef6eece4b31c1fbef442625038,625038,8,双,大
2026-08-11 10:55:52,85248645,000000000514ca854d69951c5b69e12044a16bca2a96e7a0a7bd29fa75349adb,349adb,9,单,大
2026-08-11 10:56:02,85248648,000000000514ca88efc996e91778aa9889be602f6060d2c3fceb419eb91b0491,1b0491,1,单,小
2026-08-11 10:56:12,85248651,000000000514ca8b363a8ff0310f56dfb554a7e25ec64a797a070b48cedf8f91,df8f91,1,单,小
2026-08-11 10:56:21,85248654,000000000514ca8e187f8e1692795118ee35424eca05315a26a976cce049ad3a,49ad3a,3,单,小
2026-08-11 10:56:31,85248657,000000000514ca91e9e2e5d9dc74d03acd30622a8ef0a22c95dcfa1876542856,542856,6,双,大
2026-08-11 10:56:41,85248660,000000000514ca945dba47658df7bad30cd5bbf78492bcbcdf388a73ecea8ea9,ea8ea9,9,单,大
2026-08-11 10:56:51,85248663,000000000514ca9788d15ffc3fb60b83057e624444814ddc5acf2e03f1b9c2b3,b9c2b3,3,单,小
2026-08-11 10:57:01,85248666,000000000514ca9a2068992ab2cb73a7e711337b5de86a7e8d76258870e73c05,e73c05,5,单,大
2026-08-11 10:57:10,85248669,000000000514ca9dad4be11749bd5dfe5c5d292e9a3c76fc9eeb0944bea7f234,a7f234,4,双,小
2026-08-11 10:57:20,85248672,000000000514caa093c4b26561ed8c96de8d8ace1fe164ae50617e3e4d43c976,43c976,6,双,大
2026-08-11 10:57:30,85248678,000000000514caa66186afd5ba2139d1a975a24ec174fb12977decad3373ea22,73ea22,2,双,小
2026-08-11 10:57:40,85248681,000000000514caa9c20ea8e7625723996e2b355423cc2a7e6f12db837bd4905b,d4905b,5,单,大
2026-08-11 10:57:49,85248684,000000000514caacffda92bb1103e3ae570734416b5903a455c3d57db8c1ed4f,c1ed4f,4,双,小
2026-08-11 10:57:59,85248687,000000000514caaf5c9131885eb5220953ef5f40baa7c1a52eda4e08ebf8e2db,f8e2db,2,双,小
2026-08-11 10:58:09,85248690,000000000514cab28cea1a214e5a70f91ede77426ce6bf7deaafcb9b413f12d2,3f12d2,2,双,小
2026-08-11 10:58:19,85248693,000000000514cab58291a591fe0d7570f316a8bfd51fe939121ff07ace83ffa9,83ffa9,9,单,大
2026-08-11 10:58:28,85248696,000000000514cab82fded5fecf4ef5ca27648a1200e8d94a5e0ddb23c8ecd439,ecd439,9,单,大
2026-08-11 10:58:38,85248699,000000000514cabb2991328d5b706859aa8f365dce6ed564f40103b59f7ac640,7ac640,0,双,小
2026-08-11 10:58:48,85248702,000000000514cabe1530ce0f49f7a24df84f98c2e526c36d489a54be1eebdba6,ebdba6,6,双,大
2026-08-11 10:58:58,85248705,000000000514cac103c3cacf1ff8377c479ad7f45f3cc110ab25416253809566,809566,6,双,大
2026-08-11 10:59:07,85248708,000000000514cac48dce13e9d6ca4764d6c0c22eec885688bd09242e36dcff26,dcff26,6,双,大
2026-08-11 10:59:17,85248714,000000000514caca748e4e7b2d92fbf149e78f96a17b62adf5eaba021a98251c,98251c,1,单,小
2026-08-11 10:59:27,85248717,000000000514cacddb68374878a4aa395a2074e65dcac970690c4c9cc6208762,208762,2,双,小
2026-08-11 10:59:37,85248720,000000000514cad080bf7292aaf06baeba7ac0bbd66fb9883ae8f91f7316ebbc,16ebbc,6,双,大
2026-08-11 10:59:46,85248723,000000000514cad3479587d4a7361f1d1b4745d21a2d1f7a39bca4e2c9c83402,c83402,2,双,小
2026-08-11 10:59:56,85248726,000000000514cad64d842ded3f81196bea3526dcfa62de37f9338785057300c3,7300c3,3,单,小
2026-08-11 11:00:06,85248729,000000000514cad9a974c979a4688eec716fb072e091a334a19db0d39381bcd3,81bcd3,3,单,小
2026-08-11 11:00:16,85248732,000000000514cadc52cf860b0c510bcf6fac0718f7e28eab3f4a46e9b09b56ba,9b56ba,6,双,大
2026-08-11 11:00:25,85248735,000000000514cadf14df6722f114dc224e551ae77537736d12e8631d9262e12b,62e12b,2,双,小
2026-08-11 11:00:35,85248738,000000000514cae2b80be296cc9a389a0f2eaaece705971df5b0538087bf9790,bf9790,0,双,小
2026-08-11 11:00:45,85248741,000000000514cae5a7580c05c6897bf2c4ba3866dd37de5f3c1087f03b894452,894452,2,双,小
2026-08-11 11:00:55,85248744,000000000514cae88b5628d1b7a24d31bc7f32d8bcad6ecf105150b59a1672f0,1672f0,0,双,小
2026-08-11 11:01:05,85248747,000000000514caeb1db6ad998f21d451171620c178e09724fa5955d16a7471d8,7471d8,8,双,大
2026-08-11 11:01:15,85248750,000000000514caeea9bf1c6e3ab3d6cc57f9a33d3f9d3f59401e325394016ff1,016ff1,1,单,小
2026-08-11 11:01:24,85248756,000000000514caf4ca334718b9a0f1a5735d0022d564172e07122ca19c3640c8,3640c8,8,双,大
2026-08-11 11:01:34,85248759,000000000514caf7f57d415a08e7b2f18626118f9832fc797bc58dafd49ca903,9ca903,3,单,小
2026-08-11 11:01:44,85248762,000000000514cafab9030ebda841b1d93e96addd1d7706c746902bec1e0ce738,0ce738,8,双,大
2026-08-11 11:01:54,85248765,000000000514cafd76a1051f575321a030b5eeb2d9b8823c00740e5d576738a2,6738a2,2,双,小
2026-08-11 11:02:04,85248768,000000000514cb007d3b228a52b4dab6e43b709d7846da8d1062363969978a68,978a68,8,双,大
2026-08-11 11:02:13,85248771,000000000514cb03f9a64b804795d2f873fa541d3eebf088106df8af0d8ef57e,8ef57e,7,单,大
2026-08-11 11:02:23,85248774,000000000514cb061c4e6838c447937ee99da247e8d5672d93e9078e8e52fec4,52fec4,4,双,小
2026-08-11 11:02:33,85248777,000000000514cb09486d799f54437385714bb2119d083e2b3604abb4769e4ca4,9e4ca4,4,双,小
2026-08-11 11:02:43,85248780,000000000514cb0cf3fd5fcc30a6ac61dbccbf7eddff10e74b3e6b2c7ca17ba2,a17ba2,2,双,小
2026-08-11 11:02:53,85248783,000000000514cb0f06258be77bcf8a194fd5a168ededf428a396b6fba5ce418b,ce418b,8,双,大
2026-08-11 11:03:03,85248786,000000000514cb127cf23330d2325ed148f9ba1512b1d9a499981aa7da8aabf1,8aabf1,1,单,小
2026-08-11 11:03:13,85248792,000000000514cb18f238f2b6817d6307e58c9499d24cc191c9c9a2d214be6ace,be6ace,6,双,大
2026-08-11 11:03:23,85248795,000000000514cb1b41301f5588cba428214b2cf1856869d6358c1de7741b3a2b,1b3a2b,2,双,小
2026-08-11 11:03:33,85248798,000000000514cb1e169ee25a8fb5c177f31de04c8547d2f6ad6b6afd116b19ad,6b19ad,9,单,大
2026-08-11 11:03:43,85248801,000000000514cb210b1be1bc31745ce015f88e03d25a7c5eba2d0558cf303211,303211,1,单,小
2026-08-11 11:03:53,85248804,000000000514cb24939f804905d5492908e4b31bb92b3989b0b4e21c7f00412c,00412c,2,双,小
2026-08-11 11:04:02,85248807,000000000514cb27001ad69253d9505b8b0d813e476fbe04bc0ce4583f02587b,02587b,7,单,大
2026-08-11 11:04:12,85248810,000000000514cb2a62e9fd04f6cbebfd4a5a2ae3c9958388b95b0491dc6f9c45,6f9c45,5,单,大
2026-08-11 11:04:22,85248813,000000000514cb2d0c1340d04a39402218f2c5f6dba263ad93554a58917efb5d,7efb5d,5,单,大
2026-08-11 11:04:32,85248816,000000000514cb304051b8ddc90ef28e380740707a1d1f383adeaa4ae7e0bff6,e0bff6,6,双,大
2026-08-11 11:04:42,85248822,000000000514cb364fff10c306ee2b0df849e4bc6f225dc970eaec49fbbf627b,bf627b,7,单,大
2026-08-11 11:04:52,85248825,000000000514cb392ee480b8c2578a36ecc17f176cdc1dc1b6b006cb7ea22075,a22075,5,单,大
2026-08-11 11:05:02,85248828,000000000514cb3c8e25b10461de57d6d6716b59a081125d68bbad700d748b17,748b17,7,单,大
2026-08-11 11:05:12,85248831,000000000514cb3f64b8b180d6a343af8fb9b37a3f9c4c894b76f2e798586af8,586af8,8,双,大
2026-08-11 11:05:21,85248834,000000000514cb42d9c3761107c9a7282c1e07c634357e2d58ab34cfc3217c9d,217c9d,9,单,大
2026-08-11 11:05:31,85248837,000000000514cb45e728a76e8e088079dc25c660b94b87e1c5def8d5e1a23305,a23305,5,单,大
2026-08-11 11:05:41,85248840,000000000514cb4845b7eebc1519fd8f65c8dd5bac2836e7152954fe4c98e25a,98e25a,5,单,大
2026-08-11 11:05:51,85248843,000000000514cb4b21c91c7126fa6a22cc160e5e70ff03e2e7765665cafd8951,fd8951,1,单,小
2026-08-11 11:06:01,85248846,000000000514cb4e8af4a6f8064f31214d3efbe3f8826f8b92b545a95444b164,44b164,4,双,小
2026-08-11 11:06:10,85248849,000000000514cb516b3a33c0089fcd0f69771b8eee2cb35a68dd9b2896fb7399,fb7399,9,单,大
2026-08-11 11:06:20,85248852,000000000514cb5475807885aee6cb7d8a51f169a3e171e195332b1af5b017a6,b017a6,6,双,大
2026-08-11 11:06:30,85248855,000000000514cb57b1c01039ef8fda40a8262577891ca0cb7ef30c3f8bb004b4,b004b4,4,双,小
2026-08-11 11:06:40,85248861,000000000514cb5d7248806da69dae6051f1ca966fc3eccaae8f624f871e39b3,1e39b3,3,单,小
2026-08-11 11:06:50,85248864,000000000514cb60b5e4bd4ee04a36f5048cca5c6fc61c0d113a752c17ada1b6,ada1b6,6,双,大
2026-08-11 11:07:00,85248867,000000000514cb636840b83d6fd97a2577eaf273d50f8c605c40f8cb0c79e9de,79e9de,9,单,大
2026-08-11 11:07:10,85248870,000000000514cb6624f329fef3f41fa97d85c568a2e52ddfd24cd6929c3370c3,3370c3,3,单,小
2026-08-11 11:07:19,85248873,000000000514cb692a35093eee51e3b01fa720789dd701a781368308d5b642e4,b642e4,4,双,小
2026-08-11 11:07:29,85248876,000000000514cb6c18ce3b0953e0500ae37bc8203fc954cb73613e83757db9f9,7db9f9,9,单,大
2026-08-11 11:07:39,85248879,000000000514cb6fadf8660084f9aefdec0c213944bd97eb5e302b1380ac3f9f,ac3f9f,9,单,大
2026-08-11 11:07:49,85248882,000000000514cb721363875cc2add9750e5a3907d854a8cafc4ce1c4a6262b3e,262b3e,3,单,小
2026-08-11 11:07:59,85248885,000000000514cb753cd93608d859ae9c75b4ff5c2311674631182eb332e04fcf,e04fcf,4,双,小
2026-08-11 11:08:08,85248891,000000000514cb7beee4b5fd51138ee39d0e133a3ded07b9d425a04cbe3c3cba,3c3cba,3,单,小
2026-08-11 11:08:18,85248894,000000000514cb7e8d75c19bc1e3adc608b6ef337d8bb8f86c8e9bf3e5d36176,d36176,6,双,大
2026-08-11 11:08:38,85248900,000000000514cb8450b171de31d2e373a3b8635f782a5c40fe7c2f959422315c,22315c,5,单,大
2026-08-11 11:08:47,85248903,000000000514cb87373c77443786429ffbd166a6e9d72952c8dd5332ff056cb1,056cb1,1,单,小
2026-08-11 11:08:56,85248906,000000000514cb8a0c7c743d03c646c901c19d2a91dda0661d998027efbd3a88,bd3a88,8,双,大
2026-08-11 11:09:05,85248909,000000000514cb8db1a0839649802dd107dde175df23a74ebc90112a32a83bd1,a83bd1,1,单,小
2026-08-11 11:09:15,85248912,000000000514cb90b39481bcb25b89b2a54783d649029851ff4c8ea2a4912221,912221,1,单,小
2026-08-11 11:09:25,85248915,000000000514cb930c41917978214e97481d9a0c42243dcaef79ec194e11dbea,11dbea,1,单,小
2026-08-11 11:09:35,85248918,000000000514cb96f69cab818709817396295c486a6ad83b0a45aab5720e9a79,0e9a79,9,单,大
2026-08-11 11:09:45,85248921,000000000514cb99a53a5b00f17428cc32b46375dffc2d598193bd5a97b29f84,b29f84,4,双,小
2026-08-11 11:09:55,85248924,000000000514cb9cf155586d2c6a2070a0ba8c5f05ce0d1f21f9364c35bc8b41,bc8b41,1,单,小
2026-08-11 11:10:05,85248930,000000000514cba2b1048592ed30b2dab6bf5bf379a676fe6b1555d1544c0f0d,4c0f0d,0,双,小
2026-08-11 11:10:14,85248933,000000000514cba595526bc0f725fd59e47208814b277249777d142cd692791b,92791b,1,单,小
2026-08-11 11:10:24,85248936,000000000514cba894f944c2a5acca998fb9e403b30cca243698da44782f2658,2f2658,8,双,大
2026-08-11 11:10:34,85248939,000000000514cbabccf17134ae22437c8f1063eaa59aa0bdc6a459376d27008d,27008d,8,双,大
2026-08-11 11:10:44,85248942,000000000514cbae90faab234f0d4dc0566d5477b24d89c1b83937672523c030,23c030,0,双,小
2026-08-11 11:10:54,85248945,000000000514cbb15b9f8d8f43e0a120d621d84112c055d3212636e19ee638ec,e638ec,8,双,大
2026-08-11 11:11:03,85248948,000000000514cbb4aca7505e4ce062df1e983300a2613bed024bae0db27c3d75,7c3d75,5,单,大
2026-08-11 11:11:13,85248951,000000000514cbb7138db52e998aec09e80901197faaa6c2834f68fca2a4cfbd,a4cfbd,4,双,小
2026-08-11 11:11:23,85248954,000000000514cbba9421cc3dc751c4b93bce928d8f5463ea02d805cbb368bc5e,68bc5e,5,单,大
2026-08-11 11:11:33,85248957,000000000514cbbd58f4edbcd4526758eb803fe1171ebc838430a0534e5667b3,5667b3,3,单,小
2026-08-11 11:11:42,85248960,000000000514cbc015e5dbbe9e5f88a3de288f54a9bd40e78fd760cc271a5caf,1a5caf,5,单,大
2026-08-11 11:11:52,85248963,000000000514cbc354910af540ed620834ebcab4c8adea7d263a416f7497afe9,97afe9,9,单,大
2026-08-11 11:12:02,85248969,000000000514cbc956c0822d41ea8dc5b680b0b1f91dd251c903c02cf500992f,00992f,2,双,小
2026-08-11 11:12:12,85248972,000000000514cbcc7cc0d6aa5ada78b141a5bd45de00fe97b6d90703df81a570,81a570,0,双,小
2026-08-11 11:12:22,85248975,000000000514cbcf57323a3a3e5ea0c05fc3914e2772e6a993b48da69fc71c8f,c71c8f,8,双,大
2026-08-11 11:12:32,85248978,000000000514cbd2721c30c3972424d05149bbcb77c23a99b8146229c86e8b09,6e8b09,9,单,大
2026-08-11 11:12:41,85248981,000000000514cbd555898a79734daf15b5880d3d9755ba99dc4a33964425edf3,25edf3,3,单,小
2026-08-11 11:12:51,85248984,000000000514cbd8626d4e72d4e32d968eb35109cb98bdeee90cc848bbbf8da5,bf8da5,5,单,大
2026-08-11 11:13:01,85248987,000000000514cbdb88135b398e592acad5e90bf069bacdaf41910bea2e6f7da6,6f7da6,6,双,大
2026-08-11 11:13:11,85248990,000000000514cbde608fffb74a17d1540196c422c8ff1c42ac5625be8786af1b,86af1b,1,单,小
2026-08-11 11:13:21,85248993,000000000514cbe1799140af19ee6c0ff299f66bed374d2675e31c6dd889e8a4,89e8a4,4,双,小
2026-08-11 11:13:31,85248996,000000000514cbe46cc35f388c195c5c14e516feac44cff165ddf821ddfafaa6,fafaa6,6,双,大
2026-08-11 11:13:41,85249002,000000000514cbea7eb05491035ed8aad08120867e5cc34ce3586acfc4a2121d,a2121d,1,单,小
2026-08-11 11:13:50,85249005,000000000514cbed51380ad3c96d9e0836f0543b34b9ba90c6207859c61098f6,1098f6,6,双,大
2026-08-11 11:14:00,85249008,000000000514cbf094b07020c3af0b4cc9c2eeff4aa1ba614a19027fd8c746a8,c746a8,8,双,大
2026-08-11 11:14:10,85249011,000000000514cbf3c90667fd1ac5561cf6b94ed6da0415d0d03b78faef8eee9b,8eee9b,9,单,大
2026-08-11 11:14:20,85249014,000000000514cbf6fa60e7a2b4cfcffadc3df3a9d6326cf99007b6e5bff7e9cf,f7e9cf,9,单,大
2026-08-11 11:14:30,85249017,000000000514cbf93a59523709919b23a33c3a39c99e9935b80f95960b1bfbd3,1bfbd3,3,单,小
2026-08-11 11:14:40,85249020,000000000514cbfc7c9c16dc93d7d005cb5a33d186bf6373c2e53958453bac37,3bac37,7,单,大
2026-08-11 11:14:50,85249023,000000000514cbffff97d777c6863d37fe0c901c935f47d3bfb06ce00b4d1c7d,4d1c7d,7,单,大
2026-08-11 11:14:59,85249026,000000000514cc02cd5eb5d88a02a8a8c9c054ed977ef2b5f80bd75fd4069b38,069b38,8,双,大
2026-08-11 11:15:09,85249029,000000000514cc05f7154b6b80901f0407e7fd8baa23e8d975f7ba0639f99a49,f99a49,9,单,大
2026-08-11 11:15:19,85249032,000000000514cc0820ae3fa6863fe008cfac48384e34b143389c0c1f3310cb08,10cb08,8,双,大
2026-08-11 11:15:29,85249038,000000000514cc0e684a3c481bdd6bbdf238bdbf92456cc4e407f984dd31a270,31a270,0,双,小
2026-08-11 11:15:38,85249041,000000000514cc11d067b13be7b26e4a4379edef3f75aee20b43a80797b395d0,b395d0,0,双,小
2026-08-11 11:15:48,85249044,000000000514cc144f5093477fef79969b99f355a4e96d14dd683b6741d44316,d44316,6,双,大
2026-08-11 11:15:58,85249047,000000000514cc1797edf717c5f766c523a36a0f7658e953cd41e562f284a5a8,84a5a8,8,双,大
2026-08-11 11:16:08,85249050,000000000514cc1a96f41da7f3fee01562d0b4bbfbb5688a57b4b10cf992ec3a,92ec3a,3,单,小
2026-08-11 11:16:18,85249053,000000000514cc1dd91ee95b5f395455857f42938dde34bcc67d3b8293cd5e49,cd5e49,9,单,大
2026-08-11 11:16:27,85249056,000000000514cc2058e2de53bf62c29fa8af66f7cf30287f07baa894c39b58b6,9b58b6,6,双,大
2026-08-11 11:16:37,85249059,000000000514cc2391f3a9fbeea5de0c7d7c8f8b03c29cdc80e2ed9e1763961e,63961e,1,单,小
2026-08-11 11:16:47,85249062,000000000514cc264d45f2c26888ed09fa13dc7de66573786a3b7dfc4889ab6f,89ab6f,6,双,大
2026-08-11 11:16:57,85249065,000000000514cc296a7054497d38e88b3664be38a655c256c2a6f80b895eb593,5eb593,3,单,小
2026-08-11 11:17:06,85249068,000000000514cc2c9348c76e84a42cc557b1783106e6173edb1c53b49149438d,49438d,8,双,大
2026-08-11 11:17:16,85249074,000000000514cc323d5c25c8f8ca6d1e11ab3c0aa47258cb6b492761e4470116,470116,6,双,大
2026-08-11 11:17:26,85249077,000000000514cc35dddf42d1dd4e36aef21fceed6d68afd98ed908c2cb2cabf9,2cabf9,9,单,大
2026-08-11 11:17:36,85249080,000000000514cc38469e7b98eab8df3d9b281d6feb9879a3cb933e0f4639daab,39daab,9,单,大
2026-08-11 11:17:45,85249083,000000000514cc3bb4a95ec8beb3b292dc09b7243f5ebf2e32a2e8931ced9191,ed9191,1,单,小
2026-08-11 11:17:55,85249086,000000000514cc3e3df16f2db12e051feaa33a5e0f87b0240591ce65df820122,820122,2,双,小
2026-08-11 11:18:05,85249089,000000000514cc41cd66709c50136cb4b0cf21cd0adb57af779b0978c053ec92,53ec92,2,双,小
2026-08-11 11:18:15,85249092,000000000514cc449a5b37931ac32266970cc589cb0b0eafc6a3461bd619ee02,19ee02,2,双,小
2026-08-11 11:18:25,85249095,000000000514cc47fcc9651d6e80873296840730ed09ac3140891c18e4bb9376,bb9376,6,双,大
2026-08-11 11:18:35,85249098,000000000514cc4a98ccbb4c7c8fae55ddce9cdb85cbad5dbf6d08f918f68b16,f68b16,6,双,大
2026-08-11 11:18:44,85249101,000000000514cc4d15d1032f320fb8a80da324f6cd0c1438d99f19746279375c,79375c,5,单,大
2026-08-11 11:18:54,85249104,000000000514cc507b398e2fdd87376aa07ec3c2b74c7a27475875344a6a8765,6a8765,5,单,大
2026-08-11 11:19:04,85249110,000000000514cc56a8cc2a9f3dd7b997856021955ab0a20557307ae936116971,116971,1,单,小
2026-08-11 11:19:23,85249116,000000000514cc5c1bda040f4966a5d090c85165428e847b1b3ea40a91a594f7,a594f7,7,单,大
2026-08-11 11:19:33,85249119,000000000514cc5fde2b2e403089c97601ebd22d68f8308f6093373d9abba6cc,bba6cc,6,双,大
2026-08-11 11:19:43,85249122,000000000514cc62b17da6a788c5f06fb39238c722f04162ae36a6ee9cf3e9d5,f3e9d5,5,单,大
2026-08-11 11:19:53,85249125,000000000514cc651ef93262d7d11dc125e39d305eef5cb982f91c24e4fe8168,fe8168,8,双,大
2026-08-11 11:20:03,85249128,000000000514cc680aa44b25a12aa7c7633b67a61c603dc188142556b6012fe7,012fe7,7,单,大
2026-08-11 11:20:12,85249131,000000000514cc6be66f22301a03a449266092d1288afc627f00638bb17fb669,7fb669,9,单,大
2026-08-11 11:20:22,85249134,000000000514cc6ebbd47d2789f63b1e7b637aefec45e0a7b62e4f29707e656b,7e656b,6,双,大
2026-08-11 11:20:32,85249137,000000000514cc714cd63e733c55e762c7e2ad9135af0b109c155fbff03b7ae2,3b7ae2,2,双,小
2026-08-11 11:20:42,85249140,000000000514cc741c42e1126a15373e6613e9896935ca582ecd26f48ff62442,f62442,2,双,小
2026-08-11 11:20:51,85249143,000000000514cc77ebcbd50189529afdc89f0b5723f37d055d62efe3e8abf99a,abf99a,9,单,大
2026-08-11 11:21:01,85249149,000000000514cc7d2ced8f76421fea1e2c6b3d091614d2e1cbdb29afdbf4efe5,f4efe5,5,单,大
2026-08-11 11:21:11,85249152,000000000514cc80d4957a44e2a14d89d81230815527f4d6b07632b1923e83d5,3e83d5,5,单,大
2026-08-11 11:21:21,85249155,000000000514cc83be3e25b35fb7444b31a52f77409bca5d149e367c5f1ba865,1ba865,5,单,大
2026-08-11 11:21:31,85249158,000000000514cc86fdb10ed84cad631002ecc845300d4ad66c02894d3bb84768,b84768,8,双,大
2026-08-11 11:21:41,85249161,000000000514cc89ff8c2573dafc7bed736471f7c97fc7f02708f0367ab991ab,b991ab,1,单,小
2026-08-11 11:21:51,85249164,000000000514cc8c4ecb2342443fcf5655e0985cb14118b2c14beeaab18d417d,8d417d,7,单,大
2026-08-11 11:22:01,85249167,000000000514cc8f8af50e405cf83c445942a7347192b8ea94a4c848d7e9cc3e,e9cc3e,3,单,小
2026-08-11 11:22:11,85249170,000000000514cc92e0a1f708bbd13af2cb1f40c03e45d6a0b11191f7bc4b0440,4b0440,0,双,小
2026-08-11 11:22:20,85249173,000000000514cc95d8a9ed52b206804c367e1ab586c1df9ab2e523be46242edd,242edd,2,双,小
2026-08-11 11:22:30,85249176,000000000514cc98b29bf4f16a34cbf115bcdb012933c2817116730b21ef3276,ef3276,6,双,大
2026-08-11 11:22:40,85249179,000000000514cc9bad6dedd9c8868e6497e922baa7753c4cc29bdf980f273306,273306,6,双,大
2026-08-11 11:22:50,85249185,000000000514cca1816ede8ef34e28416f654272e03eeff05a32eb13210e3c72,0e3c72,2,双,小
2026-08-11 11:23:00,85249188,000000000514cca4a0e2bb9f14ee79ba40e6e8004d388a8fb3802493356f965e,6f965e,5,单,大
2026-08-11 11:23:10,85249191,000000000514cca7610abe9be53c9b263df4db5c2fc34c8f0e394da3e5e9633c,e9633c,3,单,小
2026-08-11 11:23:20,85249194,000000000514ccaa7906cd54bb2ecd68ff219b007129555d6d14fd9d0848a5f9,48a5f9,9,单,大
2026-08-11 11:23:30,85249197,000000000514ccadfade4bca1ecb069d80da033f017be319fc409eaf5f8af397,8af397,7,单,大
2026-08-11 11:23:40,85249200,000000000514ccb0f0e660f2034dcc4628a460fb2fdd33b5c6dd9b3f9157d306,57d306,6,双,大
2026-08-11 11:23:49,85249203,000000000514ccb3dab2c32dd179a33031dcc4fd4ac6e87a3afa3ad7f298079e,98079e,9,单,大
2026-08-11 11:23:59,85249206,000000000514ccb6dc87f91fd2cd84f6e31cce13fa466a763e708f027be2b72c,e2b72c,2,双,小
2026-08-11 11:24:09,85249209,000000000514ccb9f32098660ae304787808d3c88f33326a3d78e88e20e1ea1d,e1ea1d,1,单,小
2026-08-11 11:24:18,85249212,000000000514ccbc7b9f0c7a2d1cfec182ed5230a7e4c9d64e367fb9cab2fb81,b2fb81,1,单,小
2026-08-11 11:24:28,85249215,000000000514ccbfc115b420a75b05f04b642b128a2bdebf2f4bf1388b595814,595814,4,双,小
2026-08-11 11:24:38,85249221,000000000514ccc5380d57bad4bf3e19807b5423fffc169781aad893220fe7d0,0fe7d0,0,双,小
2026-08-11 11:24:48,85249224,000000000514ccc849ec6516791cfdb79d9c426951d0369a4069f994b93e20a1,3e20a1,1,单,小
2026-08-11 11:24:57,85249227,000000000514cccbfcc40ffbc590e37b0e41d9106765a37d86175230ca27a701,27a701,1,单,小
2026-08-11 11:25:07,85249230,000000000514ccce8216d945d553171e83cda2d83d08915ed2ba7206e01e5ef4,1e5ef4,4,双,小
2026-08-11 11:25:17,85249233,000000000514ccd176fd11f12b535299d215d5d97d3cd1c42caa8d073bf76c71,f76c71,1,单,小
2026-08-11 11:25:27,85249236,000000000514ccd47546c26e989ac06ccd630a63e6c0f64bbb3d5df3a4e8d389,e8d389,9,单,大
2026-08-11 11:25:36,85249239,000000000514ccd71c3ab7f1f1e9a2da8b0ac77e6fc2809d9787383c8868d1f7,68d1f7,7,单,大
2026-08-11 11:25:46,85249242,000000000514ccdae724ff960fc746811d47e9b38a57d3b15db3870f5ef136aa,f136aa,6,双,大
2026-08-11 11:25:56,85249245,000000000514ccddf35713dd5b09cd9873413e21d2a94eab42e2286ba2b3bb98,b3bb98,8,双,大
2026-08-11 11:26:06,85249248,000000000514cce097724440396b78327da784e3ad553368e4201d11e8f38016,f38016,6,双,大
2026-08-11 11:26:15,85249251,000000000514cce381197bcce02ef093a90921b4d81a7c43070c62816677da0e,77da0e,0,双,小
2026-08-11 11:26:25,85249254,000000000514cce67eed418b02b1ff7b37bb2731dd2fa571c83bc81d4058275e,58275e,5,单,大
2026-08-11 11:26:35,85249260,000000000514ccecf9bce5a5e65865e04c09ae11b3e6896544f92e124a2689ad,2689ad,9,单,大
2026-08-11 11:26:45,85249263,000000000514ccef658fa5c64afe4e3d7d6c528bbe084271f74762630b323385,323385,5,单,大
2026-08-11 11:26:54,85249266,000000000514ccf27af46b8fe9c66907084cc0348aed9538fa4ccb7bb952dab5,52dab5,5,单,大
2026-08-11 11:27:04,85249269,000000000514ccf50c2207c243bf60c50ff84d90314acc55e3c4c9828f3a9b17,3a9b17,7,单,大
2026-08-11 11:27:14,85249272,000000000514ccf8bbb69e93888a3481e41e944b2af2866ba8dbb6f6fcdbed72,dbed72,2,双,小
2026-08-11 11:27:24,85249275,000000000514ccfb3cc3014255ee39e39dc4b0ee8d4b19b2a6fa14ed67dfe74d,dfe74d,4,双,小
2026-08-11 11:27:33,85249278,000000000514ccfeae2a8d7cfc24b659920ad6d796afdad485e976a5380505a5,0505a5,5,单,大
2026-08-11 11:27:43,85249281,000000000514cd016877e73f556c957313b66099bba13b2c2718f1961caac33b,aac33b,3,单,小
2026-08-11 11:27:53,85249284,000000000514cd042cb791ff203100d5f35090d286bbf58ee22c00e0b935755a,35755a,5,单,大
2026-08-11 11:28:03,85249287,000000000514cd071ff41559328cf16ddfabe276063d2bc7c95beeb3db9247be,9247be,7,单,大
2026-08-11 11:28:12,85249290,000000000514cd0a50c1b493b60df7d2342e10cb704fc4aae8f159abb7274dac,274dac,4,双,小
2026-08-11 11:28:22,85249296,000000000514cd1009ad4fb742b9735e2f00ff52152b12e332a3d0331e55bc7e,55bc7e,7,单,大
2026-08-11 11:28:32,85249299,000000000514cd13e72e02856d5517f528e3a515025b83aa3e19207b71739755,739755,5,单,大
2026-08-11 11:28:42,85249302,000000000514cd1613cda43b829ad45a3cba4e6aa0aff242174da0dcc8c2d725,c2d725,5,单,大
2026-08-11 11:28:51,85249305,000000000514cd196ef36eee3b6c274323e6f794e7a3063ea486bd425e18e641,18e641,1,单,小
2026-08-11 11:29:01,85249308,000000000514cd1cd9fd10830b364b9e3f1766e519d744b95af9acb7f59f42d1,9f42d1,1,单,小
2026-08-11 11:29:11,85249311,000000000514cd1f30e689e4c8be5ef86cd138d86fb4a7e29b7f208d9ab7cf3a,b7cf3a,3,单,小
2026-08-11 11:29:21,85249314,000000000514cd22d1f142db6fe762554db85774b7a346d5a3f22d040ed002a5,d002a5,5,单,大
2026-08-11 11:29:31,85249317,000000000514cd25a9fa3d3f6431f39060361834922e237ba7a52bfb5e48e4e3,48e4e3,3,单,小
2026-08-11 11:29:40,85249320,000000000514cd28c3b86c328b98e3dd765377c84c2dc120e220067db1f3e60a,f3e60a,0,双,小
2026-08-11 11:29:50,85249323,000000000514cd2b3da34bde7a8f24b295522cfbce3b52a185a78890d07c4db1,7c4db1,1,单,小
2026-08-11 11:30:00,85249326,000000000514cd2ea0688dda29e4f35d91943247343af2e448957aa658047c34,047c34,4,双,小
2026-08-11 11:30:10,85249329,000000000514cd31be3dfda451582a1d8f82c97ba1a19e03e138c0627ed81617,d81617,7,单,大
2026-08-11 11:30:20,85249332,000000000514cd34956c491753834cf17c9f8144df13bbc5ef0bf62a6fbec0ba,bec0ba,0,双,小
2026-08-11 11:30:30,85249338,000000000514cd3ab852882243b6b4289cc2aa80b44825aeafaa4b296be6a276,e6a276,6,双,大
2026-08-11 11:30:40,85249341,000000000514cd3d99a228f715b3b1ec0e2fa1436fa26cdd650586ade62ccb5c,2ccb5c,5,单,大
2026-08-11 11:30:50,85249344,000000000514cd40cf7a400a93fbcbb521684f8515a7e784abec133a3e66a371,66a371,1,单,小
2026-08-11 11:30:59,85249347,000000000514cd433eb1d8722931edf7016fc55ff9a61060d394c8c86cd2c438,d2c438,8,双,大
2026-08-11 11:31:09,85249350,000000000514cd463226a7b2f9501f6361c181913f58f1f9e3b00b7fa0dd5aa9,dd5aa9,9,单,大
2026-08-11 11:31:19,85249353,000000000514cd49cb94880196ff52851967ad2bb262733e27dffd2cc22d27cc,2d27cc,7,单,大
2026-08-11 11:31:29,85249356,000000000514cd4c80a9f614c311d588ae57d8a0a90196ead7f81b8a930dde0c,0dde0c,0,双,小
2026-08-11 11:31:38,85249359,000000000514cd4f839da6310a325d458baeb1233e37b564c3cde3ccba66479e,66479e,9,单,大
2026-08-11 11:31:48,85249362,000000000514cd520e9b60c341192a7a0a19dd2322208f279dedc950c81d3de2,1d3de2,2,双,小
2026-08-11 11:31:58,85249368,000000000514cd58cdae66a8be8f1053124a1603e3ea45e3216bcaa28d314ffb,314ffb,4,双,小
2026-08-11 11:32:08,85249371,000000000514cd5b525478fa65ff480e1916d31b87875603bcf5ab26af2f3100,2f3100,0,双,小
2026-08-11 11:32:17,85249374,000000000514cd5e9072d972f4ffd4b2fdf5447d3e47af1e7175fa9b4e8f21ea,8f21ea,1,单,小
2026-08-11 11:32:27,85249377,000000000514cd6100d05188307f362e6e3a80d730103f567ed9973514cdab2b,cdab2b,2,双,小
2026-08-11 11:32:37,85249380,000000000514cd6471ec457f973369e32a5bef649740eeacdcddf019e487e10f,87e10f,0,双,小
2026-08-11 11:32:47,85249383,000000000514cd678651ecab0888e06b324d4ce927a13b13e2df68426de7846f,e7846f,6,双,大
2026-08-11 11:32:56,85249386,000000000514cd6aaa9a2aa399fa6a8cc72a5aeabc79544059daa48e93804010,804010,0,双,小
2026-08-11 11:33:06,85249389,000000000514cd6d402198235cd4574bbd8730230d29c3ac8621f9bf7236e996,36e996,6,双,大
2026-08-11 11:33:16,85249392,000000000514cd70a3d339a9a0d5e491dc9a67af922bd86c75448a32069bd010,9bd010,0,双,小
2026-08-11 11:33:26,85249395,000000000514cd732dadeb33231becef8be08b10b82b1f5a4dde8499232e358e,2e358e,8,双,大
2026-08-11 11:33:36,85249398,000000000514cd767b3f9e49fc18fff5da993af56abc5041114ec93aa66c9ee0,6c9ee0,0,双,小
2026-08-11 11:33:46,85249401,000000000514cd79f442b9533e9e05a380c97ed3be25389b27f86793c84ec37f,4ec37f,7,单,大
2026-08-11 11:33:55,85249407,000000000514cd7f88a7286424a3d1be256717f127848eb01edfd1bb93c70c2c,c70c2c,2,双,小
2026-08-11 11:34:05,85249410,000000000514cd8221851ba07ba200ec320ad3cee4aaefc73d3bca84162a2dc8,2a2dc8,8,双,大
2026-08-11 11:34:15,85249413,000000000514cd8577585eede33ac7d71c7cd33a87c7597d1835a6b302bad41d,bad41d,1,单,小
2026-08-11 11:34:25,85249416,000000000514cd8846bfdfd25dfde608066543da14263a582df2ef3b65489abd,489abd,9,单,大
2026-08-11 11:34:34,85249419,000000000514cd8b833cf8bb883e2930e3ba9e29f57db1db0be5319356b3d98e,b3d98e,8,双,大
2026-08-11 11:34:44,85249422,000000000514cd8e95938ca4ebe6b38164c8a94c10c3d023551945adc8c5b850,c5b850,0,双,小
2026-08-11 11:34:54,85249425,000000000514cd91269247966280d5661a8ddb8f76cc0c1f226890808c4fa3d0,4fa3d0,0,双,小
2026-08-11 11:35:04,85249428,000000000514cd949647fe31e0549bf6bb8cfae55cf4965872a66ebf89b35222,b35222,2,双,小
2026-08-11 11:35:14,85249431,000000000514cd9729343a6351bfa2202146a86fcf36007fbb8f24e2fb57782a,57782a,2,双,小
2026-08-11 11:35:24,85249434,000000000514cd9ac00ec9d2b778db695dd92a93c2ebf5583ee09d5d2f4ac03c,4ac03c,3,单,小
2026-08-11 11:35:33,85249437,000000000514cd9d3267cd0d0d2c83907239fc94c6dcef78cce09cd921201f79,201f79,9,单,大
2026-08-11 11:35:43,85249440,000000000514cda026a85d9be6371fe6cf5551ac1c07a1b1e0f950d9d07f0754,7f0754,4,双,小
2026-08-11 11:35:53,85249443,000000000514cda335cb151a6f1f0b12261c0e9db545a9f86235a0293a5ce78c,5ce78c,8,双,大
2026-08-11 11:36:03,85249446,000000000514cda6f938f791e26a7ed0ed5f400357a1ae24b4c3d313175bd5c5,5bd5c5,5,单,大
2026-08-11 11:36:15,85249452,000000000514cdacff248f802cd9d868112f7ba5e7b280d6fb14bf8197ac1e73,ac1e73,3,单,小
2026-08-11 11:36:25,85249455,000000000514cdafd25f862ed031f8010e5cafb50d4b3e9f0203a1e596427e12,427e12,2,双,小
2026-08-11 11:36:35,85249458,000000000514cdb22ab3e3f4fc5501ee70634ce3dcc74f66a3b9a16f2ec5ea50,c5ea50,0,双,小
2026-08-11 11:36:44,85249461,000000000514cdb5aeefacfecabbf0e74b7affb1c334aad11631475818f199b2,f199b2,2,双,小
2026-08-11 11:36:54,85249464,000000000514cdb8f5435b47d0a89b967e4e99a3c30811423d27804c1618045f,18045f,5,单,大
2026-08-11 11:37:04,85249467,000000000514cdbb00196204e90bf0f5d193b725b3a2cad0cd8e9579b37ced20,7ced20,0,双,小
2026-08-11 11:37:14,85249470,000000000514cdbe77704f573835965743e7c91c6bcdb4c73650c66d7bc11f98,c11f98,8,双,大
2026-08-11 11:37:23,85249476,000000000514cdc46c404ae46fe4feac677c1196c34e69a2cf613b5ec45c4c9e,5c4c9e,9,单,大
2026-08-11 11:37:33,85249479,000000000514cdc74b6973761a838eb7ae1df9bd76d9fe041fcb96da5cd6927a,d6927a,7,单,大
2026-08-11 11:37:43,85249482,000000000514cdcac1de18191fb41bea054d477cd34c6046f2e2681ef669cf89,69cf89,9,单,大
2026-08-11 11:37:53,85249485,000000000514cdcd64c44b91ab7e5153100233f387d0d7b9151a36ef3ba9e428,a9e428,8,双,大
2026-08-11 11:38:03,85249488,000000000514cdd0ecae04aa94fc489cf0f4fb7a2ffe050b2fffaa00eb357bba,357bba,7,单,大
2026-08-11 11:38:12,85249491,000000000514cdd337977fcfa1757b5525405c269207db67bea103efb7217c43,217c43,3,单,小
2026-08-11 11:38:22,85249494,000000000514cdd6b7c7b58898c1b714c5f1791d3180e965fce2d0f63a6f122f,6f122f,2,双,小
2026-08-11 11:38:32,85249497,000000000514cdd904d697423432ac8dae4e38ae47404d955a816f3134b1eddf,b1eddf,1,单,小
2026-08-11 11:38:43,85249500,000000000514cddcda513f0a03e238497743b89083664357efc1ba2ccfd78357,d78357,7,单,大
2026-08-11 11:38:52,85249503,000000000514cddfd28e13da1cfad1fd4bba78f37a1efbecf3c76409745c290f,5c290f,0,双,小
2026-08-11 11:39:02,85249509,000000000514cde5372ee88d7bc5a86d90f307fda722e4b19fd64da8792375f9,2375f9,9,单,大
2026-08-11 11:39:12,85249512,000000000514cde878a06275974a8aac854d4cbcfabcab6d147f415fa7aa04ff,aa04ff,4,双,小
2026-08-11 11:39:22,85249515,000000000514cdeba9fce61a4fd612fa177d153f7b60ea9f5b8b9aa8f38411d0,8411d0,0,双,小
2026-08-11 11:39:32,85249518,000000000514cdeeb4445d898d750a14050ad3c580681a8b3ded1db752d35e10,d35e10,0,双,小
2026-08-11 11:39:42,85249521,000000000514cdf18cebbd34420fe3243ed120a5c0a1081bde395ccee3144fce,144fce,4,双,小
2026-08-11 11:39:51,85249524,000000000514cdf401e55ec2b28d603e27b870df620f258ee8b8dc87ca2b3add,2b3add,3,单,小
2026-08-11 11:40:01,85249527,000000000514cdf76f98b1db2cb6f5a18e1614f0c49c8fa1bcce0e28b5ab2f75,ab2f75,5,单,大
2026-08-11 11:40:11,85249530,000000000514cdfa3a16b7360cbd3ba0c74f3fe7dda85935ba67eaf6ebf702e6,f702e6,6,双,大
2026-08-11 11:40:21,85249533,000000000514cdfd7cba96651e5262ed11a3e0254eccb861190e0d7c0a559a4c,559a4c,4,双,小
2026-08-11 11:40:30,85249536,000000000514ce00933331ce5f17aee5a5aad3d23b021aed730e9889e8881951,881951,1,单,小
2026-08-11 11:40:40,85249542,000000000514ce06317d843d19b461fc99526edcd846e4d95f3146d545653372,653372,2,双,小
2026-08-11 11:40:50,85249545,000000000514ce09b7d440aedfe868070eab47976be216c6c0e4870a3e558421,558421,1,单,小
2026-08-11 11:40:59,85249548,000000000514ce0c7f400eb7b1c208341c572184387834e105d87b4ce04dc897,4dc897,7,单,大
2026-08-11 11:41:09,85249551,000000000514ce0fef75ff2ac0d931b220572583be526b2d9dad6ca11178a83b,78a83b,3,单,小
2026-08-11 11:41:19,85249554,000000000514ce1287053dff6260fe79d3b722342fff6da14d6dcc945ce61557,e61557,7,单,大
2026-08-11 11:41:29,85249557,000000000514ce1529906eab65f7df3dea0172d28ed177fbe421dbcc398b7bfc,8b7bfc,7,单,大
2026-08-11 11:41:39,85249560,000000000514ce18ee1e6d46fdd8b0bcc406cfdf0cd302a77661b7a02ce3ca3a,e3ca3a,3,单,小
2026-08-11 11:41:48,85249563,000000000514ce1bb43d8c445416a359f7112c3c1b35a18c671aa007f4674d57,674d57,7,单,大
2026-08-11 11:41:58,85249566,000000000514ce1eedfb7b220995f93a0a973148fd74472a6b7ebc6e1970783c,70783c,3,单,小
2026-08-11 11:42:08,85249569,000000000514ce21d69d38bc254a35418718f666f418816764e2f4e1e5b9b672,b9b672,2,双,小
2026-08-11 11:42:18,85249572,000000000514ce2487758801574be6b893f17f8eb88771467b5271cd4a91c006,91c006,6,双,大
2026-08-11 11:42:28,85249575,000000000514ce27b9609994032278668e5400f21ebc5a10b69ab0cd4ac0432d,c0432d,2,双,小
2026-08-11 11:42:37,85249581,000000000514ce2d02fac37f671a8e6f2dcc50d19b4b5a2342a6485e4470c762,70c762,2,双,小
2026-08-11 11:42:47,85249584,000000000514ce3066c51b921c17cb8db77a6bc47dae3b10f726cedd5a21e3ce,21e3ce,3,单,小
2026-08-11 11:42:57,85249587,000000000514ce33564f391ce35e60c23bd6cf6b6d4eb1bafcf0532cb41c4096,1c4096,6,双,大
2026-08-11 11:43:07,85249590,000000000514ce36f7d69861c78d483b7b4e0df7a3b3d02d26da40278f2aea87,2aea87,7,单,大
2026-08-11 11:43:16,85249593,000000000514ce396f61a6a2789c8ae20f1057edb9a34c5643508242314d585f,4d585f,5,单,大
2026-08-11 11:43:26,85249596,000000000514ce3c8dddee5503d2dd21053188f4d6e73cfa268b81437a48828b,48828b,8,双,大
2026-08-11 11:43:36,85249599,000000000514ce3f77ba738e8a19dd9dc2a3d3fab939ec61b6c8078663314b5d,314b5d,5,单,大
2026-08-11 11:43:46,85249602,000000000514ce421b699112e951364c0fc7b5516da868e7589b17d36d1c9b91,1c9b91,1,单,小
2026-08-11 11:43:55,85249605,000000000514ce4544e58c6423bda43d847cb2c922692ae09409ee8461963a51,963a51,1,单,小
2026-08-11 11:44:05,85249608,000000000514ce48948c6657b3196e66314a88a7f57a0b1958234590a9d3ed8f,d3ed8f,8,双,大
2026-08-11 11:44:15,85249611,000000000514ce4b95159848314fd113a143c8de680a2822ac2d9bd39026e84e,26e84e,4,双,小
2026-08-11 11:44:25,85249614,000000000514ce4e8db49c53fbb905d1c1c63976fd8284934ba6a05b45e1bb63,e1bb63,3,单,小
2026-08-11 11:44:34,85249620,000000000514ce545ddcc19a74cb258a6f3c11cfea69cf45afaf4da5e537be26,37be26,6,双,大
2026-08-11 11:44:54,85249623,000000000514ce575bc0358e8bcfc847623438bb8b43c4968244d417f90019fb,0019fb,9,单,大
2026-08-11 11:45:04,85249629,000000000514ce5d06d297efc235b2a3ef44ad3f23620ff00391fb9377204b5a,204b5a,5,单,大
2026-08-11 11:45:13,85249632,000000000514ce602bf54587b752974c7aa34fd90af2a7338f6d01b0a2e888ef,e888ef,8,双,大
2026-08-11 11:45:23,85249635,000000000514ce63c3529ea6c96318708c70323a1fa4a600b855717987c09359,c09359,9,单,大
2026-08-11 11:45:33,85249638,000000000514ce6600954620758559c6ce999cf506e02dee2af342780acb0aa5,cb0aa5,5,单,大
2026-08-11 11:45:42,85249641,000000000514ce699c5caa69f5735ffaaeb69140b3fb4ecba2884eb4120e6f71,0e6f71,1,单,小
2026-08-11 11:45:52,85249644,000000000514ce6ca3eba870a637d68732f3029c69d7ee13ca18dca6ef74b604,74b604,4,双,小
2026-08-11 11:46:02,85249647,000000000514ce6fe086171d6d89c4d3eba923ed1e899ff304878e912bc824fa,c824fa,4,双,小
2026-08-11 11:46:12,85249650,000000000514ce72e29a3f17ad22a749df239c6b62cf4c19080a0b0198b7756b,b7756b,6,双,大
2026-08-11 11:46:22,85249653,000000000514ce75259ea893de491e261bcbba262b1827c93c8031a9f8df74fc,df74fc,4,双,小
2026-08-11 11:46:31,85249656,000000000514ce7811d3662bf85e47f788245b6cd08ad66e14f6fd02d2f3c33e,f3c33e,3,单,小
2026-08-11 11:46:41,85249659,000000000514ce7b8e0bc0e1ccdfac97c0fff2a37ba423c43ed1a14120c992d1,c992d1,1,单,小
2026-08-11 11:46:51,85249665,000000000514ce81e824147f492c4ed223cb82b5b262e8f1b29ea46e052cc856,2cc856,6,双,大
2026-08-11 11:47:01,85249668,000000000514ce84513869fa92043d98dc82c5b110090ca963f0b7fb79b36dca,b36dca,6,双,大
2026-08-11 11:47:10,85249671,000000000514ce877cfaf8b33de4b492f68ca041fc065aa0406a1f01603315ef,3315ef,5,单,大
2026-08-11 11:47:20,85249674,000000000514ce8add2e10d3739b43acb5dfdf1bb952f85945131451a55402db,5402db,2,双,小
2026-08-11 11:47:30,85249677,000000000514ce8d2a15315f4cc3863612751de197b6cf8baf9085d95837f856,37f856,6,双,大
2026-08-11 11:47:39,85249680,000000000514ce90324f10ca81d41c737509283077cedafe95e782a1321ebdf3,1ebdf3,3,单,小
2026-08-11 11:47:49,85249683,000000000514ce9328b82466d258e0bab43d00468ca0761228b5248dffb71b3d,b71b3d,3,单,小
2026-08-11 11:47:59,85249686,000000000514ce961a5a5098719e51a6c3048b12739beaf7a6f05be21f69eac8,69eac8,8,双,大
2026-08-11 11:48:09,85249689,000000000514ce995f2814d2b01c780ca214cbc69bb0a409e8520b5e184a3b87,4a3b87,7,单,大
2026-08-11 11:48:19,85249692,000000000514ce9c2a8b734907ac0ebd57ae1148e42f21971cc44dad3f8e6bb5,8e6bb5,5,单,大
2026-08-11 11:48:28,85249695,000000000514ce9fdda8a31d58462e547c45bf110981af242fad4ac06e060509,060509,9,单,大
2026-08-11 11:48:39,85249701,000000000514cea55a74c7a59b64310eb04943f6fbd945f42c7e74778457b030,57b030,0,双,小
2026-08-11 11:48:48,85249704,000000000514cea8a9e16e2bc87c1cb84531cc96e67c3e4abadcc91560969ac3,969ac3,3,单,小
2026-08-11 11:48:58,85249707,000000000514ceabb48019889955bc45b0a424360ff13d3f8488d7ea104584f2,4584f2,2,双,小
2026-08-11 11:49:08,85249710,000000000514ceae12446b54d1e1585fafae748ee010d8e33572c07b10269e74,269e74,4,双,小
2026-08-11 11:49:18,85249713,000000000514ceb1e222801973efe1c525bf6c7b00d54c966cf5e27671775f62,775f62,2,双,小
2026-08-11 11:49:27,85249716,000000000514ceb451a5929e0d8f39e47141af996e7d8985710e9074f69eef1a,9eef1a,1,单,小
2026-08-11 11:49:37,85249719,000000000514ceb79b06b7afbf7defe71ad7cebb6eee3f34fb5b683df7e39bbc,e39bbc,9,单,大
2026-08-11 11:49:47,85249722,000000000514cebaba8b2b936d2b5d790c102b6961205c8ea558229499e8f139,e8f139,9,单,大
2026-08-11 11:49:56,85249725,000000000514cebd3a4ce854c0842396daaa8a2b02072afebec7405620ddff40,ddff40,0,双,小
2026-08-11 11:50:06,85249728,000000000514cec06a5940d062799a9781233bbb8208d353971da6ab1d39b7ac,39b7ac,7,单,大
2026-08-11 11:50:16,85249731,000000000514cec3af38bff35bbd951cb77c281527ecf11cc823d4c4c5ce1d6c,ce1d6c,6,双,大
2026-08-11 11:50:26,85249734,000000000514cec62254632fdbae8146f431d5192817ae23d45b619f06f22a85,f22a85,5,单,大
2026-08-11 11:50:35,85249740,000000000514cecc8f59929853f684ee30679919083fca5976ffed0ed36ab7b8,6ab7b8,8,双,大
2026-08-11 11:50:45,85249743,000000000514cecf8c2d0322848375a29a0c79ee09697ce535c100aafffc0862,fc0862,2,双,小
2026-08-11 11:50:55,85249746,000000000514ced296a0c83c6ca3ab6d46808c055f8a295098901880b73404e1,3404e1,1,单,小
2026-08-11 11:51:04,85249749,000000000514ced51dd2a64dfd7f730f67ca899dc9e04ddee9742757a0978696,978696,6,双,大
2026-08-11 11:51:15,85249752,000000000514ced88296f8f4bf9720f30d7a4c34a471a324bd5dbb0785293b1e,293b1e,1,单,小
2026-08-11 11:51:25,85249755,000000000514cedbbdc190b3432f8584126d8a67e464372e907751f16532d0f5,32d0f5,5,单,大
2026-08-11 11:51:34,85249758,000000000514cede1607dbd3d69edfc9ce1a40c7369d8b9e384ed7e99ce75613,e75613,3,单,小
2026-08-11 11:51:44,85249761,000000000514cee1890d1c7e28d89db67499a6bef2559f879a004c1f8df527d3,f527d3,3,单,小
2026-08-11 11:51:54,85249764,000000000514cee4db4d36f2ac3ef4cd4011b507a4768f35791447299ee49b17,e49b17,7,单,大
2026-08-11 11:52:04,85249767,000000000514cee738debb4b193fb15264ca39ce91a971b948baac096ae7ac92,e7ac92,2,双,小
2026-08-11 11:52:13,85249773,000000000514ceedd4b7a7f1b5283f62a611724be9d5af294d711d7481775162,775162,2,双,小
2026-08-11 11:52:33,85249779,000000000514cef325cc2d9c6a566127ce9c734afe40b5ae0cce368d0b5aa621,5aa621,1,单,小
2026-08-11 11:52:43,85249782,000000000514cef6eeea368191e22059e068dc34897e6a1a86c4dbbe6fa6befb,a6befb,6,双,大
2026-08-11 11:52:52,85249785,000000000514cef94ca1eaa626abd5c9d12a338425541b3ad3aca0033aa64e60,a64e60,0,双,小
2026-08-11 11:53:02,85249788,000000000514cefca955dc5b76c9eb62ba8d9f8398cb74f7de73f3c10eb3b019,b3b019,9,单,大
2026-08-11 11:53:12,85249791,000000000514ceff02ba6192e1e2962a2a871639d2688789434209dc52a7babf,a7babf,7,单,大
2026-08-11 11:53:22,85249794,000000000514cf02535c54444755fc130011aaede9eaec79a1862fd12fbea288,bea288,8,双,大
2026-08-11 11:53:32,85249797,000000000514cf0596179ca2690912545e9f56eb76c6a4abe682b62b4cd716b3,d716b3,3,单,小
2026-08-11 11:53:42,85249800,000000000514cf08fc2c6eb5985e15a3d7687096c6c367690f69b017a2ccafb8,ccafb8,8,双,大
2026-08-11 11:53:51,85249803,000000000514cf0b928d052e4906798540e2307d6c69c65423c8b31e32fd3b1d,fd3b1d,1,单,小
2026-08-11 11:54:01,85249806,000000000514cf0ea1680b157a676e1e276d8b24c6c6d50fa4d7ac2245869e09,869e09,9,单,大
2026-08-11 11:54:11,85249812,000000000514cf140265bf7837608eb4b39f593f8c4cef52fb67b4eafec57f05,c57f05,5,单,大
2026-08-11 11:54:30,85249818,000000000514cf1aaf1bb3e5d33affd39064a254582d583da33759be490ec936,0ec936,6,双,大
2026-08-11 11:54:40,85249821,000000000514cf1dafb8b2b75aa0c80ec3aa7aa40b7910c28c1d694f6cb59ac5,b59ac5,5,单,大
2026-08-11 11:54:50,85249824,000000000514cf20a2b39b5329a6230bc8fe0f5ecc6dd59e2572efc095d0a83a,d0a83a,3,单,小
2026-08-11 11:55:00,85249827,000000000514cf23afb2b172452634133e4b0aae23bc61b43e5c990deac3f208,c3f208,8,双,大
2026-08-11 11:55:10,85249830,000000000514cf26629d005499b11ae6a8ae192af156a475e735ef13f6235015,235015,5,单,大
2026-08-11 11:55:19,85249833,000000000514cf299b42ddc5802ad7c8239b772d540dadd690848350280e2c7f,0e2c7f,7,单,大
2026-08-11 11:55:29,85249836,000000000514cf2c707c61aba6049abe59732549cfece3ce9427ca1de6bd80e6,bd80e6,6,双,大
2026-08-11 11:55:39,85249839,000000000514cf2fc3b1f1af50bc0e3d0dc6ed54049b629c720884565d98a255,98a255,5,单,大
2026-08-11 11:55:48,85249842,000000000514cf32ad35181d5978058bbb5eb30131c1d5fa409f21258986b537,86b537,7,单,大
2026-08-11 11:55:58,85249845,000000000514cf35e8ccfe3c9e116c4a3431c09e9dfd10a793598bf1c809128a,09128a,8,双,大
2026-08-11 11:56:08,85249851,000000000514cf3b2137750b243a495f2f5d567a7e7a769fa7ba97331637037c,37037c,7,单,大
2026-08-11 11:56:18,85249854,000000000514cf3ea70c611ead175bda052fb2de6b29b04db212cb3a74087118,087118,8,双,大
2026-08-11 11:56:28,85249857,000000000514cf41ff5dfac96928bbfc6ad6531d0f767eb59aace7e017ccd2d6,ccd2d6,6,双,大
2026-08-11 11:56:37,85249860,000000000514cf442442b7edc74926e8dcaf79ef436c22a9090bf84bb43c1a98,3c1a98,8,双,大
2026-08-11 11:56:47,85249863,000000000514cf47f9a54c70c691b27f45f163e46692185b2ac4ef29eb63bc06,63bc06,6,双,大
2026-08-11 11:56:57,85249866,000000000514cf4a6c340c96898fc29d808246ef0868e08506afa0f86bf6a202,f6a202,2,双,小
2026-08-11 11:57:07,85249869,000000000514cf4d64a52e33246426b7763d3e259641a3227554458f6f7f5abd,7f5abd,5,单,大
2026-08-11 11:57:17,85249872,000000000514cf5076697da76cf7a7ff7e642cf1d37e050c67cf69d2441957b8,1957b8,8,双,大
2026-08-11 11:57:27,85249875,000000000514cf5303b1c715c2a8e55f479a2857ae083b2e0802af3b041346a0,1346a0,0,双,小
2026-08-11 11:57:37,85249878,000000000514cf56ef5a6b30386f3c1f0c80883d09f53e3162dbfa93c9595252,595252,2,双,小
2026-08-11 11:57:47,85249884,000000000514cf5c139acf1635a00526655eddbfa0a17e4ffdad0bf83a56ea7d,56ea7d,7,单,大
2026-08-11 11:58:06,85249890,000000000514cf6229c92918a095b02765ccdbea863d79145111907d2e3aaabd,3aaabd,3,单,小
2026-08-11 11:58:16,85249893,000000000514cf658103ddaac138e96255de9bda97489cfece3ef468085427b4,5427b4,4,双,小
2026-08-11 11:58:26,85249896,000000000514cf68c940cee46a7c9fe5deaf52c35b10b2090c57708ae731745b,31745b,5,单,大
2026-08-11 11:58:35,85249899,000000000514cf6bc04adaf926c01755acb29a6946f8dae4690e3b23d62a2220,2a2220,0,双,小
2026-08-11 11:58:45,85249902,000000000514cf6eff44763357f3f7ca44db8759aeb91cf7ebb521df54febf38,febf38,8,双,大
2026-08-11 11:58:55,85249905,000000000514cf71f19e3e690ad7b828df9be7d599edc4ed569d695c7cf6eacd,f6eacd,6,双,大
2026-08-11 11:59:05,85249908,000000000514cf7444901517c9c36a0f530fb040cf5afc5303ff25d64c2aab93,2aab93,3,单,小
2026-08-11 11:59:14,85249911,000000000514cf77ec5d0ef0b9f4c832e192b19c25bb89e592f1c912041cbb7d,1cbb7d,7,单,大
2026-08-11 11:59:24,85249914,000000000514cf7a8a0527da8defc2c5da1eb77b3854a788f540f2c88766853f,66853f,3,单,小
2026-08-11 11:59:34,85249920,000000000514cf80ccaed22291d6e6b9b37e99a6e8b98c29f94a4c957bd3e4df,d3e4df,4,双,小
2026-08-11 11:59:44,85249923,000000000514cf832aca4761bd5783c8cea9612ade0d0ecc720ffc7340ed96e4,ed96e4,4,双,小
2026-08-11 11:59:53,85249926,000000000514cf869b2575041f94f3d71a656fc413c59f3fb2e499148dac2f74,ac2f74,4,双,小
2026-08-11 12:00:03,85249929,000000000514cf894d414d066a2a1ea0dfe1dd1617d9080acf999aed07a7fdfb,a7fdfb,7,单,大
2026-08-11 12:00:13,85249932,000000000514cf8cff71a5f21666e886cbc57921e05d4ee839ec28f23c6c96a9,6c96a9,9,单,大
2026-08-11 12:00:22,85249935,000000000514cf8f2edaf64c3432f61e5c2508e3275453165baa927bff1b17f4,1b17f4,4,双,小
2026-08-11 12:00:32,85249938,000000000514cf92fd8b8550b5e590a349f4e562b6c239b9165a5d0009cb0f2e,cb0f2e,2,双,小
2026-08-11 12:00:42,85249941,000000000514cf9506411ccb62cabd498a0bbe2772fed5dd9f8ac310e793a1f3,93a1f3,3,单,小
2026-08-11 12:00:53,85249944,000000000514cf98d4023d83e7bf50dd7d424fd450adcebcc75eef12612abac7,2abac7,7,单,大
2026-08-11 12:01:03,85249947,000000000514cf9b259abdbb1f63a8d6b5daf039959fd7773ddecb7f2543e3e9,43e3e9,9,单,大
2026-08-11 12:01:12,85249950,000000000514cf9e23e2aa7a95c5f83a2a851c93fb7366f5df85e04fddc9ceab,c9ceab,9,单,大
2026-08-11 12:01:22,85249953,000000000514cfa190f3189908f155b11d13ae98aa5dc09d3e21da7d9af024df,f024df,4,双,小
2026-08-11 12:01:32,85249956,000000000514cfa469554470970bd9f925f89258fe47531a9791874203ddb2dd,ddb2dd,2,双,小
2026-08-11 12:01:42,85249962,000000000514cfaa9a2ba3a5cbb06d760ee6d58193861f6602630e02965720a6,5720a6,6,双,大
2026-08-11 12:01:51,85249965,000000000514cfad7f73faf7017ce8a6e0afb533eadde53f8ed59afaa2efd41b,efd41b,1,单,小
2026-08-11 12:02:01,85249968,000000000514cfb09f2877e1df786490d3b3a4f1bf795eb6abb483b86604e884,04e884,4,双,小
2026-08-11 12:02:11,85249971,000000000514cfb3399ba2aa308ac69935eb9a7a11826fa62adf181b3080ed2a,80ed2a,2,双,小
2026-08-11 12:02:21,85249974,000000000514cfb6939fa13fe36413a1fa5566e768f9b1ce7333c15b7b31eeb9,31eeb9,9,单,大
2026-08-11 12:02:30,85249977,000000000514cfb9246310a191395d30e14ffce44633e71105ea1b71ca07675a,07675a,5,单,大
2026-08-11 12:02:40,85249980,000000000514cfbc71be689a7dc22d39890a9e7031c57d34bd6d3bcd459cd47d,9cd47d,7,单,大
2026-08-11 12:02:50,85249983,000000000514cfbfdd219327657f83cbe194ea8f7ac37b04c9c12abe6223b6eb,23b6eb,6,双,大
2026-08-11 12:03:00,85249986,000000000514cfc245e1cef83539d6cd0169157e6b4a49bcb658fec4a04ffc48,4ffc48,8,双,大
2026-08-11 12:03:10,85249989,000000000514cfc59b615e4fc814c706e4f01c2f617328731479056897ea0184,ea0184,4,双,小
2026-08-11 12:03:20,85249995,000000000514cfcbc46b164b9c9a94f412e38e0cc82b9268b06edf68a3ecf6f7,ecf6f7,7,单,大
2026-08-11 12:03:30,85249998,000000000514cfce6dc1d6b08f1a1541531a63edf4cfd719133d405ef7d8c033,d8c033,3,单,小
2026-08-11 12:03:40,85250001,000000000514cfd1b457b4f5c486f785a027dfe8b76a85dce93c3f4a4488ead9,88ead9,9,单,大
2026-08-11 12:03:49,85250004,000000000514cfd4ff102769c403775459416d76a6a833747eb137661ca56756,a56756,6,双,大
2026-08-11 12:03:59,85250007,000000000514cfd7a6b1c241266a3298ff22fb9433568dc58d54b52a5add131d,dd131d,1,单,小
2026-08-11 12:04:09,85250010,000000000514cfda5a3b97b0789841e2d7b365678c79404ff587ec593919f692,19f692,2,双,小
2026-08-11 12:04:19,85250013,000000000514cfdd40593069982af5c2ecd6fb7a870496391e340a00222c01bc,2c01bc,1,单,小
2026-08-11 12:04:28,85250016,000000000514cfe0957b520619ef6c80a0db6adfa3880aeba0492dc9a05ba63b,5ba63b,3,单,小
2026-08-11 12:04:38,85250019,000000000514cfe33445314ec3bcc285999abb4241d1f7bc224993fc906b286d,6b286d,6,双,大
2026-08-11 12:04:48,85250022,000000000514cfe637fdc411527105dbbcd48d7a0239a4965a933d2db8614a08,614a08,8,双,大
2026-08-11 12:04:58,85250028,000000000514cfecef59754b947e636312826f5ae38f7db5db5089ca3db56423,b56423,3,单,小
2026-08-11 12:05:18,85250034,000000000514cff29e85dcc490e42bbc780e54b886d26946c0851085d73141b2,3141b2,2,双,小
2026-08-11 12:05:28,85250037,000000000514cff548b63baa7397ccca463aee2b7a2221730520f10a4d1369a3,1369a3,3,单,小
2026-08-11 12:05:37,85250040,000000000514cff8dd3d44a2025d9eb7e5b482fbf42c0b7c2803134f148c0df9,8c0df9,9,单,大
2026-08-11 12:05:47,85250043,000000000514cffb0bfabc6a99b9947bed4cfb1793b47d500b145fd4e897acf7,97acf7,7,单,大
2026-08-11 12:05:57,85250046,000000000514cffef4d932958f99934ff81bc97da2b32d552012dbe0421ef8cf,1ef8cf,8,双,大
2026-08-11 12:06:07,85250049,000000000514d001724eb163d95c479978c433a1666c59ff6c2b4947845b7f71,5b7f71,1,单,小
2026-08-11 12:06:17,85250052,000000000514d0046f5b64e22ece42784aea3cea629fbb32ef0bc77f02eef20b,eef20b,0,双,小
2026-08-11 12:06:27,85250055,000000000514d00787e85b5f398994ef8ff919b42a0ff1f081528f67ffd64569,d64569,9,单,大
2026-08-11 12:06:37,85250058,000000000514d00aca329bc7a13af0d95686c3607a671857149ad8575924b515,24b515,5,单,大
2026-08-11 12:06:46,85250061,000000000514d00dab102f7a59fd8fb0cfd77880e6189c64bffe1f2c2877a935,77a935,5,单,大
2026-08-11 12:06:56,85250067,000000000514d01343c4cc96c074ef020d5c240865ae4827ee36f5bb203e6fff,3e6fff,6,双,大
2026-08-11 12:07:06,85250070,000000000514d0168b5d7a49817be95df8923c8e84dac26b5bdcc1b41769d9de,69d9de,9,单,大
2026-08-11 12:07:16,85250073,000000000514d019ab19e62b15f5aeeb45694904e59ca8d04dbf7e732c1104d2,1104d2,2,双,小
2026-08-11 12:07:26,85250076,000000000514d01caf58c0e015414455d57ea5a4fd26d70d539d9e9c9e521523,521523,3,单,小
2026-08-11 12:07:36,85250079,000000000514d01fdf76808b682b1679079804e7a41043dd4dad55f8b156167e,56167e,7,单,大
2026-08-11 12:07:46,85250082,000000000514d022a68cb03f68e2f143e0cdbde78a6d20b0bb652b52b1c9829e,c9829e,9,单,大
2026-08-11 12:07:56,85250085,000000000514d02509f698bbcb8b1423e630773c07ccea4163d80a4e4d3c702e,3c702e,2,双,小
2026-08-11 12:08:05,85250088,000000000514d028a21d4dc9b05920b550afe2d1c55198527016c09c5f9c2746,9c2746,6,双,大
2026-08-11 12:08:15,85250091,000000000514d02b95913c6a2980d52394661662f4cebdfb08f399bcd710d918,10d918,8,双,大
2026-08-11 12:08:25,85250094,000000000514d02eaaf77d11d0c6f65d02c5aec09db21844ec183e0cbd0d2192,0d2192,2,双,小
2026-08-11 12:08:35,85250097,000000000514d031823c9877aef9283489e206cb06efde9c15724b3fdaf1213b,f1213b,3,单,小
2026-08-11 12:08:44,85250103,000000000514d037516e70bd4c554e6ad3042d303862b95dbff420b0d1c58dac,c58dac,8,双,大
2026-08-11 12:08:54,85250106,000000000514d03add8b0ba7163f58f668fd46506bbcf70f66315128ab91aea3,91aea3,3,单,小
2026-08-11 12:09:04,85250109,000000000514d03dc993896191b1aab6c8b416979144652459e5390ce6e6f7c6,e6f7c6,6,双,大
2026-08-11 12:09:14,85250112,000000000514d0401809389a946b5b11dee987d08661c37faf021bb771347123,347123,3,单,小
2026-08-11 12:09:24,85250115,000000000514d043a56e35a53eae3f61b5e570b6614d71dc536f9ae62bec8e71,ec8e71,1,单,小
2026-08-11 12:09:33,85250118,000000000514d0463ac8c6d67f51e74b0717343a886c9afd2b5f33466a4a3b0a,4a3b0a,0,双,小
2026-08-11 12:09:43,85250121,000000000514d049c7bf9d885f9a530da078dcd9b936e7e17e82cf6048dbd206,dbd206,6,双,大
2026-08-11 12:09:53,85250124,000000000514d04cd03b6cd5f72fee02dba6125cd5c2e9e5bd5bd3518a86a4a8,86a4a8,8,双,大
2026-08-11 12:10:03,85250127,000000000514d04f793d10f4d66389ddd1363618ebf1ab5884df11f3c40f5425,0f5425,5,单,大
2026-08-11 12:10:13,85250130,000000000514d052ce099c20233e38b2d02d49256ee75d3cb490b3dc91e7e8d9,e7e8d9,9,单,大
2026-08-11 12:10:22,85250133,000000000514d0556e4efc42d00f6ae5f8f2f1f0acc1769d84eb755350f29516,f29516,6,双,大
2026-08-11 12:10:32,85250139,000000000514d05b0325feaed34ce33a482244f70762cc5aed7ca9836abde86e,bde86e,6,双,大
2026-08-11 12:10:42,85250142,000000000514d05ecf21c9e697de32d8c1c8b640fbdc2a7e7caa4408417cd731,7cd731,1,单,小
2026-08-11 12:10:52,85250145,000000000514d061b4d36e9ba7f57d911b06fa0aee6b15bb1dde6e78f71cdb84,1cdb84,4,双,小
2026-08-11 12:11:02,85250148,000000000514d0645028825cb36bd99c96cd819a16ba6d8f4c6fd89445d52562,d52562,2,双,小
2026-08-11 12:11:12,85250151,000000000514d06757909f11586ad879c7c73582f5fa6933e32ae3f70bd981ea,d981ea,1,单,小
2026-08-11 12:11:22,85250154,000000000514d06a7136e0f299edbcd79b0788d80825a024a5cf6350a3a08faa,a08faa,8,双,大
2026-08-11 12:11:31,85250157,000000000514d06db528d1c2c54295d55ce28bd4ac4ac5f59afef47eb2a64e4d,a64e4d,4,双,小
2026-08-11 12:11:41,85250160,000000000514d070032ac81c29c316aa428cdeb25e9b6277da6c15d791e321d7,e321d7,7,单,大
2026-08-11 12:11:51,85250163,000000000514d073972264ab586f127e73d2169398797b4e4102fa98c688ad61,88ad61,1,单,小
2026-08-11 12:12:01,85250166,000000000514d076f4a79ebe8933d0c97b1d08dd28230f734f3a6936ecf6e18d,f6e18d,8,双,大
2026-08-11 12:12:11,85250172,000000000514d07ccdacb7a11db338d3329b07abc6dd53fe85ab0567c4872622,872622,2,双,小
2026-08-11 12:12:21,85250175,000000000514d07f8ef54249ccd14aea42c9186995c855e12756a8f777f26645,f26645,5,单,大
2026-08-11 12:12:31,85250178,000000000514d08252998756687b3ce62055e697101669e562d02d630c0fd3c3,0fd3c3,3,单,小
2026-08-11 12:12:40,85250181,000000000514d0853ef3e83c13e52f9905f4a073ca7236bc0b7e3adf5ac3cce6,c3cce6,6,双,大
2026-08-11 12:12:50,85250184,000000000514d088388858fe7ee46defa058e192cbaa5fa93be39a76f3880e0f,880e0f,0,双,小
2026-08-11 12:13:00,85250187,000000000514d08ba01be8fd22d5432497cf99e3cfd42686e9ac3b5f048f2fbb,8f2fbb,2,双,小
2026-08-11 12:13:10,85250190,000000000514d08ef406eea44c007236d0df7ad5fb5a680733b135b3ae7b4745,7b4745,5,单,大
2026-08-11 12:13:20,85250193,000000000514d091685e723f5bc340a68b7b2cdd32f945a90b50c666f34a3e38,4a3e38,8,双,大
2026-08-11 12:13:30,85250196,000000000514d094622edb7b9ce1ef437809720c5fc3f3ae1141472d892d308c,2d308c,8,双,大
2026-08-11 12:13:39,85250199,000000000514d09702ce72e68e38f3dd4d13ba94412c16d4b3a5e074e2a5e1be,a5e1be,1,单,小
2026-08-11 12:13:49,85250202,000000000514d09a21687a85afb56afa9b1f9864ec34fa22c3e56b26525fd3a0,5fd3a0,0,双,小
2026-08-11 12:13:59,85250208,000000000514d0a06f4bba9c5ea0c51c58a8d954148d5981b67b176d350059b2,0059b2,2,双,小
2026-08-11 12:14:19,85250214,000000000514d0a610d5c80c1f713466b56ef9d576e99523e9cd7fafdfd0bfb3,d0bfb3,3,单,小
2026-08-11 12:14:29,85250217,000000000514d0a98f2de2b38c57f379c9cfe7611f7d25dfb4ef6e41db0ac009,0ac009,9,单,大
2026-08-11 12:14:39,85250220,000000000514d0ac2fa90db6b26bde5ccb631bc061965c8efc9a38ac5281856d,81856d,6,双,大
2026-08-11 12:14:49,85250223,000000000514d0afd690e5bae27a0edee0b42875e9ff458336f7e4ebddbe3353,be3353,3,单,小
2026-08-11 12:14:58,85250226,000000000514d0b2fb37331d864607aaaf48b18578428356ba436abe668fb9f1,8fb9f1,1,单,小
2026-08-11 12:15:08,85250229,000000000514d0b5265bfa04aa972781348b982708e778ebc524e4018311c639,11c639,9,单,大
2026-08-11 12:15:18,85250232,000000000514d0b8af8f31163d23eb64d6aca651c8f0f4e6df456f69a74f78d4,4f78d4,4,双,小
2026-08-11 12:15:28,85250238,000000000514d0be42bf35f9315c2164cb34c28433d165c4579ab9e427561bdc,561bdc,1,单,小
2026-08-11 12:15:38,85250241,000000000514d0c1495064e305f058ed19f0c861d7a9bf2e57cdafddef59ffa3,59ffa3,3,单,小
2026-08-11 12:15:48,85250244,000000000514d0c4a916bc76ae98903fae074f43a3e586fc4df5054bb791ee1b,91ee1b,1,单,小
2026-08-11 12:15:58,85250247,000000000514d0c7c5abd922a38287572df0c55f4b8f8b402253c1b8d7ee3c10,ee3c10,0,双,小
2026-08-11 12:16:08,85250250,000000000514d0ca81980eb8d2cd77787d9288eb9c34895a80adc46935b60393,b60393,3,单,小
2026-08-11 12:16:18,85250253,000000000514d0cdfbd9d9329693d7c3c101d75fa23b27e68d8f0f011d5d7982,5d7982,2,双,小
2026-08-11 12:16:28,85250256,000000000514d0d0d17548a61e00acb1e7c5f4ee344c7493edafcb18643d4a9e,3d4a9e,9,单,大
2026-08-11 12:16:37,85250259,000000000514d0d3efb08c8c624ee7b708a273c9b37e19ca278b668066de2b8f,de2b8f,8,双,大
2026-08-11 12:16:47,85250262,000000000514d0d6382559fada64ab267839f0d2f5635dca8fd864280b73781e,73781e,1,单,小
2026-08-11 12:16:57,85250265,000000000514d0d94b76ee39d3f0176afbbb23ed3dae777742fae955424df608,4df608,8,双,大
2026-08-11 12:17:07,85250268,000000000514d0dcc447f67371ce182f0b2b51b75e8708066faf34a7280603a2,0603a2,2,双,小
2026-08-11 12:17:17,85250271,000000000514d0df6e774a3e76c61172c913f90eadf9bc26744bc8a26b849765,849765,5,单,大
2026-08-11 12:17:26,85250274,000000000514d0e2c5cc998db6cf76e9b00796a83ca1dbef273200894661c2ab,61c2ab,2,双,小
2026-08-11 12:17:36,85250280,000000000514d0e8343a6529a86baff0e9178bf28469027b8941dbd7b8372ca4,372ca4,4,双,小
2026-08-11 12:17:46,85250283,000000000514d0eb0bb9cab9ff638f35562e40027b373ee945f4389a4ca77eab,a77eab,7,单,大
2026-08-11 12:17:56,85250286,000000000514d0ee90a330a1334d4c189df18dfe13bbecf1b2d788fb49ab7d60,ab7d60,0,双,小
2026-08-11 12:18:06,85250289,000000000514d0f1ce423b14c102e93b7fc86cd074323ae07f850031cd72be0b,72be0b,0,双,小
2026-08-11 12:18:16,85250292,000000000514d0f4ce1a569b7608175e71b7a3e898c001a1b28a1b555df90934,f90934,4,双,小
2026-08-11 12:18:25,85250295,000000000514d0f7d17295cc09fd5e7a239e0ec7d4fb37b4a82a2e6c84c51ac5,c51ac5,5,单,大
2026-08-11 12:18:35,85250298,000000000514d0fa5b33b5e058bd435931b4aae0bfddcfda9594dccd78d13748,d13748,8,双,大
2026-08-11 12:18:45,85250304,000000000514d100aa62f305a0b3f38ef00fd837d99125aac04ef170b20a8084,0a8084,4,双,小
2026-08-11 12:19:06,85250310,000000000514d1063cefe41b2c5496cb57c4293596bed1c5994243689dc48cbf,c48cbf,8,双,大
2026-08-11 12:19:15,85250313,000000000514d10973631e79e6419736899cf49420ff1113bb764a4b20b0dc4c,b0dc4c,4,双,小
2026-08-11 12:19:25,85250316,000000000514d10c3e2ff936c9a4415c0df7af2f07467a884ebce7705da9309e,a9309e,9,单,大
2026-08-11 12:19:35,85250319,000000000514d10ff903e3578f21460dc929f598b1b7a581df9678822168686a,68686a,6,双,大
2026-08-11 12:19:45,85250322,000000000514d112c0bb76441069fa156b65ed469cc1d51e34d980fc36cf6e6a,cf6e6a,6,双,大
2026-08-11 12:19:55,85250325,000000000514d115001994e1b0ad4ce47be3882c12f9a3138a5b71224b9766eb,9766eb,6,双,大
2026-08-11 12:20:05,85250328,000000000514d118b9d2742ba6981f4758c67cca06dd15f52b83b0b376820d94,820d94,4,双,小
2026-08-11 12:20:15,85250331,000000000514d11b45e3a59e91d0435689185396b9dde3d13eeaaee50f3ab361,3ab361,1,单,小
2026-08-11 12:20:25,85250337,000000000514d121ca267a8a03bb5f359a021bee812c5e35e30b1635ccdbd704,dbd704,4,双,小
2026-08-11 12:20:45,85250343,000000000514d1276980253187f5b3e8f1ce598e10c59652935598afd7f23889,f23889,9,单,大
2026-08-11 12:20:55,85250346,000000000514d12a7db57680e86f6eb998293e6158af1c8b738402df54dd00e8,dd00e8,8,双,大
2026-08-11 12:21:04,85250349,000000000514d12d82853f9c8b5e51f843c20dc8ded3930583ee97cec9ba7cfe,ba7cfe,7,单,大
2026-08-11 12:21:14,85250352,000000000514d130b4c3f7bb7ebdc6197417d084e5b6df2f80bd1a8e086fc3fa,6fc3fa,3,单,小
2026-08-11 12:21:24,85250355,000000000514d133a023111b883ff0fe353656fe40e50ab98932ef527fb30cf3,b30cf3,3,单,小
2026-08-11 12:21:34,85250358,000000000514d1362c1a971d65ec1c44ae4cc374b324cdaf6c480002aee4fbb7,e4fbb7,7,单,大
2026-08-11 12:21:44,85250361,000000000514d1395c5565305ed846ac76d5a3b00ef063b7b1e238965fcd3b11,cd3b11,1,单,小
2026-08-11 12:21:53,85250364,000000000514d13ce9ebb63f14ff73d0e790937a874e407c7cd14069f1aa7191,aa7191,1,单,小
2026-08-11 12:22:03,85250367,000000000514d13ffe956251fb42f73e065c05826840b0865d1b79be7965bcdc,65bcdc,5,单,大
2026-08-11 12:22:13,85250370,000000000514d142b1e7abdb599ab75cb1dc9b63f2cee3b588b50b976e1124fa,1124fa,4,双,小
2026-08-11 12:22:23,85250376,000000000514d148413dec98525b47b757221f3655ad910b2d2684abeecfc784,cfc784,4,双,小
2026-08-11 12:22:33,85250379,000000000514d14b129411857cf3d1cf364778436f4945b7581438b30e18b147,18b147,7,单,大
2026-08-11 12:22:43,85250382,000000000514d14e0f47c0ad4945c9de865eb2c55f8b638d8c99d137ab9e145f,9e145f,5,单,大
2026-08-11 12:22:52,85250385,000000000514d151e5cdeb288d60299af82dfb7443f9704351d2a55016faf138,faf138,8,双,大
2026-08-11 12:23:02,85250388,000000000514d154ba49732eea9ec5591569fe873f8019b6392dc5c0af48ac0f,48ac0f,0,双,小
2026-08-11 12:23:12,85250391,000000000514d15777155ff4fc450145011216f6d4d1efb3b1a36016ced3edaf,d3edaf,3,单,小
2026-08-11 12:23:22,85250394,000000000514d15ac3dc9f3fe7dfc5eb03ff3688dd40f9143ae1d70156c0439c,c0439c,9,单,大
2026-08-11 12:23:32,85250397,000000000514d15d2500412e4458e64bb69c6340e2265917d805ec6102ae9298,ae9298,8,双,大
2026-08-11 12:23:42,85250400,000000000514d160ce2a354e59bf77ff8e446bc8790249856f6914f11f2f4add,2f4add,4,双,小
2026-08-11 12:23:52,85250403,000000000514d163df94b29d33b25b08252c6218c050d3be1d6f4dfe9c053b2e,053b2e,2,双,小
2026-08-11 12:24:02,85250406,000000000514d166ab0dd4dd6e5f9c96f9a6f5dd3668c1918044e0fb54660589,660589,9,单,大
2026-08-11 12:24:11,85250412,000000000514d16c0b12b599abd214008af6e45331ef503d5964d08513718a7a,718a7a,7,单,大
2026-08-11 12:24:21,85250415,000000000514d16f2bf68a4008d50184ccc4c899d1932626b98ec27e0ca9021f,a9021f,1,单,小
2026-08-11 12:24:31,85250418,000000000514d172b7b83aee0994c27f2dd6fd7288540ec6c67b231e962abf25,2abf25,5,单,大
2026-08-11 12:24:40,85250421,000000000514d1753910d11784c8fa668d14595578425c2ca8818e8a8fde48df,de48df,8,双,大
2026-08-11 12:24:50,85250424,000000000514d1784a1c0ee54e60e2e59f80f496068a0b08ceb06772941fb0f1,1fb0f1,1,单,小
2026-08-11 12:25:00,85250427,000000000514d17b336819e2d09c9737cef4338c34cef3ab44474ebaec4c4b0d,4c4b0d,0,双,小
2026-08-11 12:25:10,85250430,000000000514d17ec1ad9408144f778c342f97c2b7bec68dd6de7fcbc6e5ffec,e5ffec,5,单,大
2026-08-11 12:25:19,85250433,000000000514d181cf59f22ea8df87c28cde54069f71fe59df58f555713de690,3de690,0,双,小
2026-08-11 12:25:29,85250436,000000000514d184ba9b752ee8ca29eab18704716b33bbb9040a661514864793,864793,3,单,小
2026-08-11 12:25:39,85250439,000000000514d187b8159afb1d248e15d518ab230cf13bd82d1acaa55ab84ce9,b84ce9,9,单,大
2026-08-11 12:25:49,85250442,000000000514d18afc2398b7b1a9c47cd74ba26ffacbc99438e8bc9e52e33ed7,e33ed7,7,单,大
2026-08-11 12:25:59,85250448,000000000514d19006f9a9d5806f365c0bcf9c8b19d5f8082c5147dd8de1e0f8,e1e0f8,8,双,大
2026-08-11 12:26:08,85250451,000000000514d193cc2f84daae5073843ef1ad51dbe8af23c34256f6afc2473a,c2473a,3,单,小
2026-08-11 12:26:18,85250454,000000000514d1961eb51d664ce657935d4bcfb0ab5880ab5f8b654a646b06fc,6b06fc,6,双,大
2026-08-11 12:26:28,85250457,000000000514d199254f3ca91b9e3f7ff53639f0662c698b5450d9172f79fd42,79fd42,2,双,小
2026-08-11 12:26:38,85250460,000000000514d19c46c6c690aa0acc9e611b655a107924796bed152ab95eb4fc,5eb4fc,4,双,小
2026-08-11 12:26:48,85250463,000000000514d19fc38d9a990da45cbff3dcd44670fc130c92d9fb93c22fa9a4,2fa9a4,4,双,小
2026-08-11 12:26:58,85250466,000000000514d1a27d19c7f5d5deec492d5c854eb9536642659faa7564082f25,082f25,5,单,大
2026-08-11 12:27:08,85250469,000000000514d1a58ffa6e2187e5f96eaabc44a5825829205d8168f2ee2cb80d,2cb80d,0,双,小
2026-08-11 12:27:18,85250472,000000000514d1a8c7e7185dffa86aa0caab181e6536456f0e0275c7fa7f9627,7f9627,7,单,大
2026-08-11 12:27:27,85250475,000000000514d1abeca9ad20a4fc7ead99ce14cc2628e56e03d70be5a1e2a249,e2a249,9,单,大
2026-08-11 12:27:37,85250478,000000000514d1ae9403601e484940faafc5f3ade299254b9470246864d33f5e,d33f5e,5,单,大
2026-08-11 12:27:47,85250484,000000000514d1b4268f6a94e0ed60989342baa5fdea327fbf2fe7a3ed7d4936,7d4936,6,双,大
2026-08-11 12:28:07,85250490,000000000514d1bafc31c988a86b10d376510e809998804a3d83acfa5d681b25,681b25,5,单,大
2026-08-11 12:28:17,85250493,000000000514d1bdbdf091171eff629a98438bb6cd89f541643b8f72f36c2588,6c2588,8,双,大
2026-08-11 12:28:26,85250496,000000000514d1c0f70e95fafb898aa1148b01356ef723b5ca922b239f927ce9,927ce9,9,单,大
2026-08-11 12:28:36,85250499,000000000514d1c3d1b1bea4428f01fd95656397d2a5a4f2786ab9d045860eb7,860eb7,7,单,大
2026-08-11 12:28:46,85250502,000000000514d1c63b951fc68614078f0cc76615843801df5ac28f3530139b5d,139b5d,5,单,大
2026-08-11 12:28:56,85250505,000000000514d1c9be74d314a75e86402c91b7a85282062d3fb9ceddd1cdeb3a,cdeb3a,3,单,小
2026-08-11 12:29:06,85250508,000000000514d1ccbeb485521c5e8bb7de343e2a3c3ff9da3ef80051b37df4ac,7df4ac,4,双,小
2026-08-11 12:29:16,85250514,000000000514d1d23f13c40b3ea6e84032c34c715769164b2827cdaa0b537f27,537f27,7,单,大
2026-08-11 12:29:36,85250520,000000000514d1d849da32ff7f30b9ceae9f6cdce709172916d12d3bdc8a4206,8a4206,6,双,大
2026-08-11 12:29:45,85250523,000000000514d1db1ab11d38a704142df34f0520d45e092d71c262083208090f,08090f,0,双,小
2026-08-11 12:29:55,85250526,000000000514d1de1ed07651fac29a94b875d9bf2bdfa27bda91ae99af92868f,92868f,8,双,大
2026-08-11 12:30:05,85250529,000000000514d1e1a9db986ff2997d72a9a952c376eb9e101e72968acb34576b,34576b,6,双,大
2026-08-11 12:30:15,85250532,000000000514d1e45a18f5678e93cb9f65f3c18ea0697d69555094bc6fd7f616,d7f616,6,双,大
2026-08-11 12:30:26,85250535,000000000514d1e795f04a856c0151720810ced39474cffca45b90a7049c180a,9c180a,0,双,小
2026-08-11 12:30:36,85250538,000000000514d1eadf22e1fa343cbde204e15a533c84e795ef430194ecd0d8d3,d0d8d3,3,单,小
2026-08-11 12:30:46,85250541,000000000514d1ed21b93ed6245c7d1d2a83f932c66e0f6ec3cc51a4561ad1c0,1ad1c0,0,双,小
2026-08-11 12:30:55,85250544,000000000514d1f0edf9a3c9fa8c9c8f52363d4edd2a4b92e4ca48ba34210bdd,210bdd,0,双,小
2026-08-11 12:31:05,85250550,000000000514d1f67aec348db758ccf534df62f3f569e6b9be377fa358b28dda,b28dda,8,双,大
2026-08-11 12:31:15,85250553,000000000514d1f96f9793b60114c1f8ce8f7e1be6e0f8d71489ea6eb65d13f7,5d13f7,7,单,大
2026-08-11 12:31:25,85250556,000000000514d1fc9e5899011958f98990455f47e2cc95db78e640414734fb37,34fb37,7,单,大
2026-08-11 12:31:35,85250559,000000000514d1ff30f291612a5ca83643cce4cafa173f7c746f76c56fe6f46c,e6f46c,6,双,大
2026-08-11 12:31:45,85250562,000000000514d202bf1fe1550835995fccca18c65ef6732c7cc8fb95991115f1,1115f1,1,单,小
2026-08-11 12:31:55,85250565,000000000514d2051f25be250d4d5f4a0ba14b986c581b3b811ffadb10417cfc,417cfc,7,单,大
2026-08-11 12:32:05,85250568,000000000514d20853b604a58d1d0f5a008ea29e4d9ba1725e39e808a50ea185,0ea185,5,单,大
2026-08-11 12:32:15,85250571,000000000514d20be2c66f62c5df1dcafdedb31f35713578bbb4251060c2669e,c2669e,9,单,大
2026-08-11 12:32:25,85250574,000000000514d20e197e5b80c9a87f687933c96f67486f8c9390cc14bfc25a48,c25a48,8,双,大
2026-08-11 12:32:35,85250580,000000000514d214a91b0ae65321473556803ee58585d81e5ace07a8ec5b74b7,5b74b7,7,单,大
2026-08-11 12:32:44,85250583,000000000514d217964a2bf1a0c58e976f47cbd97c81608eb8be4b9956fd3cf4,fd3cf4,4,双,小
2026-08-11 12:32:55,85250586,000000000514d21a5041d29661539025ec3f95b91e8366b96b949721c64b6478,4b6478,8,双,大
2026-08-11 12:33:05,85250589,000000000514d21db9ef91dacee6463f5a3a2349c76e5e52f5ac129832ad4db3,ad4db3,3,单,小
2026-08-11 12:33:15,85250592,000000000514d220bbea512c50de5cab77faab55795d5a335d76090fa98aded1,8aded1,1,单,小
2026-08-11 12:33:25,85250595,000000000514d223f8d817245fc939a4bc112bc786578cbc60b8458eb18c0d4d,8c0d4d,4,双,小
2026-08-11 12:33:34,85250598,000000000514d226a5c8f08ef8e5b5ecd91d23ba15c2a836b83882a5c59933a2,9933a2,2,双,小
2026-08-11 12:33:44,85250601,000000000514d2293c890bcf9229e1a324627a8a4fc5f59aee9ca6d53566e12e,66e12e,2,双,小
2026-08-11 12:33:54,85250604,000000000514d22c584d5faf9262d1438042d3e099de6ee2e1113524c53d8b18,3d8b18,8,双,大
2026-08-11 12:34:04,85250607,000000000514d22f8a7a0e234190447b503c326c4f572766cba4fb98898ed950,8ed950,0,双,小
2026-08-11 12:34:14,85250613,000000000514d2351351150f3cbb5ab9259c8e281b0d31c2799184809b1e9b3b,1e9b3b,3,单,小
2026-08-11 12:34:24,85250616,000000000514d238bbcd2b3b88a1d6658b1137c8bf6f57f214c67d8694520ccd,520ccd,0,双,小
2026-08-11 12:34:34,85250619,000000000514d23b4571b20e5342263bbc0c6ecf81318c1bb6a90661b531b927,31b927,7,单,大
2026-08-11 12:34:44,85250622,000000000514d23e162a83b471a1a23373443daba5b5b9bc454832b313c1868a,c1868a,8,双,大
2026-08-11 12:34:53,85250625,000000000514d241d5866fe84aedaabbcce5c19bd453cf6795cf145ef879c229,79c229,9,单,大
2026-08-11 12:35:03,85250628,000000000514d244667de8b40c2a7ea213bbb067bd5b9d6e082124837daa6e50,aa6e50,0,双,小
2026-08-11 12:35:13,85250631,000000000514d24767f008b93579179dde52381764a22db51e17ec533b0c2470,0c2470,0,双,小
2026-08-11 12:35:23,85250634,000000000514d24a61c3ad93c2a91ab65d8efcf1d75ffca58d7b67f67171742f,71742f,2,双,小
2026-08-11 12:35:33,85250640,000000000514d250c03565c885bb6efc02885cbd82d7bac85b8cbffa2475a789,75a789,9,单,大
2026-08-11 12:35:53,85250643,000000000514d25392189f4447fef25da267d0bbc83f497904664f2d89525ae4,525ae4,4,双,小
2026-08-11 12:36:03,85250649,000000000514d25919cdc662a6ccceaee6b9e198aae16605c34b2f1f60a57c4c,a57c4c,4,双,小
2026-08-11 12:36:13,85250652,000000000514d25ca34e9607fe1bdbf92b2a77de7dc52869c753139eb1217e51,217e51,1,单,小
2026-08-11 12:36:23,85250655,000000000514d25f1474b8eefd4b49ed7cf2346e4e45400f2152bc6d3381ab22,81ab22,2,双,小
2026-08-11 12:36:33,85250658,000000000514d26261c34bdf87ab488ef66dda6736b867e8677b2331e997bf5a,97bf5a,5,单,大
2026-08-11 12:36:43,85250661,000000000514d2657b586380eb808db473873daa3eb9c9419abb5a631018aa2c,18aa2c,2,双,小
2026-08-11 12:36:53,85250664,000000000514d26893b6aebdcc0596e753b72b1d117e929ac013ec7682f23d98,f23d98,8,双,大
2026-08-11 12:37:02,85250667,000000000514d26bcf8c87d88207c38dff036ab1ddda19bf018e4ff573ebd8bc,ebd8bc,8,双,大
2026-08-11 12:37:12,85250670,000000000514d26e95e414ec99872ede9e9c0000b32bf83945856682d2abd195,abd195,5,单,大
2026-08-11 12:37:22,85250673,000000000514d271a159dbc3e114d5b550971cd8518f225a6741e1778486de00,86de00,0,双,小
2026-08-11 12:37:32,85250676,000000000514d27499287cf7bee71d109d9ef41d12539b3c219b49746db293a4,b293a4,4,双,小
2026-08-11 12:37:42,85250682,000000000514d27a95d379e1842e14c3ed456971222f55fbfdc4b23c9cdc6fe9,dc6fe9,9,单,大
2026-08-11 12:37:52,85250685,000000000514d27dda277e9899eb6a86676075ee7cb1b4c10252499aa896fbc0,96fbc0,0,双,小
2026-08-11 12:38:02,85250688,000000000514d2808a1227b10561e7c84a2ac1dfa46866d148041eaac026f36a,26f36a,6,双,大
2026-08-11 12:38:12,85250691,000000000514d2834e2a519995003a32921028cfc0a00b3283ac5d1d43ac2847,ac2847,7,单,大
2026-08-11 12:38:22,85250694,000000000514d286f767e2952c7c54fdfe6200951b19c69b05559e704ea3f504,a3f504,4,双,小
2026-08-11 12:38:32,85250697,000000000514d289e31e09d31b18c89477ed4e55b217f136032b431185186edb,186edb,6,双,大
2026-08-11 12:38:42,85250700,000000000514d28c1d58c6354506d179bf6d3609c1346dc26e02acbfec0f1a33,0f1a33,3,单,小
2026-08-11 12:38:52,85250703,000000000514d28f6ad1ca83d3204582ef20310f9c0a54cf4160c57c8ba9814f,a9814f,4,双,小
2026-08-11 12:39:02,85250706,000000000514d2926b835d8eee6a6253566b610a31f195589ff0f3d3ea1b1738,1b1738,8,双,大
2026-08-11 12:39:12,85250712,000000000514d298fdf45cfcb1aa46346b4aa65567e627719c9697ce8102f092,02f092,2,双,小
2026-08-11 12:39:22,85250715,000000000514d29b4b14395e1e9a3e7e38119578662bb0901b52c4ed51c18d80,c18d80,0,双,小
2026-08-11 12:39:32,85250718,000000000514d29e0a1c082f2107448ce0840ef1e1cb73b7213f5dc438499542,499542,2,双,小
2026-08-11 12:39:42,85250721,000000000514d2a1236b08e4df24c913079602db4c63a2738c4c0d1a3c28acf2,28acf2,2,双,小
2026-08-11 12:39:52,85250724,000000000514d2a4da6f2458fbe5364b831238b46b767e993fabb944aa81fff5,81fff5,5,单,大
2026-08-11 12:40:01,85250727,000000000514d2a7da4ad074ad4fb2a74524aadc733ab200c34c3300a19fb390,9fb390,0,双,小
2026-08-11 12:40:11,85250730,000000000514d2aa2fcfe038621611a25759a3af89fcf40e44f85b949c5358d6,5358d6,6,双,大
2026-08-11 12:40:21,85250733,000000000514d2adc714d8868a078a9c912ba3a271f241214c1ddefa820f96e7,0f96e7,7,单,大
2026-08-11 12:40:31,85250739,000000000514d2b32ea9549ee81e7f67a708e77ee309611f9ecafad719b4be0c,b4be0c,0,双,小
2026-08-11 12:40:41,85250742,000000000514d2b6cbb4bafa5d0210f6d0176e27a14cb497eb685f9d7c9233b1,9233b1,1,单,小
2026-08-11 12:40:51,85250745,000000000514d2b95cd39350d6b6856aa32e994f76475ad7920a035da40c8d8e,0c8d8e,8,双,大
2026-08-11 12:41:01,85250748,000000000514d2bc5f6411b5f67c75942190c456f60e5618faf69ec8f09e85e5,9e85e5,5,单,大
2026-08-11 12:41:11,85250751,000000000514d2bf8a48b9533ebbdf3b660e957effbaec9f2661a1bac4314703,314703,3,单,小
2026-08-11 12:41:21,85250754,000000000514d2c2d8181cce7a9efbc880bbd26c227a3836c463ae2fce07c66c,07c66c,6,双,大
2026-08-11 12:41:31,85250757,000000000514d2c52e7285f68107abaa91b1da8d9b3aa9e3574e236e3cdb197a,db197a,7,单,大
2026-08-11 12:41:41,85250760,000000000514d2c8fdd9b0a8b8db8ab31a48ead222205156cb9322744a5eb538,5eb538,8,双,大
2026-08-11 12:41:51,85250763,000000000514d2cb38d308854c2f552272f5f3a1f41ad67b4823c22735639435,639435,5,单,大
2026-08-11 12:42:01,85250766,000000000514d2cec61c7ee4204ff4ca5e302d9bf164cf39d9ecbb840b413b3b,413b3b,3,单,小
2026-08-11 12:42:11,85250769,000000000514d2d17eed0c022571b1f58f92ab4b29b116b68ef6adfe4fa736a6,a736a6,6,双,大
2026-08-11 12:42:20,85250775,000000000514d2d7be7b166bb7f24f0e1c14fd67a8d0c50425ee4a43e5070027,070027,7,单,大
2026-08-11 12:42:30,85250778,000000000514d2da06021c78228ea5a6e0f80cc25f6535ac571bad4c5521b719,21b719,9,单,大
2026-08-11 12:42:40,85250781,000000000514d2ddf9efda79cfa81dce67190a6e4d384e23336e8abbe4e894a2,e894a2,2,双,小
2026-08-11 12:42:50,85250784,000000000514d2e0d41ec03c14a29fd2341e202735caab0d158646af7a23e231,23e231,1,单,小
2026-08-11 12:43:00,85250787,000000000514d2e34b52ccbcf8d4c71ecc935225953574ea3e253b7582a3d2d3,a3d2d3,3,单,小
2026-08-11 12:43:10,85250790,000000000514d2e6fce0b7ab06f47f47380f91e89b00480d247db2cb12b63b9f,b63b9f,9,单,大
2026-08-11 12:43:21,85250793,000000000514d2e932af078e735b91f599197706526f1c4443912bc066d8d283,d8d283,3,单,小
2026-08-11 12:43:31,85250796,000000000514d2ec3b8a2f869138e995e2885c0c1c3d95f3d1024026df9e80ac,9e80ac,0,双,小
2026-08-11 12:43:41,85250799,000000000514d2ef9f01d943f3bce52eeaf57c9e8f2b9a8d5bee52b27bd99666,d99666,6,双,大
2026-08-11 12:43:50,85250805,000000000514d2f55e6f0efb9d72fec32113d68f345cead48ffd84fb44dc51ea,dc51ea,1,单,小
2026-08-11 12:44:00,85250808,000000000514d2f82ed67056ced9304fa9554dfc89ed7febc7733f35779cdb62,9cdb62,2,双,小
2026-08-11 12:44:10,85250811,000000000514d2fb429483cf2e03eeaaa04b018b3b4069ad95a916bbb8b62fe9,b62fe9,9,单,大
2026-08-11 12:44:20,85250814,000000000514d2fee08e33d67a6f096d31fd33c8a4873870fec5712482543415,543415,5,单,大
2026-08-11 12:44:30,85250817,000000000514d30186abad295f64f6afd43d7193a44cd2a2064087c0bcf1cd30,f1cd30,0,双,小
2026-08-11 12:44:40,85250820,000000000514d304f42b9e1106ad6fc582da61101c12dd2e1c8caadeb23af6eb,3af6eb,6,双,大
2026-08-11 12:44:50,85250823,000000000514d3072924b90538a67d411b6901aa8cb05f1dca98dc0cffcbe347,cbe347,7,单,大
2026-08-11 12:45:00,85250826,000000000514d30a6aaf99baddd39ede066bac2e74cdeb741454cada3b608ce1,608ce1,1,单,小
2026-08-11 12:45:11,85250829,000000000514d30dff9e5de128a73a29edd7f229a4ced9aaccace349cf2ee84f,2ee84f,4,双,小
2026-08-11 12:45:21,85250835,000000000514d313db31fed8d18d3a26f34f2f93a705b45717938e55dd57a3f9,57a3f9,9,单,大
2026-08-11 12:45:31,85250838,000000000514d316cf2550382695f29c3d98b3fec880ee41cd17e9d85760e796,60e796,6,双,大
2026-08-11 12:45:41,85250841,000000000514d3192f01f430f3d14e90876495285d8488dd39205f1ddab3bf6f,b3bf6f,6,双,大
2026-08-11 12:45:51,85250844,000000000514d31c13717efe6bf413b970dd32e8aff468b798fe222782084ba2,084ba2,2,双,小
2026-08-11 12:46:01,85250847,000000000514d31f56548dfbc698c82c73475f2a82abe397d8127d55994693b9,4693b9,9,单,大
2026-08-11 12:46:11,85250850,000000000514d32251ae52bb816d44eca266aaa96add2d0064adff27faf72015,f72015,5,单,大
2026-08-11 12:46:21,85250853,000000000514d32521bd925e110a6b33c7ba0b5fd1a8a51fc6ebbd5e898a44de,8a44de,4,双,小
2026-08-11 12:46:31,85250859,000000000514d32b5424616603e72ee1b0c0deb9570a372fd2b66edfd663b0a9,63b0a9,9,单,大
2026-08-11 12:46:41,85250862,000000000514d32e23e80b69e7109067341a05c0c9962be37363c683e6a02f68,a02f68,8,双,大
2026-08-11 12:46:51,85250865,000000000514d3312177d346ed42a16465b4349be01e48a6ad962bf75628c62b,28c62b,2,双,小
2026-08-11 12:47:01,85250868,000000000514d334a2537579b092ead26ffbff831d8e7b31e4595595162f10af,2f10af,0,双,小
2026-08-11 12:47:11,85250871,000000000514d33717c8e27691f6d939d4210fa4b6e3107200d1b6509a953745,953745,5,单,大
2026-08-11 12:47:22,85250874,000000000514d33aa7838a8cad1c520e4e96af9ea44a5b8745e456348775d1f4,75d1f4,4,双,小
2026-08-11 12:47:32,85250877,000000000514d33da133bee13fb191429be2dda9da9475299a96231b59728bcc,728bcc,8,双,大
2026-08-11 12:47:42,85250880,000000000514d340a46a323683f7bf9631a6e376bb8e449b641b02a01aef7092,ef7092,2,双,小
2026-08-11 12:47:52,85250883,000000000514d343364ea9a211eb2d2b0981511ea139684c5fa8714bb04a91ab,4a91ab,1,单,小
2026-08-11 12:48:02,85250889,000000000514d349dcbce8217c1d3876e555a2f4664912ac04b05c67f90db97d,0db97d,7,单,大
2026-08-11 12:48:11,85250892,000000000514d34ca4efd3e675dcbea8bc6dd59623f460f753347f344679bab7,79bab7,7,单,大
2026-08-11 12:48:21,85250895,000000000514d34f6de30ef84290cb1265eb29e605b42f07f8b4595e1d29cc0e,29cc0e,0,双,小
2026-08-11 12:48:31,85250898,000000000514d35215fb9b032c428df6ca0d6b60c83ecbf22e33f91fc6c8c8a3,c8c8a3,3,单,小
2026-08-11 12:48:41,85250901,000000000514d35591662b735930eb522620200a883538ee000e2599fd8c1526,8c1526,6,双,大
2026-08-11 12:48:51,85250904,000000000514d3582210fc7c4984cb9b6e292120f555fa320b6b3268b7af13c1,af13c1,1,单,小
2026-08-11 12:49:01,85250907,000000000514d35b9037000b2aea0ac1446b3116ac99470810642d9cfcfe8d47,fe8d47,7,单,大
2026-08-11 12:49:11,85250910,000000000514d35ea94a8e4b42402af114c46567595b7b1556b8e74af57b4224,7b4224,4,双,小
2026-08-11 12:49:21,85250913,000000000514d36141f16601b722dc543b6f1e73e0f098d33419fbb9cb5fb31f,5fb31f,1,单,小
2026-08-11 12:49:31,85250916,000000000514d3644eccffbffd133fe7a912c705d3e7490c54e7c8a4ee217ea1,217ea1,1,单,小
2026-08-11 12:49:41,85250919,000000000514d367cb98e36e88726d30ddad895dee9b3526670bbb795edf8202,df8202,2,双,小
2026-08-11 12:49:51,85250925,000000000514d36dc791adcaf63998bd913bfff13b03429d656055bcd41e9633,1e9633,3,单,小
2026-08-11 12:50:01,85250928,000000000514d370e119d2e12efa25b9798c2b56846ba66417b8a933cdc552f7,c552f7,7,单,大
2026-08-11 12:50:11,85250931,000000000514d3736946a61614ce04dfe2f38f0d593e4391102eb65acc8987fc,8987fc,7,单,大
2026-08-11 12:50:21,85250934,000000000514d376c6c771d7ff8ab3c65aafece7f024a186cf501bc4c9cd6c3a,cd6c3a,3,单,小
2026-08-11 12:50:31,85250937,000000000514d3792a32fa1dec8b999cc47b3d8daf659b16798ba4dd6c600077,600077,7,单,大
2026-08-11 12:50:41,85250940,000000000514d37cea69f947850812ebbe2bfb21624375a8838a0419675ff5a0,5ff5a0,0,双,小
2026-08-11 12:50:51,85250943,000000000514d37f99da38bfbc1154b1f969e53b6f1272d20fcadf2a2fda9cab,da9cab,9,单,大
2026-08-11 12:51:01,85250946,000000000514d382013f44e9676522866d0796bc6775c4028ff5fac0285aeec7,5aeec7,7,单,大
2026-08-11 12:51:11,85250949,000000000514d385bc8d539276ed3b7ff97788cb854934b449edd96f754717f0,4717f0,0,双,小
2026-08-11 12:51:21,85250955,000000000514d38b56df7b57b48df625fe6736075ba926d02900298f672d93bb,2d93bb,3,单,小
2026-08-11 12:51:31,85250958,000000000514d38eef61baa8e7c1fc652a7c7e0911194e9a294df67071fc9fbe,fc9fbe,9,单,大
2026-08-11 12:51:41,85250961,000000000514d391774fd95c2915ecb13f3cc612663ddfd9ac01bdd8ad4ad09e,4ad09e,9,单,大
2026-08-11 12:51:50,85250964,000000000514d3941f957cccfd58845a432577cdb9e38efb8ccd6624844630af,4630af,0,双,小
2026-08-11 12:52:00,85250967,000000000514d397ceccec91668dd504f2046861bc1da022aa75e5510262cfdb,62cfdb,2,双,小
2026-08-11 12:52:11,85250970,000000000514d39a805e1e3362cf3741e7da8264960b34eed9e8c3e8594b10a7,4b10a7,7,单,大
2026-08-11 12:52:21,85250973,000000000514d39d2bf44ef19bbaeacef16c7639105e2ffe7cd5738d94afaed4,afaed4,4,双,小
2026-08-11 12:52:31,85250976,000000000514d3a012dff700cd58f3cbc0d2c8dbdf688abb072135742d0e9c86,0e9c86,6,双,大
2026-08-11 12:52:41,85250979,000000000514d3a3cceec887362b3e1a920553c50af4409d0c42021a37de253a,de253a,3,单,小
2026-08-11 12:52:51,85250985,000000000514d3a9d7ecc199496331590b7e5dcb6c805c0266037aef38fad81d,fad81d,1,单,小
2026-08-11 12:53:01,85250988,000000000514d3ac8117470e3b948c65b0c3f104acd841e1152e4a804c26a907,26a907,7,单,大
2026-08-11 12:53:11,85250991,000000000514d3af798cd8546b988598795ace4e737e314bf718de7a14fbff68,fbff68,8,双,大
2026-08-11 12:53:21,85250994,000000000514d3b2b2c17b1a766f066281939122c9ed3456afedb5db40ce3468,ce3468,8,双,大
2026-08-11 12:53:31,85250997,000000000514d3b55ef5bbb46894fbf00784f50c37a135bdcfa781a440fc867f,fc867f,7,单,大
2026-08-11 12:53:41,85251000,000000000514d3b80a6f68040f9613ece9def19b4781fe113a14be61abdc5363,dc5363,3,单,小
2026-08-11 12:53:50,85251003,000000000514d3bbba8bcb0094dc30b4016ba614156b3a91cf80fe95ff71afaf,71afaf,1,单,小
2026-08-11 12:54:00,85251006,000000000514d3be07cde2a4e80c97c041fb2b8103dd9300106e14d9be77cb7f,77cb7f,7,单,大
2026-08-11 12:54:10,85251012,000000000514d3c43a325dd9362787aed0344e1d03048865b60d4355154119b4,4119b4,4,双,小
2026-08-11 12:54:31,85251018,000000000514d3ca9aead6377aef5cf837853eb876fcfcac9d05c23085619ca2,619ca2,2,双,小
2026-08-11 12:54:41,85251021,000000000514d3cd19d99926c4c188f08eac022a6c268ca8bea92207dff68b17,f68b17,7,单,大
2026-08-11 12:54:51,85251024,000000000514d3d057a3b6587212c5ed69b50ed1b1f0a304f8ea2434c369234b,69234b,4,双,小
2026-08-11 12:55:01,85251027,000000000514d3d3bda9cb5958c1a4724a8f0cfa47bf93bf9c39dbbc45e8fbe2,e8fbe2,2,双,小
2026-08-11 12:55:11,85251030,000000000514d3d646e0171ee31cc014ae105adcf227212230c803782a9b9a64,9b9a64,4,双,小
2026-08-11 12:55:21,85251033,000000000514d3d901e08c733062d7d5e8ade44d6edad2bc407ea18932e6e5e8,e6e5e8,8,双,大
2026-08-11 12:55:31,85251039,000000000514d3dfcee41919f2d4aff8d92316f4d9c8e5adfe872810ea001e11,001e11,1,单,小
2026-08-11 12:55:50,85251045,000000000514d3e594470ea375a5288bb7e2bee190baad2dd5c84077f6ceeb95,ceeb95,5,单,大
2026-08-11 12:56:00,85251048,000000000514d3e869bd8bc4e06c2786a1e217026db13b26d16fc90c5ed7e824,d7e824,4,双,小
2026-08-11 12:56:11,85251051,000000000514d3eb49fef13a091039f6c2e19d4ffa81d3e052c2527dcbec42f5,ec42f5,5,单,大
2026-08-11 12:56:21,85251054,000000000514d3ee8ad14cf01aad614f89b39fb1197bde3fb30c695714b27f55,b27f55,5,单,大
2026-08-11 12:56:31,85251057,000000000514d3f17cac9be802521080739df1802ac91c1b3b488b69cbc5c5ff,c5c5ff,5,单,大
2026-08-11 12:56:41,85251060,000000000514d3f41f2bd8bf905ac1b983578b3162f7b105ba7ce4504a4a2a2b,4a2a2b,2,双,小
2026-08-11 12:56:51,85251063,000000000514d3f7fc8cbbbcd83bcd3efcb04146a2f5f1f3fec6bed999e8fce6,e8fce6,6,双,大
2026-08-11 12:57:01,85251066,000000000514d3facdd6ec6bebc4bc68d1ac2592fa71edb2fec662141cd47c91,d47c91,1,单,小
2026-08-11 12:57:11,85251072,000000000514d4003c4a89e68cba22d81919ec235c17c320c6efe27af26467c6,6467c6,6,双,大
2026-08-11 12:57:21,85251075,000000000514d4038f257ecb79f66cd7048aa12efd815a0056fe558b845e4d5d,5e4d5d,5,单,大
2026-08-11 12:57:31,85251078,000000000514d4067ca862a6eb43b3a8de9bf7890959c1c20a99bf1d094efbc4,4efbc4,4,双,小
2026-08-11 12:57:41,85251081,000000000514d40965850a983ccb090cfca867665a9ee23a7b07603fbd5fceee,5fceee,5,单,大
2026-08-11 12:57:51,85251084,000000000514d40ce4f823458c211d74555cdd54fc1f8fa5f9b25ba79179629b,79629b,9,单,大
2026-08-11 12:58:01,85251087,000000000514d40f3ae2a2d9c21d089ad89cb3436015d4df340480f52c795d56,795d56,6,双,大
2026-08-11 12:58:11,85251090,000000000514d412e1d3a7abdf7111d681683a1c3c17f5cf3e8956bd3b164229,164229,9,单,大
2026-08-11 12:58:21,85251093,000000000514d41508b111763fcb992dc3f208ce14eda3c18fd47d279c2579d3,2579d3,3,单,小
2026-08-11 12:58:31,85251096,000000000514d418f35219186e46799bb500360c1940879b4eed4da87ec51671,c51671,1,单,小
2026-08-11 12:58:40,85251102,000000000514d41eb2e36ef602b3c0821e5e34666ddc324cb7ec0a7f96413369,413369,9,单,大
2026-08-11 12:58:50,85251105,000000000514d421a0b709b814929d4ac395fd3c702d6b56095a1d3a71d0029d,d0029d,9,单,大
2026-08-11 12:59:00,85251108,000000000514d4247db6e732502af1f19720d1185e484f190472e785fd2157d6,2157d6,6,双,大
2026-08-11 12:59:10,85251111,000000000514d42798dd3353f5ff786a90a8fb41d9d7fc361e4533063faf4533,af4533,3,单,小
2026-08-11 12:59:20,85251114,000000000514d42abf0722d3e326fb76132ad368c5731982196f8a2f8b83a0d7,83a0d7,7,单,大
2026-08-11 12:59:30,85251117,000000000514d42dd61e4aaadc7ad4ea426ccf01a22b8eb981960c83f911c64a,11c64a,4,双,小
2026-08-11 12:59:40,85251120,000000000514d430470cd70217e1f767f00fcd8ad9d0dc49c26e0218652e9084,2e9084,4,双,小
2026-08-11 12:59:50,85251123,000000000514d433c0d839a24268c14f167ed6e66f02db4bcc64e1b6634bef5a,4bef5a,5,单,大
2026-08-11 13:00:00,85251126,000000000514d43611a37acd64c5ae73a6eaaf149080f8ff2c9ba0322ab984b5,b984b5,5,单,大
2026-08-11 13:00:10,85251129,000000000514d439ff31cfb4eec9488a044e4e7524cfa23680277ee8e939c51d,39c51d,1,单,小
2026-08-11 13:00:20,85251135,000000000514d43f4f88f050b5adf68e1f64bdfe87ac298f567d7fcdb89f14c9,9f14c9,9,单,大
2026-08-11 13:00:30,85251138,000000000514d442788b8ca0d22d7a429d62105acf5d4b9f68b9a78ce0b0b8f6,b0b8f6,6,双,大
2026-08-11 13:00:40,85251141,000000000514d4456946885f24ea784a8a541247843bb228a772b7e3c73b7d74,3b7d74,4,双,小
2026-08-11 13:00:49,85251144,000000000514d448733d162c991e52006de04278e5effb5ee391c00c5a8c7245,8c7245,5,单,大
2026-08-11 13:00:59,85251147,000000000514d44bf1d60b7b52371bfc7f56c66eb41fe554916cbd570effea8f,ffea8f,8,双,大
2026-08-11 13:01:09,85251150,000000000514d44e53488d7c8dce652acf0137be58b23699dd6a3f95181af360,1af360,0,双,小
2026-08-11 13:01:19,85251153,000000000514d45191dc112ec011fa1a0d7e4d31b46f1c02177175c2d5902d80,902d80,0,双,小
2026-08-11 13:01:29,85251156,000000000514d45498cf0b58106505b30112270f745864b55f98fb833b4500a6,4500a6,6,双,大
2026-08-11 13:01:39,85251159,000000000514d457cf9e95b777cb347dd972ff8bb4c9b35a86ca86cc0631b0ce,31b0ce,0,双,小
2026-08-11 13:01:49,85251165,000000000514d45dd60267360aa3d6a78f423829a7c6d2370a1894d53997b2ea,97b2ea,2,双,小
2026-08-11 13:01:59,85251168,000000000514d460ec9f7af8f065412b74225219c67c4e55b519f00f5cd4a8ef,d4a8ef,8,双,大
2026-08-11 13:02:10,85251171,000000000514d463ef4fac87a7af62f59a5ae410bb2926c259e670c122a6bbab,a6bbab,6,双,大
2026-08-11 13:02:20,85251174,000000000514d466e13d6500203fae524392fe38a0dde9d674d5c7e076b74c35,b74c35,5,单,大
2026-08-11 13:02:30,85251177,000000000514d469a11923e0d8976df6cf9247bf1c1111aaa991c4f53e0531d4,0531d4,4,双,小
2026-08-11 13:02:40,85251180,000000000514d46ca46b703ad3fcd93e0a03830a9e66bca0ebbd5bf2606a1cdb,6a1cdb,1,单,小
2026-08-11 13:02:50,85251183,000000000514d46fb437f991c025ad84d03bf1ea09e5804aa081bd304c1bbf6c,1bbf6c,6,双,大
2026-08-11 13:03:01,85251186,000000000514d47224be4f420dbdade5609d10be79b815c41328258aa5a5df75,a5df75,5,单,大
2026-08-11 13:03:11,85251189,000000000514d475f82370ea0fcc92b676997ae4e0f20b74326de698659f38c3,9f38c3,3,单,小
2026-08-11 13:03:21,85251195,000000000514d47b28bf396d2d66f650eafeb1a3f0d60fe6c7cea1b8c69e2a8b,9e2a8b,8,双,大
2026-08-11 13:03:31,85251198,000000000514d47e2ffd62fcc9dd2ba51f517f349bdfd36befc7bc9dba1eb1dd,1eb1dd,1,单,小
2026-08-11 13:03:41,85251201,000000000514d48112048de04c9ebafcb3ebc9e51d83e9e371dff456dbe86b4a,e86b4a,4,双,小
2026-08-11 13:03:51,85251204,000000000514d48422c9bb206d79c6bcc601365f9fe372717e27aa50a4d6740e,d6740e,0,双,小
2026-08-11 13:04:01,85251207,000000000514d487cc90f622165f4d9e83603e7a0dc02caf7210862dcfd24a4d,d24a4d,4,双,小
2026-08-11 13:04:11,85251210,000000000514d48aed2fb6895b8079d47217e8310bd675caa0876c38acf93fcc,f93fcc,3,单,小
2026-08-11 13:04:21,85251213,000000000514d48d7f5223b23ae24aabc2b151555ddd44b933e2d85a4a69d68e,69d68e,8,双,大
2026-08-11 13:04:31,85251216,000000000514d4905a2853e10cfc65f18d7682f1cd32af0eccd79b3d88eb0cf0,eb0cf0,0,双,小
2026-08-11 13:04:41,85251219,000000000514d49335d1961b4f9930e7f2d44d42375f9fd514ba80bbbc614e1b,614e1b,1,单,小
2026-08-11 13:04:51,85251222,000000000514d4965bae41103b80a90e52d1bc8ce684cdac57d909e41a3eea78,3eea78,8,双,大
2026-08-11 13:05:01,85251228,000000000514d49cfb5e1d5d7416434f7fc59ff461d27fdbbdf091b6e91e0b02,1e0b02,2,双,小
2026-08-11 13:05:11,85251231,000000000514d49fcd86e2bef5b3145867ea5c820041e84cc7ba30ff4858b73d,58b73d,3,单,小
2026-08-11 13:05:21,85251234,000000000514d4a2928be0484f5b07cdc1870ae808ccb97d3b8fdae6bc40ab5b,40ab5b,5,单,大
2026-08-11 13:05:31,85251237,000000000514d4a51a99b404266b3752501997ba50c25f8004a2e8c12b709141,709141,1,单,小
2026-08-11 13:05:41,85251240,000000000514d4a847f7e243847e0b0e2af625e303e0112829fe2511ff464394,464394,4,双,小
2026-08-11 13:05:51,85251243,000000000514d4ab462649be8cd37f7835966022057f6dcde21200cae55c375e,5c375e,5,单,大
2026-08-11 13:06:00,85251246,000000000514d4ae0d8dfcbfadaf7debf538752e90f6cc964c4c61fe65d4e41c,d4e41c,1,单,小
2026-08-11 13:06:11,85251249,000000000514d4b10833d3f54be07807e183cee2e8fe2344dfb01bf58829cc35,29cc35,5,单,大
2026-08-11 13:06:21,85251255,000000000514d4b70e6c22758fa6bf916ff4a03b0d229b2b3ee1fedf0462c6e4,62c6e4,4,双,小
2026-08-11 13:06:31,85251258,000000000514d4ba79ed67512beb6bdad90c8a5e50e4a9f1ecb56211cf2068f4,2068f4,4,双,小
2026-08-11 13:06:41,85251261,000000000514d4bd2999b3c94232bbcc0770005f7ec0d07d27ef50aa0e3d623d,3d623d,3,单,小
2026-08-11 13:06:50,85251264,000000000514d4c0e56a405d73f687d1a13927ce5333f62ef43fe5ff533150ae,3150ae,0,双,小
2026-08-11 13:07:00,85251267,000000000514d4c3c937144795a74d5f474fbea1b78aa252245c6c05aff09f65,f09f65,5,单,大
2026-08-11 13:07:11,85251270,000000000514d4c6f49c4691e372ffe882e4d4183aea5e97ea244ef2cf9f9e34,9f9e34,4,双,小
2026-08-11 13:07:21,85251273,000000000514d4c9ce321dfa2d33ae9dd4556742fec8855a80f042e9c47316fd,7316fd,6,双,大
2026-08-11 13:07:30,85251276,000000000514d4ccb0cbb5393b3f8f65878a62b7b583a4dddc01975e93695554,695554,4,双,小
2026-08-11 13:07:41,85251279,000000000514d4cf72031e9bca074d0556ff1d765c3ba3ebcd9e700d63808db8,808db8,8,双,大
2026-08-11 13:07:51,85251282,000000000514d4d204dea7b6f541159b1c61f9b1d727d4b3c689bffcbdda9c81,da9c81,1,单,小
2026-08-11 13:08:01,85251285,000000000514d4d5dfe2167cc632d0135859c150f2ccff27d230188d13984a01,984a01,1,单,小
2026-08-11 13:08:11,85251291,000000000514d4dbbc344344103739ea77d0a671404d0460cdbe928d8f06859e,06859e,9,单,大
2026-08-11 13:08:21,85251294,000000000514d4de176658c046ebe0bcd482ba567ac4a07703d72edaba616841,616841,1,单,小
2026-08-11 13:08:30,85251297,000000000514d4e18ab0e4e0a8dc3e152efe84276ec68af7484f69d245331f1f,331f1f,1,单,小
2026-08-11 13:08:40,85251300,000000000514d4e4ebea59bb0d0d6c164151418f377538e3085dc5de6d6586cd,6586cd,6,双,大
2026-08-11 13:08:50,85251303,000000000514d4e7a50c8cefd84a3354585d5bede64e7c0a507f87c7b2735687,735687,7,单,大
2026-08-11 13:09:00,85251306,000000000514d4ead46aaf331cc84a2db12e6cf90f7661f8bd232e231c66cade,66cade,6,双,大
2026-08-11 13:09:10,85251309,000000000514d4edc2c6af923aab33f355a46a903af788b8950a085b4f388a13,388a13,3,单,小
2026-08-11 13:09:20,85251315,000000000514d4f3af14a3928ebed56cdf67ae6e0623450ae83396ac5f41e53d,41e53d,3,单,小
2026-08-11 13:09:30,85251318,000000000514d4f6fc54139f6b60f036058c427ea82fa4fb64289f92147298ee,7298ee,8,双,大
2026-08-11 13:09:40,85251321,000000000514d4f923d6e26b57a8f180396d0621c6899b48b659f5f7640b4f13,0b4f13,3,单,小
2026-08-11 13:09:50,85251324,000000000514d4fc4d93cbdd8e9142167b21bb04cc8bfc75417eb48013dcf9d2,dcf9d2,2,双,小
2026-08-11 13:09:59,85251327,000000000514d4ff5aff576590141acd96a6ec7d5730120ee3c6b2ef1c8e3541,8e3541,1,单,小
2026-08-11 13:10:09,85251330,000000000514d502848cbdc6e9a5f0a3717efe3b00001b9a8a04911ba9efa3a7,efa3a7,7,单,大
2026-08-11 13:10:19,85251333,000000000514d505641446d31510d3dcd0981c599a7b49184db97dde51dac6c9,dac6c9,9,单,大
2026-08-11 13:10:29,85251336,000000000514d5083b682aa516a6dfa79c9a8394a3bde5eead77c611df593063,593063,3,单,小
2026-08-11 13:10:39,85251339,000000000514d50b3759f1a89cea9404f967bc34dd097aa53a85d0eeb5259b5e,259b5e,5,单,大
2026-08-11 13:10:49,85251342,000000000514d50ed4cf062f56453519fab0ba2f80c689531b1701592cf0be77,f0be77,7,单,大
2026-08-11 13:10:59,85251345,000000000514d51195b12dc92d863091a4fb3e887c6e98273797b36d1283c6de,83c6de,6,双,大
2026-08-11 13:11:09,85251348,000000000514d514805e57362acd8953db7028226adc287f8e7f996041a6bf30,a6bf30,0,双,小
2026-08-11 13:11:19,85251354,000000000514d51a3d4d1926f84f7913acd5035a4cded3eaf6fb3801a32b98dc,2b98dc,8,双,大
2026-08-11 13:11:29,85251357,000000000514d51d1dfcce9702454af4577c43c5414ec072a4e57084dc2a65c7,2a65c7,7,单,大
2026-08-11 13:11:39,85251360,000000000514d52007e1823fad3a00a395b8e37bec2f76fe0fb237bb09e07b5d,e07b5d,5,单,大
2026-08-11 13:11:49,85251363,000000000514d523b74cca8920c78b84d4e29c0384bb274a0adcc6ef4794c394,94c394,4,双,小
2026-08-11 13:11:59,85251366,000000000514d52666bdc778a33cd3d36df2dac1c6f2203a9eea6d450cc4fbe3,c4fbe3,3,单,小
2026-08-11 13:12:09,85251369,000000000514d5295da90e8fe19f7a44e4ba82834d659302d3346b4bb1d2b856,d2b856,6,双,大
2026-08-11 13:12:19,85251372,000000000514d52c9035e85240f8040ebaf7e7c4ca8793aa74b95d232549aa3f,49aa3f,3,单,小
2026-08-11 13:12:29,85251375,000000000514d52f223bc1210af1390e47d208d7b1921138d4f9b0cd4089df5e,89df5e,5,单,大
2026-08-11 13:12:39,85251381,000000000514d53524808578913a6edb1d3826046b8bd3ec15fc498ef1ac3f18,ac3f18,8,双,大
2026-08-11 13:12:49,85251384,000000000514d53803d01925e0647e896043288794de31a5d2d17cf2d8c71f14,c71f14,4,双,小
2026-08-11 13:12:59,85251387,000000000514d53b3c842d15db7f074fc08165f8d2287395166b41794a073e2d,073e2d,2,双,小
2026-08-11 13:13:09,85251390,000000000514d53e067136af9908eb8d27d5c9b6faafc769880c3a2c91d1fb20,d1fb20,0,双,小
2026-08-11 13:13:18,85251393,000000000514d541abe7ecc093939ba6359375f37f24647e97f1a0da36699f71,699f71,1,单,小
2026-08-11 13:13:28,85251396,000000000514d54461559b100545363ef03c2dfb4582bb32efc2e118739bf0cb,9bf0cb,0,双,小
2026-08-11 13:13:38,85251399,000000000514d547a1de3b1279b66e6e7321540972909314c4874a00bdf1867c,f1867c,7,单,大
2026-08-11 13:13:48,85251402,000000000514d54a30ee02b3f75ff2654daea03f3ea7e0657e961ba49297523c,97523c,3,单,小
2026-08-11 13:13:58,85251405,000000000514d54d5abe349c4ce1e251a5e92204694e0e1baeffe89488a32cf4,a32cf4,4,双,小
2026-08-11 13:14:08,85251411,000000000514d5531d90f56737f138302851feb8ef7c2fa640399109a72725d5,2725d5,5,单,大
2026-08-11 13:14:18,85251414,000000000514d556ed0cca032ba36516ca8ffd585490ea30593414c5acc5a628,c5a628,8,双,大
2026-08-11 13:14:28,85251417,000000000514d559a0d0d623084cd248f495144b0ea44d40a4dbe79eda814bd7,814bd7,7,单,大
2026-08-11 13:14:38,85251420,000000000514d55c31a143d5ee9784cca8b0620a3e476a97f1c5041aa801d5a4,01d5a4,4,双,小
2026-08-11 13:14:48,85251423,000000000514d55f6d59edc0edf93721d59beeea00181008edd95fd73d477d82,477d82,2,双,小
2026-08-11 13:14:58,85251426,000000000514d56203f30f7250eaf5641d6d238df9aa8cde48d08ca0ac72bd63,72bd63,3,单,小
2026-08-11 13:15:08,85251429,000000000514d5652ae558fa825598b5660aed7a7b33b549bef3dcf624278570,278570,0,双,小
2026-08-11 13:15:18,85251432,000000000514d568eca7c1bce41387f0ffd2c615ee8099c40928c05f7131fe00,31fe00,0,双,小
2026-08-11 13:15:28,85251435,000000000514d56bc9cd3217dfed30fc31b19aba4ae800110b88f649c9d69b66,d69b66,6,双,大
2026-08-11 13:15:38,85251441,000000000514d57179cd525e0a4f1406352244a4b7ff55f0d11ac3d2da475e29,475e29,9,单,大
2026-08-11 13:15:48,85251444,000000000514d57437219b388c29f0967d4870527625c2769cd0f04de6c38844,c38844,4,双,小
2026-08-11 13:15:58,85251447,000000000514d57708b9dc1bc3595df1476dac09c263b48376720a5fb7f9751f,f9751f,1,单,小
2026-08-11 13:16:08,85251450,000000000514d57abf1ed6e0f4b35935a2d3509c54767df1229d54057258dd94,58dd94,4,双,小
2026-08-11 13:16:18,85251453,000000000514d57de7d57fe330a03afa3ca99385a63ac224a55cabc1187184fc,7184fc,4,双,小
2026-08-11 13:16:28,85251456,000000000514d58089fdfb0186b81a400a441b8e965af1c8c7e3fa7449a51586,a51586,6,双,大
2026-08-11 13:16:38,85251459,000000000514d583cafc8fe01194c47c13130991ae694ecbf4f83f01d6b99cae,b99cae,9,单,大
2026-08-11 13:16:48,85251462,000000000514d586202c8f330497f3275503ab48edfe0233f399c8fef986276b,86276b,6,双,大
2026-08-11 13:16:58,85251468,000000000514d58cfa2a843cb7f76f624855cb9a5997596f232001a966b8c324,b8c324,4,双,小
2026-08-11 13:17:08,85251471,000000000514d58f39d22aa6d4e6fd4818acfe353667c0a7e38be0ec92dd2739,dd2739,9,单,大
2026-08-11 13:17:17,85251474,000000000514d59282c8b3caf0d01c81a156e044b80e3c503a3b3c7ffd6db6f5,6db6f5,5,单,大
2026-08-11 13:17:27,85251477,000000000514d5951bf124d9dfb89cacac07919763435680481e10153cd79bc9,d79bc9,9,单,大
2026-08-11 13:17:37,85251480,000000000514d598574f814a28d873244439e23c6e4cc498d38a14f8e4406bec,406bec,6,双,大
2026-08-11 13:17:47,85251483,000000000514d59b0f7a468a89e943d2bf0e6bb9407584f9bf34dce0d7627e0a,627e0a,0,双,小
2026-08-11 13:17:57,85251486,000000000514d59e3065af76bd8a1052e298cdb05d179170bc867c3aabc72805,c72805,5,单,大
2026-08-11 13:18:07,85251489,000000000514d5a166fb5b81f5381e16060447477f1cbc20ae389ba70a6098b7,6098b7,7,单,大
2026-08-11 13:18:17,85251492,000000000514d5a45a57749e0cd7ef9a565eb15e9dc8fa2504485cda1b57684e,57684e,4,双,小
2026-08-11 13:18:27,85251495,000000000514d5a70b462b7425429bdb2fb4e7dc6b56fb44c79d3f593d45f838,45f838,8,双,大
2026-08-11 13:18:37,85251501,000000000514d5ade08bd644879a63bce0f8b74a60fe0124ccac9345635105ee,5105ee,5,单,大
2026-08-11 13:18:47,85251504,000000000514d5b04aaa01d56c84eacad9c11132916fc8cf794d7b8c78a197f8,a197f8,8,双,大
2026-08-11 13:18:57,85251507,000000000514d5b35ce74402e07ac51dee6bb1730cf36bb9464e0218956a530e,6a530e,0,双,小
2026-08-11 13:19:07,85251510,000000000514d5b621711c56c8a0119a40d51e7dd47459d144c7927c97958c33,958c33,3,单,小
2026-08-11 13:19:17,85251513,000000000514d5b90a7f5986a225991d4ce1b6559c02c5005c5c0ce989e83d00,e83d00,0,双,小
2026-08-11 13:19:27,85251516,000000000514d5bcaa2b44f91e7b66328d9be088a925a62c2648e24e3087cb5b,87cb5b,5,单,大
2026-08-11 13:19:37,85251519,000000000514d5bf5c538166551218c5b4d961deef35bf0577a1d6ceda804ba1,804ba1,1,单,小
2026-08-11 13:19:47,85251522,000000000514d5c2c7a1b6b5add00b3b647b9307f0d534e19630d1d60a6e9581,6e9581,1,单,小
2026-08-11 13:19:57,85251525,000000000514d5c5b08ae5f6c6405ba87d1152189da3c4bafdb147c640f8c5b9,f8c5b9,9,单,大
2026-08-11 13:20:07,85251528,000000000514d5c8d556f56a4cc53259d0a3d754a1d5964783018f62bbe56edc,e56edc,6,双,大
2026-08-11 13:20:17,85251531,000000000514d5cb024b0097e54cf3bc6d8dd170c47747c7d2a7287b418c9edf,8c9edf,9,单,大
2026-08-11 13:20:27,85251537,000000000514d5d10705925051eca16f5f19ffa232e1ac9e2f43324c120f8826,0f8826,6,双,大
2026-08-11 13:20:36,85251540,000000000514d5d4531c025542e641c49b86c862fc3a41ede69ddff78b98d28c,98d28c,8,双,大
2026-08-11 13:20:46,85251543,000000000514d5d7476c7ffa3d8f179c790bce8e33f922ef34c87e522c5c40b2,5c40b2,2,双,小
2026-08-11 13:20:56,85251546,000000000514d5da730e87084d5cc33c66e43c0d8636065f450c20ba55ec6f43,ec6f43,3,单,小
2026-08-11 13:21:06,85251549,000000000514d5dddc27fe7f0e970c8774a493086d6f4e20a4beb8f9bd86ea02,86ea02,2,双,小
2026-08-11 13:21:16,85251552,000000000514d5e0ed59e84fc3a1bbc78735ad10a22aa6dee34c41c0f07acb4a,7acb4a,4,双,小
2026-08-11 13:21:26,85251555,000000000514d5e308517178fd579132356688e480ef3da6bd93c4783fd44876,d44876,6,双,大
2026-08-11 13:21:36,85251558,000000000514d5e6238455a8619881918c8872d6837764bce03f3a57f5bcaf33,bcaf33,3,单,小
2026-08-11 13:21:46,85251564,000000000514d5ec9f77f9675591defe485ad0a461cc69e23b66e8a295c4b31e,c4b31e,1,单,小
2026-08-11 13:21:56,85251567,000000000514d5ef49fc35af092671c0db44e2c9e8366ffb1d3102ccf2a38175,a38175,5,单,大
2026-08-11 13:22:06,85251570,000000000514d5f2752084ff8bfa262b6e1f71c0e70b19bb63f11226caba1dff,ba1dff,1,单,小
2026-08-11 13:22:16,85251573,000000000514d5f535628ccf3a7d7b9bb0fe01332e3cad3db7eaa9a6e27eaaa1,7eaaa1,1,单,小
2026-08-11 13:22:25,85251576,000000000514d5f853d06ad5735e76c854f4e23dcf2e92fb3fd3863eac356cd8,356cd8,8,双,大
2026-08-11 13:22:35,85251579,000000000514d5fbf0c7d19ad0199bfd6fb17c347f0711bda470570ebfef6374,ef6374,4,双,小
2026-08-11 13:22:45,85251582,000000000514d5fea22ec244614b53645bded38287af3e56ee6f9b309911a2df,11a2df,2,双,小
2026-08-11 13:22:55,85251585,000000000514d601138efcf4037d2e335fe507ec650f876df73969284379b570,79b570,0,双,小
2026-08-11 13:23:05,85251588,000000000514d604fcb11f320b5a60978ace94915785f96839b20d3653a7c6a3,a7c6a3,3,单,小
2026-08-11 13:23:15,85251591,000000000514d6073edba01aba131012de8c013b381ce0fa5120a90036a114cb,a114cb,4,双,小
2026-08-11 13:23:25,85251597,000000000514d60d9abaf058360288852324912d4235ade2f065be0ba6a1c17d,a1c17d,7,单,大
2026-08-11 13:23:35,85251600,000000000514d61094a519cf748bc185e0aaec2d6d2aea91d38ce70fefabaeeb,abaeeb,0,双,小
2026-08-11 13:23:45,85251603,000000000514d613c72149e1ca16bc96d56f4ad9f228c5776e9184677c59f7ef,59f7ef,7,单,大
2026-08-11 13:24:28,85251615,000000000514d61fbcc9c35471cbe617b755b5628a4f30d1d806ddd3ae903883,903883,3,单,小
2026-08-11 13:24:38,85251621,000000000514d6256269d8cd49b887c943de08098daaf61e5e394e2eef481a04,481a04,4,双,小
2026-08-11 13:24:48,85251624,000000000514d628a00f093a2d499b35538e8cdddfdfb224305eaa52c5991371,991371,1,单,小
2026-08-11 13:24:58,85251627,000000000514d62b16c77d2c488a9173abfbc4d53f133f4e43c9965d5bac5948,ac5948,8,双,大
2026-08-11 13:25:08,85251630,000000000514d62e8d1a6b5eac9f2c1db205336be05eafacc6bfafc29aa47878,a47878,8,双,大
2026-08-11 13:25:17,85251633,000000000514d63148ea7878319e45651dd61a9d130b2593e7689ae7b25b7300,5b7300,0,双,小
2026-08-11 13:25:27,85251636,000000000514d6343519f036eed27cc3732e093ce4a0a4d299b92c9b3b55256d,55256d,6,双,大
2026-08-11 13:25:37,85251639,000000000514d6374c5aee119f52893f934297a6535afa03ad345c8c321afd89,1afd89,9,单,大
2026-08-11 13:25:48,85251642,000000000514d63acae41f6dc08f01a0823762d29561395d855a5c1c92212531,212531,1,单,小
2026-08-11 13:25:55,85251645,000000000514d63d73bfa18a248973025aafd8f1bea97d1da80577d3b3b22104,b22104,4,双,小
2026-08-11 13:26:01,85251648,000000000514d640a034e97425c018fa97a7f5f8b333079e7c8d7dddc21b96da,1b96da,6,双,大
2026-08-11 13:26:09,85251651,000000000514d64322fb85a757b4a743aeeaa3f4f7b5d5f7855bb184d0e29503,e29503,3,单,小
2026-08-11 13:26:26,85251657,000000000514d64963a67a8471e81b23238bf2d4336163b49d04ddf3d14dc9fd,4dc9fd,9,单,大
2026-08-11 13:26:36,85251660,000000000514d64c88a28f8d01b425a2f1f90d3ed8cea898f7aacfb1185a57e2,5a57e2,2,双,小
2026-08-11 13:26:45,85251663,000000000514d64ff08ff1129313a34844acfa0d707d3e3697fda707fd1d2812,1d2812,2,双,小
2026-08-11 13:26:55,85251666,000000000514d652e964750d176235cdd56576f9877795ac02bb9cbc54ad064f,ad064f,4,双,小
2026-08-11 13:27:03,85251669,000000000514d65581836a56f2c667ae71e159ad98637f6ee8b02e04adfa25d7,fa25d7,7,单,大
2026-08-11 13:27:13,85251672,000000000514d65897a5e60504c388cf6cb3bc439c070ebf208a3cf58178e175,78e175,5,单,大
2026-08-11 13:27:29,85251678,000000000514d65e4cfe0869adef19c1824d1a39ca19a957b04f1b8566d9f89b,d9f89b,9,单,大
2026-08-11 13:27:39,85251681,000000000514d661c8daee79d25d442b41f9c126cde5bf3bee5e60da7a921632,921632,2,双,小
2026-08-11 13:27:49,85251684,000000000514d6649b6935009e8117d9b7cd7775ce6d62a0d31bf78c9b3526ca,3526ca,6,双,大
2026-08-11 13:27:59,85251687,000000000514d667f912d714b051f726de6812bf9cc4d4832b4d3ffdd05279c5,5279c5,5,单,大
2026-08-11 13:28:09,85251690,000000000514d66a1c7c683addf675b767b294c8475e192a2d4b898d58c7bbb8,c7bbb8,8,双,大
2026-08-11 13:28:19,85251693,000000000514d66dde06f4609a3251f9adea610e2c3ce2d45b4c5e8d37d51c9d,d51c9d,9,单,大
2026-08-11 13:28:29,85251696,000000000514d670176b8318e2bbdc779a0180332755ab8d3002ab10d52e5435,2e5435,5,单,大
2026-08-11 13:28:39,85251699,000000000514d67328b3b969176bb0260de340ba50adab472056760037be269d,be269d,9,单,大
2026-08-11 13:28:49,85251702,000000000514d6769d0e8eecc8b508f4e500533d57a8586d1d37b87be2c1ce6b,c1ce6b,6,双,大
2026-08-11 13:28:59,85251705,000000000514d6792bd377934625fcccde9c25ca5a962d03d260bfe5e9b7d9ca,b7d9ca,9,单,大
2026-08-11 13:29:09,85251711,000000000514d67f39f102478ca24c0ef4f7d6dadcb84d13556cb3c85678cfdc,78cfdc,8,双,大
2026-08-11 13:29:19,85251714,000000000514d682b50a785f9a719b01e2b4c062f23e884ed4a534a721b12a0b,b12a0b,0,双,小
2026-08-11 13:29:34,85251720,000000000514d688c52d46e9a781aea0e68393d9a2b815bb3702090bd41d1685,1d1685,5,单,大
2026-08-11 13:29:44,85251723,000000000514d68bae2852e32f8936fcf208c281a763fbf1cc7338a4d6e7259e,e7259e,9,单,大
2026-08-11 13:30:01,85251726,000000000514d68e23e0249918103e331e8954489d2f753fe4eab4d2a2460b1c,460b1c,1,单,小
2026-08-11 13:30:11,85251729,000000000514d69181fcc61405565f712f8739b8af0765ad2b37f9c1ebcbdb7c,cbdb7c,7,单,大
2026-08-11 13:30:21,85251735,000000000514d697f98e7fa4a9b78373ae9ac2968e9f1de0c8f2efbd91c0bbea,c0bbea,0,双,小
2026-08-11 13:30:31,85251738,000000000514d69a98ed0953bd4280361eda98d9f6e7d84a0841c4d718f94188,f94188,8,双,大
2026-08-11 13:30:41,85251741,000000000514d69dd446766fbaa11a19c88fd4921b771acca052cb7382a980b7,a980b7,7,单,大
2026-08-11 13:30:51,85251744,000000000514d6a095ef59a0bbd70c7abb4a4dc084b337af05c1d924b75a8650,5a8650,0,双,小
2026-08-11 13:31:01,85251747,000000000514d6a387697e633c6b2222a4f9a754f0bef389ce51a8d1eaaf9d27,af9d27,7,单,大
2026-08-11 13:31:10,85251750,000000000514d6a65688a54055dbca0003254834b099f8658000cacf21bef42b,bef42b,2,双,小
2026-08-11 13:31:20,85251753,000000000514d6a94880a9664bd1c60e12254ac10ba5753f7e997da4efbfd306,bfd306,6,双,大
2026-08-11 13:31:30,85251756,000000000514d6acd70f6b3c358fff1ae2912c3edccfdab63f9e91805747fc0e,47fc0e,0,双,小
2026-08-11 13:31:40,85251759,000000000514d6af52512c6e385b990e20187f4bcd7f5b4caa952413db0dfab7,0dfab7,7,单,大
2026-08-11 13:31:50,85251762,000000000514d6b2aa72d05d6b5a34bec3ece34eaa178533e2f2e0c40ed9423b,d9423b,3,单,小
2026-08-11 13:32:00,85251768,000000000514d6b88ef2a2660d1d7b5ec04fc99fb5d358dc58aa19088e126b73,126b73,3,单,小
2026-08-11 13:32:10,85251771,000000000514d6bb6f40c06f2eef9bcb95574755a369804dc8363ef3bdc0a403,c0a403,3,单,小
2026-08-11 13:32:20,85251774,000000000514d6bef630f6ecaf24691f4d8fd7386330b58191ac8e514adb1a24,db1a24,4,双,小
2026-08-11 13:32:30,85251777,000000000514d6c118d72f82cac3b2855c591dafde78b038f419200e027d66fc,7d66fc,6,双,大
2026-08-11 13:32:40,85251780,000000000514d6c4a939d3705bf27f5ef1cf92da3d8061aeecd65d9458db6220,db6220,0,双,小
2026-08-11 13:32:50,85251783,000000000514d6c7e9d5a1fb3cd136ecdaf5ae5071b5924d0a2600cb093e4409,3e4409,9,单,大
2026-08-11 13:33:00,85251786,000000000514d6ca678c79b028539d26bbc8a72d93d7e1bc31ecdc8bc8de38c6,de38c6,6,双,大
2026-08-11 13:33:10,85251792,000000000514d6d09bcee4b3c25cd187c4c165fc8e962039e2af866768a25c41,a25c41,1,单,小
2026-08-11 13:33:20,85251795,000000000514d6d30ebb0db8035c18389a6229e08afc22ec16ca161c99d22eeb,d22eeb,2,双,小
2026-08-11 13:33:30,85251798,000000000514d6d627907c89e9eb9594544ee85162f5e201113d1b4694d6b2e2,d6b2e2,2,双,小
2026-08-11 13:33:40,85251801,000000000514d6d9b080032a6eec9c64412a0e3d8c9272ff1ec64d4cd6af9122,af9122,2,双,小
2026-08-11 13:33:50,85251804,000000000514d6dc96cf637173aacb604d83c0272062f86865ee6ca16a5e5725,5e5725,5,单,大
2026-08-11 13:34:01,85251807,000000000514d6dfa8e4a4dae2566ff726037ec95a81e327d78d425c2784f861,84f861,1,单,小
2026-08-11 13:34:17,85251813,000000000514d6e56296c0498798d18e3b9c0a5ddcaebce6f64b4e7a35ecb588,ecb588,8,双,大
2026-08-11 13:34:27,85251816,000000000514d6e83871e33d218f67d69de123a51bf4b499dbac53a27b79da32,79da32,2,双,小
2026-08-11 13:34:37,85251819,000000000514d6eb171f66d1a137b628d67af908d78eae1077aad707c9c523b2,c523b2,2,双,小
2026-08-11 13:34:47,85251822,000000000514d6ee2d1672f1f9df47d9bb870c7f373cdcf86d9b5aa84e878073,878073,3,单,小
2026-08-11 13:34:57,85251825,000000000514d6f1fbfc0313c00f9eae165e6117de3eae1e915055157558626d,58626d,6,双,大
2026-08-11 13:35:07,85251831,000000000514d6f758e0f0171b91c6fe8953a2130e26b814f38af31c2a736a92,736a92,2,双,小
2026-08-11 13:35:17,85251834,000000000514d6fab4d9e1804cb2c43a26fe8be43f4dc68dccfe29655d958f35,958f35,5,单,大
2026-08-11 13:35:27,85251837,000000000514d6fd22c654f0d9e6c55a475f54359fd2e62a4b27d21ef1eb821e,eb821e,1,单,小
2026-08-11 13:35:37,85251840,000000000514d700f28a4a5f62060c281573552c9cfb00c13ed0aca78f90ab5f,90ab5f,5,单,大
2026-08-11 13:35:47,85251843,000000000514d7031950970e8e034d9e8caf8d8b76d6cd4bd477d619e209997c,09997c,7,单,大
2026-08-11 13:35:57,85251846,000000000514d70645a7da637d6d0c11be8b3e89a3c1c631910eb89dc1f775b9,f775b9,9,单,大
2026-08-11 13:36:08,85251849,000000000514d709931fe2c4511370f0b4ba88fcbea3fcbd29dd35170151e25a,51e25a,5,单,大
2026-08-11 13:36:19,85251852,000000000514d70cc8cac3d306d3cf94e38092e22d7b81a1700aa08d17114a5a,114a5a,5,单,大
2026-08-11 13:36:29,85251858,000000000514d712e7f3ad51c684aa9bbc10e855349e6a1d2407f0f6c8236f4a,236f4a,4,双,小
2026-08-11 13:36:49,85251864,000000000514d718ff09b572544b68324fc8f449b7c0e01766aebf743551aedc,51aedc,1,单,小
2026-08-11 13:36:59,85251867,000000000514d71b91765737aa9b781d152765d73cf1a202474ecb262704f8f0,04f8f0,0,双,小
2026-08-11 13:37:10,85251870,000000000514d71ecd862f222a34375638e0cbb21eedd4252dc3d0bb44f25ea0,f25ea0,0,双,小
2026-08-11 13:37:20,85251873,000000000514d721f5d8b20181acd6807db0dfdaa2551107814e6cc6aeaaee8c,aaee8c,8,双,大
2026-08-11 13:37:30,85251876,000000000514d724b8c17037b0bbdcec839d83129907943e910f4154da72ac79,72ac79,9,单,大
2026-08-11 13:37:40,85251879,000000000514d7272664380457bce124fb296545e84c13229db3f0ac086c9ae4,6c9ae4,4,双,小
2026-08-11 13:37:51,85251885,000000000514d72d8f56c5c7d476e4fb0aeafa059ffe38436b66d249069c6b3a,9c6b3a,3,单,小
2026-08-11 13:38:02,85251888,000000000514d7302e1316153345bf58b1c6f164145f67807cd742a6ff14469b,14469b,9,单,大
2026-08-11 13:38:12,85251891,000000000514d7333dcf9a9dc5a0c262dd9c5c9cdcb3643cf232031d3b77fdae,77fdae,7,单,大
2026-08-11 13:38:23,85251894,000000000514d736a44422bb4c2bebd35bd2451aeda428a0b90d68d7af12fafa,12fafa,2,双,小
2026-08-11 13:38:33,85251897,000000000514d73976055691370130b94e5e8cc23f2c0d1a7079bff492e2aafd,e2aafd,2,双,小
2026-08-11 13:38:44,85251903,000000000514d73f212700610bd086e50f29d9044360567127cddfcb230e664b,0e664b,4,双,小
2026-08-11 13:38:54,85251906,000000000514d74207db7424579c6b3a12570f2fbdc0558ba6b52505d7154f46,154f46,6,双,大
2026-08-11 13:39:04,85251909,000000000514d745f82cd7751e6c254cd51b31947f7fc3ade7eb3f7c0f9b5d34,9b5d34,4,双,小
2026-08-11 13:39:14,85251912,000000000514d748514b765a37bb4eec529abc87b45a5fa1d8b3acfcff82d563,82d563,3,单,小
2026-08-11 13:39:25,85251915,000000000514d74b39e74c40bd518ad2157adb189e3a894c6cf7f8a961d071aa,d071aa,1,单,小
2026-08-11 13:39:36,85251918,000000000514d74e631eb2447bba29474721b8222bc72ed53da5893dca121751,121751,1,单,小
2026-08-11 13:39:46,85251921,000000000514d7518fdf923147f549614d0aef5cd6da35e13b2d91a5928ce5a3,8ce5a3,3,单,小
2026-08-11 13:39:56,85251927,000000000514d7579c1066b97d44d1ed20cbe0d7ddaba43fd2f55e229b32df8c,32df8c,8,双,大
2026-08-11 13:40:06,85251930,000000000514d75ab1f3a49f9620e0b23699152d12eb27de9df448eb751ba2f5,1ba2f5,5,单,大
2026-08-11 13:40:16,85251933,000000000514d75dce29cad8e589fb1b68422674ae6daa2531c18e539f4aee9f,4aee9f,9,单,大
2026-08-11 13:40:26,85251936,000000000514d760930a27a0d887d9ed7997a2a310a0ba61ad76efe6301c94a5,1c94a5,5,单,大
2026-08-11 13:40:37,85251939,000000000514d763c51e16cdb2bf445cce0917fd5d64634c194c87e06131c869,31c869,9,单,大
2026-08-11 13:40:47,85251942,000000000514d76624baec4bdb9c7fcce06b106edbcdfad53144f40db32ba34a,2ba34a,4,双,小
2026-08-11 13:40:57,85251945,000000000514d7698a433c6a5eebf5e6746b067a56b34526b292f783fb3e3988,3e3988,8,双,大
2026-08-11 13:41:07,85251948,000000000514d76c13ce95cde0ee6a087b5a58b603ed45a1364fab82dbef67c8,ef67c8,8,双,大
2026-08-11 13:41:17,85251951,000000000514d76f7d74bd5d453c643c983f8bba5620b6e9170bd66fbaa00555,a00555,5,单,大
2026-08-11 13:41:27,85251957,000000000514d775bd504afac98485700e800408d3385ec40795b1c2e7fd455f,fd455f,5,单,大
2026-08-11 13:41:37,85251960,000000000514d778e0a6d3d64add1bb289f0c577bc5b4b12d176edb6b265e9cd,65e9cd,9,单,大
2026-08-11 13:41:47,85251963,000000000514d77b28e0c9bc4717f9a621c509f17708dffe0a519e5fcd40b00b,40b00b,0,双,小
2026-08-11 13:41:57,85251966,000000000514d77efe725edefb68620a2017eeb34083b46dfd264f96f0b3dc67,b3dc67,7,单,大
2026-08-11 13:42:07,85251969,000000000514d7811509c509362acb03c2a285adc8e253e8ed192e79344da518,4da518,8,双,大
2026-08-11 13:42:17,85251972,000000000514d784a70a164a1c2d28669dae4399df15f0ade8020e33509764f9,9764f9,9,单,大
2026-08-11 13:42:27,85251975,000000000514d7875edeb393337a87c708f4e04bf55d13d55c833b841b56abc8,56abc8,8,双,大
2026-08-11 13:42:37,85251978,000000000514d78a65b8a6358af69777af0f7ba2664212a265269313c337b491,37b491,1,单,小
2026-08-11 13:42:47,85251984,000000000514d79009b92e77b99d987341ed24ce5deff0d7c4a68f403242da69,42da69,9,单,大
2026-08-11 13:42:57,85251987,000000000514d793985e0a330ba8900c2777215c5cea3cb89d82d6a28e708aa2,708aa2,2,双,小
2026-08-11 13:43:07,85251990,000000000514d796f01fded0bf9090d5437233e664e45ca05a12b4f1937e2c2d,7e2c2d,2,双,小
2026-08-11 13:43:18,85251993,000000000514d7997b167dc2d61cf1e10f5b85fc56083653f5bfb6eea0c3fde8,c3fde8,8,双,大
2026-08-11 13:43:28,85251996,000000000514d79c67fb031ba94e605f79b9539a46b8792e22714be7aa243bc3,243bc3,3,单,小
2026-08-11 13:43:38,85251999,000000000514d79ffe946d9d67420daaf3086a3d0e1c32dd468d52cceef4fd61,f4fd61,1,单,小
2026-08-11 13:43:55,85252005,000000000514d7a51376b5d850038ecffed0992ad8247f83c85e5c83e6647e51,647e51,1,单,小
2026-08-11 13:44:05,85252008,000000000514d7a8852c77d1a06b60b4af4dd9f96217ad26f6e3f87a8be1e3b0,e1e3b0,0,双,小
2026-08-11 13:44:15,85252011,000000000514d7abeb73665212a8d75869b886db7c871cc46319f9dbd465176a,65176a,6,双,大
2026-08-11 13:44:25,85252017,000000000514d7b1e11c5fb4ac56c2a15ff47b6fe3b8d838f95578594d688a20,688a20,0,双,小
2026-08-11 13:44:45,85252020,000000000514d7b4fefe9d3011ed8c87ad719d65b1131c12c7a217c89beb1623,eb1623,3,单,小
2026-08-11 13:44:55,85252026,000000000514d7bac2bb19b72d48d00b56066d367d4909229b4a1e757a1602e4,1602e4,4,双,小
2026-08-11 13:45:05,85252029,000000000514d7bdc9342ffdc520df89bfd78d9e0bac3a8d1e954c304b3752f6,3752f6,6,双,大
2026-08-11 13:45:15,85252032,000000000514d7c0fd61731e1796daafe6053f9c910d7a0284d77f8d54187ccb,187ccb,7,单,大
2026-08-11 13:45:25,85252035,000000000514d7c3322c8a2a9d2a37647bc473cc18c263fc39db2cc77de54716,e54716,6,双,大
2026-08-11 13:45:35,85252038,000000000514d7c674b820cb12df9390860027570b8dbcc0e96eeb6852db930b,db930b,0,双,小
2026-08-11 13:45:45,85252041,000000000514d7c9451294ec9debffa9556c48cec86093380c4a29ae958b8dc6,8b8dc6,6,双,大
2026-08-11 13:45:55,85252047,000000000514d7cf7a6d94e33808ea9d82d51c97292f81740d0fb34f47fb36db,fb36db,6,双,大
2026-08-11 13:46:13,85252050,000000000514d7d2b61640b830394d7ca28a5637b179b20942ad991663d2a87b,d2a87b,7,单,大
2026-08-11 13:46:23,85252056,000000000514d7d8e259d04450a629aa8dd71a652bffa124c41dab4f85c58a96,c58a96,6,双,大
2026-08-11 13:46:33,85252059,000000000514d7db04322b947d44cd570cff4be9855f147c1c4f1276b1f1c0e8,f1c0e8,8,双,大
2026-08-11 13:46:43,85252062,000000000514d7de53113b44aae5563157512480c2fa0921277f26332ad5cad8,d5cad8,8,双,大
2026-08-11 13:46:53,85252065,000000000514d7e1e32a9554a57813fbd25dddbff73368acdffdfe803b4bd915,4bd915,5,单,大
2026-08-11 13:47:04,85252068,000000000514d7e44024f159c3571f824b589d935791ea10188f98c435928af5,928af5,5,单,大
2026-08-11 13:47:14,85252071,000000000514d7e7647f6256be996e8ae5ed57b565f41ade38429b3db9f4f07f,f4f07f,7,单,大
2026-08-11 13:47:24,85252074,000000000514d7ea5c2aa35a337b1f97df93c4703c6f0bd5cca83beb008ceff1,8ceff1,1,单,小
2026-08-11 13:47:34,85252080,000000000514d7f03c106b7f7ed62d40d0c76593d55e1775592b336147290944,290944,4,双,小
2026-08-11 13:47:44,85252083,000000000514d7f3e50e8c0473e2f4306235fe15c998c4ec5f3da8d0d10826d9,0826d9,9,单,大
2026-08-11 13:47:54,85252086,000000000514d7f6b4bc43f9f8aef365a0a2c8c8e10c518cb90fcb167fcb66aa,cb66aa,6,双,大
2026-08-11 13:48:04,85252089,000000000514d7f9edd046033a30bad9b30c029711dc29ce47249afc982b4cad,2b4cad,4,双,小
2026-08-11 13:48:14,85252092,000000000514d7fc6a6ed2a389107e7241c47414ea505a43fb08ec06fd54761d,54761d,1,单,小
2026-08-11 13:48:24,85252095,000000000514d7ff74de4b38c93ec662f8bc713146d68b2202dc7725b604585b,04585b,5,单,大
2026-08-11 13:48:34,85252098,000000000514d80295b0a04614a19f8f0d431de8c8d811fc63bd92ae529ff09d,9ff09d,9,单,大
2026-08-11 13:48:44,85252101,000000000514d80505d0db63486d102e75063fd930dfb231da91cf9583c6dab8,c6dab8,8,双,大
2026-08-11 13:48:54,85252104,000000000514d80830ea1a3c569d5e0c905c099c483b601bf8cd5165c8d6ebcb,d6ebcb,6,双,大
2026-08-11 13:49:05,85252107,000000000514d80b74d658bb31ab251592c4c0c251725be3d529ccc9f4da542f,da542f,2,双,小
2026-08-11 13:49:14,85252113,000000000514d811e7ac08ac1ccb30783ac24c0f8cb4ba8c916cd1babbaa9b7d,aa9b7d,7,单,大
2026-08-11 13:49:24,85252116,000000000514d814c01252c7462e3b950ef2505bb497a2737263780c92010d97,010d97,7,单,大
2026-08-11 13:49:35,85252119,000000000514d8175435aa47b6e5b531962624c9fb9e0713c39ba00ecf38a96d,38a96d,6,双,大
2026-08-11 13:49:45,85252122,000000000514d81aa5fd4f3155e3d9bde1164deca5cfc492f6f609d86dff3f55,ff3f55,5,单,大
2026-08-11 13:49:55,85252125,000000000514d81d94955330b6fd8675ebd70e36a792d1bf91026c988e6ea419,6ea419,9,单,大
2026-08-11 13:50:05,85252128,000000000514d8208ff2e10e01e9161638ecf8b35c567436badb3deb7d05f89d,05f89d,9,单,大
2026-08-11 13:50:15,85252131,000000000514d8232af5cd679d7dbc32cc4bdb5692f785eaea99d1253372df4a,72df4a,4,双,小
2026-08-11 13:50:25,85252134,000000000514d826419f070c0ccccc394fcf4e07ac181a70f828722d7c51f112,51f112,2,双,小
2026-08-11 13:50:35,85252137,000000000514d829f9843f3d44388a37606ffc9a2a86dc01275290bb794198ec,4198ec,8,双,大
2026-08-11 13:50:45,85252143,000000000514d82f99386e92eacec7f7a3d4ebd9a514c22ebf69798310f9ba8f,f9ba8f,8,双,大
2026-08-11 13:50:55,85252146,000000000514d832aaed53cb96d05e861e03ef893205f22b1332eb9364117a41,117a41,1,单,小
2026-08-11 13:51:05,85252149,000000000514d8353b28ed0e12aa81a27ed0e6a52ac40a0a12d5321a188e9064,8e9064,4,双,小
2026-08-11 13:51:15,85252152,000000000514d8384669bf7370e14061747a7b560e9b6a53723500a93a135d99,135d99,9,单,大
2026-08-11 13:51:25,85252155,000000000514d83b164f69b5ba84108547c78904416ef08eecb4011c7b93af39,93af39,9,单,大
2026-08-11 13:51:34,85252158,000000000514d83e71ff27ef163fdcda594c624ab1924fe5aa16cd6558112166,112166,6,双,大
2026-08-11 13:51:44,85252161,000000000514d84153f6aee2f2d3c6a8f770470795b19bbc284ee8451d795b5d,795b5d,5,单,大
2026-08-11 13:51:54,85252164,000000000514d844019450ff042940c0a7d77d07f42a190f18a897f4160bc084,0bc084,4,双,小
2026-08-11 13:52:04,85252167,000000000514d84766e71b7733722870e5e9e4ccbdbc77c89cc1acabb1aef085,aef085,5,单,大
2026-08-11 13:52:14,85252173,000000000514d84d346ec18565053690ac2741ae0c99bcb77af775296ae1f906,e1f906,6,双,大
2026-08-11 13:52:25,85252176,000000000514d85068d5c5f9511d682dcfa19eb2ae4b4fbe25a0469475f352c4,f352c4,4,双,小
2026-08-11 13:52:35,85252179,000000000514d853f965d70897e878846e61f144a583a64aeccdf2ced668a431,68a431,1,单,小
2026-08-11 13:52:45,85252182,000000000514d8562d6e90b6feb6c11c55725f672167134310f2b0da6f1ed520,1ed520,0,双,小
2026-08-11 13:52:55,85252185,000000000514d859d8d997766e857d281f0cdfcc6f5be0eb40e5b77adddcc352,dcc352,2,双,小
2026-08-11 13:53:05,85252188,000000000514d85c8a1b79a40b1a5d54ebcd907b359031e87c3943d69bd5ef21,d5ef21,1,单,小
2026-08-11 13:53:15,85252191,000000000514d85f37c1b54d5a7798251963fa54655d504b2a5842aa6533415a,33415a,5,单,大
2026-08-11 13:53:25,85252194,000000000514d8624077ffe7ebf582b310e195fb30038ca87ee94c4894ab38f9,ab38f9,9,单,大
2026-08-11 13:53:35,85252200,000000000514d8685ab1bcf5d012577f6589b8a5bee00444d8624f4c44a77e3a,a77e3a,3,单,小
2026-08-11 13:53:55,85252206,000000000514d86e730590268439dc016d7c38217bf010cd2472b82b5741c465,41c465,5,单,大
2026-08-11 13:54:05,85252209,000000000514d871a5e36bfcd783a0b2cb30f45dfa469734a8e43a4b449d4d3f,9d4d3f,3,单,小
2026-08-11 13:54:15,85252212,000000000514d874c1904c728a6191d8b97921777dfd10a567fc1449a3f9293d,f9293d,3,单,小
2026-08-11 13:54:25,85252215,000000000514d877899fa675786a978b610d53ecb09f9ec037bd74e19fdb01c0,db01c0,0,双,小
2026-08-11 13:54:35,85252218,000000000514d87a9e51aa02715c83b18e9620fecf712354372ba5f0b7affda8,affda8,8,双,大
2026-08-11 13:54:45,85252221,000000000514d87d60d1f1697887de44be097806f234d982910b3206aa023e78,023e78,8,双,大
2026-08-11 13:54:55,85252224,000000000514d8808d38224e4000f15ad8edebccfc907974e41cb350e4e16b01,e16b01,1,单,小
2026-08-11 13:55:05,85252227,000000000514d8834975119d8ba2529f4d0458f66db044730f5bddbb4a74ed50,74ed50,0,双,小
2026-08-11 13:55:15,85252233,000000000514d889b92dcba7cd9b572fd8777da2d5256c17e372473115a08ed5,a08ed5,5,单,大
2026-08-11 13:55:25,85252236,000000000514d88c64d2a4fff9df41ee127f8719d9bd020d8676d1bd12f05c86,f05c86,6,双,大
2026-08-11 13:55:35,85252239,000000000514d88f780013bcc2962455b8bf246f3187ad9ac0f75121e65616ca,5616ca,6,双,大
2026-08-11 13:55:45,85252242,000000000514d89243ac58bd90b0c7e2ccc7bcd5a81958bd2d0584195b0448e4,0448e4,4,双,小
2026-08-11 13:55:55,85252245,000000000514d895afc868b4179d53ef9c9b566b18f037c3f59bd6212126419b,26419b,9,单,大
2026-08-11 13:56:05,85252248,000000000514d898ac60337631905a5fa33afbc69c5df3b0bb2601aa54530066,530066,6,双,大
2026-08-11 13:56:15,85252251,000000000514d89b74a68899d52031481f58cdfc11ed6121cfc9873e173bf3c9,3bf3c9,9,单,大
2026-08-11 13:56:26,85252254,000000000514d89e17a7194ae0203c825a9146cdb5f37cd593114c74f282d901,82d901,1,单,小
2026-08-11 13:56:36,85252260,000000000514d8a4247af63b6b9c6bc0154bf544740a3f385d364703b9e21bd6,e21bd6,6,双,大
2026-08-11 13:56:46,85252263,000000000514d8a7d58fd65d31a25abb7c95aaae512e9f1d1d5f8dad26dcef30,dcef30,0,双,小
2026-08-11 13:56:56,85252266,000000000514d8aa25b6fdc8d8a4ae4d23134cb5cf56ab1c091cb1b064e8f611,e8f611,1,单,小
2026-08-11 13:57:06,85252269,000000000514d8ad0cc180337d3e53585eb2504be7ad00a63ebd8595ab44e291,44e291,1,单,小
2026-08-11 13:57:17,85252272,000000000514d8b0227e415f4d10da7292821b00d440e60a9e5703358085e0e7,85e0e7,7,单,大
2026-08-11 13:57:27,85252275,000000000514d8b343effef2a5e567a4c94b5b4857da5f320119f206e33ec99f,3ec99f,9,单,大
2026-08-11 13:57:37,85252278,000000000514d8b636c5eb218b6cf9dcf44eb35834a55a1593a39e3281364147,364147,7,单,大
2026-08-11 13:57:46,85252281,000000000514d8b910d92d834657b3be9274003852615bf176dd6421c7c41f6a,c41f6a,6,双,大
2026-08-11 13:57:57,85252287,000000000514d8bf95da077631a93a32a4f6fd3e824e233efe0b4d3ebb05db6d,05db6d,6,双,大
2026-08-11 13:58:07,85252290,000000000514d8c2089ae95dd7fb7c58af625d8239314506dfbd3b5bae1a113b,1a113b,3,单,小
2026-08-11 13:58:17,85252293,000000000514d8c5ced50230a5ae29b25f47662523304346a087a1328ef7127b,f7127b,7,单,大
2026-08-11 13:58:27,85252296,000000000514d8c8994815e5f0f536d7d9c6d2d5b39ed5500f266d10fee8eee2,e8eee2,2,双,小
2026-08-11 13:58:37,85252299,000000000514d8cb596394359e233d6515fc0d7884172f2c3456bc18ade8a24a,e8a24a,4,双,小
2026-08-11 13:58:46,85252302,000000000514d8ce5d5c500657b1d2f6097af879cf12259a696f2e6988c3f7af,c3f7af,7,单,大
2026-08-11 13:58:56,85252305,000000000514d8d1ef004d67b1872593b8889e082943128d325001619ceb8180,eb8180,0,双,小
2026-08-11 13:59:07,85252308,000000000514d8d4b426ac9dbe310ef2779c43dbe901c47b2b8f155801ce59a5,ce59a5,5,单,大
2026-08-11 13:59:17,85252314,000000000514d8da5f4dac3d51b1079ee8eb09d0f3d197f47161598f7847dbd0,47dbd0,0,双,小
2026-08-11 13:59:27,85252317,000000000514d8dd1c40531df90467d4a0b94cc767e556765fb62b0fd0b7e64c,b7e64c,4,双,小
2026-08-11 13:59:37,85252320,000000000514d8e0fda03ceaadb2e85fa85cf88c5213293e2fe5a2062df7f83d,f7f83d,3,单,小
2026-08-11 13:59:47,85252323,000000000514d8e3ab6592030f9c65ba074aad675d2952092b771c87f09b73f8,9b73f8,8,双,大
2026-08-11 13:59:56,85252326,000000000514d8e6e02a7665c80bfe46bfac83ad64913bdd9fbba677eff34057,f34057,7,单,大
2026-08-11 14:00:06,85252329,000000000514d8e9425f5a572fb7fc32672564e4f2cd97179352e7310581911e,81911e,1,单,小
2026-08-11 14:00:27,85252332,000000000514d8ece88431c2a9fb9806b3ca2aa43748d9dff6a07c4f57c735ef,c735ef,5,单,大
2026-08-11 14:00:37,85252338,000000000514d8f24c437d01d29a94b03509a4196c7b0752d1288cbb6adc8293,dc8293,3,单,小
2026-08-11 14:00:47,85252341,000000000514d8f53c3f2ae2cb8c2baecfd268d0f659bcae295e6438a9d908ec,d908ec,8,双,大
2026-08-11 14:00:57,85252344,000000000514d8f8018990786d016fe3bf9e629b54b66282bb8c8bf8478f401b,8f401b,1,单,小
2026-08-11 14:01:12,85252350,000000000514d8feb5e50ee6baa560a4f1e89b733c67a0fbe5b4eba865f12d04,f12d04,4,双,小
2026-08-11 14:01:23,85252353,000000000514d90187e4192921cd0873cdb11c0a9abaa7cc8d3c990cfa7a3dfb,7a3dfb,3,单,小
2026-08-11 14:01:33,85252356,000000000514d904767ad7d2aa7fad5e62c717fa8901e3e2060140c3aa26b66e,26b66e,6,双,大
2026-08-11 14:01:43,85252359,000000000514d907cc2a17f8069c482d16cd2056c3e4556d82af3c36723a6fc3,3a6fc3,3,单,小
2026-08-11 14:01:53,85252362,000000000514d90a107a0c7a5cb6fb19c43b35d400194b8e5e08b37bac80b31f,80b31f,1,单,小
2026-08-11 14:02:03,85252365,000000000514d90de1ce979357d0da32e645261e6c36abfb3548edeb189f2daf,9f2daf,2,双,小
2026-08-11 14:02:14,85252368,000000000514d910085ace05a6a74ecdf15f6c2d3c97ee3c674ef782530f8940,0f8940,0,双,小
2026-08-11 14:02:24,85252374,000000000514d916db201b3aa4a33eb4049d6067eed8d7f1b07ac05e47d71ea3,d71ea3,3,单,小
2026-08-11 14:02:34,85252377,000000000514d9198da2d1acf78c14a9f60fc656ebe88dff61667956690979f7,0979f7,7,单,大
2026-08-11 14:02:44,85252380,000000000514d91c444fdcf587f27689798812bbb51cbe5c16e04674335144dd,5144dd,4,双,小
2026-08-11 14:02:55,85252383,000000000514d91f0d3395bb6246ab2c880139e9150069105db61ecd5fe916e1,e916e1,1,单,小
2026-08-11 14:03:06,85252386,000000000514d9228bb3febc2929ff395a149360d5bf7a1017f77ffd0dc8ce7b,c8ce7b,7,单,大
2026-08-11 14:03:16,85252389,000000000514d925c7e3d982117d078d165710001c72dd2f3844feadcd342ff6,342ff6,6,双,大
2026-08-11 14:03:26,85252392,000000000514d92849455958df02852464bf5b77087781c2c9d1a85d67fdee06,fdee06,6,双,大
2026-08-11 14:03:36,85252398,000000000514d92ef817960fd936c8ae8751799b5013294225ac8bb6d609257a,09257a,7,单,大
2026-08-11 14:03:47,85252401,000000000514d9310903defec14b12c1dc3dee445746b26c688d12441e1db053,1db053,3,单,小
2026-08-11 14:03:57,85252404,000000000514d934e1b5b01b3714771c8130723dfb669a6fc307f1a5432ad5c0,2ad5c0,0,双,小
2026-08-11 14:04:08,85252407,000000000514d93762e75e5567d14e80840ee3f796b53779413a5a53ea53f1fd,53f1fd,1,单,小
2026-08-11 14:04:18,85252410,000000000514d93a60362c9c0e18192caa15c34458424d92758c9638c38c1529,8c1529,9,单,大
2026-08-11 14:04:29,85252416,000000000514d9404f57274123916a7370ddea8c8784f1e1121e53e7a981f724,81f724,4,双,小
2026-08-11 14:04:39,85252419,000000000514d9435016ef2d9a74be928cba36b60fec8a7f2c03e134af445188,445188,8,双,大
2026-08-11 14:04:49,85252422,000000000514d946f8af72418c478c646bfbb6cb79fccb3a4c916f806060000c,60000c,0,双,小
2026-08-11 14:04:59,85252425,000000000514d949749d253f52a966cfd0d156ff7ac83f96ebec6bb5ddc12af7,c12af7,7,单,大
2026-08-11 14:05:09,85252428,000000000514d94c42e59fe4fe1e74a7f09fe0ad36ee03c776b6367fd7525d69,525d69,9,单,大
2026-08-11 14:05:19,85252431,000000000514d94fd98e32c6afb845f8dd9c2f169a366e16bb705edb4c69edda,69edda,9,单,大
2026-08-11 14:05:29,85252434,000000000514d95218c4da563215e668b9bc4835515b2c058ab2a48839923917,923917,7,单,大
2026-08-11 14:05:39,85252437,000000000514d955911fafc261a8bda35bbd891cde4c468a6ff9dcd3d66f8773,6f8773,3,单,小
2026-08-11 14:05:49,85252440,000000000514d958b64cc58601d96f4556d7beb52a3af2904a08c721f53c334c,3c334c,4,双,小
2026-08-11 14:05:59,85252446,000000000514d95e9254740db3b419782057f4dc39df60795f0b9f40cb6076d0,6076d0,0,双,小
2026-08-11 14:06:09,85252449,000000000514d9611f7d223b3d040ba102d85205f329d9c0977c037ab30e5927,0e5927,7,单,大
2026-08-11 14:06:20,85252452,000000000514d964b340a9689333228302b86319a3878dad26dcd110408914b0,8914b0,0,双,小
2026-08-11 14:06:30,85252455,000000000514d967c1988bdee36c55165d6e878dece231271623a5879c6d7493,6d7493,3,单,小
2026-08-11 14:06:41,85252458,000000000514d96a3b2de704d0298fd80dfe568a32d834b102e40043061e18c9,1e18c9,9,单,大
2026-08-11 14:06:51,85252461,000000000514d96d7c347a96a5db22e90a5747d92df19b0f56853d8abc30ec52,30ec52,2,双,小
2026-08-11 14:07:01,85252464,000000000514d9704eeb7018f11ae4edb4c97f7bea0c0134baffdec6b349d49c,49d49c,9,单,大
2026-08-11 14:07:12,85252470,000000000514d9760422c32f5be896c64d954080d5b0f84ff5d7dc1fbc29a28f,29a28f,8,双,大
2026-08-11 14:07:23,85252473,000000000514d9793d9a9b236d223e77f78e5b5e5d7fcd5c0768b82a53e98271,e98271,1,单,小
2026-08-11 14:07:33,85252476,000000000514d97cca1ff67f2f867dcd9444f71c6ffc55dbffd517414fff2c0d,ff2c0d,0,双,小
2026-08-11 14:07:43,85252479,000000000514d97fe8f3513fa652494a650b0b0bbd5717a6efd8a5bdc6056157,056157,7,单,大
2026-08-11 14:07:53,85252482,000000000514d982ca46bf4c69595e9663a4d620230aed7f4c390e3ad90d544b,0d544b,4,双,小
2026-08-11 14:08:04,85252488,000000000514d988ad29e7585be48230be32bbcf18da144c3bca88c4cd64e91e,64e91e,1,单,小
2026-08-11 14:08:14,85252491,000000000514d98b4817ef2f4add284a3f843b7b1169fa63a625f2766b72d56f,72d56f,6,双,大
2026-08-11 14:08:24,85252494,000000000514d98efbf8070561a3dd8551841ebe5942b38f1532bdeb19591d39,591d39,9,单,大
2026-08-11 14:08:35,85252497,000000000514d991b37abdfe3005ec48d75962c056b29b889cd01e0c2c796efd,796efd,6,双,大
2026-08-11 14:08:45,85252500,000000000514d994aa8a4f4cb3c28c117ffd0253b1c7f4e92492286e9f6aa94f,6aa94f,4,双,小
2026-08-11 14:08:55,85252503,000000000514d997b0226abe9f775319bb0ace6c6e3c110f910cb260ff55d3b1,55d3b1,1,单,小
2026-08-11 14:09:05,85252506,000000000514d99aa2b89735c122d29c4dcbe6eb93d2582ec63e725fb7490fdc,490fdc,0,双,小
2026-08-11 14:09:15,85252509,000000000514d99dcfea2ff3df32f6906bc793a14fd3c4e63723a77fa1db7490,db7490,0,双,小
2026-08-11 14:09:25,85252512,000000000514d9a03aaf3db5bda99d13db8732eb20d87ca6ca7e46d8ed0851e6,0851e6,6,双,大
2026-08-11 14:09:35,85252515,000000000514d9a39218663bbe86c530ed9064102a8a658d5038977f6cf6c540,f6c540,0,双,小
2026-08-11 14:09:46,85252521,000000000514d9a905fd7a4c7f9625cf16e68e26c26e01395844de3726ef579c,ef579c,9,单,大
2026-08-11 14:09:55,85252524,000000000514d9ac094383b9ec7dc090f391a198a44f10f9cef6d0c031002c26,002c26,6,双,大
2026-08-11 14:10:06,85252527,000000000514d9af1d57b8ee8355bc4f1bf6be97d0a9f8f9f6baf36a268784b0,8784b0,0,双,小
2026-08-11 14:10:16,85252530,000000000514d9b20905c20138674f0b299cbf10e0e5a26f001d36852b6fe488,6fe488,8,双,大
2026-08-11 14:10:26,85252533,000000000514d9b52441694b82e747b2713d103354db9d928d00a9a62a425eee,425eee,5,单,大
2026-08-11 14:10:36,85252536,000000000514d9b8902794e285eba337aee37dcbc6af5843a1d1b124cb476aa6,476aa6,6,双,大
2026-08-11 14:10:47,85252539,000000000514d9bb3c82ca7a621327c036861e13c69c9a8a8df209942086059b,86059b,9,单,大
2026-08-11 14:10:57,85252545,000000000514d9c15870cb71ee5e98a4bda60ab51cdda3d80844fc739e020a41,020a41,1,单,小
2026-08-11 14:11:07,85252548,000000000514d9c4240a8844b9cd436b100c6bbf8457cd943fcec7466ade6f0c,de6f0c,0,双,小
2026-08-11 14:11:17,85252551,000000000514d9c7223ffab0a83039b71b344a9023c4612d832d521f703bb4be,3bb4be,4,双,小
2026-08-11 14:11:28,85252554,000000000514d9ca9f4ca1e17e610ee29f6c9303e8fc1ea464a6ff6cd1be83ff,be83ff,3,单,小
2026-08-11 14:11:38,85252557,000000000514d9cd5eb7ef25f76869e5cf0e7603acca5f453bb39f570803f803,03f803,3,单,小
2026-08-11 14:11:48,85252560,000000000514d9d03f77b7a0f719d046fc4260c66b4059ac6ca9da6518e00021,e00021,1,单,小
2026-08-11 14:11:58,85252563,000000000514d9d33671b200ca446ff32d6659732e2aa358b457c6bc63a544c0,a544c0,0,双,小
2026-08-11 14:12:08,85252569,000000000514d9d97307096b579fc11eacb42913557f9cc25140c6ef56b79163,b79163,3,单,小
2026-08-11 14:12:18,85252572,000000000514d9dcfbf493bd75889eaa56b34799202be8307b95d7e45994c43b,94c43b,3,单,小
2026-08-11 14:12:29,85252575,000000000514d9df47de0c91792a19b823289f51acacfa35314fbe4ce855161f,55161f,1,单,小
2026-08-11 14:12:39,85252578,000000000514d9e20e7a5471fc3b376b27b52fe5888c4f244d64e0ce5327166a,27166a,6,双,大
2026-08-11 14:12:49,85252581,000000000514d9e558acc0cf35ca574e0edf496cfc9c8258be3170f502ab0788,ab0788,8,双,大
2026-08-11 14:12:59,85252584,000000000514d9e8652e650eaa219804e3ce6b1aa45783647be8fcc6a464c958,64c958,8,双,大
2026-08-11 14:13:10,85252587,000000000514d9ebb6b8f434b6d27e6d5f85b2bd40057bd69c5fb29a4fd23755,d23755,5,单,大
2026-08-11 14:13:20,85252593,000000000514d9f141095d5f7f6add9d1e91e7f9c1e03cba1bb29db6038ca791,8ca791,1,单,小
2026-08-11 14:13:31,85252596,000000000514d9f41fc5840bfc7de3b5a4767458f8de1e9f8bbb221af3a3a848,a3a848,8,双,大
2026-08-11 14:13:40,85252599,000000000514d9f7c2f3125cd174ee7745c89ce523d7b4d23a7eae1ad551517e,51517e,7,单,大
2026-08-11 14:13:51,85252602,000000000514d9fa99995223dd916ebdac5e32cae6b48449ad57552e13eb9ffd,eb9ffd,9,单,大
2026-08-11 14:14:01,85252605,000000000514d9fdec59e9e6d55e8783defffb3f209ce81f00f35e7c73199ae9,199ae9,9,单,大
2026-08-11 14:14:11,85252608,000000000514da00a6b022b21b8a57ef823037cf3c21116fd477c42d95ebffa2,ebffa2,2,双,小
2026-08-11 14:14:21,85252611,000000000514da03142e12005b03b729b3760e31b68661319b5b11d5956b60ba,6b60ba,0,双,小
2026-08-11 14:14:31,85252614,000000000514da06ba8255617370207038979345001360a69963c84746bdff64,bdff64,4,双,小
2026-08-11 14:14:41,85252617,000000000514da091c0b3e0108b4ffc0ec55a15a31f50e272d7454964476a6e4,76a6e4,4,双,小
2026-08-11 14:14:51,85252623,000000000514da0fe275aa712e8889873dc95826f421ce9cadc59cd3598aff89,8aff89,9,单,大
2026-08-11 14:15:01,85252626,000000000514da122f478e47707f27ddfa503e44667599041f26c5a74364c072,64c072,2,双,小
2026-08-11 14:15:11,85252629,000000000514da159ca6b8a4d53930007174a8fefea07ccc72c72f8123209c03,209c03,3,单,小
2026-08-11 14:15:21,85252632,000000000514da18f96de35a1832e6630bac128768c8ba51b9e683561207b9fb,07b9fb,9,单,大
2026-08-11 14:15:31,85252635,000000000514da1be71e40d0056098f7eb0ded84076c8f1aa5dce647f87cc307,7cc307,7,单,大
2026-08-11 14:15:41,85252638,000000000514da1ea90f5c42e5f7b5b7d5d1992bfae23482bfbaee1877582624,582624,4,双,小
2026-08-11 14:15:51,85252641,000000000514da215dc3108867401c9a35a6e93f5502266fd4018e0312c586d5,c586d5,5,单,大
2026-08-11 14:16:01,85252644,000000000514da24146a8f9361d9eed0bb49d06d0108cfccdf546ceff29ed5dd,9ed5dd,5,单,大
2026-08-11 14:16:11,85252647,000000000514da27a676f8be956745822b5c858dec202c6d227c66d986c25bec,c25bec,5,单,大
2026-08-11 14:16:22,85252653,000000000514da2d9a6bc72eef9821a7b35e3e6b9eb0d38c8e6171900a00016f,00016f,6,双,大
2026-08-11 14:16:32,85252656,000000000514da30f762b122c8826f77c424efebf42757c2c008056ea51b7ee6,1b7ee6,6,双,大
2026-08-11 14:16:43,85252659,000000000514da33315e7d1678c569aadd41b174a0fd339a05b13aa3c3b5a4e1,b5a4e1,1,单,小
2026-08-11 14:16:53,85252662,000000000514da363ef61ed883a74649a7ff537e499bfd811c866883688a05a9,8a05a9,9,单,大
2026-08-11 14:17:03,85252665,000000000514da39223962ab893219ef58e594824e0a7546474126d8a1b72da6,b72da6,6,双,大
2026-08-11 14:17:13,85252671,000000000514da3f3e00f68cdc03d6ea23850bb5756ad7973661e86fc518ad8d,18ad8d,8,双,大
2026-08-11 14:17:23,85252674,000000000514da42690794913b8082c8304351e9a6c97b1425eb323c623f6862,3f6862,2,双,小
2026-08-11 14:17:33,85252677,000000000514da45de51db771f730d58acbef54fc038d6cda8b5919ddf120d32,120d32,2,双,小
2026-08-11 14:17:43,85252680,000000000514da486a762935ee1d25f1730c970bc9c347264b530b7fd2cb8a61,cb8a61,1,单,小
2026-08-11 14:17:53,85252683,000000000514da4bd9874581a93ffcaf0fe4afe0cca0c322cd7fab8799538de0,538de0,0,双,小
2026-08-11 14:18:03,85252686,000000000514da4e800b7120dcfe1c9bb430038244cc81e71e508e4df060077f,60077f,7,单,大
2026-08-11 14:18:13,85252689,000000000514da51f52c81870076e21823184031e1b5e7b3a727ab61e9c90255,c90255,5,单,大
2026-08-11 14:18:23,85252692,000000000514da54f4c1330c35fe052a30a5cc4d4c75bb3e15fb95684ca1cb95,a1cb95,5,单,大
2026-08-11 14:18:33,85252695,000000000514da57f2c2a6f8f762d089e39e56836b1d26f823c3c92f25944263,944263,3,单,小
2026-08-11 14:18:43,85252698,000000000514da5a5f1a317e0a29eea3950588244529238be96da44672a280b5,a280b5,5,单,大
2026-08-11 14:18:53,85252704,000000000514da60ce10431452fd6aad3811c3744394b9bb31e1d0b5c8e6df7c,e6df7c,7,单,大
2026-08-11 14:19:03,85252707,000000000514da63fc6b5cb41d187bcd5fee9fedf8020e9bdb912361ab07dbd6,07dbd6,6,双,大
2026-08-11 14:19:13,85252710,000000000514da6675dac89961678a28afb6c572cdad809d9bacb271c4c65546,c65546,6,双,大
2026-08-11 14:19:24,85252713,000000000514da6964c2293defbc010d9ed08279ce6f4e7c3ca885e577fd3ff0,fd3ff0,0,双,小
2026-08-11 14:19:34,85252716,000000000514da6cb189578518c769b6086376ab11b9999a7cac3403a64b4180,4b4180,0,双,小
2026-08-11 14:19:44,85252719,000000000514da6f4336d070af434eef808507458a82805fb89c0543af34b3fe,34b3fe,3,单,小
2026-08-11 14:19:54,85252722,000000000514da72fb46b01e06aeca28e23fdab61a26a35d0624cdb3dc2aafdb,2aafdb,2,双,小
2026-08-11 14:20:04,85252728,000000000514da785a21353569ae9260804e8bada5eadf70e5409cd39088f5ae,88f5ae,5,单,大
2026-08-11 14:20:14,85252731,000000000514da7bbe37d0175551bdd896f3ec35ab8e881ac950a1636b59ea37,59ea37,7,单,大
2026-08-11 14:20:25,85252734,000000000514da7e6759e0653f30442c8495b8f9b9254efc86a2cc701f6b210b,6b210b,0,双,小
2026-08-11 14:20:35,85252737,000000000514da81e2f34448f7d3258d6ed8dffa984283f75639b19ecdfc3fa0,fc3fa0,0,双,小
2026-08-11 14:20:45,85252740,000000000514da84dc424db10435adc0dece5cd9a11db9d11f9828bf40ee0f02,ee0f02,2,双,小
2026-08-11 14:20:55,85252743,000000000514da870fe81222fbbf4d779adff2060953747cb04265bcea78314a,78314a,4,双,小
2026-08-11 14:21:06,85252746,000000000514da8a5ff780c27d443e2a2b093ce258c3fe47060fad448fdf7cba,df7cba,7,单,大
2026-08-11 14:21:16,85252749,000000000514da8d2078b19d33886bcd275e1ed340c197b3484b59c8c3e45cd2,e45cd2,2,双,小
2026-08-11 14:21:26,85252755,000000000514da93bd13f32dee3db91bf5c6d8467986a88452547b9e8faba219,aba219,9,单,大
2026-08-11 14:21:36,85252758,000000000514da964b44c7f3df67e9174517a306dc15dec0364e70a1e8b37fb6,b37fb6,6,双,大
2026-08-11 14:21:46,85252761,000000000514da9919468fbb186aa323d3c730be4a9ce7be76502e40f820bf74,20bf74,4,双,小
2026-08-11 14:21:56,85252764,000000000514da9c4901c9a86cd1f687434e79005d4959fc9ee399ffe2bb31bf,bb31bf,1,单,小
2026-08-11 14:22:06,85252767,000000000514da9f3544c429d8ded5179f820464fe92eb034c566521fe4a02a4,4a02a4,4,双,小
2026-08-11 14:22:17,85252770,000000000514daa2d1301b57b83b05a1ae0f0244ea41c1e368141bd3cea31d79,a31d79,9,单,大
2026-08-11 14:22:27,85252773,000000000514daa5ee6092bff48c728cc7a64620a43aa130963ff65c8fc63648,c63648,8,双,大
2026-08-11 14:22:37,85252779,000000000514daab7d2ec0eda4c2180b3d7dabd4fd51ac340674d81cfc7501ed,7501ed,1,单,小
2026-08-11 14:22:57,85252785,000000000514dab13677edbb66e14d80c66c5dc948eb1f6c034def6e1d770b4b,770b4b,4,双,小
2026-08-11 14:23:08,85252788,000000000514dab4be51ef768a736052bc990532c4c200b68a4aa277415bdb4f,5bdb4f,4,双,小
2026-08-11 14:23:18,85252791,000000000514dab7a89ba2628076349776fd8706be21cb789d7024e5abf15cc0,f15cc0,0,双,小
2026-08-11 14:23:28,85252794,000000000514daba0a11b3a70637e3ce419f9432b909d16e1a1d8f98ef81ccb8,81ccb8,8,双,大
2026-08-11 14:23:38,85252797,000000000514dabd9036b5eeee489affb2191bf9c2cb93f3bfa3ca8ccb1c76c9,1c76c9,9,单,大
2026-08-11 14:23:48,85252800,000000000514dac0feb288809bef539de26460de3924b6d2cd45b33dc0ee1e00,ee1e00,0,双,小
2026-08-11 14:23:58,85252803,000000000514dac38b18703e6e80ac384cdc75e0f5e70235b80a3eaa15743504,743504,4,双,小
2026-08-11 14:24:09,85252809,000000000514dac9825418fbba42f273c6355e68d093741075109285206f8324,6f8324,4,双,小
2026-08-11 14:24:19,85252812,000000000514dacca553b79d2e2733790fbba8d91893140a183b3dd1d33f026a,3f026a,6,双,大
2026-08-11 14:24:29,85252815,000000000514dacfb4dc8ae68d3f9cbdeea4e73ca959985e908c3746bf23a4ca,23a4ca,4,双,小
2026-08-11 14:24:39,85252818,000000000514dad24da8ba387f4697136d7035b5012fdb339b9c006ca89749c7,9749c7,7,单,大
2026-08-11 14:24:49,85252821,000000000514dad5604827732fd025863b5a7c06a95c7f7650f6414b981aaa3a,1aaa3a,3,单,小
2026-08-11 14:24:59,85252824,000000000514dad86c96bc6a1c2a298f06a4a60050cc0798c8f9e1741d540b23,540b23,3,单,小
2026-08-11 14:25:09,85252827,000000000514dadb202e18a707de387c6dfd6320a5ab90285138285607a1c7f3,a1c7f3,3,单,小
2026-08-11 14:25:19,85252833,000000000514dae15711fc56ca9b36b4167c3c99f97ba0c9facbcc53056a3a03,6a3a03,3,单,小
2026-08-11 14:25:29,85252836,000000000514dae4f4699fa14b5919a04b54004474611fa7c61ee0d3a6db7dd4,db7dd4,4,双,小
2026-08-11 14:25:40,85252839,000000000514dae70eae00b6f7a6f10016a3ef3999f7348c3255c2572bdf3b5c,df3b5c,5,单,大
2026-08-11 14:25:50,85252842,000000000514daea628c4b7d49c382a07371759aa51825fbf767dba2d784b16a,84b16a,6,双,大
2026-08-11 14:26:00,85252845,000000000514daed26069100dac7fba164cac5a957fe347f86bdc50a52a8add9,a8add9,9,单,大
2026-08-11 14:26:10,85252848,000000000514daf092334b66b492d5e63c5908b507739d01dd0c56fba8621fe2,621fe2,2,双,小
2026-08-11 14:26:21,85252851,000000000514daf3fdd287f4954f8e3a270d4f078e5d4320ecc1c069eb510be5,510be5,5,单,大
2026-08-11 14:26:31,85252854,000000000514daf6098f39304a0a8ea3f86b670b902ed4b1cbbf86aee069ce09,69ce09,9,单,大
2026-08-11 14:26:41,85252860,000000000514dafcdfeb023216497e5938e1036536b2f5c1d70e39afe703fc12,03fc12,2,双,小
2026-08-11 14:26:51,85252863,000000000514daff11c1b964c955dd064b2de25a9fdbccef4d49418db7eac09a,eac09a,9,单,大
2026-08-11 14:27:01,85252866,000000000514db023694340aeb75b16bf775f69300a4741d178274380a614487,614487,7,单,大
2026-08-11 14:27:12,85252869,000000000514db052461ccf301b777fcfd30539f00e3c17c15d66079e34c4c6d,4c4c6d,6,双,大
2026-08-11 14:27:21,85252872,000000000514db08e8ca7857fb2b365b5a6d3521c26abecc554390501805d27e,05d27e,7,单,大
2026-08-11 14:27:31,85252875,000000000514db0bacd8f73b1c50fe3aeec49da8709fb8a65321d504b3866b3c,866b3c,3,单,小
2026-08-11 14:27:41,85252878,000000000514db0e9fe43b9b2526725628534d6181a9795a8ef6f311eb72a632,72a632,2,双,小
2026-08-11 14:27:51,85252881,000000000514db11086308564d9eee076e4ef2c355f32aea37d98f3deb9dbb6b,9dbb6b,6,双,大
2026-08-11 14:28:01,85252887,000000000514db172c3a5fecc39b2195f1c4238de9a30d5e3940fe2cb35ea80e,5ea80e,0,双,小
2026-08-11 14:28:11,85252890,000000000514db1a3a08b2366473d3dac2be014568c6dafcb314ef5453bcfc94,bcfc94,4,双,小
2026-08-11 14:28:21,85252893,000000000514db1d95ef7ea77d286594b033f79c477b8ff08df29dea636d60ec,6d60ec,0,双,小
2026-08-11 14:28:31,85252896,000000000514db207a52d6022470436ca5b8327865a3b5a6ca1834dc30547dae,547dae,7,单,大
2026-08-11 14:28:41,85252899,000000000514db23cbba8b440517ef3488013996997aa05747ce55ca439a71bf,9a71bf,1,单,小
2026-08-11 14:28:51,85252902,000000000514db26ff4e74e1e9b83aa811e5a83f5775adfb5e6679f4614add8c,4add8c,8,双,大
2026-08-11 14:29:02,85252905,000000000514db29dc73063674bd3746f8c6e4262d06e3f970708b7fa95b1a57,5b1a57,7,单,大
2026-08-11 14:29:12,85252908,000000000514db2c8f74827070448be72bf4af0ce96c2b517401fdd7afb1606e,b1606e,6,双,大
2026-08-11 14:29:22,85252911,000000000514db2f3be82865651532dc5b3db597df9e29e0ba27a49b0ca8e2d5,a8e2d5,5,单,大
2026-08-11 14:29:32,85252917,000000000514db35d90311f1d137b00ba07b69d7c2ce8b240bb27e84df4d4c1d,4d4c1d,1,单,小
2026-08-11 14:29:43,85252920,000000000514db3886d667e9750cecf71ed4da12e0e961b3a5c5da7a04702602,702602,2,双,小
2026-08-11 14:29:53,85252923,000000000514db3b6df90953ad05d8ca233836d6bd238d8c06cd89790e9dadf6,9dadf6,6,双,大
2026-08-11 14:30:06,85252926,000000000514db3e02743755c8e43b3aa5ac46dafcc8693cf796dd5822c43cac,c43cac,3,单,小
2026-08-11 14:30:17,85252929,000000000514db410dc0f54e54cbd297e0bc3a3c267f1d46485b20daf1db90b9,db90b9,9,单,大
2026-08-11 14:30:27,85252935,000000000514db47fb067ae90c8efa008263d7ecebf479f158b30431157f2d87,7f2d87,7,单,大
2026-08-11 14:30:37,85252938,000000000514db4afb22ac8d52021ccb0a8e20e29b3c498352576069dfcfc7ae,cfc7ae,7,单,大
2026-08-11 14:30:47,85252941,000000000514db4d33194955f8c021ce29436108514c1d47c885bde8b5323be9,323be9,9,单,大
2026-08-11 14:30:57,85252944,000000000514db5045216c246076de2bcb9f0ee93a511240966b237a413c97af,3c97af,7,单,大
2026-08-11 14:31:07,85252947,000000000514db53d5d9ce283e5a17fb5722a569c09eb94fae586c311f46256f,46256f,6,双,大
2026-08-11 14:31:18,85252950,000000000514db56392fe69718b41e1e4bdcf5a96056323460c05c03bdf6cc9d,f6cc9d,9,单,大
2026-08-11 14:31:28,85252956,000000000514db5c90947e87c4380cafe81fcf199efa4ae3503f406420a4a87e,a4a87e,7,单,大
2026-08-11 14:31:39,85252959,000000000514db5f76862633ca716fda76a032cfe48bd80ee2d7d24121a1712c,a1712c,2,双,小
2026-08-11 14:31:49,85252962,000000000514db625973772c317970d74ddd86c3cbda11261776d7b1f70bc66c,0bc66c,6,双,大
2026-08-11 14:32:00,85252965,000000000514db65ebbd96f93861b77d7069b77962d46de60ae9214c02b9b81f,b9b81f,1,单,小
2026-08-11 14:32:10,85252968,000000000514db68e0f6eb5e6e172147d946f94ea4e2b435c7365f2b5b595a97,595a97,7,单,大
2026-08-11 14:32:20,85252971,000000000514db6b52afe7314cebeeacd136dd0474d89d0e821a0229c20fd25d,0fd25d,5,单,大
2026-08-11 14:32:30,85252974,000000000514db6e34207e856498ccd0316691f1b6fe4bec9f4cd7565e006e1b,006e1b,1,单,小
2026-08-11 14:32:41,85252980,000000000514db74bf8fdc12d8d4b8786bbde42d80e87297a02f35aad815edf6,15edf6,6,双,大
2026-08-11 14:32:51,85252983,000000000514db7712579826db5a6ab482ab49a4d649003a0c95b248dd96b09d,96b09d,9,单,大
2026-08-11 14:33:02,85252986,000000000514db7aa15f97c16cbd2db274a54e0614b06c639b30e4c8928eb717,8eb717,7,单,大
2026-08-11 14:33:12,85252989,000000000514db7ddebcb6fdfb1b7913980d80e06942b009144018a11fd71536,d71536,6,双,大
2026-08-11 14:33:23,85252992,000000000514db802a33134826abd32b6177537269791884f8fa5fc5999cdc59,9cdc59,9,单,大
2026-08-11 14:33:33,85252995,000000000514db83e2449d201e8c06b135e1b3e6bef7af6650d9fd00e0cbf853,cbf853,3,单,小
2026-08-11 14:33:44,85253001,000000000514db89dcc3ad3194aa139a90afe97b324a190a8b5026d66a613e6b,613e6b,6,双,大
2026-08-11 14:33:54,85253004,000000000514db8cf20ff9d73626fb6e5873e938042c9718d73e3cd30f842ee7,842ee7,7,单,大
2026-08-11 14:34:05,85253007,000000000514db8fcd3468660929019be51034931bc4cdfbba1acca8c81dbc80,1dbc80,0,双,小
2026-08-11 14:34:15,85253010,000000000514db9273dcae55f0db211669e008d74b3793937abc740e2b050479,050479,9,单,大
2026-08-11 14:34:25,85253013,000000000514db953870b98b05e834992da1c91139205f49ee2ab067af722072,722072,2,双,小
2026-08-11 14:34:36,85253016,000000000514db985a883a7d41ac28f8dd252825214aed8a46e48d3bbaf69c26,f69c26,6,双,大
2026-08-11 14:34:46,85253019,000000000514db9bf0bf00dfaf0460ce4280d044312a44b08d5c1deacd8ab311,8ab311,1,单,小
2026-08-11 14:34:57,85253022,000000000514db9e178f22655526164beeffd75b213024dd56151738d5ec18c9,ec18c9,9,单,大
2026-08-11 14:35:07,85253028,000000000514dba47cff4bc27d3393217a65a200663a6638142bacee7d8fe989,8fe989,9,单,大
2026-08-11 14:35:17,85253031,000000000514dba791def807e52c66fee81f00d56ec615a8174f74e58ad90486,d90486,6,双,大
2026-08-11 14:35:27,85253034,000000000514dbaa7538cd8392299e66d235b6c6f6c5fb4be7b2b07b8d467617,467617,7,单,大
2026-08-11 14:35:37,85253037,000000000514dbad916b1d97808df5a72c3c241f20dfd30392e0ee849ee5559f,e5559f,9,单,大
2026-08-11 14:35:47,85253040,000000000514dbb0fdec01156ca916efcb13ba03331e7e8c4544bbd2936bbf72,6bbf72,2,双,小
2026-08-11 14:35:58,85253043,000000000514dbb3c0600437b1b0a97f967ddddd4dec54c7dff5fc4af6084309,084309,9,单,大
2026-08-11 14:36:08,85253046,000000000514dbb6f2e6a7435dd74c44817f2717eff1c8f56db53e47fdb0ea46,b0ea46,6,双,大
2026-08-11 14:36:19,85253052,000000000514dbbc611866949dddcd121c0aa46e07c394bdbb0f1ea7cf127644,127644,4,双,小
2026-08-11 14:36:29,85253055,000000000514dbbf9d8df0bcf9838d8e360256505c7f867b2155d2e249b90196,b90196,6,双,大
2026-08-11 14:36:41,85253058,000000000514dbc20e385957ab63b087faac4f61e9d922306b80234d78b357f7,b357f7,7,单,大
2026-08-11 14:36:51,85253061,000000000514dbc5b898a12b859a7937f70bdc8e964b4bbc456df49cd1e1348c,e1348c,8,双,大
2026-08-11 14:37:01,85253067,000000000514dbcb403668f3b765722bcf954b15dc06da29ce281da5800114fc,0114fc,4,双,小
2026-08-11 14:37:12,85253070,000000000514dbcef971f3501f2c3d406925e48b21f9e1621da5e7d7463eaa77,3eaa77,7,单,大
2026-08-11 14:37:22,85253073,000000000514dbd1b257bd1bd8687bbdda63eda3b4ee9e1119be52807a9cf60d,9cf60d,0,双,小
2026-08-11 14:37:33,85253076,000000000514dbd4092c06d9202c67041855300d85cb7822ccdf69079b328db8,328db8,8,双,大
2026-08-11 14:37:43,85253079,000000000514dbd7131847e412240f15e2211cc329ac8b7888d66ee22f106345,106345,5,单,大
2026-08-11 14:37:54,85253082,000000000514dbda157d415055d3ff1cfc32e75afb843939322615cb75316dd5,316dd5,5,单,大
2026-08-11 14:38:04,85253085,000000000514dbdda15e568588a85a23aba9cceacb13b90fc1c24d073ebe44cf,be44cf,4,双,小
2026-08-11 14:38:14,85253091,000000000514dbe35ff8998feb764095dc224cd6d5ab68d9cfef50815807e13f,07e13f,3,单,小
2026-08-11 14:38:25,85253094,000000000514dbe62c01ef244aa4e3d91ee4ab0c0399643fd903af9612d835da,d835da,5,单,大
2026-08-11 14:38:36,85253097,000000000514dbe982928c09bf47776e387e9999adc7930a05ef9560a91f71fc,1f71fc,1,单,小
2026-08-11 14:38:46,85253100,000000000514dbec38c7c74ba6413966d65bdccb8938e57f31a94435e5ae0a96,ae0a96,6,双,大
2026-08-11 14:38:56,85253103,000000000514dbef49d222e5138b4a18734fbca592e631091a30ad90b88269e5,8269e5,5,单,大
2026-08-11 14:39:07,85253106,000000000514dbf2c0a99da4567b441f5c8d8baaa6dde33e62d1784f00f1a6e1,f1a6e1,1,单,小
2026-08-11 14:39:17,85253112,000000000514dbf8ab8b6ef6e1b3293971a121b889450ab67d097a8df7347367,347367,7,单,大
2026-08-11 14:39:28,85253115,000000000514dbfbb408af97960a757f5cd24c1193fbe0e0a17d26729a18747b,18747b,7,单,大
2026-08-11 14:39:38,85253118,000000000514dbfe6f067858bf82cc0aca2af69ac3d0558f602b33436d6a57e1,6a57e1,1,单,小
2026-08-11 14:39:48,85253121,000000000514dc0110637639b10be8de2d877f9828cefe9ae1b1cb138482e083,82e083,3,单,小
2026-08-11 14:39:59,85253124,000000000514dc04ad07a20fe333219caf5d25e19690bd0ff528003174c336b4,c336b4,4,双,小
2026-08-11 14:40:09,85253127,000000000514dc072466589138a33f90c09eea005840447b9aa4ad5a02a1949e,a1949e,9,单,大
2026-08-11 14:40:20,85253130,000000000514dc0a1812d0680ab97d6e0624009eb947248db7248e0800b19e26,b19e26,6,双,大
2026-08-11 14:40:30,85253136,000000000514dc10f3fbef5a4a8e654ad0b8c89a683726c20e69776ccc6f8945,6f8945,5,单,大
2026-08-11 14:40:40,85253139,000000000514dc132521e4465b0b3135e2bca9af5b9a061a62834f26dc945b23,945b23,3,单,小
2026-08-11 14:40:50,85253142,000000000514dc16e9301cb00e6ce1842ebb7948a5281b50dc9d705422a179f9,a179f9,9,单,大
2026-08-11 14:41:00,85253145,000000000514dc193476a69f8aa28c8c8a928e98c0685caa14abd929a45a9af1,5a9af1,1,单,小
2026-08-11 14:41:10,85253148,000000000514dc1c53cdff0fa51490a361a021956e5e9ab8b433d5f1b208789f,08789f,9,单,大
2026-08-11 14:41:21,85253151,000000000514dc1ff93df8a514a059ec5047f6433d09c6b717751bb1a19690cf,9690cf,0,双,小
2026-08-11 14:41:31,85253154,000000000514dc22fad5f07828a1dd25ecfe341f2a3e8df64a272edc973242c7,3242c7,7,单,大
2026-08-11 14:41:41,85253160,000000000514dc28c30e8ae162f13beb5e405c78dc086d69033c41800be64221,e64221,1,单,小
2026-08-11 14:41:51,85253163,000000000514dc2b77b65efec68e2576b8985819a48420a554b6332d3930df53,30df53,3,单,小
2026-08-11 14:42:01,85253166,000000000514dc2eccd743610b2a4a59631f7e192713dd83ec34b2055b8f59d9,8f59d9,9,单,大
2026-08-11 14:42:11,85253169,000000000514dc31ecc104916ac1eda9d52abaf2cc6de26e7845519c9d01a401,01a401,1,单,小
2026-08-11 14:42:22,85253172,000000000514dc34639d86c226faea7d53bd688911616293bb58cd1517e77151,e77151,1,单,小
2026-08-11 14:42:32,85253175,000000000514dc375d9e85e0b0095e9080e1f75bf3c745ae83071b8596a735fa,a735fa,5,单,大
2026-08-11 14:42:42,85253178,000000000514dc3a66e80f6a7786c05d7eb43b9f90e3bd030f2fd338ca4b50a9,4b50a9,9,单,大
2026-08-11 14:42:52,85253181,000000000514dc3d09b61ac0a3161dc7341be44cfbe0952bad3125cd6883bf54,83bf54,4,双,小
2026-08-11 14:43:02,85253187,000000000514dc43cf4b78e4e7b6eba410700b08f4cfe8a5e3b61f550251d16d,51d16d,6,双,大
2026-08-11 14:43:13,85253190,000000000514dc467ea15d7f89e33fe96bf71cdbffce644fbd897898cc9e9822,9e9822,2,双,小
2026-08-11 14:43:24,85253193,000000000514dc49d73dd934a74a05b751460e0e8db198b54acadf9a57b406e6,b406e6,6,双,大
2026-08-11 14:43:34,85253196,000000000514dc4c2cd29e09ec3bc1014e6ecadd511c485f9840e47b86e76782,e76782,2,双,小
2026-08-11 14:43:44,85253199,000000000514dc4f775d6ab5a74c50558f999d19fd7206c5e6566bcc3e5d3285,5d3285,5,单,大
2026-08-11 14:43:54,85253202,000000000514dc52de6389dafc9d6b64b5ff3953ac312e19ff3fdc51415f310c,5f310c,0,双,小
2026-08-11 14:44:04,85253205,000000000514dc559425a0a5d834094d73522f09dd38a22b1ffcb7862677ed75,77ed75,5,单,大
2026-08-11 14:44:14,85253208,000000000514dc58151ffad08da8fe109e6906596753f8d5148b65b6e2a85b81,a85b81,1,单,小
2026-08-11 14:44:24,85253214,000000000514dc5e2e8adc6e0384096f3add3e35319223d90b5dead0f0798ec0,798ec0,0,双,小
2026-08-11 14:44:34,85253217,000000000514dc618b0dac3c2e82be79bc7b1c9f5d0a3dcdae3a72afb8635112,635112,2,双,小
2026-08-11 14:44:44,85253220,000000000514dc64ca1637bef96c2ef31ef0d788356ce253e925fe291cb25d18,b25d18,8,双,大
2026-08-11 14:44:53,85253223,000000000514dc67866ae7b24d9039d89737ea2df13dd180ffd43698a76a36d2,6a36d2,2,双,小
2026-08-11 14:45:04,85253226,000000000514dc6a53310d26b8758f6969c9e8a071c90d53f47a4787d0dcbdf0,dcbdf0,0,双,小
2026-08-11 14:45:14,85253229,000000000514dc6d81da1178dabccee8b0f3903c4634bd365561fde6e6b47d2b,b47d2b,2,双,小
2026-08-11 14:45:24,85253232,000000000514dc708a0dc4306a9c834658cb622bec6ce9df8cf0a43338adac8b,adac8b,8,双,大
2026-08-11 14:45:34,85253235,000000000514dc73b5e5d8fe93fa153d5818610f16ffcd8e09b0dc0708aecea9,aecea9,9,单,大
2026-08-11 14:45:44,85253241,000000000514dc79e767ddde2425ee772e457e09f1b11d425de8afd4f14d14a1,4d14a1,1,单,小
2026-08-11 14:45:55,85253244,000000000514dc7c16f4fc61aadd4723a6cee38465c8e8b0a7979ed8a0e7a12a,e7a12a,2,双,小
2026-08-11 14:46:05,85253247,000000000514dc7f5d5419cffa0965fcc67cdb426383ea5a261e21a9376d07de,6d07de,7,单,大
2026-08-11 14:46:16,85253250,000000000514dc82d17b03d4f22fa89902582f05cfcfb08c4d7bbc0e4915c0a3,15c0a3,3,单,小
2026-08-11 14:46:26,85253253,000000000514dc85de4e0f837a3dfbf33a88be2cf80cdc9f50e20d07ac4cf10b,4cf10b,0,双,小
2026-08-11 14:46:37,85253256,000000000514dc886226dd880d2413ca74b5e15b2ccd75115271651f7a0cfc91,0cfc91,1,单,小
2026-08-11 14:46:47,85253259,000000000514dc8b821fe722f8b381ec3788ffe53dfb6eaead30c410858014cc,8014cc,4,双,小
2026-08-11 14:46:57,85253262,000000000514dc8e4b3e914f3abf042d74c4daacf10e5a346660ca7968176f3b,176f3b,3,单,小
2026-08-11 14:47:07,85253268,000000000514dc9434cd2231bde1f4e54e391ca480531f586eace7a6ec78822f,78822f,2,双,小
2026-08-11 14:47:17,85253271,000000000514dc9792e075cae48e22f3e8b75c36de58928b8d44f60efa3dca6d,3dca6d,6,双,大
2026-08-11 14:47:28,85253274,000000000514dc9a998d2a0e31c4301153434e1415d8e4d823e0cd08eb3d643f,3d643f,3,单,小
2026-08-11 14:47:38,85253277,000000000514dc9dab3eeef310c59abb76f2ff8cf3224282647f1aff13d1ca3f,d1ca3f,3,单,小
2026-08-11 14:47:48,85253280,000000000514dca0cca890b7787e32c3956e05f51ab799e12560003415cdb87f,cdb87f,7,单,大
2026-08-11 14:47:58,85253283,000000000514dca39f6d29f33d0df136dad70fefac6143a6be346d11c3525ec8,525ec8,8,双,大
2026-08-11 14:48:09,85253289,000000000514dca9ca1638ee3eed5eb81b11bd8b773122c50090b10cdf3a426a,3a426a,6,双,大
2026-08-11 14:48:19,85253292,000000000514dcac918c47bd89a3346d313a7f20d885c3e151bc9ab074fc50d3,fc50d3,3,单,小
2026-08-11 14:48:29,85253295,000000000514dcafcb9888837195645498d85b2e8b11ffb8b464b47f520e5704,0e5704,4,双,小
2026-08-11 14:48:39,85253298,000000000514dcb2e747f9a03e346b15709033ba712c4cfa5db33ae3acc21c22,c21c22,2,双,小
2026-08-11 14:48:50,85253301,000000000514dcb59adf1a7bd5300beb145e80f9bb0cc7279fe8f0b12bf6f876,f6f876,6,双,大
2026-08-11 14:49:01,85253304,000000000514dcb8eb012a3c203003aaab21007730800e64a36cc1a1ef682b9a,682b9a,9,单,大
2026-08-11 14:49:11,85253310,000000000514dcbe8477456f1b678ebdcfd946df28c4fa8a704515586875ef22,75ef22,2,双,小
2026-08-11 14:49:21,85253313,000000000514dcc1934c2607f9aac09290316a68ce76244fc308d20e511785f5,1785f5,5,单,大
2026-08-11 14:49:31,85253316,000000000514dcc46f6bfaa5afed89bcda7210c860bbfa5a78c3dd8b5acb2953,cb2953,3,单,小
2026-08-11 14:49:41,85253319,000000000514dcc721b0cc1954ad27bb91216036a7479fc09c1d1f1effe334af,e334af,4,双,小
2026-08-11 14:49:51,85253322,000000000514dcca7a5234fb7942c382665e63aca6e2843fd343c8fce8c89136,c89136,6,双,大
2026-08-11 14:50:01,85253325,000000000514dccd56be473cd20bc23f8a282c444daa3636eb08e5d3ecfb5652,fb5652,2,双,小
2026-08-11 14:50:11,85253328,000000000514dcd09fcd45728cfab8750bd816a28e1ad8594df2515bf40e87a9,0e87a9,9,单,大
2026-08-11 14:50:21,85253331,000000000514dcd3209a998b2f2fbe9b27b43c8595ac442a971dc4a971064cd4,064cd4,4,双,小
2026-08-11 14:50:31,85253337,000000000514dcd9c27b02ed36f6cbf8af7769c7948a32f405713f51570a59db,0a59db,9,单,大
2026-08-11 14:50:41,85253340,000000000514dcdc31f3c27ddb8ce41ce0d0edc6c320a132c78ecadb8766b296,66b296,6,双,大
2026-08-11 14:50:51,85253343,000000000514dcdf72af50e0ec194ce7aa166379582c59654e4b9521b8748072,748072,2,双,小
2026-08-11 14:51:01,85253346,000000000514dce28b85170eb722b96ca6be5459b331f3d309a4647807eed4c0,eed4c0,0,双,小
2026-08-11 14:51:11,85253349,000000000514dce5f58745acf2cdca24bdc3097d72e75ada2d4e320bed445c82,445c82,2,双,小
2026-08-11 14:51:21,85253352,000000000514dce84802f6bf1f6ce355c3eedcd84ef6b63a06f2b2d01c84335a,84335a,5,单,大
2026-08-11 14:51:31,85253355,000000000514dceb1dbe5ee6edb25804022b7978b383dbaca7b422393fc68cd9,c68cd9,9,单,大
2026-08-11 14:51:41,85253358,000000000514dceef14deead17e9ee62a6dbc3b2970bae3c8e5e0e5bb3453cba,453cba,3,单,小
2026-08-11 14:51:51,85253361,000000000514dcf1e4ae78cc3c275ea8a2157d11a3c186b5e670e4b4db277b0e,277b0e,0,双,小
2026-08-11 14:52:01,85253367,000000000514dcf7b588b253c4591b2aad2b48f36907a9aa6fedbb9a9c68ef3e,68ef3e,3,单,小
2026-08-11 14:52:21,85253373,000000000514dcfd3f271bfa1bbba79b2dd2e777eaaa13fdb359538120400a9d,400a9d,9,单,大
2026-08-11 14:52:31,85253376,000000000514dd00a095e9461fde8e4fd1d832cc265e4bc51bff3549b5fc3eae,fc3eae,3,单,小
2026-08-11 14:52:42,85253379,000000000514dd039d5c68a5c7d209dbb5c71c186fa4422a7ee392099da69779,a69779,9,单,大
2026-08-11 14:52:52,85253382,000000000514dd06592129383187850e6e6d276926b5b07dc29616ab026e9aa8,6e9aa8,8,双,大
2026-08-11 14:53:03,85253385,000000000514dd09d24152a16df92d9dcb3074ed582f2900dc078a8f07cc8c09,cc8c09,9,单,大
2026-08-11 14:53:14,85253391,000000000514dd0fbefb482945292680f96efe17148223fecf92f9833c526dcc,526dcc,6,双,大
2026-08-11 14:53:24,85253394,000000000514dd1223681bb19e666410cc703a45dc8b7d3e7b66c2fadcc75345,c75345,5,单,大
2026-08-11 14:53:35,85253397,000000000514dd15f3d5c1c26f8a42b029e189c02eb960d7879e82616f6e4dd7,6e4dd7,7,单,大
2026-08-11 14:53:45,85253400,000000000514dd18320c49a0a342f997723a0ca163e8e590c2fd9e69e7844f94,844f94,4,双,小
2026-08-11 14:53:56,85253403,000000000514dd1b1bb9dbdfdb1ed5e004616ebf3522204285703600bee9832e,e9832e,2,双,小
2026-08-11 14:54:06,85253406,000000000514dd1e3d610812573170ce7ed7aeb9703294ab346ea8b2b0431d81,431d81,1,单,小
2026-08-11 14:54:17,85253412,000000000514dd2496513d1aff7bab9bd41306b61996a2db22b0a3f600b19273,b19273,3,单,小
2026-08-11 14:54:27,85253415,000000000514dd27d843c54be3428295f86f4541bb986d2099cf52808d856897,856897,7,单,大
2026-08-11 14:54:37,85253418,000000000514dd2a0c018e0f8b66fcf84ab80974dd4614a6fbfe0ba3bb8e37e6,8e37e6,6,双,大
2026-08-11 14:54:47,85253421,000000000514dd2d0002f149d328dbfd19d895ae5b18863e38010b7ce33ce4dd,3ce4dd,4,双,小
2026-08-11 14:54:57,85253424,000000000514dd3084e93002b75105aefee522c8b700f1fb5e909cd23b063199,063199,9,单,大
2026-08-11 14:55:08,85253427,000000000514dd334dce74d2fb80c84f5177ef234c9ea5d57d2a507abae959ee,e959ee,9,单,大
2026-08-11 14:55:18,85253430,000000000514dd36391df0d48e422f49653421e2b14fd6a6967efe77d0fb2da5,fb2da5,5,单,大
2026-08-11 14:55:28,85253433,000000000514dd3988893039391b9fcae2afeca7b7d34aaebbf4faa7cedf545e,df545e,5,单,大
2026-08-11 14:55:38,85253439,000000000514dd3f20b461ea434decd0971d684d23c9a39c19d14c79c179b301,79b301,1,单,小
2026-08-11 14:55:48,85253442,000000000514dd4244f999485ad757aee78b0bcb9c2f79efe14b4870bac78996,c78996,6,双,大
2026-08-11 14:55:58,85253445,000000000514dd45c6f916938f4ff114ae5db69bcfaa120b74e355a4e68d2326,8d2326,6,双,大
2026-08-11 14:56:08,85253448,000000000514dd488b5d2c5a586e79c7fe59cb4de68e17ee27d9369b7c332fc2,332fc2,2,双,小
2026-08-11 14:56:19,85253451,000000000514dd4b532bdaed7cb418966378a5cd1f0372104ca3bb1865917075,917075,5,单,大
2026-08-11 14:56:29,85253454,000000000514dd4ebbee39fbf059a6f30008767376d5923d019da4b2d03dad17,3dad17,7,单,大
2026-08-11 14:56:40,85253457,000000000514dd510ff41d947b2e40611ba3d82294d6a86ba42ee07aeeaf7178,af7178,8,双,大
2026-08-11 14:56:50,85253463,000000000514dd57765747570c942c715c8c36a53d1a248d2e5d726aea9bc963,9bc963,3,单,小
2026-08-11 14:57:00,85253466,000000000514dd5a2bfd1c7ce34ce9ae578f6db60d231bccc17db0701722b8ef,22b8ef,8,双,大
2026-08-11 14:57:10,85253469,000000000514dd5d7d7b8a2c185c0eb7ee9714e4b5f2bdf122c69a199dc03afc,c03afc,3,单,小
2026-08-11 14:57:20,85253472,000000000514dd6051f163eb62b76a3ee348127f27be03834bce6db0d366416d,66416d,6,双,大
2026-08-11 14:57:29,85253475,000000000514dd63e28c544897866570c18cb5377d4260a885308eb06c4667b5,4667b5,5,单,大
2026-08-11 14:57:39,85253478,000000000514dd66f456aee4d092dee769bfb96f49e0188022a4e7b0290d03aa,0d03aa,3,单,小
2026-08-11 14:57:50,85253481,000000000514dd698d829b2b6519a9d394d6dfad9456f2441f73784736bc5718,bc5718,8,双,大
2026-08-11 14:58:00,85253484,000000000514dd6c7f8b650770c80aa082f374a8c503653a643a8e947d659a1a,659a1a,1,单,小
2026-08-11 14:58:10,85253487,000000000514dd6f8564907b062a160cb446f921f63ea7b1c55d3cfaba55a9fb,55a9fb,9,单,大
2026-08-11 14:58:20,85253490,000000000514dd725a9e3ec69d2816dad8277bbd6e10735141c525206f8fc06c,8fc06c,6,双,大
2026-08-11 14:58:30,85253496,000000000514dd7878ca2c9127c29af735294b26743768918652038150ccd0cf,ccd0cf,0,双,小
2026-08-11 14:58:40,85253499,000000000514dd7b85abd86f6febb53351c9d32264bacb58983c635716ad1fbc,ad1fbc,1,单,小
2026-08-11 14:58:50,85253502,000000000514dd7e929dcd1d7a239b4f42e3811eb79fdcc9260c04a3766c5a07,6c5a07,7,单,大
2026-08-11 14:59:00,85253505,000000000514dd81b39c83d6a22165cdbd59777dafff3647797669d1f593c5e8,93c5e8,8,双,大
2026-08-11 14:59:10,85253508,000000000514dd843ed2c4ebcfdc48e066f1d54a45f70ff86a6f810dd23f9878,3f9878,8,双,大
2026-08-11 14:59:20,85253511,000000000514dd8749363169ff0435e545600e1dc05a7ea46d281b7f05f98002,f98002,2,双,小
2026-08-11 14:59:30,85253514,000000000514dd8ae494035071141dea77a512de1c5332bc0e8c204d418fffef,8fffef,8,双,大
2026-08-11 14:59:40,85253517,000000000514dd8d47147e75d284180b0ff78dda436e61c5985a6ff69acc7068,cc7068,8,双,大
2026-08-11 14:59:50,85253520,000000000514dd90596bd0aa9c1ab4fa672c1add94be151ab2585bcc068d2b10,8d2b10,0,双,小
2026-08-11 15:00:04,85253526,000000000514dd967f25e209a7ebd2813107f5f35ebb94546c50fac86ec6df06,c6df06,6,双,大
2026-08-11 15:00:14,85253529,000000000514dd99be5b72b96c678b5f171019a0fdd293fd2510f7871bf52f06,f52f06,6,双,大
2026-08-11 15:00:24,85253535,000000000514dd9fb3bd041050464bf238ee8363534eb78b6a396a51962461ae,2461ae,1,单,小
2026-08-11 15:00:51,85253541,000000000514dda58f50b4a17222c13ab85c78d1eb4cf96224f75a415dbc532d,bc532d,2,双,小
2026-08-11 15:01:01,85253544,000000000514dda8c30d51868d766de3ffa91a7e37fda32ff3f717ad5c64743b,64743b,3,单,小
2026-08-11 15:01:12,85253550,000000000514ddaedeadd073f1e7f1b6b6643e0c6fd9701d7f310f94403d0262,3d0262,2,双,小
2026-08-11 15:01:22,85253553,000000000514ddb1b60646c74135b3cee63b8786ee151fe8ed3438a068d9d133,d9d133,3,单,小
2026-08-11 15:01:32,85253556,000000000514ddb445040b0646384cd5ff4848d60d3cb395c8bb42fd1d2e438f,2e438f,8,双,大
2026-08-11 15:01:42,85253559,000000000514ddb71063a44c542a4f1ed20369909f0eed055da6d2edc1f3cbab,f3cbab,3,单,小
2026-08-11 15:01:53,85253562,000000000514ddba05252e6c2bc25f12abc92ff5de8efd1c2e9bbb230954f802,54f802,2,双,小
2026-08-11 15:02:03,85253565,000000000514ddbdfe3c26d2b77334217ff185d9b3a79de0dfee4e9f1ea026d0,a026d0,0,双,小
2026-08-11 15:02:13,85253568,000000000514ddc05bfe23f9787eb7ab09a1131bfc2a9aecc9511ad1dea9430e,a9430e,0,双,小
2026-08-11 15:02:23,85253574,000000000514ddc647e5d7614102dc046a55eb335ce058314028dda614099345,099345,5,单,大
2026-08-11 15:02:33,85253577,000000000514ddc9377f14e465b78eca5be2e11d29fbded5495e7a75f9fd2105,fd2105,5,单,大
2026-08-11 15:02:44,85253580,000000000514ddcca29f51624000877cd1bb21d7a5aab833b79b7ff961872b4d,872b4d,4,双,小
2026-08-11 15:02:55,85253583,000000000514ddcf95f81411ab5ebd2812cd1d6a79f21f5a72961d0bf92c7f17,2c7f17,7,单,大
2026-08-11 15:03:05,85253586,000000000514ddd2d34664b9600ec44dc9eef5b53c9a967c12afaedf9e16e2b6,16e2b6,6,双,大
2026-08-11 15:03:16,85253589,000000000514ddd5a6ddf173dbcec423b9af8e9d8e732af12dab88234975b7b3,75b7b3,3,单,小
2026-08-11 15:03:27,85253595,000000000514dddb942049c44f7377a5cdd452a4413cd08fcf9d92a2f20dfd9c,0dfd9c,9,单,大
2026-08-11 15:03:37,85253598,000000000514ddde161d11b2b9db93ef11449622930d42c3221d1f303e67c692,67c692,2,双,小
2026-08-11 15:03:47,85253601,000000000514dde194223953e14ea7d1806a229b8fbd370d32e8c9973469fa7a,69fa7a,7,单,大
2026-08-11 15:03:57,85253604,000000000514dde436f5ba87362e4c2f0a8db76854976787d6b1569764138a6d,138a6d,6,双,大
2026-08-11 15:04:08,85253607,000000000514dde76d4bde09d5c346fa0aeb24dbf5e72c785a32d59e324a514c,4a514c,4,双,小
2026-08-11 15:04:18,85253610,000000000514ddea00e228712e36145f8386ca15d51f440e268c38c6eaea3a05,ea3a05,5,单,大
2026-08-11 15:04:28,85253616,000000000514ddf09073d7f22400234a231ab8d30286527f6cf691d62f281900,281900,0,双,小
2026-08-11 15:04:39,85253619,000000000514ddf3c0e775a9fac6e3586f2722c5bb7649c1a99c5b22f6e5544d,e5544d,4,双,小
2026-08-11 15:04:49,85253622,000000000514ddf6229ea5d2e2bf454585431af84278cf76b6af726710858602,858602,2,双,小
2026-08-11 15:05:00,85253625,000000000514ddf9201273042d88f5119d02edca238eee4f4cf214c8be86616d,86616d,6,双,大
2026-08-11 15:05:10,85253628,000000000514ddfc8ff8b0ab359e7394f3c5579a77d884862bc22bed7d07b3d7,07b3d7,7,单,大
2026-08-11 15:05:21,85253631,000000000514ddffc47b0407c6abf13a5654add8776486d47ceda73653a73529,a73529,9,单,大
2026-08-11 15:05:31,85253634,000000000514de0298e46738561094a60a597ad31a2e17ade37ea1f82f7f5441,7f5441,1,单,小
2026-08-11 15:05:41,85253640,000000000514de080bf0a8bde6e69e10aceffb906de258dd41bfd70bf8d945ea,d945ea,5,单,大
2026-08-11 15:05:52,85253643,000000000514de0b8cd31c5159f3b96cd4710e93729ce20d775c148332114e59,114e59,9,单,大
2026-08-11 15:06:02,85253646,000000000514de0eb3c58b144a1d8d762449a13c6a86730356768bb6b97d7d28,7d7d28,8,双,大
2026-08-11 15:06:13,85253649,000000000514de1130a61188bafe4e14e45600cc30d5d10f508318df2bf51c27,f51c27,7,单,大
2026-08-11 15:06:24,85253652,000000000514de140e8cf15eae84a90dfb53341a60f0900b16faec001e0556e6,0556e6,6,双,大
2026-08-11 15:06:35,85253658,000000000514de1af919e55e1067c414919be4cb68d17eb95775b5f1b801fddb,01fddb,1,单,小
2026-08-11 15:06:45,85253661,000000000514de1d5ce55fc2ad470722c6366b3c1fdedbf789ea8f0c7c215ce5,215ce5,5,单,大
2026-08-11 15:06:56,85253664,000000000514de20f8e91ceadee6093405286bfb300fb7acf31a66bea4bf1c5c,bf1c5c,5,单,大
2026-08-11 15:07:06,85253667,000000000514de23cad136f25dac172926c40ff52a3c71e5879ecb60a9163125,163125,5,单,大
2026-08-11 15:07:17,85253670,000000000514de26183071b5cea81579e0da293342e993120de2b41a839985b1,9985b1,1,单,小
2026-08-11 15:07:28,85253673,000000000514de297c02ec45fe39c88f8adacd109dd5ac0c2f5acc91e9175926,175926,6,双,大
2026-08-11 15:07:39,85253679,000000000514de2f6868421797bfb20ff865344276e81d0551843199cd2f3f5c,2f3f5c,5,单,大
2026-08-11 15:07:49,85253682,000000000514de32ceee5cee225a7f83698a7cfb7b261993e9ca68ff86dd787d,dd787d,7,单,大
2026-08-11 15:08:00,85253685,000000000514de35b6ddc84a205d7fc497cbb1416b84c32627633d95efb3aa8f,b3aa8f,8,双,大
2026-08-11 15:08:10,85253688,000000000514de380f2ee6240da998c255531648a9b7819227f5b13b95bd72e0,bd72e0,0,双,小
2026-08-11 15:08:21,85253691,000000000514de3b124a7cf4787fb210226e1b22cec1fae546f6c8a7e2ccb3f9,ccb3f9,9,单,大
2026-08-11 15:08:32,85253694,000000000514de3eb7172c4e5a7747ee55ca600d5632be6df4be98f8a9d426f7,d426f7,7,单,大
2026-08-11 15:08:42,85253700,000000000514de4431288b02949447a2a089ef0314e35a6e87fb7608aa02af86,02af86,6,双,大
2026-08-11 15:08:53,85253703,000000000514de47d6e04a4f70e7abf44395032c6aaa6216b359854023626fdc,626fdc,6,双,大
2026-08-11 15:09:04,85253706,000000000514de4a6e08299c0004a02e77210faba2f4575a51885be51d499da9,499da9,9,单,大
2026-08-11 15:09:14,85253709,000000000514de4d5bbe29be61f52fc011c73046c1994454f08fe6032bcf60e6,cf60e6,6,双,大
2026-08-11 15:09:24,85253715,000000000514de535a7414a8d2f9815632d738a90b59e054227614acc5095fb3,095fb3,3,单,小
2026-08-11 15:09:46,85253721,000000000514de599e12473d50892d7d02d4f14a4d6ac6185b3dff5cf7e44ce3,e44ce3,3,单,小
2026-08-11 15:09:59,85253724,000000000514de5c1b1ae3ff92b6fbc3732a0481e7c17f05076564dc6c9405d3,9405d3,3,单,小
2026-08-11 15:10:12,85253727,000000000514de5f7b1bafb5a3273bcbc1d1bf77b49ee20864927a70b2abd642,abd642,2,双,小
2026-08-11 15:10:22,85253733,000000000514de6587cb0b666a995459cafe5ff615890aea2534a7eba23e7ec8,3e7ec8,8,双,大
2026-08-11 15:10:32,85253736,000000000514de6891b2ad46c48b4de0a6a8add19a0857d690a707962cc2669e,c2669e,9,单,大
2026-08-11 15:10:42,85253739,000000000514de6b5b1de7f4d0d98fb5ada9b91ea10d11d3615267d726643880,643880,0,双,小
2026-08-11 15:10:52,85253742,000000000514de6e34e1bbc8fb08f14180f045b64056284c3114408456aba33f,aba33f,3,单,小
2026-08-11 15:11:03,85253745,000000000514de7128623981d22ff49a5c66d1dca1f59a5aa2a281e621987687,987687,7,单,大
2026-08-11 15:11:13,85253748,000000000514de742e3c9bf5baaff081723c3fa239de6b4187bff3be8f5f2d25,5f2d25,5,单,大
2026-08-11 15:11:24,85253754,000000000514de7aa17d96d45e801172e57b5bf84a090b1b94cbd306df3f7c67,3f7c67,7,单,大
2026-08-11 15:11:34,85253757,000000000514de7dc93036b09bcf96e59aed0204774f052b48b6d16e4929e47b,29e47b,7,单,大
2026-08-11 15:11:44,85253760,000000000514de80209d26948282dd41f88da81ed30b4dce33d112a40b56f7bb,56f7bb,7,单,大
2026-08-11 15:11:54,85253763,000000000514de837058d51873b4dbe012a97bdd93740e4307798a7f7f9d9dd5,9d9dd5,5,单,大
2026-08-11 15:12:05,85253766,000000000514de867e95c97ef86e34a7a9da2b5b8376d8e2df012f683440b95b,40b95b,5,单,大
2026-08-11 15:12:15,85253769,000000000514de89b786c480b364784b00116130869b1505918299ff6c55082d,55082d,2,双,小
2026-08-11 15:12:25,85253772,000000000514de8cab10ed2fdb38d301c67822167e92cd23bb77e4cbb1403be4,403be4,4,双,小
2026-08-11 15:12:36,85253778,000000000514de92e3687be0549c5dace99daef6ebb3f200f2e8d67db98e7c4e,8e7c4e,4,双,小
2026-08-11 15:12:46,85253781,000000000514de951270a4526e3cc20e57d79af6bd2a71c33aebcc5cf0a7e205,a7e205,5,单,大
2026-08-11 15:12:56,85253784,000000000514de984e38a19524fca18a66e6787ace91a0a5826de70e0d7cc81b,7cc81b,1,单,小
2026-08-11 15:13:07,85253787,000000000514de9bb5ccc3342d9961dbf15a96f0089eabd03efaa0866f67cca1,67cca1,1,单,小
2026-08-11 15:13:17,85253790,000000000514de9e595385ebc63a8f998a9172fcf052cc0871ae6e0c067e84c7,7e84c7,7,单,大
2026-08-11 15:13:28,85253793,000000000514dea15376d6422bbb447b480e3015d24f441940a6dd9e542a97d9,2a97d9,9,单,大
2026-08-11 15:13:38,85253799,000000000514dea718cf0c90101bd05276c6a466cae041ad3b9cfe6c0eac00fa,ac00fa,0,双,小
2026-08-11 15:13:48,85253802,000000000514deaa9433fb880d120c9e5cc1294391df858b50fe5fd461370462,370462,2,双,小
2026-08-11 15:13:59,85253805,000000000514dead6940a30f50ded14b3b6da10c67c85ac8446c843a31ead9b9,ead9b9,9,单,大
2026-08-11 15:14:09,85253808,000000000514deb0fccdae0868a36981a8ae7addbaf77f5a60dbc8077bc99cf8,c99cf8,8,双,大
2026-08-11 15:14:19,85253811,000000000514deb306fdfe4dbbccdcc4d5ceddb5fec209b0d7c163b93214b5c6,14b5c6,6,双,大
2026-08-11 15:14:30,85253814,000000000514deb65e6991ea10917005aa8248f92f70a1296064f01282e65f32,e65f32,2,双,小
2026-08-11 15:14:40,85253817,000000000514deb903d636594a2a05ce5b1c98193a45b5714097d2a9bf9baba8,9baba8,8,双,大
2026-08-11 15:14:50,85253823,000000000514debf92e9430c902188a2961984f2e4435e5e5b121c4c86d33992,d33992,2,双,小
2026-08-11 15:15:10,85253829,000000000514dec5c3ac7edc47b8ff8ea49d636fe5c7271a77cc564c1c977550,977550,0,双,小
2026-08-11 15:15:21,85253832,000000000514dec8a66d8835adb03a058996cf0d9327b98eb2f5de66e16e82f8,6e82f8,8,双,大
2026-08-11 15:15:31,85253835,000000000514decb1490cebe7298986e670c51ece25079f9e87fd58963b0ce96,b0ce96,6,双,大
2026-08-11 15:15:41,85253838,000000000514dece5e140edd65f23e9d66ef1d1842ef2966b1ccdd400d91abca,91abca,1,单,小
2026-08-11 15:15:52,85253841,000000000514ded175abb172e59de99a084928676adbe93c1089abc10974ff29,74ff29,9,单,大
2026-08-11 15:16:02,85253847,000000000514ded7a1ffdb695482bab0f6f9d3b296b5b5cb66e3a1829ccd9743,cd9743,3,单,小
2026-08-11 15:16:12,85253850,000000000514deda0d2f66c3c25b0355ad71af5e64cfb6b902a6f1ffcd3fd2d4,3fd2d4,4,双,小
2026-08-11 15:16:23,85253853,000000000514deddcc623efd5f009cf2f8be5ae88c571e1745aa4ef2bc2fdfc8,2fdfc8,8,双,大
2026-08-11 15:16:34,85253856,000000000514dee0ee1c43d4ba08771cc27c51bb83c43070185a0db65f60a16f,60a16f,6,双,大
2026-08-11 15:16:45,85253859,000000000514dee3d9e777e6cef291ab736d684530009c5ece9985044c3690a6,3690a6,6,双,大
2026-08-11 15:16:55,85253862,000000000514dee69ed0ec89932558fe35b524eccd7652b5e6b850f951bbd9bc,bbd9bc,9,单,大
2026-08-11 15:17:05,85253868,000000000514deec85b009d78de0d207eb29a6428328589219d69da0121de76e,1de76e,6,双,大
2026-08-11 15:17:16,85253871,000000000514deef10d4fe9cb14bd7b6f1128ffc00ed3d81c535bf124e7b6ea2,7b6ea2,2,双,小
2026-08-11 15:17:27,85253874,000000000514def2b1f9c2c96c8cc6f561b398d364309589b6e7566476a38e53,a38e53,3,单,小
2026-08-11 15:17:37,85253877,000000000514def54f610bc32af4eda5dd390ce57b58c9b8a6c3052220b5f9a0,b5f9a0,0,双,小
2026-08-11 15:17:48,85253880,000000000514def849019a90ecd799eab5e1008bf77613573ce437ed72b2bc3d,b2bc3d,3,单,小
2026-08-11 15:17:58,85253883,000000000514defb40d944ffca823bec167c4cceac714c1fd31c7fa07faeb361,aeb361,1,单,小
2026-08-11 15:18:08,85253889,000000000514df011bc1e9077c873ff8e73598ccf21f532ee7bac8b87fcb2984,cb2984,4,双,小
2026-08-11 15:18:19,85253892,000000000514df04f7c6e6aae25f08426b29eeebcf8120d7c9e2727fb0c0964a,c0964a,4,双,小
2026-08-11 15:18:30,85253895,000000000514df0757a28fc8b7490bfb8457f30cc0645dc9cb31b60163114908,114908,8,双,大
2026-08-11 15:18:40,85253898,000000000514df0a19e84f774526f06ab9fb7a6e624dcafb0662e30154a1b256,a1b256,6,双,大
2026-08-11 15:18:50,85253901,000000000514df0ddffa94de137365e0e287d0e63b02022293209ddc44b9e7c4,b9e7c4,4,双,小
2026-08-11 15:19:00,85253904,000000000514df10eeaa6eba8ab8661fdbf14bccc31bdaf18499a0967bdcbc32,dcbc32,2,双,小
2026-08-11 15:19:10,85253907,000000000514df13984af98e44c3b382426b05802cc06096ce7a0d9bbfd4db47,d4db47,7,单,大
2026-08-11 15:19:21,85253913,000000000514df19c8619ae8ae76aab44895dbcae613156f413ded09226bc823,6bc823,3,单,小
2026-08-11 15:19:31,85253916,000000000514df1cbb305b6e11bed1b680ac02be61780ff07836b657eabfca90,bfca90,0,双,小
2026-08-11 15:19:41,85253919,000000000514df1fbde064ea017647b6abf2fae38b5a8631677b06f4a23092e8,3092e8,8,双,大
2026-08-11 15:19:51,85253922,000000000514df226c8383132e63c9398a3de02208aa528ae00304eab21b41f1,1b41f1,1,单,小
2026-08-11 15:20:01,85253925,000000000514df2500130caa59ae8ebefb31b8b671a774b8bf77b4ec6c0cd741,0cd741,1,单,小
2026-08-11 15:20:12,85253928,000000000514df288861f234443a28176630ca6315ed0e7acf9304662a86d67f,86d67f,7,单,大
2026-08-11 15:20:22,85253931,000000000514df2b8a6e7020b024b3feee5e7245e36d1319f7ac1d227f2ac3c4,2ac3c4,4,双,小
2026-08-11 15:20:33,85253937,000000000514df3152dfb5183e7f95cf6709bd2cc8217e3a8f54a8b720d7a84d,d7a84d,4,双,小
2026-08-11 15:20:44,85253940,000000000514df34518705a146cad5bec3675093aec447d30d4a37450b2d5c2e,2d5c2e,2,双,小
2026-08-11 15:20:54,85253943,000000000514df37348ab8d94ccbaf294613573da43fc85ba3e5a43f69e52ff4,e52ff4,4,双,小
2026-08-11 15:21:04,85253946,000000000514df3aca40a81261ab098719b75620f40e07dd2ca939de98ea1163,ea1163,3,单,小
2026-08-11 15:21:15,85253949,000000000514df3d222ce5bc177a30e71046a2ab39f7433046421e2a81146205,146205,5,单,大
2026-08-11 15:21:26,85253952,000000000514df406c2637bb94bb4acafc2de9d33c3d2e0138d6343f5a4fd1b2,4fd1b2,2,双,小
2026-08-11 15:21:36,85253955,000000000514df434803fc9717e93855c404a1970a2a2a8c656bcec4cefdc5af,fdc5af,5,单,大
2026-08-11 15:21:47,85253961,000000000514df495de4857cf1517140faaef90c0993d7e01acd0fce470bab80,0bab80,0,双,小
2026-08-11 15:21:57,85253964,000000000514df4cf0584ece01a2855b2f20d41595dc01c720785a031368ec76,68ec76,6,双,大
2026-08-11 15:22:07,85253967,000000000514df4fb266cdc1eaa2b0da9d2cc1b4d634907ee9b8dd63f8394de0,394de0,0,双,小
2026-08-11 15:22:18,85253970,000000000514df528dd981b50a52a2460504c24a4ccf814e1a705b8cc7e74e58,e74e58,8,双,大
2026-08-11 15:22:28,85253973,000000000514df55547c262ff3a63c480a55e15376407b732912685bdfa5fc09,a5fc09,9,单,大
2026-08-11 15:22:38,85253979,000000000514df5b6659b8903a994ade8f60d10dbc8b84775f386dc05b512374,512374,4,双,小
2026-08-11 15:22:49,85253982,000000000514df5ec6c7fd3f2ff034f71c21e9ea281dba14526f05c6c6ca5b0b,ca5b0b,0,双,小
2026-08-11 15:22:59,85253985,000000000514df618a154a149a780a5f869fb8ca6153e903a9e0f06825f23453,f23453,3,单,小
2026-08-11 15:23:09,85253988,000000000514df649a1545f79174d65211d2d3a4910765d1cf4c26d9015a4867,5a4867,7,单,大
2026-08-11 15:23:20,85253991,000000000514df6751fecf5a168a5a7bb8f2ae407efa1dfa07badf583a59987b,59987b,7,单,大
2026-08-11 15:23:31,85253994,000000000514df6a7d7de4e57da1cfe93ce896b3d7e0b5395f5e39b66699c73e,99c73e,3,单,小
2026-08-11 15:23:41,85254000,000000000514df706bf8052863c8bb985d922eeefc781ae7d7dbd821b090d5d4,90d5d4,4,双,小
2026-08-11 15:23:51,85254003,000000000514df730e44e41b18fba8dea6faed7ed66f6bf02a33c1d04f633f17,633f17,7,单,大
2026-08-11 15:24:02,85254006,000000000514df76ae2828018adb1c0866eba2f7d4131129676ee46a53093a11,093a11,1,单,小
2026-08-11 15:24:12,85254009,000000000514df792834e125be613ac15895839bd4073c6ed4bf9b9645bc2a5e,bc2a5e,5,单,大
2026-08-11 15:24:23,85254012,000000000514df7c5e17cb2512a2fe387ec40b6fb6939a2977b5a07746caf9de,caf9de,9,单,大
2026-08-11 15:24:33,85254015,000000000514df7fc5d2c3abebaae6b663219f05c2f4f7eda35f92b9eafdfabc,fdfabc,9,单,大
2026-08-11 15:24:43,85254018,000000000514df82e6ab77589900a2f87d2c1f815b2ff7d90d385e953f210bc2,210bc2,2,双,小
2026-08-11 15:24:54,85254024,000000000514df885d22dccf65fb458010a28bf64465fe309ac4be8a99a05493,a05493,3,单,小
2026-08-11 15:25:05,85254027,000000000514df8b77a6e5c81391c11fa40d7f08dfaf17e50fa64884dfb8d73a,b8d73a,3,单,小
2026-08-11 15:25:15,85254030,000000000514df8ea37f4872866842ffd9950d7e891d1edab2ff9dd407dee775,dee775,5,单,大
2026-08-11 15:25:26,85254033,000000000514df917830b0a5429308c4c8e50784650aaff7fa4b00ac7a154fd3,154fd3,3,单,小
2026-08-11 15:25:36,85254036,000000000514df9434e9b606bdb9cf0f20b61ea8740761f1944fe75214e8450a,e8450a,0,双,小
2026-08-11 15:25:47,85254042,000000000514df9add523ae62f00d3deec34b457601c4ed73169e8825df3f822,f3f822,2,双,小
2026-08-11 15:25:57,85254045,000000000514df9d4b457ed0f0f3e0262410396bc358a5e9ce25e51ec6cacbfb,cacbfb,6,双,大
2026-08-11 15:26:08,85254048,000000000514dfa000a585ec16368ed78602f3a5bfc3e3f8fadd0fc9da869cce,869cce,9,单,大
2026-08-11 15:26:19,85254051,000000000514dfa3ed750296bf69430a6526db07738ffa11544e1e62dd221f6e,221f6e,6,双,大
2026-08-11 15:26:30,85254054,000000000514dfa6512def5ce3c9835e140df7db106d5f81ec72db1fc417bc82,17bc82,2,双,小
2026-08-11 15:26:41,85254057,000000000514dfa97bd44a61ae1effd55626429e7d4ddd5bef6131954f5b5cf2,5b5cf2,2,双,小
2026-08-11 15:26:52,85254063,000000000514dfafbe02bbdaa73eb25a4ae3d350b964a667ed83687520ee44ef,ee44ef,4,双,小
2026-08-11 15:27:02,85254066,000000000514dfb2371fa5f01756ced1a0dd8028ff21065846d0ef85ddb37921,b37921,1,单,小
2026-08-11 15:27:12,85254069,000000000514dfb546b63003928b51711b50547f76eeb693f1433c8fc649a665,49a665,5,单,大
2026-08-11 15:27:23,85254072,000000000514dfb8627ad6cdcb90f59215c764698bc50d3d919bb563b277bb9c,77bb9c,9,单,大
2026-08-11 15:27:33,85254075,000000000514dfbb7f858a21af9ba8d0b178a28045d858984b239b9600346c1a,346c1a,1,单,小
2026-08-11 15:27:43,85254081,000000000514dfc19605ed86d200b2f37b529c7267605afb72ef4fd7db2c095b,2c095b,5,单,大
2026-08-11 15:27:54,85254084,000000000514dfc4d1dc62f3094ce83253cfa927c573cf9764d8494352c4d3c3,c4d3c3,3,单,小
2026-08-11 15:28:04,85254087,000000000514dfc7b5f7a94e5666f80b02974e63a93f3848b69c575cd65dcb75,5dcb75,5,单,大
2026-08-11 15:28:15,85254090,000000000514dfca21c22a20b87bdd50a0898555ebe0637c0ae499be9e1ac93f,1ac93f,3,单,小
2026-08-11 15:28:25,85254093,000000000514dfcd13d5df3dc6175943dcf9a4425a72bca075f789e401241eec,241eec,1,单,小
2026-08-11 15:28:35,85254096,000000000514dfd04217765fdfbcaf705b06b1327c43a6fbc70ae1aceeeb365e,eb365e,5,单,大
2026-08-11 15:28:45,85254099,000000000514dfd373202016c7a0a5d3728c85769662a89b7ce587ae816e06b9,6e06b9,9,单,大
2026-08-11 15:28:56,85254102,000000000514dfd632e385a4c031c0af92192e266244c33d1cf8af57d8e0caed,e0caed,0,双,小
2026-08-11 15:29:06,85254108,000000000514dfdc54f5b1ffdafe1c5be9520fc878541233d542e58ea926e799,26e799,9,单,大
2026-08-11 15:29:16,85254111,000000000514dfdf904e146fcfc70f9761a1b90574377fbd0cde90ec5d6aa928,6aa928,8,双,大
2026-08-11 15:29:27,85254114,000000000514dfe22d408a9aa27f040944443395d4061e282277c67a6a420644,420644,4,双,小
2026-08-11 15:29:37,85254117,000000000514dfe5aa31c581cfab3da016a82cc16941f4957b1664875c6da4a1,6da4a1,1,单,小
2026-08-11 15:29:47,85254120,000000000514dfe86d88e57e89034189b755bcbe6a393b33a036f9de61aa9822,aa9822,2,双,小
2026-08-11 15:29:58,85254123,000000000514dfeb0efdea5f34ef8fa739237cc6da2d2f2fcf029c70144d0bfb,4d0bfb,0,双,小
2026-08-11 15:30:08,85254129,000000000514dff1da57e0c5986463b305b27f74d6f7ab4330e3da4d0b893286,893286,6,双,大
2026-08-11 15:30:19,85254132,000000000514dff43be41b9110ee0a9067f185ab707a3751f9e82b15915014a3,5014a3,3,单,小
2026-08-11 15:30:29,85254135,000000000514dff72cdebbe2305907163599eb02186b21988748d2126e1b181c,1b181c,1,单,小
2026-08-11 15:30:39,85254138,000000000514dffa7839db6c7299f4edf8dd7c848e2891f99807464c147c7a06,7c7a06,6,双,大
2026-08-11 15:30:49,85254141,000000000514dffd789e917216548f22aed5365c1a08e4a3cb59d1d872b8bb7f,b8bb7f,7,单,大
2026-08-11 15:30:59,85254144,000000000514e000af1c19ebfb91f9a41ac8c3f6d92a7a35ab08da52fc40a967,40a967,7,单,大
2026-08-11 15:31:10,85254147,000000000514e003a8116ca69e095852b0bfbb76ae80ed4a57bbaf3aec0d3d7a,0d3d7a,7,单,大
2026-08-11 15:31:21,85254153,000000000514e0090425f70558ea2ff0298372d7f973db40747b3966eaa8d610,a8d610,0,双,小
2026-08-11 15:31:31,85254156,000000000514e00cd43f81bae7dc28fa60cc22c0771ffc7681de94e59f7b0732,7b0732,2,双,小
2026-08-11 15:31:42,85254159,000000000514e00fa5c6965419cceaba5e2497d624d639dc4f12b7303db1c3c1,b1c3c1,1,单,小
2026-08-11 15:31:52,85254162,000000000514e0129053f8734086a8f1216f039fc721694fcaea22ac025c6721,5c6721,1,单,小
2026-08-11 15:32:03,85254165,000000000514e01543b7b8c9682bacefea0ab29be7b366bb64dd79c433ebf200,ebf200,0,双,小
2026-08-11 15:32:13,85254168,000000000514e018f7fe55dbd5b7f19c8e4b36d2f7595981e3e0ddebc3e95629,e95629,9,单,大
2026-08-11 15:32:23,85254174,000000000514e01eef4b6f7bddb41c4ffbe14abde73e38d2e248e65180b0ca0c,b0ca0c,0,双,小
2026-08-11 15:32:34,85254177,000000000514e02100f7a4cfcc7fc1eb87c76f3e28ccbebf45777e3ab9a3fde3,a3fde3,3,单,小
2026-08-11 15:32:44,85254180,000000000514e0247823eaeb4bac295b5e344bfd17a371dfb43d5c6636e21ec2,e21ec2,2,双,小
2026-08-11 15:32:55,85254183,000000000514e0275e0d47f39377d117ff38f28a23c9f14811112dd41bc8b2fe,c8b2fe,2,双,小
2026-08-11 15:33:06,85254186,000000000514e02a62566f9a6565e280b3ca5131f618fc4814d0dcf833bd6f7b,bd6f7b,7,单,大
2026-08-11 15:33:17,85254192,000000000514e030713a6d104c5bd7ba55c6d521c623af924f252db08aa0e781,a0e781,1,单,小
2026-08-11 15:33:28,85254195,000000000514e0330a55f9dfb8274921c38e7b9ea3b65307d1ceaeadc20136c9,0136c9,9,单,大
2026-08-11 15:33:39,85254198,000000000514e036e3f82911136ed2c8e5aac0dd32b7ec0a5f07f37917d10061,d10061,1,单,小
2026-08-11 15:33:50,85254201,000000000514e039685d20e485c341f4d22b09d786bd19e51929935a3f031f48,031f48,8,双,大
2026-08-11 15:34:01,85254204,000000000514e03c165f7dde75c06bb9c50a1620a1ffec98b43cb16997faa916,faa916,6,双,大
2026-08-11 15:34:12,85254210,000000000514e04229d33af7c3550d9dc8dc284c2d3a89a5541ee774f43b6542,3b6542,2,双,小
2026-08-11 15:34:23,85254213,000000000514e045f42e891f2e4605a309b27a41c5dac2dbf2389e7aaed36510,d36510,0,双,小
2026-08-11 15:34:34,85254216,000000000514e048c3de2bda9453da8742c89a21242058044e27cb92dd393bf2,393bf2,2,双,小
2026-08-11 15:34:45,85254219,000000000514e04b023f1d7688e13436d701dda7ab879ba851cafb8271d08ec5,d08ec5,5,单,大
2026-08-11 15:34:55,85254225,000000000514e0519609321a0d0c458d6fa913437bcbed76e66f1214f9587669,587669,9,单,大
2026-08-11 15:35:05,85254228,000000000514e0545669ae36d9af21c6b57dcab1b857c817aadbf1d965f14dc3,f14dc3,3,单,小
2026-08-11 15:35:16,85254231,000000000514e05732274e329c6306716373ac635592713c4e1501edda44f0f9,44f0f9,9,单,大
2026-08-11 15:35:26,85254234,000000000514e05a7819636ffa1a3aefa15b0c07db297c038149dff9b618a2fd,18a2fd,2,双,小
2026-08-11 15:35:37,85254237,000000000514e05d113b89b36fa876d5bbc5fd5acb08ed1f4dc8879458cca1ee,cca1ee,1,单,小
2026-08-11 15:35:48,85254240,000000000514e060e5b3576a0596ebee69ede161c2103f0ca72c297141e00407,e00407,7,单,大
2026-08-11 15:35:58,85254243,000000000514e063bb361ab134d54d3ef80466c7dac3f28f2beaa09f34478d61,478d61,1,单,小
2026-08-11 15:36:09,85254249,000000000514e069b68ab7c66f408bba07d2aae866fa786621d9fdcdf06cd60a,6cd60a,0,双,小
2026-08-11 15:36:20,85254252,000000000514e06c111d4dcb95ec3d664306359dfa94dcdc4322f05a15364cfc,364cfc,4,双,小
2026-08-11 15:36:31,85254255,000000000514e06f858a0cc24eb2c0c72ed5c040b7970f52b122ba51eec3d175,c3d175,5,单,大
2026-08-11 15:36:42,85254258,000000000514e0726ffdb8a04e7c27e8118d27c1ed97c1c09c28d33ef80c571c,0c571c,1,单,小
2026-08-11 15:36:53,85254261,000000000514e075478a3535437427ed243655528b4e4db6b1bb29da15df7f70,df7f70,0,双,小
2026-08-11 15:37:04,85254267,000000000514e07b505870a2fc8160a3139c003ef57e6115d4f91ca8dceeebed,eeebed,8,双,大
2026-08-11 15:37:15,85254270,000000000514e07e40f044b18a24ec3a809cfcf59e6dbfbcda1d92b437f9b020,f9b020,0,双,小
2026-08-11 15:37:26,85254273,000000000514e081e3ad9558e1435a37867c33dbe4edcfdace3c1c80ffe5a5d7,e5a5d7,7,单,大
2026-08-11 15:37:37,85254276,000000000514e08499970d26fec44e405eaf563c61bed0daaab4a710b174155d,74155d,5,单,大
2026-08-11 15:37:48,85254282,000000000514e08a2e74762f6e75eb33bd55c654efe789e113a8a9288b6ecdc2,6ecdc2,2,双,小
2026-08-11 15:37:59,85254285,000000000514e08de10e9ec5e9195e45c3b756b7b9f5b6974e6129e489e18b31,e18b31,1,单,小
2026-08-11 15:38:09,85254288,000000000514e0906bb434904c818a8cc2afb0ec6f2b656835ed18ee8f337f7f,337f7f,7,单,大
2026-08-11 15:38:20,85254291,000000000514e093805fdb1bcb1d72317165540c5764e2b5bf534f344f1be473,1be473,3,单,小
2026-08-11 15:38:30,85254294,000000000514e096879bcf897070034c494ea2e72b70ea614bddeb5a9b60f93d,60f93d,3,单,小
2026-08-11 15:38:41,85254300,000000000514e09cdc7d8a466bdc880cf4ea072573cd9698bcff6253291677ac,1677ac,7,单,大
2026-08-11 15:38:52,85254303,000000000514e09fcd4d44a516e267e6127996c5a8126fd9226b803317845d08,845d08,8,双,大
2026-08-11 15:39:04,85254306,000000000514e0a20c28cff42d196b143f4c42318e13151c0fd9379c9c1d714e,1d714e,4,双,小
2026-08-11 15:39:15,85254309,000000000514e0a5c2e094438daa5ed55856f4bb8de71bd4fdfea9b7044c6cc9,4c6cc9,9,单,大
2026-08-11 15:39:26,85254312,000000000514e0a8bc0c9544aa7edd88de9818bd7028b7aca46e8a783245dcd4,45dcd4,4,双,小
2026-08-11 15:39:36,85254318,000000000514e0ae15c9c46c335f2b6ece0566a34334bea16ce7571b1bcd83a5,cd83a5,5,单,大
2026-08-11 15:39:47,85254321,000000000514e0b16ce209f54913cfe29a97ee968e48bfe340343ff2c65a9a45,5a9a45,5,单,大
2026-08-11 15:39:58,85254324,000000000514e0b459ff995358c2d7a83cf73293cdf91502a9fa97b6d0030a11,030a11,1,单,小
2026-08-11 15:40:08,85254327,000000000514e0b736e6dfe993d12b0bee0718c7f34ee845515599e06c75691a,75691a,1,单,小
2026-08-11 15:40:25,85254333,000000000514e0bd98006bbb516008390125480cff2cff6a8fea447939a5e00d,a5e00d,0,双,小
2026-08-11 15:40:35,85254336,000000000514e0c078e2187daa9ed05dfc1f9ed6a272af165174557e66e2779d,e2779d,9,单,大
2026-08-11 15:40:46,85254339,000000000514e0c3a1704e1ee03cdeb4a4b3d894407a6ee1369206688886cc27,86cc27,7,单,大
2026-08-11 15:40:56,85254342,000000000514e0c6f9d5334584e500e97d27a03c923a2ac9333efc33bd504349,504349,9,单,大
2026-08-11 15:41:07,85254348,000000000514e0cc1ca582e94d329ba0ef358112ca4ef49ecacf485e05c2a6f8,c2a6f8,8,双,大
2026-08-11 15:41:18,85254351,000000000514e0cf9156f9ab0a502fda9d2b2aa1de0b600971b5e8c144097a4e,097a4e,4,双,小
2026-08-11 15:41:28,85254354,000000000514e0d25eaf6a45c2ffb72e25fd81a8f28b9b7337eb2c6f2b4cd446,4cd446,6,双,大
2026-08-11 15:41:38,85254357,000000000514e0d57a6866bef427825a2a2925c33e3fd56f39289b6b529aec28,9aec28,8,双,大
2026-08-11 15:41:54,85254363,000000000514e0db483095bea1720b784e0d944334bb2aed441c5d6d63cedef1,cedef1,1,单,小
2026-08-11 15:42:04,85254366,000000000514e0def77b1d639bf4f62ec0a574a8843190307341bca02a2e7327,2e7327,7,单,大
2026-08-11 15:42:15,85254369,000000000514e0e1d300e3daeb42024e5581f6100a8329bdb3a3df54e530efd0,30efd0,0,双,小
2026-08-11 15:42:26,85254375,000000000514e0e7ae227115c311209eb48d00ffd191e189da3dec0254379b47,379b47,7,单,大
2026-08-11 15:42:37,85254378,000000000514e0eaa631f6d5593654c1f3834ee82b27c0449376f4eaaf442406,442406,6,双,大
2026-08-11 15:42:54,85254384,000000000514e0f01695a5a8611d24c682ac277144ebd77c4e9c53c78cc95357,c95357,7,单,大
2026-08-11 15:43:05,85254387,000000000514e0f3a19a0e058f5d5e3495af6523481295a0f25b16a81f2a4c8e,2a4c8e,8,双,大
2026-08-11 15:43:16,85254390,000000000514e0f69c42858ee9ff06287c2f9bf7ed4400a77cfc901f2fae5659,ae5659,9,单,大
2026-08-11 15:43:26,85254393,000000000514e0f91a60eb11608158ffcb987c03838550d60dde49eedccf66a7,cf66a7,7,单,大
2026-08-11 15:43:36,85254396,000000000514e0fcbff4625e77eb079797ec1dea349d75799f0af0442c7eda86,7eda86,6,双,大
2026-08-11 15:43:54,85254402,000000000514e102629d98d8400a22d054aa1552dc08ee0019e805bf085cd5c2,5cd5c2,2,双,小
2026-08-11 15:44:04,85254408,000000000514e1087e2790cda436bcd2aba7451a1cd3f5c832588d157d258839,258839,9,单,大
2026-08-11 15:44:14,85254411,000000000514e10b7662e31203fc9d151cdf16d2a91372427cb799a019c1b8c7,c1b8c7,7,单,大
2026-08-11 15:44:24,85254414,000000000514e10eb76237c4430a93d0837494076b08ff6cc9cd145352ccbc69,ccbc69,9,单,大
2026-08-11 15:44:34,85254417,000000000514e111db47c158598c7f0a1fee4cd3357aa553b328abeeb07a4bcb,7a4bcb,4,双,小
2026-08-11 15:44:45,85254420,000000000514e114e33d720e9977cd750da8a4b44bbb91ee4aa71a3466672500,672500,0,双,小
2026-08-11 15:44:55,85254423,000000000514e1172280e9aa20e9f4aef68281b1073c14a2a118d3c7564ddbaa,4ddbaa,4,双,小
2026-08-11 15:45:05,85254426,000000000514e11ad24ddac9b3012e9dbee81da43640a1202a7fc91599ab12df,ab12df,2,双,小
2026-08-11 15:45:16,85254429,000000000514e11d31b62902ec856b3c6f7c9fbdb330c78c1a7f515106fa2cea,fa2cea,2,双,小
2026-08-11 15:45:26,85254432,000000000514e1200f15234abf182c59c2ac281ce1743472378bb40259af6d8a,af6d8a,8,双,大
2026-08-11 15:45:36,85254438,000000000514e126740f5751ece34888ac74cd0d4cb6f8a621322aa6af82da51,82da51,1,单,小
2026-08-11 15:45:46,85254441,000000000514e129e0bcea6c0d6ffc13f20e76a466583d9d0d2a4ba298596774,596774,4,双,小
2026-08-11 15:45:57,85254444,000000000514e12cf42dee1e7e6697f80cd8c7706af3612b110547d10d913b6d,913b6d,6,双,大
2026-08-11 15:46:08,85254447,000000000514e12fb38675dff176c425a649a4e41f37ca115378cb160830b5e9,30b5e9,9,单,大
2026-08-11 15:46:18,85254450,000000000514e13239d467b21aa3f2618d7744da0e22bc0b13588cd59bdc2d05,dc2d05,5,单,大
2026-08-11 15:46:29,85254453,000000000514e1353d88edd9469d87de6a5ffb053ddd9b12a5236c2e5d8216f1,8216f1,1,单,小
2026-08-11 15:46:40,85254459,000000000514e13b22e5e37de4e7b30975fba7fd0a9d5125b0eea0724ed54d05,d54d05,5,单,大
2026-08-11 15:46:50,85254462,000000000514e13e632aa827065b5e16ad63904e2e80cb4207695a4f2ed683d7,d683d7,7,单,大
2026-08-11 15:47:00,85254465,000000000514e14154430a71326cde5f32043bfff8a380bc6c73dafbdc1d44c7,1d44c7,7,单,大
2026-08-11 15:47:10,85254468,000000000514e14455394faeaa260b29b23a7539f708b4df1648d0206be5e58e,e5e58e,8,双,大
2026-08-11 15:47:21,85254471,000000000514e1470493c954b733786d0d7a15a609b96531cad2ca5a0508e7f2,08e7f2,2,双,小
2026-08-11 15:47:31,85254474,000000000514e14adbdc9d68faabea6ddc2bd7fec38f5ee781a9d417c0a38240,a38240,0,双,小
2026-08-11 15:47:41,85254480,000000000514e150b894099731b1bfb6989351ea0c2f891c3bf80f1764ce5dcc,ce5dcc,5,单,大
2026-08-11 15:47:52,85254483,000000000514e153da35c3a5a6d869f28933278e41b78cbd36a9f818de98e8eb,98e8eb,8,双,大
2026-08-11 15:48:02,85254486,000000000514e156d0037aac668fa1b475ecb5b7681b886088f6e56d513e1f36,3e1f36,6,双,大
2026-08-11 15:48:12,85254489,000000000514e159cd289898738468790ee769f08b1b0ff6d52c45f715ae0962,ae0962,2,双,小
2026-08-11 15:48:23,85254492,000000000514e15cd4ad3d2f8d94e5afa0454e2dc0cf757f3beb7312614c22a2,4c22a2,2,双,小
2026-08-11 15:48:33,85254495,000000000514e15fa64fc73f7ff0bdc2babca3795db129ffa41bfa4ab7461735,461735,5,单,大
2026-08-11 15:48:43,85254501,000000000514e165bfde051d569f772bddfbedaec8915e9c65ce44ef0a671911,671911,1,单,小
2026-08-11 15:48:54,85254504,000000000514e1684d3c7ce00f43117094f6d9fefa0444357c21bbda15890bb3,890bb3,3,单,小
2026-08-11 15:49:05,85254507,000000000514e16b38a38158d1a9ab0ea081a200adf26a679561616a6750f49b,50f49b,9,单,大
2026-08-11 15:49:25,85254513,000000000514e171c2edc04d5628f8683198c7b77e1fabbfc920d31a62d2dec0,d2dec0,0,双,小
2026-08-11 15:49:36,85254516,000000000514e174b5da7e18a6b51cb3e463bec3033e775f42fac53e77098e40,098e40,0,双,小
2026-08-11 15:49:47,85254519,000000000514e177f20c8de71b9be786d741a044265d22c2c1d25192ad9dc3e3,9dc3e3,3,单,小
2026-08-11 15:49:57,85254525,000000000514e17d080131e988819400fe2efdd2f851b0092d638b434148e82d,48e82d,2,双,小
2026-08-11 15:50:08,85254528,000000000514e1808369d42aeb470131c8bd0b7a508128517c8e31e87302cd56,02cd56,6,双,大
2026-08-11 15:50:18,85254531,000000000514e18318b21727f52e5945cd3f12a08c873a801a6f5ca943f090c8,f090c8,8,双,大
2026-08-11 15:50:29,85254534,000000000514e186ca867d615ace852bc1abfb35ef97794e923759b71546ab96,46ab96,6,双,大
2026-08-11 15:50:39,85254537,000000000514e189560bf9fb497fc26e078a985bcfcdf0e20b3fc6de09ef93f7,ef93f7,7,单,大
2026-08-11 15:50:50,85254543,000000000514e18fe0ecf8b8b0276ffedbf0584b032be3119a163a0f5c9a0012,9a0012,2,双,小
2026-08-11 15:51:00,85254546,000000000514e1925aff8f1cab3a40cb353a839ccc326f446a18dcfdea3e7f8d,3e7f8d,8,双,大
2026-08-11 15:51:11,85254549,000000000514e195d24071f574cd80316aa0e8be0b07099b1a1d369d63b360aa,b360aa,0,双,小
2026-08-11 15:51:21,85254552,000000000514e1982afb79f5a473feeddf2775d497d835cf67cf6f4b9a931016,931016,6,双,大
2026-08-11 15:51:32,85254555,000000000514e19b03865bb2ab204ca339b8636c78979c5a5b30f40ae0b830b8,b830b8,8,双,大
2026-08-11 15:51:42,85254558,000000000514e19e5e6e0923eafff97158d4b8e54b30bd0407c6c32865a02371,a02371,1,单,小
2026-08-11 15:51:53,85254561,000000000514e1a13bfcb32f9cbaada598e5b5b3f1417118a314265aa260b709,60b709,9,单,大
2026-08-11 15:52:03,85254567,000000000514e1a74a6e62f97b5234956055a7aae853cfde33b30a945f74243f,74243f,3,单,小
2026-08-11 15:52:14,85254570,000000000514e1aae433f0a3114db235941e0401b67281e537af3ed4bf60abdc,60abdc,0,双,小
2026-08-11 15:52:24,85254573,000000000514e1adcbfc82747db730d4b2bd8f8cd4597eacbf0449c7b8c995a6,c995a6,6,双,大
2026-08-11 15:52:35,85254576,000000000514e1b065c4c149de0ec322cbe2a688a79e215a9572aef11cb82d5a,b82d5a,5,单,大
2026-08-11 15:52:46,85254579,000000000514e1b350ac867c630409640cdc2410f1edb83409efaa64fffbf901,fbf901,1,单,小
2026-08-11 15:52:56,85254582,000000000514e1b62536b07ab7663a22da114d1b5d4889bdd1139aba03c4c0da,c4c0da,0,双,小
2026-08-11 15:53:07,85254588,000000000514e1bc12bbb597c618b01fa0964203d2efbbc592a30d9d3aa10afd,a10afd,0,双,小
2026-08-11 15:53:17,85254591,000000000514e1bf4da45841605eed34df23fb476b9a8335014bfe8303dc10f9,dc10f9,9,单,大
2026-08-11 15:53:28,85254594,000000000514e1c2d0be8d59b665d3b7fe7dffc86b6a9559c58b5bac9af0b898,f0b898,8,双,大
2026-08-11 15:53:39,85254600,000000000514e1c8639df560edcb72f367c0e53dc32c7d98a5b48513c7988f0e,988f0e,0,双,小
2026-08-11 15:53:59,85254603,000000000514e1cb3bf81db559fc7760199380647996e7486095c65a2488d9e5,88d9e5,5,单,大
2026-08-11 15:54:09,85254606,000000000514e1cee3fdc939918655aa9046dd3abb7245dcd5e368b526c6211c,c6211c,1,单,小
2026-08-11 15:54:19,85254612,000000000514e1d4ed3f8880b6579b61f8d05222267003f8ab7b21e4d659fa57,59fa57,7,单,大
2026-08-11 15:54:29,85254615,000000000514e1d7276de76a46eb8e295a76feaf8adb061a687e80b9dbef2a0a,ef2a0a,0,双,小
2026-08-11 15:54:40,85254618,000000000514e1da168a8caea73592b040749b0e4af50577e700158a655daf17,5daf17,7,单,大
2026-08-11 15:54:51,85254621,000000000514e1ddcf32cd4763d23dc541b8b033bc07fd05a7fe928d8dab2e13,ab2e13,3,单,小
2026-08-11 15:55:01,85254624,000000000514e1e03a1470c6c58c2df5a17cf727bbc391f84e2911bada95c2bc,95c2bc,2,双,小
2026-08-11 15:55:12,85254630,000000000514e1e6754ae05903e56de34700a04fcf2013c74cd9974807756511,756511,1,单,小
2026-08-11 15:55:22,85254633,000000000514e1e9ad00a904a097e9e79a787847b9eed3a02e386633a5cb0efb,cb0efb,0,双,小
2026-08-11 15:55:32,85254636,000000000514e1eceddd2d1cc132d1faf5e2f929d7071ee3b9bd02cdfd89b3d4,89b3d4,4,双,小
2026-08-11 15:55:43,85254639,000000000514e1ef3aeb7b4b6750d0bf7260eb8e31483838809e78a8038e492e,8e492e,2,双,小
2026-08-11 15:55:53,85254642,000000000514e1f2b00d63174db8ab0df507342f66ca4f134468fc98de2de1d2,2de1d2,2,双,小
2026-08-11 15:56:03,85254645,000000000514e1f59e448cee843b6ac0a8825de8acfbc2d63ac4180d3eaa1b63,aa1b63,3,单,小
2026-08-11 15:56:13,85254651,000000000514e1fbfcd5b454e4bdbcbe1bfb052d359da0123df4bdc08f679cb3,679cb3,3,单,小
2026-08-11 15:56:24,85254654,000000000514e1fe696a010ade554aaa65f90fa1cf5ca0b594e7591209dc9d6f,dc9d6f,6,双,大
2026-08-11 15:56:35,85254657,000000000514e201e2526f47911c214c13485ad3fb8d3bd1c80d228bc0aba863,aba863,3,单,小
2026-08-11 15:56:46,85254660,000000000514e2048d34cb64b762818dd88d0ddbfef18d0d4515db7916c60aea,c60aea,0,双,小
2026-08-11 15:56:57,85254663,000000000514e207a1a8c7b470048ef357b2f322566cbb259f6a50c8ccefac08,efac08,8,双,大
2026-08-11 15:57:07,85254666,000000000514e20ad503b92f2d8dbde527dcb79dc3e736cafb41d80536e75f99,e75f99,9,单,大
2026-08-11 15:57:18,85254672,000000000514e2103d4b669fba5f37c8039c0decabf94b5cf0b52dd543e3fb6c,e3fb6c,6,双,大
2026-08-11 15:57:28,85254675,000000000514e213e2a7d8272223a7abc476e2ec25e836b88ba28f18a951ecd8,51ecd8,8,双,大
2026-08-11 15:57:39,85254678,000000000514e2168dccbc01b89ce916b46e25cd8b4520cacc653ead8ad385ea,d385ea,5,单,大
2026-08-11 15:57:49,85254681,000000000514e219aee0ca97815074a69a50911dfcaf8fad1764004b2b7d1ab1,7d1ab1,1,单,小
2026-08-11 15:57:59,85254684,000000000514e21c0f498ae6bc5dac6c8341803cdb35b3a8ef7048b8be924e11,924e11,1,单,小
2026-08-11 15:58:10,85254687,000000000514e21fe87bbacb902b9ac833aae1f1faa0fe2ca4af969ec6ddacf7,ddacf7,7,单,大
2026-08-11 15:58:20,85254693,000000000514e225908c7a9137ab788c9eb7efc7c8adfb47a3760e0efa2a2e3c,2a2e3c,3,单,小
2026-08-11 15:58:31,85254696,000000000514e22869e6fef6ad8746eb428473f396f21a461f1945f9c13bd49e,3bd49e,9,单,大
2026-08-11 15:58:42,85254699,000000000514e22b7c156f44543fb155f9b89ea4f6e4b792dcc15c8720d58b57,d58b57,7,单,大
2026-08-11 15:58:52,85254702,000000000514e22ecdfbd8a8ff50a92c5a3debe08c34dad1dd6e7c6f7b136003,136003,3,单,小
2026-08-11 15:59:03,85254705,000000000514e231a4b12c2046a318be7a862b749fe221a6b3d49a9dc381e064,81e064,4,双,小
2026-08-11 15:59:13,85254708,000000000514e234bc9cc7389ca64ab2d64b81700f8722bfd1f7eed0e11fca54,1fca54,4,双,小
2026-08-11 15:59:24,85254711,000000000514e237a6cb553b5e7020094045fa0f7a84d0a0da1594b14d3833ae,3833ae,3,单,小
2026-08-11 15:59:35,85254717,000000000514e23d8c3a1404923e1fe36fd3b0d39e9394245e6b20d0dcfdd909,fdd909,9,单,大
2026-08-11 15:59:45,85254720,000000000514e24078cec9a147beabed6d06b399ad413d4a29dcdf58949d2c86,9d2c86,6,双,大
2026-08-11 15:59:56,85254723,000000000514e243bb18874e0bc62b8426cdefcfb22b0309a86559dae5e605e4,e605e4,4,双,小
2026-08-11 16:00:06,85254726,000000000514e2461cf71cd95eb44b67569200c6ea58717025d635cd849ed985,9ed985,5,单,大
2026-08-11 16:00:17,85254729,000000000514e249cdff6c091f78e5404ada78374d4d8678bcc732746e28c422,28c422,2,双,小
2026-08-11 16:00:28,85254735,000000000514e24f9c8296ec56a3ed65300e7cf01c16e4baa86053abcce2eb8b,e2eb8b,8,双,大
2026-08-11 16:00:39,85254738,000000000514e2529bdb7c856b6b9554a5f6cc35c0c8bbfae90e3e449f82908d,82908d,8,双,大
2026-08-11 16:00:49,85254741,000000000514e255c78fcd1ca43755a46cee557e788bab7aebe9eaed80467481,467481,1,单,小
2026-08-11 16:00:59,85254744,000000000514e258cec2b7bc4551761eac2756f7b70bd2c6fb713a704fb402a6,b402a6,6,双,大
2026-08-11 16:01:10,85254747,000000000514e25b185e1874d4ccc98f8f19de06dfa9803cdef8b9fdfc2d52ba,2d52ba,2,双,小
2026-08-11 16:01:20,85254750,000000000514e25e2781dd34047ec41ee4118b0439e0baf4af69dc7ab2f97f67,f97f67,7,单,大
2026-08-11 16:01:30,85254756,000000000514e2645579b27f130e46245a238f2c452bf69c7a252986193b6da0,3b6da0,0,双,小
2026-08-11 16:01:41,85254759,000000000514e267ab917238ce94ccbcca734e1dfc9e13ece2da955f20e46bb2,e46bb2,2,双,小
2026-08-11 16:01:51,85254762,000000000514e26ac21ab8b783221b9da917449d9ebbabfcb63673ff5be51228,e51228,8,双,大
2026-08-11 16:02:01,85254765,000000000514e26df299e6029b94074510f34c2d491956257a858ff815aa6059,aa6059,9,单,大
2026-08-11 16:02:12,85254768,000000000514e2709b5920401a5e3acbc3c1c5a93527225e59c12c91ac9a9e41,9a9e41,1,单,小
2026-08-11 16:02:22,85254771,000000000514e273e168283cd49bb08802258b7f34e7249b7fd6a887fdb0464b,b0464b,4,双,小
2026-08-11 16:02:32,85254774,000000000514e276e8ce8647385631bfa4464ada22d7a2bbf248b63723d3dc5d,d3dc5d,5,单,大
2026-08-11 16:02:43,85254780,000000000514e27c265592358d666d13c4da4e20f1874c75919ab43563dac68f,dac68f,8,双,大
2026-08-11 16:02:54,85254783,000000000514e27fb8ad0e981c48b30ba71af9a2ad10d0617c73bf113282a47a,82a47a,7,单,大
2026-08-11 16:03:05,85254786,000000000514e282f5aa07ff4288fced6c41480e0f6a0365985c9d1907fbff81,fbff81,1,单,小
2026-08-11 16:03:15,85254789,000000000514e285371ae3c9b0dec344839ea5414d77a88ab98dd7e5256b7192,6b7192,2,双,小
2026-08-11 16:03:26,85254795,000000000514e28b6e7a87c87319c7d36ccb1b4c4ac49e2c27efc68a18da8e75,da8e75,5,单,大
2026-08-11 16:03:37,85254798,000000000514e28e419852c65e7df3ba81dd985c9c44fa9309831499612c20a4,2c20a4,4,双,小
2026-08-11 16:03:48,85254801,000000000514e291dc91321feb8ead0631b5303a22be73991dc28084074dfc4a,4dfc4a,4,双,小
2026-08-11 16:03:58,85254804,000000000514e29461d9e5c1056c168b07b132c2f935ccd2840025e51fabe7ae,abe7ae,7,单,大
2026-08-11 16:04:09,85254807,000000000514e297d552b4899ec7fdb0fd77b16a970368f964e61d1c8be8866f,e8866f,6,双,大
2026-08-11 16:04:20,85254810,000000000514e29a694ad6150d5d84519625c09c636a83bdaf62d2b67f26cc5c,26cc5c,5,单,大
2026-08-11 16:04:31,85254816,000000000514e2a00f6fb408b116cd83506275c9488f51f8523ff43c2362e0f3,62e0f3,3,单,小
2026-08-11 16:04:41,85254819,000000000514e2a3ab0e3de680713af5c7908dc82017e27c8bb6ebf266e71e40,e71e40,0,双,小
2026-08-11 16:04:52,85254822,000000000514e2a653c9a1a2153adf903c2d02fee024e4f982ecf0b773188c57,188c57,7,单,大
2026-08-11 16:05:03,85254825,000000000514e2a93232c29fdd6464921c9463e51baa8dc28d80e086da9e5042,9e5042,2,双,小
2026-08-11 16:05:13,85254831,000000000514e2afd672bfe3909c5cba2efbb1cb1dfb63167aecdaf93113582e,13582e,2,双,小
2026-08-11 16:05:24,85254834,000000000514e2b258bd631170fb45c6ff0be3ff57f585f12a437701c1fb512b,fb512b,2,双,小
2026-08-11 16:05:42,85254840,000000000514e2b83d843a65d01378a49a71dd08ae38c6eaa36e5fdfca4ddf59,4ddf59,9,单,大
2026-08-11 16:05:53,85254843,000000000514e2bbb2e5816d1cde7a98ef3a2cefdc428be50e189a433273bfef,73bfef,3,单,小
2026-08-11 16:06:04,85254846,000000000514e2befa359ea5e27b7368546c5a1f1fb0677bec42a0e054876f93,876f93,3,单,小
2026-08-11 16:06:15,85254849,000000000514e2c1cfec653c87b298142fa2f19de2a901312ca50f47d4064785,064785,5,单,大
2026-08-11 16:06:25,85254852,000000000514e2c42d7dc6752eba1e8e190cc69a8c9bac9c245964aa8d7f525c,7f525c,5,单,大
2026-08-11 16:06:37,85254858,000000000514e2cafe5ba56569b6d7fd5a81eff5ae3be4dcd9b1234526ed1209,ed1209,9,单,大
2026-08-11 16:06:47,85254861,000000000514e2cd991a574204fa5112c80f69e5492fd4592596d95aba047d57,047d57,7,单,大
2026-08-11 16:06:58,85254864,000000000514e2d0237f110d69e199ee565904179100a9dc988cecd20cbeb1dd,beb1dd,1,单,小
2026-08-11 16:07:09,85254867,000000000514e2d39681c9bb0f709a086f1909a08e410e9940051f7019f1effd,f1effd,1,单,小
2026-08-11 16:07:19,85254870,000000000514e2d6d9dc7af10f89e97744698386d7306b491d3801b2b0a2a811,a2a811,1,单,小
2026-08-11 16:07:30,85254876,000000000514e2dc4cd39e1fbf2ade3d4f16a141d6315da961d61c6edee3032a,e3032a,2,双,小
2026-08-11 16:07:47,85254879,000000000514e2df8ac8682ff6517a17933e2758db07db4020ad43924daefa37,aefa37,7,单,大
2026-08-11 16:07:58,85254885,000000000514e2e5f9fee18b2649f56c976c7a9db0ea503b74622cf351b1c249,b1c249,9,单,大
2026-08-11 16:08:08,85254888,000000000514e2e809e6215da9e270c74607d5791b6c246b11b9e300f1d8b3a0,d8b3a0,0,双,小
2026-08-11 16:08:19,85254891,000000000514e2eb0c73a4d9373299724c27b7831cde28ba04e6602868593f30,593f30,0,双,小
2026-08-11 16:08:30,85254894,000000000514e2eeebcfbbe3fac54822e2f23305f946c3c58f1fd40cd1f32d72,f32d72,2,双,小
2026-08-11 16:08:40,85254897,000000000514e2f1f93472618816935b94cb65a8b07f54c009790154605d360a,5d360a,0,双,小
2026-08-11 16:08:51,85254903,000000000514e2f7993ad588e7ac798d0b28a1e4bb72145f79288f3688f7c31b,f7c31b,1,单,小
2026-08-11 16:09:02,85254906,000000000514e2fa62d503b56e3ac1d435b64e0f4ac084b101e6668f8ff9ccb0,f9ccb0,0,双,小
2026-08-11 16:09:13,85254909,000000000514e2fd3b9c0f53d5e67305964dce57b003e1aee3c3b659e7a0efcc,a0efcc,0,双,小
2026-08-11 16:09:24,85254912,000000000514e3002ff5b40e386e32d19c4544c2243fc27fee085d05873add56,3add56,6,双,大
2026-08-11 16:09:42,85254918,000000000514e30697ea0902814b5213f9ecf857c3466175b80e265cb5790a2f,790a2f,2,双,小
2026-08-11 16:09:53,85254921,000000000514e309188a3ff754e1c84d7dbbc03737a44cd105de20fea0df1a0a,df1a0a,0,双,小
2026-08-11 16:10:04,85254927,000000000514e30fc0123faa0ebed3c0268a906cf8f7f3ca0e91feb90105c6db,05c6db,6,双,大
2026-08-11 16:10:14,85254930,000000000514e312cf2b14e973bc59495b8680674618aa8ce97305962c9020e1,9020e1,1,单,小
2026-08-11 16:10:25,85254933,000000000514e31595d010a60b3513f08920a883348e655ae0ff2c6f74d0681a,d0681a,1,单,小
2026-08-11 16:10:36,85254936,000000000514e3185a48e02a6fe744ca00aa67ebe52b8a5eee3413f618cb3e65,cb3e65,5,单,大
2026-08-11 16:10:47,85254939,000000000514e31bfeb627bedf36ccd8b0845f28d4fc5dfc2b8f2baaa454d3ef,54d3ef,3,单,小
2026-08-11 16:10:57,85254945,000000000514e3211d80c3512c905c5d5f71fed9b637deac11ae6f6004f342d7,f342d7,7,单,大
2026-08-11 16:11:07,85254948,000000000514e324a6b5d2c610eade8271b33250cfe881a98dbd5dda3635df3e,35df3e,3,单,小
2026-08-11 16:11:18,85254951,000000000514e32725cf15e092906cea899f4f91bda39a2e54d67301648cbddb,8cbddb,8,双,大
2026-08-11 16:11:28,85254954,000000000514e32a39feb2e63215b4da3853900d95421cb2f803df2f3e711290,711290,0,双,小
2026-08-11 16:11:38,85254957,000000000514e32d3cd99249131674d19f004f8efb6500126be7891a95f6c084,f6c084,4,双,小
2026-08-11 16:11:49,85254960,000000000514e3303ce8729dd3e024171f5478e6723fac5b3d1a0fad59d8927a,d8927a,7,单,大
2026-08-11 16:11:59,85254963,000000000514e33398ea3aa8f82d037dfd94d574d48dc772804c9a96c4a92040,a92040,0,双,小
2026-08-11 16:12:10,85254969,000000000514e339faf6c41ebcf65cbb2ae1e04c4d01507ba2d040c14db61fdb,b61fdb,1,单,小
2026-08-11 16:12:21,85254972,000000000514e33ceac4cf901119eec5f4c69a6192534416c7ac433029a87313,a87313,3,单,小
2026-08-11 16:12:31,85254975,000000000514e33fd53126b9027948fa85326e68be477905e57ec900eb4fc001,4fc001,1,单,小
2026-08-11 16:12:42,85254978,000000000514e342a7f1322279757d22b5570344df2c25a50f7301a4a4c642cd,c642cd,2,双,小
2026-08-11 16:12:53,85254984,000000000514e34872585e23743f857cd814ff2a7974b5dc2f4c8f2cd2fffb5b,fffb5b,5,单,大
2026-08-11 16:13:04,85254987,000000000514e34bb2b6858b5aa620e867dc87762ce21e0ae02137a21d2fcf87,2fcf87,7,单,大
2026-08-11 16:13:22,85254993,000000000514e3511f33a5799e1b20e20461cb658055848f271196bff364018d,64018d,8,双,大
2026-08-11 16:13:33,85254996,000000000514e3542586dc5999f3c5f783c9ffa547a79670351c7423a307f84c,07f84c,4,双,小
2026-08-11 16:13:50,85255002,000000000514e35a3b0fd3a7161cf3f370bdfe9912f4584f0dcfddcf6c39078a,39078a,8,双,大
2026-08-11 16:14:01,85255005,000000000514e35d157e68251b09f5aecce0183616cc3af23462de242dc5360d,c5360d,0,双,小
2026-08-11 16:14:18,85255011,000000000514e363cf026dc82f47a81b8057e3f603e4ddd42d54da9defe8ec2b,e8ec2b,2,双,小
2026-08-11 16:14:29,85255014,000000000514e366fd31ef29866169389a0cb47a236efefdc99683cf59dfc378,dfc378,8,双,大
2026-08-11 16:14:39,85255017,000000000514e369e579be59575822a3f970b713b68bef71cbf1a0ea2b377bb7,377bb7,7,单,大
2026-08-11 16:14:50,85255023,000000000514e36f182ff37c7de9e2ae013b1a8a578118d047218c1e4482fa48,82fa48,8,双,大
2026-08-11 16:15:01,85255026,000000000514e3722bd5491e7f32a6f8ed1535a622c85cc415b7343fbb50eda0,50eda0,0,双,小
2026-08-11 16:15:12,85255029,000000000514e375c500184f6516e1cb95f21ae471b9c7ce7511b03991f0f9f8,f0f9f8,8,双,大
2026-08-11 16:15:23,85255032,000000000514e37832607c0165218589168ae49fe26a627baa6264fce2089ff6,089ff6,6,双,大
2026-08-11 16:15:34,85255035,000000000514e37b49bd8b18e89ff93c3b1f3f95eae1c6b08a5f6c8e16720e00,720e00,0,双,小
2026-08-11 16:15:45,85255041,000000000514e381b5d8ac2e6eedd1c39f0ea19161565fc689c4545af1283520,283520,0,双,小
2026-08-11 16:15:57,85255044,000000000514e3845899c1e5f999656bcccfb4e8f0288b14c594fbefb60f1dfe,0f1dfe,1,单,小
2026-08-11 16:16:08,85255047,000000000514e387a0784a0f7e6e2633d29de859abe32b2a85f5711d6bc4c688,c4c688,8,双,大
2026-08-11 16:16:19,85255050,000000000514e38a719aa10acddfe14cf3142ee829afd428ffcf1283ee132af8,132af8,8,双,大
2026-08-11 16:16:30,85255056,000000000514e390e7b4b58de6a8ce717cb2d11b5bd9e99acbebe9ea6a9615bc,9615bc,5,单,大
2026-08-11 16:16:41,85255059,000000000514e3934484b0809aecf5cd4757dd101e816aee00aaff43db08601a,08601a,1,单,小
2026-08-11 16:16:52,85255062,000000000514e3964c5d08789c3872f2f1ca613dea2896c94d91d5e7dc0883df,0883df,3,单,小
2026-08-11 16:17:03,85255065,000000000514e3994a9c1f0bc1c917d6faaf525495ad5ecba7012998df7262af,7262af,2,双,小
2026-08-11 16:17:14,85255071,000000000514e39fc4d2552f26a6504b7e869b1cb45c7a1547cb1a68475ba102,5ba102,2,双,小
2026-08-11 16:17:25,85255074,000000000514e3a2d5ae69e8257e37f867062f36bf4ae41436668b8025c411b6,c411b6,6,双,大
2026-08-11 16:17:36,85255077,000000000514e3a5b8a8134a2a6c72cf90175f1e3eb16bf33e2332a26b086419,086419,9,单,大
2026-08-11 16:17:47,85255080,000000000514e3a8a3ec7026bb4a16eb62c3b0eb98d52abb6efbbb518bd19e4c,d19e4c,4,双,小
2026-08-11 16:17:58,85255086,000000000514e3aeaeb0efe58600f0e90202806247b48c69eec0fc3f3c4d1b0f,4d1b0f,0,双,小
2026-08-11 16:18:08,85255089,000000000514e3b1d36400f4018a71961a3f7f4403be59cb6cd1d8f2b053ab0b,53ab0b,0,双,小
2026-08-11 16:18:19,85255092,000000000514e3b414b8f621cb922a37014bf0a4c160b0d818061e350ea1e9fd,a1e9fd,9,单,大
2026-08-11 16:18:31,85255095,000000000514e3b777f0082a6d62f8230cd0c0ec27ab351c3845d91e1acb6fc5,cb6fc5,5,单,大
2026-08-11 16:18:41,85255098,000000000514e3ba7b5e0fcd494d34cbad77ea69ac45573e696632efaada362f,da362f,2,双,小
2026-08-11 16:18:52,85255101,000000000514e3bd66dd4b9efb7a5ad95e74aa26d7bb42f464e1129538171402,171402,2,双,小
2026-08-11 16:19:03,85255104,000000000514e3c06e751d2bffc2f307776e64a60671f044ee7a02a5a214e7d6,14e7d6,6,双,大
2026-08-11 16:19:14,85255110,000000000514e3c6f809d46319efac4a15fc0f62a8e8f3543c2c0749aca4f23d,a4f23d,3,单,小
2026-08-11 16:19:25,85255113,000000000514e3c9e2ccc91edf497a03e77d625421de2806fcddc907077a0b7b,7a0b7b,7,单,大
2026-08-11 16:19:35,85255116,000000000514e3cc31103d142aa95ff651a53268d0d5b537723c3d141f024397,024397,7,单,大
2026-08-11 16:19:46,85255119,000000000514e3cfb933a6581b259733b433c0c3ea69e66c2c9700f3187ac7a2,7ac7a2,2,双,小
2026-08-11 16:19:57,85255125,000000000514e3d54b1b2a1ca2763c32c9e809c1d27c4b94352d2dd6fdc20895,c20895,5,单,大
2026-08-11 16:20:07,85255128,000000000514e3d86c52bdc7a24762949b0d4bf1b468268eae5a2506307d24ae,7d24ae,4,双,小
2026-08-11 16:20:18,85255131,000000000514e3dbd8bf4307d631705c74419c4ba5096ef985820089df4a2f30,4a2f30,0,双,小
2026-08-11 16:20:29,85255134,000000000514e3deffc26f3ab95ff92387f89e0779433aedf1484880da066171,066171,1,单,小
2026-08-11 16:20:39,85255137,000000000514e3e1e13bd87f4b27ad0b32893810daabbded69ec75859887b040,87b040,0,双,小
2026-08-11 16:20:49,85255143,000000000514e3e79f1dc396106963b4b9f503a61499d78bc2fe43a3588b6744,8b6744,4,双,小
2026-08-11 16:21:00,85255146,000000000514e3ea34dd8660d2eb2ea7d0d98af9df53b836fe588723c7619662,619662,2,双,小
2026-08-11 16:21:11,85255149,000000000514e3ed47aa23f5ae28781c00a85dde6af0750867cd5466676552f1,6552f1,1,单,小
2026-08-11 16:21:21,85255152,000000000514e3f0c982493cb3b5a6752c5c309225ee0d34315ab71ed99bf86a,9bf86a,6,双,大
2026-08-11 16:21:33,85255155,000000000514e3f3592e4707d969cb103329fab0b0a8ef23ae313cb823f7d7dd,f7d7dd,7,单,大
2026-08-11 16:21:48,85255161,000000000514e3f94b8a87f624926563856358959e1e2d1c4809f2f8464f28f7,4f28f7,7,单,大
2026-08-11 16:21:59,85255164,000000000514e3fc21d50c58509dc850930fdbc109accaaf09d2572c5b39f6ff,39f6ff,6,双,大
2026-08-11 16:22:10,85255170,000000000514e4023a6a8d1238196837d471c46b4f549f5c16bbcbc02fd89ca5,d89ca5,5,单,大
2026-08-11 16:22:21,85255173,000000000514e405f8b09e3870b63be09cb1eb7db05934ef28f03656106a711d,6a711d,1,单,小
2026-08-11 16:22:32,85255176,000000000514e40850f1f269f36cd8bda8432034ec2758908fc310d08ef5b1b1,f5b1b1,1,单,小
2026-08-11 16:22:43,85255179,000000000514e40ba90b1ab4361bc8d1de1acee14b47383063add6d9cdd8292e,d8292e,2,双,小
2026-08-11 16:22:54,85255182,000000000514e40e6dcecba0e97c7e9546d71bf0928d62e842654a18d6abd906,abd906,6,双,大
2026-08-11 16:23:05,85255185,000000000514e4119872632868da0f512c0acbe07f7c9e7c5f4c2e9efc39c54f,39c54f,4,双,小
2026-08-11 16:23:16,85255191,000000000514e41785b3f332f4fba40fe9c1f7f15bcb7ceca3a87cd3c6f0b12f,f0b12f,2,双,小
2026-08-11 16:23:27,85255194,000000000514e41a162d570a4829bfae359457fbb6c9b0e647d932d0541ee47d,1ee47d,7,单,大
2026-08-11 16:23:38,85255197,000000000514e41d0694361620ee8aaf6f57509ea9f0d3a36aa90c3db93b223b,3b223b,3,单,小
2026-08-11 16:23:49,85255200,000000000514e4203d570a399d45c96290b4e7dae481a86eed4267775e2ec82c,2ec82c,2,双,小
2026-08-11 16:24:00,85255206,000000000514e4264bda992a68478d5771f2e39c5137d2cac3464ef984068e10,068e10,0,双,小
2026-08-11 16:24:12,85255209,000000000514e429e84f6e66aba36b744e492974030d6cbb7bfa5765f26b3b5c,6b3b5c,5,单,大
2026-08-11 16:24:23,85255212,000000000514e42c082cb74acd9944678b0eb45c21d500b53dfc8df0b5cae596,cae596,6,双,大
2026-08-11 16:24:34,85255215,000000000514e42fe5165004eee41144f00b72c3cce57643b5b8cfad13a4311c,a4311c,1,单,小
2026-08-11 16:24:41,85255218,000000000514e432297e0a78188130ac52e26c8490de6af1411ca859c6c7fc62,c7fc62,2,双,小
2026-08-11 16:24:52,85255221,000000000514e4356d5e46f9c0ce41b1201dfa8b2eb8a8a2f95473ba1e75c2e0,75c2e0,0,双,小
2026-08-11 16:25:03,85255224,000000000514e43846e596d9cfba277c1a9a9dccb7008f542fe7dbbe43046316,046316,6,双,大
2026-08-11 16:25:14,85255230,000000000514e43eb3c517a13d07202de1177d40f10ffbf3f0fc61129af34820,f34820,0,双,小
2026-08-11 16:25:25,85255233,000000000514e4416966d4399f635eb18ed1711e2f67889d943cd6226d36ad49,36ad49,9,单,大
2026-08-11 16:25:43,85255239,000000000514e4471f79d6033a6d135162c7805783f04166866b1805b3aff761,aff761,1,单,小
2026-08-11 16:25:53,85255242,000000000514e44a11a64666393ff2cfc6318f23bc158d03623845dfbfbab35d,bab35d,5,单,大
2026-08-11 16:35:14,85255428,000000000514e5049a345ac921ec25c0f5ee1215421f46e15bfa9a373c20cdea,20cdea,0,双,小
2026-08-11 16:35:25,85255434,000000000514e50a58e7c620b04aa47c00851f315c39ff722e9a0edf47949128,949128,8,双,大
2026-08-11 16:35:36,85255437,000000000514e50dd083fe7519a6d7c72abe72e20971d2ebe82a7e9b116d84d7,6d84d7,7,单,大
2026-08-11 16:35:46,85255440,000000000514e510189ff559085a74e852ebee230319295f5b371f288f40d451,40d451,1,单,小
2026-08-11 16:35:57,85255443,000000000514e513b65d14d20fa6e8ca9cf0862a18f77e21dc771ef25873d0fd,73d0fd,0,双,小
2026-08-11 16:36:08,85255446,000000000514e516bfe959ce2e375f6dca88f0e2d0073b0047282bc482f8e596,f8e596,6,双,大
2026-08-11 16:36:27,85255455,000000000514e51f19120aa6aecb08d1da1e8bd1dc55bbec440baa74ed052127,052127,7,单,大
2026-08-11 16:36:38,85255458,000000000514e5222e2328e03f27ba9451036dc9cb56ac2b65ea1c05fcfce846,fce846,6,双,大
2026-08-11 16:36:49,85255461,000000000514e525cf94136ff2c58b47db61f9439674bbb2155f812a0d0033ae,0033ae,3,单,小
2026-08-11 16:37:01,85255464,000000000514e5284364caba8d0de0d6193f2de484fa321bf06a69660f0faae9,0faae9,9,单,大
2026-08-11 16:37:12,85255470,000000000514e52ecb84e4edd45abf7690e7ea10f32c9e38ffed4c648b786d97,786d97,7,单,大
2026-08-11 16:37:23,85255473,000000000514e5316e0f8c7f9eb7d33367e5380b60134689b2bd84900efd53c9,fd53c9,9,单,大
2026-08-11 16:37:34,85255476,000000000514e534970c440dd0c8841b347583950bc33e318e94736cd09aa0bc,9aa0bc,0,双,小
2026-08-11 16:37:45,85255479,000000000514e537a3077ed090111a149a4870beb3f8bf4bac30d0669d46a5db,46a5db,5,单,大
2026-08-11 16:37:56,85255482,000000000514e53a07e734bdb58a08275a65e4765d6327552f6a32d2b33064e2,3064e2,2,双,小
2026-08-11 16:38:07,85255488,000000000514e540d566202a66978af582980c05f091be9fc3f3ee54609b1880,9b1880,0,双,小
2026-08-11 16:38:19,85255491,000000000514e543063519d22520ad7278307c7ae5fe0b901bad328dad79d0d8,79d0d8,8,双,大
2026-08-11 16:38:30,85255494,000000000514e5464fb4847fd567a486c8cc9f86e50efba4c9f60437fccb71f3,cb71f3,3,单,小
2026-08-11 16:38:41,85255497,000000000514e549a769b4f247fefc2b720fd853ba475fabd5153c4e7c252b0d,252b0d,0,双,小
2026-08-11 16:38:52,85255503,000000000514e54fd4f060d5d4011ffc6ff9a76a7f9daa2936172dca2a35a783,35a783,3,单,小
2026-08-11 16:39:03,85255506,000000000514e552be0cbf88b1e4be14dee50f2c86c3abaaf7a66de1efeb403e,eb403e,3,单,小
2026-08-11 16:39:14,85255509,000000000514e555803265366619cbb9be50d6f17610951e6c7d8519846e3273,6e3273,3,单,小
2026-08-11 16:39:24,85255512,000000000514e558594d7529a673e577d141fce1c1c80812e0b7bf14ac597ddc,597ddc,7,单,大
2026-08-11 16:39:35,85255518,000000000514e55e424d740335ecc10af04758e781251666dfe2305c927c6fb9,7c6fb9,9,单,大
2026-08-11 16:39:46,85255521,000000000514e561ce1ced652214586b55f51a48cd6bb28b8aa564facf546ff4,546ff4,4,双,小
2026-08-11 16:39:57,85255524,000000000514e56430240c2232e5620a220deea9a1ca4bf74c2f546fef6a2ad1,6a2ad1,1,单,小
2026-08-11 16:40:08,85255527,000000000514e567eb396650a73d26a132de22ec9d2f16c646d08ea78ada14e9,da14e9,9,单,大
2026-08-11 16:40:19,85255530,000000000514e56a402035a0e8db5175f5d49f62fae830b96698b04857ef264d,ef264d,4,双,小
2026-08-11 16:40:30,85255536,000000000514e570ebce3668f6fdbe403f9780c6d8cfecf8105c8597f884b916,84b916,6,双,大
2026-08-11 16:40:40,85255539,000000000514e57375b0d104a96791b60bc87c8b282499b4ee1d49fd55d2b080,d2b080,0,双,小
2026-08-11 16:40:51,85255542,000000000514e5766549ab22b826ba2c6769d7551f52c691e50131ec819f70b7,9f70b7,7,单,大
2026-08-11 16:41:02,85255545,000000000514e579961828b00e1d02a2f7725d68195a7b6092071a362ed0d984,d0d984,4,双,小
2026-08-11 16:41:13,85255548,000000000514e57c33459bb693b28b6b040cfda1c2039f1adc2a59e555a174ce,a174ce,4,双,小
2026-08-11 16:41:24,85255554,000000000514e58209b96e98ab0c61c6a4f04aaf5e92e09a55212d2bff6a390f,6a390f,0,双,小
2026-08-11 16:41:35,85255557,000000000514e5851a636b0691a6a444f8eda91c02b8ea6e180dafdf7d260057,260057,7,单,大
2026-08-11 16:41:45,85255560,000000000514e588d698a76940980125df16f1f50ab57322cfdd4be1e98e5426,8e5426,6,双,大
2026-08-11 16:41:56,85255563,000000000514e58b74eb35e00df2bce8159d4a464212d9b46a7bb31464fc4b69,fc4b69,9,单,大
2026-08-11 16:42:09,85255569,000000000514e5919bf803329f6b88966f775195fc02393633e0450b5385f33c,85f33c,3,单,小
2026-08-11 16:42:30,85255575,000000000514e597a74fbc897fbdc0f88041caa0816a2649a0de47b23bf588a0,f588a0,0,双,小
2026-08-11 16:42:41,85255578,000000000514e59ad605d8ca21f3965d8d1ec9311ff10da5ed5e93107895a3a0,95a3a0,0,双,小
2026-08-11 16:42:53,85255584,000000000514e5a00c430d9becb092129de77cdd000811575c8a3b710af67d95,f67d95,5,单,大
2026-08-11 16:43:03,85255587,000000000514e5a3962cfb74a925ae8b09428b127b5b549e0f6b611b2bd1914f,d1914f,4,双,小
2026-08-11 16:43:15,85255590,000000000514e5a6df7ae286c994c490903082aca7edb9d2e49f495037c4c7ca,c4c7ca,7,单,大
2026-08-11 16:43:26,85255593,000000000514e5a97799e39d17a6c078cdaaa8faaf47ee231303847663d3c01c,d3c01c,1,单,小
2026-08-11 16:43:36,85255596,000000000514e5ac9b4df81c09f90c5c415bb63410f95fc098d1d25ef71fae3f,1fae3f,3,单,小
2026-08-11 16:43:47,85255599,000000000514e5afca4538467392862ee73accab398f881885c650c08e66f5f4,66f5f4,4,双,小
2026-08-11 16:43:57,85255605,000000000514e5b52002d7e64955d333cc9fb2b69e9067667a230cf6e6f3dfef,f3dfef,3,单,小
2026-08-11 16:44:07,85255608,000000000514e5b87e70efad56ffd2aa9f7514aeca9df65a1e574a9d8c404ddc,404ddc,4,双,小
2026-08-11 16:44:18,85255611,000000000514e5bbcf497a3eb144fe325b770201d5f1bf2a46518a8fa70cc261,0cc261,1,单,小
2026-08-11 16:45:44,85255641,000000000514e5d9b5bc1ea38dff9b0fcf54cdd82d5c986728201d08d44b23e8,4b23e8,8,双,大
2026-08-11 16:45:55,85255644,000000000514e5dc0eb7962396bf45661db29bc2c3a867353911387ba86fbed9,6fbed9,9,单,大
2026-08-11 16:46:06,85255647,000000000514e5df2ffe6ceba99db10543f671ad11cdb47798885b00dc4dddf3,4dddf3,3,单,小
2026-08-11 16:46:17,85255650,000000000514e5e2a7ad2673e3ddffb1939409205c699a06502393defe8c966c,8c966c,6,双,大
2026-08-11 16:46:27,85255653,000000000514e5e5cb0bc926670040c89942ce4d1a2d062f053762223f58ee51,58ee51,1,单,小
2026-08-11 16:46:38,85255659,000000000514e5eb4bf96233a903901e0c0b3d72b35d3c52c47a503f047459f0,7459f0,0,双,小
2026-08-11 16:46:49,85255662,000000000514e5ee8ef100e2bb1e91ea3850e6458abe1a8e1c6af748ee37e848,37e848,8,双,大
2026-08-11 16:47:00,85255665,000000000514e5f1a44ed372ed08d19ee588a6262c1c19d8da6f70c8be06d921,06d921,1,单,小
2026-08-11 16:47:11,85255668,000000000514e5f45580a38ce55574518bb345a4450f489abeea4abc2f47d818,47d818,8,双,大
2026-08-11 16:47:22,85255671,000000000514e5f7b879f619bd8b50639a6df421c9ace31e32d247e5af00b560,00b560,0,双,小
2026-08-11 16:47:32,85255674,000000000514e5fa0b45a0a006fd027659534ab716dc0c3058b13e83febc3b3e,bc3b3e,3,单,小
2026-08-11 16:47:43,85255680,000000000514e600ca6d739a640bb43de6aa2b6986d4f7eacde1d2a07ee05adc,e05adc,5,单,大
2026-08-11 16:47:54,85255683,000000000514e6032491f5b2a37117438549cf1dbdfde45847be272f5a890790,890790,0,双,小
2026-08-11 16:48:05,85255686,000000000514e60692a723d93ef2b6316115221598aec8010d7972764379d72d,79d72d,2,双,小
2026-08-11 16:48:16,85255689,000000000514e60906b66df4db0682785174935906ded8cc30e208aa577c2afb,7c2afb,2,双,小
2026-08-11 16:48:27,85255695,000000000514e60fac70f82f3e3ca68d14c8c44be3c005e23cbfccdbe88b08e3,8b08e3,3,单,小
2026-08-11 16:48:38,85255698,000000000514e612c3c2707d49ca8a29593ed0bad9d4b1e143e375490ab7eaa1,b7eaa1,1,单,小
2026-08-11 16:48:48,85255701,000000000514e615be994b1b6dd6d3410ba7caa8f34b1b13c2d2fad158cd38a0,cd38a0,0,双,小
2026-08-11 16:49:00,85255704,000000000514e6185025d81af12bf9390f125409ddc879f73c0c552a47155056,155056,6,双,大
2026-08-11 16:49:11,85255710,000000000514e61ebb4d732cb6508428e92c7d87fb2ef535cd63ca75f3745e23,745e23,3,单,小
2026-08-11 16:49:22,85255713,000000000514e621ee184ef11c265d20c70e31722de3a58e51baac1496d7c2ae,d7c2ae,2,双,小
2026-08-11 16:49:32,85255716,000000000514e6245d1302ca950db9c75a079d8b8ce89c0a61c43d118021865b,21865b,5,单,大
2026-08-11 16:49:43,85255719,000000000514e627c4795c3d8d3c0e52d076f86c133cf6ed01cf77a0fbb729db,b729db,9,单,大
2026-08-11 16:49:54,85255722,000000000514e62aef2e9f84c5653857e6a5851f6d27f338cf12e895582f657c,2f657c,7,单,大
2026-08-11 16:50:04,85255728,000000000514e63063ba366507ebaad814c18fa1fc89afbc1aa3c7e69fd92948,d92948,8,双,大
2026-08-11 16:50:15,85255731,000000000514e6332531898f13990385352f7e6228bae61a50fa949d8b54fd02,54fd02,2,双,小
2026-08-11 16:50:26,85255734,000000000514e6365eb1cb3e47c7371922838ca733160b3ece2405234d617d1e,617d1e,1,单,小
2026-08-11 16:50:36,85255737,000000000514e639b7d078b0c51faf8844753a56b22aeb0caa3b029cc69151ee,9151ee,1,单,小
2026-08-11 16:50:47,85255740,000000000514e63cef16c2cd3fb6e1e1630618312797642c0aae543a6bb974f7,b974f7,7,单,大
2026-08-11 16:50:57,85255743,000000000514e63fcbf05435789f67abca4f43ebc2eb389937e6c3ae2af564d6,f564d6,6,双,大
2026-08-11 16:51:07,85255746,000000000514e642eb0ac597e50f3e92b15a63dc18ac99d68cbbf1f9e84ea34b,4ea34b,4,双,小
2026-08-11 16:51:19,85255752,000000000514e6481724ee57b86745570c14f757233de49c29dca36cf6a30be3,a30be3,3,单,小
2026-08-11 16:51:29,85255755,000000000514e64b8b40ada7967ec16c4d6a6f18f470587e35cb31db0aa4a747,a4a747,7,单,大
2026-08-11 16:51:40,85255758,000000000514e64e452882aa781270901dd8004aea8633112c9298ebad872d2e,872d2e,2,双,小
2026-08-11 16:51:50,85255761,000000000514e651e5516fbb622c192085b44a06e35c865b7f1a1642d8e6a1f4,e6a1f4,4,双,小
2026-08-11 16:52:01,85255767,000000000514e65755a4d482c309737d267755fd41ac81908c583eebf67c1569,7c1569,9,单,大
2026-08-11 16:52:22,85255773,000000000514e65dd206e03e9e65383d1d1034b1320804074ed47d7c36c4f955,c4f955,5,单,大
2026-08-11 16:52:33,85255776,000000000514e6607749e9dfef4fbfa7eb2b4320d970295748dcadacc06f4cdd,6f4cdd,4,双,小
2026-08-11 16:52:44,85255779,000000000514e6637eda91ed2ff278fbeaba96aedccc7ff82a717ee50da67a72,a67a72,2,双,小
2026-08-11 16:52:55,85255782,000000000514e666a10dedb09335f1df6cb3ca8ef6895e948c0321fde9e9012f,e9012f,2,双,小
2026-08-11 16:53:06,85255785,000000000514e669170bb0d3f776f12f09c0b1871f4efc8df0bd9245b3d9bd18,d9bd18,8,双,大
2026-08-11 16:53:17,85255791,000000000514e66fcb703407a0fd348825eec3389228813ddb630c9f28b563eb,b563eb,3,单,小
2026-08-11 16:53:28,85255794,000000000514e672882cd294f57aa0662253f20a31abebf69176ca694a6de341,6de341,1,单,小
2026-08-11 16:53:39,85255797,000000000514e6754691577a2d696a31ee91c7bbe9e5308fbd4629efc15af62a,5af62a,2,双,小
2026-08-11 16:53:50,85255803,000000000514e67ba8b08217cf3ea4b930a615a1c37bd3aef5f221d2b0a1b49f,a1b49f,9,单,大
2026-08-11 16:54:07,85255806,000000000514e67e9a6aa1460b13a7637c6e2bf064975eaa63e880f9a20c66fc,0c66fc,6,双,大
2026-08-11 16:54:18,85255812,000000000514e684fe6d67ca611339471a0bc6d0114a95aaceeea9a05eac9f30,ac9f30,0,双,小
2026-08-11 16:54:29,85255815,000000000514e6876335d419001524d600cdb087fbde9ef776e5bdbc92e6f82c,e6f82c,2,双,小
2026-08-11 16:54:39,85255818,000000000514e68a1717b966ca8f5ee30782e48d647b405ffc8aaafde1750aec,750aec,0,双,小
2026-08-11 16:54:50,85255821,000000000514e68dad665fa95fc075af30f97d35c093bfa4c68f1bc67807020a,07020a,0,双,小
2026-08-11 16:55:01,85255824,000000000514e69060d2486a09e89a9a81d98fe75411c1becdbb6cb21fb00f4e,b00f4e,4,双,小
2026-08-11 16:55:12,85255830,000000000514e6963d3a25730ff83c3220efbd7cc855a13411d75c101ab7a00f,b7a00f,0,双,小
2026-08-11 16:55:22,85255833,000000000514e699dfc54f8e64a77d9631251cdcc8bafe8d74ac5fec9acd6c09,cd6c09,9,单,大
2026-08-11 16:55:32,85255836,000000000514e69c3ee71648303b4f6191035e3de71bafe4d9afe481d0133ca3,133ca3,3,单,小
2026-08-11 16:55:43,85255839,000000000514e69f12248f0b84c34995c3ffff7d8a3d013e10c6b4b616899869,899869,9,单,大
2026-08-11 16:56:00,85255845,000000000514e6a5aad5a18c433753e8138894b73d90c820909c7191ec4f856c,4f856c,6,双,大
2026-08-11 16:56:10,85255848,000000000514e6a8b7d26bf04ff33408ce780dc33360f565c5e9bea4bb63f9fb,63f9fb,9,单,大
2026-08-11 16:56:22,85255851,000000000514e6abafc5a5477c91fa9e1ca7f6d9e81f9926dddb143a433b8e08,3b8e08,8,双,大
2026-08-11 16:56:33,85255857,000000000514e6b184d8d7ccde4b5b3f534725301917e844fc750f5b4f37d778,37d778,8,双,大
2026-08-11 16:56:43,85255860,000000000514e6b4445b510783b189300b43f4b8d5c62419c81036359b284a42,284a42,2,双,小
2026-08-11 16:57:27,85255875,000000000514e6c3e77e6f5d0c0640560201269e6643783f4c79d37f5a0ae3b5,0ae3b5,5,单,大
2026-08-11 16:57:35,85255878,000000000514e6c62a9d2af4d9b30380f146a61b1236c2593dbe71d8de5d4b1c,5d4b1c,1,单,小
2026-08-11 16:57:45,85255881,000000000514e6c9998169ad8f71c4c014f162cc355f2ec9ff1bf66e037febb7,7febb7,7,单,大
2026-08-11 16:57:56,85255884,000000000514e6cceb27e9f4d7109497f7c52d2eec33076c18627bf78596ce6b,96ce6b,6,双,大
2026-08-11 16:58:03,85255887,000000000514e6cf20592822bf30e327288c070f65f480b85750355b72a6aa1b,a6aa1b,1,单,小
2026-08-11 16:58:11,85255890,000000000514e6d2bf5ccbb461fb87a38c467898dafb85da25cfa042dd19d9bb,19d9bb,9,单,大
2026-08-11 16:58:22,85255893,000000000514e6d570f760f4f8cb498383850f6f7d59c3c7f8bfba215a6cae0c,6cae0c,0,双,小
2026-08-11 16:58:30,85255896,000000000514e6d88b4e897b082c73328e80bc9c0dfb405976a9be753506d047,06d047,7,单,大
2026-08-11 16:58:39,85255899,000000000514e6db7b1a54f7a6d913d538c1802cdc068f56c7db3a5d2692977b,92977b,7,单,大
2026-08-11 16:58:49,85255902,000000000514e6de67db1a69d266e69063a68b818009923365d86826c0414bbc,414bbc,4,双,小
2026-08-11 16:58:59,85255905,000000000514e6e19232ae478a3c236efd1ad391f04cbc0e00535ad49934ea60,34ea60,0,双,小
2026-08-11 16:59:06,85255908,000000000514e6e489886ba6f5599b44f5c73026628119f32ec6164632f7f44c,f7f44c,4,双,小
2026-08-11 16:59:16,85255911,000000000514e6e7b6bd2ddc5a15f96c6de4da16a120111b31bfb3c2d85805a2,5805a2,2,双,小
2026-08-11 16:59:23,85255914,000000000514e6ea3d3580c5ae196ef95932f0771e0c90e47bb1288050561140,561140,0,双,小
2026-08-11 16:59:34,85255917,000000000514e6ed4870b2e36e82d9ea654edf7e305d50bb6312c6b17066d547,66d547,7,单,大
2026-08-11 16:59:41,85255920,000000000514e6f02a59cb58dbbf92fc6e3371e6559488ae35a096d9408b9848,8b9848,8,双,大
2026-08-11 16:59:52,85255923,000000000514e6f3c52b235867cc9f8fa08551e7b92928c90925b82e6c0328f1,0328f1,1,单,小
2026-08-11 17:00:00,85255926,000000000514e6f6a07cf3a1894e83af94f395676a19afa01150a5c8bbb9e6f6,b9e6f6,6,双,大
2026-08-11 17:00:08,85255929,000000000514e6f907e2b755aa2409403125111a848a39d3290fd506e0c593e5,c593e5,5,单,大
2026-08-11 17:00:20,85255932,000000000514e6fc8a0d62fb61e1560c8257621d25cb14457fdaf4ede8a26a67,a26a67,7,单,大
2026-08-11 17:00:29,85255935,000000000514e6ff281bf102eea4767b594807e126d3b89cc1d8541d3e821a94,821a94,4,双,小
2026-08-11 17:00:38,85255938,000000000514e702b9918f474ed332554fb284ff2cf1e06f901c4ad0dd2108a1,2108a1,1,单,小
2026-08-11 17:00:46,85255941,000000000514e70540d10dc0c2c1f7de444a5075e141914391f8ec6483eb18f1,eb18f1,1,单,小
2026-08-11 17:00:55,85255944,000000000514e708ca8ccf62e4785d3bb5d7e30b22973a9552069b2835d91590,d91590,0,双,小
2026-08-11 17:01:03,85255947,000000000514e70b107ca3f7d823bddb8a5599bb708dcb413a8d67c486a602f3,a602f3,3,单,小
2026-08-11 17:01:13,85255950,000000000514e70e0b0c0dcd6fdfc186bc97bd4e552f9b9882385efb7fd8e49e,d8e49e,9,单,大
2026-08-11 17:01:21,85255953,000000000514e71126db45ab441880733b4eb7ef76bc31271a0f0080803d874f,3d874f,4,双,小
2026-08-11 17:01:31,85255956,000000000514e7146fabf247e38020bb121c4817731b303a4ff59cd267733139,733139,9,单,大
2026-08-11 17:01:40,85255959,000000000514e71763fb818b5805680fc891e00e130b0e040bb38802ab578652,578652,2,双,小
2026-08-11 17:01:48,85255962,000000000514e71a1fe048ccf14e2cf1dfa5257438806261e6a3c4171195ec4f,95ec4f,4,双,小
2026-08-11 17:02:15,85255971,000000000514e723f7ebec7b4e1db61e8004c7b093f24a6b420f0690ba83670e,83670e,0,双,小
2026-08-11 17:02:25,85255974,000000000514e726e3c175af199bcb3d4428c7f4108064d6bb9934b54e30af42,30af42,2,双,小
2026-08-11 17:02:33,85255977,000000000514e729abe191be449ee90a7dc5fcf7eba394960011cae388b2b0d6,b2b0d6,6,双,大
2026-08-11 17:02:42,85255980,000000000514e72c8b9a672ce63b189a950efe770234c3324e11138060a8282a,a8282a,2,双,小
2026-08-11 17:02:50,85255983,000000000514e72fead99fffd0b85f29b352cb67c63738ab0db82649b255aed7,55aed7,7,单,大
2026-08-11 17:03:03,85255986,000000000514e73223f381b5639c9f442654974b7b3acd83a78f3877f71f2048,1f2048,8,双,大
2026-08-11 17:03:11,85255989,000000000514e73538b4cacb54fba6d05aed8b5806945af7162d38941527fd21,27fd21,1,单,小
2026-08-11 17:03:18,85255992,000000000514e738f22540b8c1881933871505b89545c2c15797fb5a379be824,9be824,4,双,小
2026-08-11 17:03:27,85255995,000000000514e73bcb62bb6e445730bd4fd88e0b4a3e30e75cca0a7ae53088a2,3088a2,2,双,小
2026-08-11 17:03:38,85255998,000000000514e73e949b0931eae70e8fd38ac682dea86e8ea0a075b843794665,794665,5,单,大
2026-08-11 17:03:45,85256001,000000000514e741f101b7bdd0d3def07d91a2279e6cd068989aeb68f585c0ca,85c0ca,0,双,小
2026-08-11 17:03:56,85256004,000000000514e74403752c5ccc14270e179f028e5022c0adee994a23dff45f59,f45f59,9,单,大
2026-08-11 17:04:05,85256007,000000000514e74761ecb1dd46b661a610329c376ea9675a7a9018d60b718542,718542,2,双,小
2026-08-11 17:04:12,85256010,000000000514e74ae4400ad2dc76c53772f63ab5fe3f46d452c2b81a76050af8,050af8,8,双,大
2026-08-11 17:04:22,85256013,000000000514e74dd8ac045336cc8dac4b711a9d344525d7ec635a3fb97f63c7,7f63c7,7,单,大
2026-08-11 17:04:30,85256016,000000000514e75059647692efd70654e52f9449783d8bf6d95a5d42e41a868f,1a868f,8,双,大
2026-08-11 17:04:40,85256019,000000000514e7531c432a79d672ed75d38791b168724d70651d98585b7dcf69,7dcf69,9,单,大
2026-08-11 17:04:48,85256022,000000000514e756b57ed66b1afb9205bbaee1f9e7936080259e1e873f0eda9a,0eda9a,9,单,大
2026-08-11 17:04:55,85256025,000000000514e759a94f8bfecafa7a9f3b6c4cbf0ab4f0978e0e9af9fccea6ba,cea6ba,6,双,大
2026-08-11 17:05:06,85256028,000000000514e75c98ecb3a0236d6a95cf8dbe97450d39377c6e9d1155dd6b64,dd6b64,4,双,小
2026-08-11 17:05:18,85256031,000000000514e75fe70a9adeb0dd2a2f1c004683d4afbcaba30cfcc4c97438dd,7438dd,8,双,大
2026-08-11 17:05:24,85256034,000000000514e7625f2355168add69d11c9f60c97a516b51c25157c9ed6cec3b,6cec3b,3,单,小
2026-08-11 17:05:33,85256037,000000000514e7653bfae95f2842a2f07a1d46aa11d6a7140e50cff8f1cf9dac,cf9dac,9,单,大
2026-08-11 17:05:44,85256040,000000000514e7685bf7e98d966556b7a869d5cadae8e2b789ee0c4fed75f034,75f034,4,双,小
2026-08-11 17:05:51,85256043,000000000514e76b6b8be9c0f5d6b000494559a28ea506f7452f1a07279fe698,9fe698,8,双,大
2026-08-11 17:06:01,85256046,000000000514e76e9ef957ed59ee7de0038ac15665ffed067287c3a6b8b0349a,b0349a,9,单,大
2026-08-11 17:06:10,85256049,000000000514e771e0939beb77481721ee506d3206d184f04418dd176747148a,47148a,8,双,大
2026-08-11 17:06:18,85256052,000000000514e7741f910a7ab46022958af633d7f6a2bfe3bc9b71f187a2a9e4,a2a9e4,4,双,小
2026-08-11 17:06:27,85256055,000000000514e77702f7e420e9be8139019d18ebd15d641be2c023bd19728292,728292,2,双,小
2026-08-11 17:06:36,85256058,000000000514e77ad7e972d015e8b3a423e3b3d5161a9d7b685019a453632fa8,632fa8,8,双,大
2026-08-11 17:06:48,85256061,000000000514e77d69587caac48672a7068a61182e641194310f3ac42c43bd60,43bd60,0,双,小
2026-08-11 17:06:55,85256064,000000000514e780a731be041152d2f945bb13696d876e2eca00262f2029fd6f,29fd6f,6,双,大
2026-08-11 17:07:04,85256067,000000000514e78331668012c8034fdc9dd6789d846dbd0bd2f79fb28f6d093e,6d093e,3,单,小
2026-08-11 17:07:12,85256070,000000000514e78682d467ebb226bb4be3434b6f31d10b6f5698e83798c84f90,c84f90,0,双,小
2026-08-11 17:07:20,85256073,000000000514e789fbba018107df33e3c66345fd6fc11ba0ad409d8fe59afc89,9afc89,9,单,大
2026-08-11 17:07:30,85256076,000000000514e78cb9e59058c5cfd7b17b9081b5316bde78b664bc2120d4c73d,d4c73d,3,单,小
2026-08-11 17:07:39,85256079,000000000514e78f0a89126e6f5ff7b95a1f07736474b5ff7407eeb4e0795066,795066,6,双,大
2026-08-11 17:07:49,85256082,000000000514e792608a8a60932cd22daefbcc7737dd2fe5484615c048ed382d,ed382d,2,双,小
2026-08-11 17:07:57,85256085,000000000514e795978afc8c4b169489cda63f594ac72fc6bcb99612c58b95ba,8b95ba,5,单,大
2026-08-11 17:08:05,85256088,000000000514e798c60edab80a66120a023ea36b37a7188169416c15577c1b7d,7c1b7d,7,单,大
2026-08-11 17:08:15,85256091,000000000514e79bdb214c2e9cd6fc08872a7d43d6aaf7781e9ea0cadfb31f05,b31f05,5,单,大
2026-08-11 17:08:26,85256094,000000000514e79e33cf1d2870b001d134bb2f2c1fcba4ca403545afb4f20014,f20014,4,双,小
2026-08-11 17:08:33,85256097,000000000514e7a1ddd5eda1f8fb7c8fd862827bbfe738b4a46f0deae5c6f193,c6f193,3,单,小
2026-08-11 17:08:43,85256100,000000000514e7a427839f73ef0f78cd3ecabbb7ada90c8118fbe06f04bf05c7,bf05c7,7,单,大
2026-08-11 17:08:52,85256103,000000000514e7a7fac01b9ed47e1aac48de2d4b8e5d23d28fff5c7c91de3d80,de3d80,0,双,小
2026-08-11 17:09:02,85256106,000000000514e7aa740298c1c59678dd14a62e2612d01f0ca3122e0d8a4babd2,4babd2,2,双,小
2026-08-11 17:09:17,85256109,000000000514e7adf1576021a13430314a19fdc44c5e410b61a44c09e087e9e2,87e9e2,2,双,小
2026-08-11 17:09:22,85256112,000000000514e7b0d19cc06dbb1a0b0c643c221e89e4daa5d6e6966c34f1026f,f1026f,6,双,大
2026-08-11 17:09:27,85256115,000000000514e7b32d677473594ae2b5c9e5dbeed3fdf5c4326f21d4f7e6e0bc,e6e0bc,0,双,小
2026-08-11 17:09:35,85256118,000000000514e7b671b498a3767df406e0b9ab491270fc7d386d00f1f9a56fd2,a56fd2,2,双,小
2026-08-11 17:09:46,85256121,000000000514e7b95307119974453c57bdc6e42c22c98a1884d126138974f8dc,74f8dc,8,双,大
2026-08-11 17:09:53,85256124,000000000514e7bc496ae8de9dd7a14ad7adfd45b0723c70455e12eeeee59e04,e59e04,4,双,小
2026-08-11 17:10:04,85256127,000000000514e7bf03c0c7f8acab97068d1d0305ce7217709339c7f8c1d71935,d71935,5,单,大
2026-08-11 17:10:14,85256130,000000000514e7c22873ace999d9a9bd13337c6f742a367d391d14d12eacb552,acb552,2,双,小
2026-08-11 17:10:23,85256133,000000000514e7c54dcab2121a0f8cf0b5cfc2e197ac9c908180693a665073a6,5073a6,6,双,大
2026-08-11 17:10:31,85256136,000000000514e7c8ccd7a0ac0a8699903d01f28180e5c20517e49409c83ce128,3ce128,8,双,大
2026-08-11 17:10:40,85256139,000000000514e7cba9b52ea2b1893991654e2a8cb4773d9238fc88ac08dc12f4,dc12f4,4,双,小
2026-08-11 17:10:50,85256142,000000000514e7ce77c2a7a737b7ce700cad9c796b84e672d917bba4157c79e6,7c79e6,6,双,大
2026-08-11 17:10:58,85256145,000000000514e7d1efbcf46c3e241c4d39285a296e8c74ae1ea42180a5576753,576753,3,单,小
2026-08-11 17:11:06,85256148,000000000514e7d4f3d2aaa7e25fd1b7fddf4a23a2807f95b8a6803407e56a48,e56a48,8,双,大
2026-08-11 17:11:15,85256151,000000000514e7d74ae5da7c81753cbbe183f7221850957d28c908bc322be14d,2be14d,4,双,小
2026-08-11 17:11:29,85256154,000000000514e7daa053fcc2186d8f5634ab4a866ef4c0790d1beaa5bc398341,398341,1,单,小
2026-08-11 17:11:33,85256157,000000000514e7dd157b9058772081a92dda9174ecdbf9e1be56eae161262132,262132,2,双,小
2026-08-11 17:11:42,85256160,000000000514e7e093b5ed9bcc9c243c90bdebcabc1b819a37241920c61a9321,1a9321,1,单,小
2026-08-11 17:11:51,85256163,000000000514e7e35b050d0fb4e1a486248add912e1b141992d61f5f27eda57b,eda57b,7,单,大
2026-08-11 17:12:01,85256166,000000000514e7e6ba7afd5f80b16edb31011599f91e2e18a5275b465653e2ce,53e2ce,2,双,小
2026-08-11 17:12:10,85256169,000000000514e7e975b9fbe52efaa351e2b06b09ee5178bdd7e2b94b764ed95c,4ed95c,5,单,大
2026-08-11 17:12:18,85256172,000000000514e7ecd9fb5d361aa66ca03ed786614a70882b925a82a52f2bf8ae,2bf8ae,8,双,大
2026-08-11 17:12:26,85256175,000000000514e7ef9e99c380a1ad65e59c317605bf34ff1bf61e2d8dae9a5175,9a5175,5,单,大
2026-08-11 17:12:38,85256178,000000000514e7f266295fbebb6d0e3dd91b8e89ac8b5c9f1b09dea95a8eb357,8eb357,7,单,大
2026-08-11 17:12:45,85256181,000000000514e7f503ce5915c57b6766b94d7305363e5b42bdcf03b8091ce5e3,1ce5e3,3,单,小
2026-08-11 17:12:56,85256184,000000000514e7f80be366239a56048d8910f5f746298d7ab787f0587586cc26,86cc26,6,双,大
2026-08-11 17:13:02,85256187,000000000514e7fb79e2f2fc766123a6208ed36d53043ad7d0c2d3d550d1211a,d1211a,1,单,小
2026-08-11 17:13:12,85256190,000000000514e7fe535fd96fc13e0314cb8584f8672f057a6734f0fad4dbe66b,dbe66b,6,双,大
2026-08-11 17:13:21,85256193,000000000514e8016c39261e0ff669f23cbd23ded8d363479fa1963da5e58a5c,e58a5c,5,单,大
2026-08-11 17:13:31,85256196,000000000514e804c788897940ea6829c1b247e9efe571ac875d0589174f8dc2,4f8dc2,2,双,小
2026-08-11 17:13:40,85256199,000000000514e807ae0ffa1932fb568482c17140073c2f56f1c47d71a2882239,882239,9,单,大
2026-08-11 17:13:48,85256202,000000000514e80aaa9d8c0df1ac21896dc28729bb13e031bce5fe2a49750145,750145,5,单,大
2026-08-11 17:13:57,85256205,000000000514e80d0da080fbcd48a29945efdd716dcd56b3ad5378864e1ce3bb,1ce3bb,3,单,小
2026-08-11 17:14:06,85256208,000000000514e810d3d7cee87ba88801ad18dd797f4c05136ad797f1bd50f764,50f764,4,双,小
2026-08-11 17:14:16,85256211,000000000514e81372fcd8be85704925d2ca3394718f4d64b8321785b3129ffa,129ffa,9,单,大
2026-08-11 17:14:25,85256214,000000000514e81652dae6903e24f91688910ae1a3a8f3cd2ad0e43200eb2073,eb2073,3,单,小
2026-08-11 17:14:33,85256217,000000000514e819befec73c21a4c2f36f7e1ba014de59ecbe707b992df570ef,f570ef,0,双,小
2026-08-11 17:14:42,85256220,000000000514e81ca4309b54b539ace60396d16c360a26a574b926a239fa4abc,fa4abc,4,双,小
2026-08-11 17:14:51,85256223,000000000514e81fbd7802acc115a0507fae8b40e27692251c827af3eeda08d8,da08d8,8,双,大
2026-08-11 17:15:01,85256226,000000000514e822ff3f0534b342f13fddf441a0c6c0ac3d19b7caeed2bfd62f,bfd62f,2,双,小
2026-08-11 17:15:10,85256229,000000000514e82505d8d61222ba2fc1ebedaf9c297006f1f8f500a5a171701d,71701d,1,单,小
2026-08-11 17:15:17,85256232,000000000514e8283722036e453c59aa173bd74c9367807d7fb926ea1b2b26fc,2b26fc,6,双,大
2026-08-11 17:15:27,85256235,000000000514e82b26bdd2abb8cee8de1d0f608a5f974f0d38a053c386f12fd8,f12fd8,8,双,大
2026-08-11 17:15:37,85256238,000000000514e82e3805bd15a160aa4df273f03e13f4e50ada952f6d454d5a99,4d5a99,9,单,大
2026-08-11 17:15:44,85256241,000000000514e831a39922eee26658845973b74e242afb3f65332f8ad9b827e7,b827e7,7,单,大
2026-08-11 17:15:54,85256244,000000000514e834ccffc3da8fb3773a46dfe7ce1760811e6b5e2427ce269680,269680,0,双,小
2026-08-11 17:16:04,85256247,000000000514e837e345480185947c39f2088e27a80b8b04e5b8d7a638d19562,d19562,2,双,小
2026-08-11 17:16:12,85256250,000000000514e83afec8972521bf6a868f763b6ecbe51fe81619dcddbcef14fb,ef14fb,4,双,小
2026-08-11 17:16:22,85256253,000000000514e83d8058fc8d8d57210af1d2414dc1564f9f39d8eda2c005b56f,05b56f,6,双,大
2026-08-11 17:16:31,85256256,000000000514e840a4defb8c944b7f58b4245acd32c9a097a7a4493cd370e6e6,70e6e6,6,双,大
2026-08-11 17:16:39,85256259,000000000514e8430796c4099f2de9dcf3f585df752faeed8a18c7fde587b1b3,87b1b3,3,单,小
2026-08-11 17:16:49,85256262,000000000514e846350473101d83b8d5c60734e745d73c2467eaa443f45b0256,5b0256,6,双,大
2026-08-11 17:16:58,85256265,000000000514e8495fb7a401f20a2a1f30c312c925353a283bee9c9924280ccb,280ccb,0,双,小
2026-08-11 17:17:06,85256268,000000000514e84c91bcacf250f274406e392279645bcc66be9fb10e101662a0,1662a0,0,双,小
2026-08-11 17:17:14,85256271,000000000514e84f2424e87f9993fc8caeeeab296fc1cca9b0ee085e3a902eba,902eba,2,双,小
2026-08-11 17:17:23,85256274,000000000514e8527648a7a52117f8fcb69a9b222bed8f7436fab288803e81e4,3e81e4,4,双,小
2026-08-11 17:17:33,85256277,000000000514e85547bf2b0113d7f149e96c2896cddabe790e8171d127217d19,217d19,9,单,大
2026-08-11 17:17:42,85256280,000000000514e85816e126510734edfe38658a63de715a8b4d042228fc75647f,75647f,7,单,大
2026-08-11 17:17:51,85256283,000000000514e85bc251954fda49dcdd018a708effc98b80b70cabab32cd3cfb,cd3cfb,3,单,小
2026-08-11 17:18:01,85256286,000000000514e85e7253ef7fd1cc4bef143c9813d830318796bb8ab4fc0a9886,0a9886,6,双,大
2026-08-11 17:18:09,85256289,000000000514e861189a87eb9990e14045cfd4e16544dbe59ebf65b960dad975,dad975,5,单,大
2026-08-11 17:18:20,85256292,000000000514e8642d7c3926864c77b31bc7f9db97cb4e98a853902fd5057aba,057aba,7,单,大
2026-08-11 17:18:27,85256295,000000000514e867d0a4286623560b24244f6da5b917327580aafde62f5afa8e,5afa8e,8,双,大
2026-08-11 17:18:39,85256298,000000000514e86aafaa4ad70136fa7bdef737643e6ee0a2eda4cfc611ab0f77,ab0f77,7,单,大
2026-08-11 17:18:48,85256301,000000000514e86d4d123e8f5752226b6d4e89e9930cfb5058309ad446dea20d,dea20d,0,双,小
2026-08-11 17:18:53,85256304,000000000514e87087215adb2ec68b6b51b2284937709bd4e273631c8d586bf8,586bf8,8,双,大
2026-08-11 17:19:03,85256307,000000000514e873db93475bd0816f808d012ff49a3f857fe808b097134f278d,4f278d,8,双,大
2026-08-11 17:19:12,85256310,000000000514e87646ecd50f71cf84f6410ab1fb0373b3433d5f77baf13fc3db,3fc3db,3,单,小
2026-08-11 17:19:26,85256313,000000000514e879daae2f1c0cf29df3a0416a745b87fdb1d774a4f64d127fd6,127fd6,6,双,大
2026-08-11 17:19:32,85256316,000000000514e87c277701e02ed46cf549184dabfccd22fbcaa7fddd111b3ca3,1b3ca3,3,单,小
2026-08-11 17:19:39,85256319,000000000514e87f8ebce54ea54a28f29e521f96927a234c04f88bca6c956666,956666,6,双,大
2026-08-11 17:19:49,85256322,000000000514e88293eb92214eb78c6eb1fd62a2908774278c1477a60a4b4dbe,4b4dbe,4,双,小
2026-08-11 17:19:58,85256325,000000000514e8855b0bd258411dcd8ca4f49a7bd15ab289142e6ed82905f748,05f748,8,双,大
2026-08-11 17:20:06,85256328,000000000514e8886db2f148e47ad8b3523546efbcb65a7539a0e595d8700d8d,700d8d,8,双,大
2026-08-11 17:20:17,85256331,000000000514e88b02098defb90073c52952c72d15b3a43c77694e64dc903c00,903c00,0,双,小
2026-08-11 17:20:24,85256334,000000000514e88e14026d13d274be2d01406f4dfa7f1bfb71b18e464ed6801f,d6801f,1,单,小
2026-08-11 17:20:34,85256337,000000000514e891f9594e654ae3bfeaaf63f7fdb96f5fc09cb396327cd25383,d25383,3,单,小
2026-08-11 17:20:42,85256340,000000000514e894e2b0963fbc65ab6abc946cc3d46e59c2edf85faaeae025ce,e025ce,5,单,大
2026-08-11 17:20:52,85256343,000000000514e8973fb6fb43b11f4eeec22955dd7a4691474058b2a5f3a28ac2,a28ac2,2,双,小
2026-08-11 17:21:02,85256346,000000000514e89aadb96e333d18117192e74b0833f002f8ab1d5687346b5cf8,6b5cf8,8,双,大
2026-08-11 17:21:09,85256349,000000000514e89d66108246c72dee554b352b081f638d6b4b1170997518afce,18afce,8,双,大
2026-08-11 17:21:18,85256352,000000000514e8a0a859b1cbea76372a6d1149f954f40d1b26d072b8a05f0596,5f0596,6,双,大
2026-08-11 17:21:29,85256355,000000000514e8a3a4cc84f9e90fdbde692fe03956ca43669ce567d1570118e2,0118e2,2,双,小
2026-08-11 17:21:39,85256358,000000000514e8a6e11b1fffd3f92191dc5d9cea76c996fdab0969de70751b3a,751b3a,3,单,小
2026-08-11 17:21:46,85256361,000000000514e8a9f57b97c237367ee9098cc62342989e82fc2479da075fb890,5fb890,0,双,小
2026-08-11 17:22:02,85256364,000000000514e8ac516a57d7c95a5d2afcd8440f96584e7500768924a84f1c82,4f1c82,2,双,小
2026-08-11 17:22:05,85256367,000000000514e8af67472f44265c32834a67f4d0347247b2b4e47fd4269c5f12,9c5f12,2,双,小
2026-08-11 17:22:13,85256370,000000000514e8b2dd53b1a86f3da10fc91a96d22143a69f449ca81eacc0120e,c0120e,0,双,小
2026-08-11 17:22:22,85256373,000000000514e8b54c2676bfa193b1537f6e1d7b3410b6cb0e98130227b06bb9,b06bb9,9,单,大
2026-08-11 17:22:30,85256376,000000000514e8b8fe407fbdf59bdd07d3841f5fda11f1775e718312cf9dec31,9dec31,1,单,小
2026-08-11 17:22:39,85256379,000000000514e8bb0e2be128853638c12f3335d5c45756e4a913120b8c09b96e,09b96e,6,双,大
2026-08-11 17:22:50,85256382,000000000514e8beb3526b6c32ab452ddbcdb2e8a26a48ccb2a39ed3f09f815d,9f815d,5,单,大
2026-08-11 17:22:57,85256385,000000000514e8c19a860045f23d2e74ff6d6e91fbbafc95d6914206135d29e5,5d29e5,5,单,大
2026-08-11 17:23:09,85256388,000000000514e8c43de167d1c432b360ae7839fd9614b600d7f35d7ec3fe7b47,fe7b47,7,单,大
2026-08-11 17:23:15,85256391,000000000514e8c7e28aeb7faf71bc4c5f76123c9dad10c445e68221eeda8174,da8174,4,双,小
2026-08-11 17:23:27,85256394,000000000514e8ca34d91bd3c6d57f77d61887cc571982ebc6b639043bc60c54,c60c54,4,双,小
2026-08-11 17:23:33,85256397,000000000514e8cd88a4bd6ef7928cf99cab3baccd560e818980cf254cb5b325,b5b325,5,单,大
2026-08-11 17:23:51,85256403,000000000514e8d363c5e24f26ae89392414f80eb8a3170899350a7e86cbcd77,cbcd77,7,单,大
2026-08-11 17:24:05,85256406,000000000514e8d65422df9144de8be7149026bf46e5c3bdfc2b103e89887ef1,887ef1,1,单,小
2026-08-11 17:24:10,85256409,000000000514e8d96d31838fc804b80d99c4293e70a21f1613609bf84f8583e0,8583e0,0,双,小
2026-08-11 17:24:17,85256412,000000000514e8dc509207d56f49f6b5bc0f7cf4a2b054852a8b13bb4f291470,291470,0,双,小
2026-08-11 17:24:25,85256415,000000000514e8df619301e42df8adefa181bedae4169a2d8540a27b2a17bb39,17bb39,9,单,大
2026-08-11 17:24:37,85256418,000000000514e8e2d01e2a940df884b859da2b6e2311f94f6a7e5d1c6381b0e8,81b0e8,8,双,大
2026-08-11 17:24:59,85256424,000000000514e8e8da490674dd3ab8a3f172eccbd3a97061f5652177d1aa8106,aa8106,6,双,大
2026-08-11 17:25:04,85256427,000000000514e8eb82d808a648c8e10964f3fdf95d6e2849731595e38cb86cc7,b86cc7,7,单,大
2026-08-11 17:25:12,85256430,000000000514e8eef73ea0d755c15add46d6675bece74ec20977127217f42518,f42518,8,双,大
2026-08-11 17:25:23,85256433,000000000514e8f15e367bb19ea166c1c121b0baf936ac8be04f7285527ca2a8,7ca2a8,8,双,大
2026-08-11 17:25:31,85256436,000000000514e8f4e30f610b164646d3ea20ef32880c0a86bbf47f140381c63d,81c63d,3,单,小
2026-08-11 17:25:40,85256439,000000000514e8f7508b6ab09ad9fa9ddff445a85228d6b8bef1993d9501743c,01743c,3,单,小
2026-08-11 17:25:49,85256442,000000000514e8fa5f550a1d9fdf7897e13672daccae97e8b9b7f6b81f3f18ed,3f18ed,8,双,大
2026-08-11 17:25:57,85256445,000000000514e8fdae815d13e17b96ab750259e3d736a4a7c011740ae95ae5b1,5ae5b1,1,单,小
2026-08-11 17:26:05,85256448,000000000514e900ff3b17687425f38e4aae8a4b87fa2b89cee7f33784833173,833173,3,单,小
2026-08-11 17:26:16,85256451,000000000514e90335c3b522ecd4c7c704cdac772a7714e3c21648dfca542eac,542eac,2,双,小
2026-08-11 17:26:23,85256454,000000000514e906af802d41a90c92546bafa074ce571687ee0aafe8f0bb3062,bb3062,2,双,小
2026-08-11 17:26:33,85256457,000000000514e909b8f7e7be6190c465a2caad1bcfc868ff415f04464889158e,89158e,8,双,大
2026-08-11 17:26:44,85256460,000000000514e90c76d46468c438978ad02135d71176d5aeea93c11bdae39330,e39330,0,双,小
2026-08-11 17:26:52,85256463,000000000514e90f9728ec80f291bed539e07dafe9e9fcf5b440f0f9e3a95a89,a95a89,9,单,大
2026-08-11 17:27:00,85256466,000000000514e9120d9d2873f10ad239486ce374a9ba9b35a928c357122ffc9a,2ffc9a,9,单,大
2026-08-11 17:27:10,85256469,000000000514e9157032beab9008ba620f8a57a8459f2430699181a1f8062761,062761,1,单,小
2026-08-11 17:27:19,85256472,000000000514e9183e752513f3f69fbe0cb2b95a878ab6daa84bd87866f86322,f86322,2,双,小
2026-08-11 17:27:27,85256475,000000000514e91b54eb2a72d5855090a1667f56477dddf49f64a3576d37f92c,37f92c,2,双,小
2026-08-11 17:27:35,85256478,000000000514e91eb6083403ed6e4873aae39ca11b60576a94a0edccf4e9ae73,e9ae73,3,单,小
2026-08-11 17:27:46,85256481,000000000514e92102148f156cd67e3c3e5e6a9a24fbb902ae1106d0b61a9791,1a9791,1,单,小
2026-08-11 17:27:55,85256484,000000000514e9249719380cc374ef3392e4f44bcbbf1233d66d711e2980d519,80d519,9,单,大
2026-08-11 17:28:03,85256487,000000000514e9274074de265fe63551c88b0f87c451d849d169c128b5fcf11c,fcf11c,1,单,小
2026-08-11 17:28:14,85256490,000000000514e92ac27b50dc33fe0c6360e22185925f7e10159c9047b9630ff0,630ff0,0,双,小
2026-08-11 17:28:21,85256493,000000000514e92d7de56272e26e28fc06c33983cd569fb8e4c2cbe2784e5f50,4e5f50,0,双,小
2026-08-11 17:28:29,85256496,000000000514e930e14f48e6197718145c141c26cf0e6275895bc3f77fcfce6a,cfce6a,6,双,大
2026-08-11 17:28:40,85256499,000000000514e9336013b96d06cef0fbd194dd18813a68d46a2ae6da6b1f4c3a,1f4c3a,3,单,小
2026-08-11 17:28:48,85256502,000000000514e936f2155cc42702da646775318922e6501dcd4bf83b2068ed6a,68ed6a,6,双,大
2026-08-11 17:28:57,85256505,000000000514e939c385a9c90cb5006acfe71c16a2625f7e2fe986afc5e9b12e,e9b12e,2,双,小
2026-08-11 17:29:08,85256508,000000000514e93c057d75f727577bdc81144cb554a137259c87cf3bc14914c3,4914c3,3,单,小
2026-08-11 17:29:19,85256511,000000000514e93f706fb3e56cd19e97f4e772ea0ba466151f140372101b3e15,1b3e15,5,单,大
2026-08-11 17:29:24,85256514,000000000514e9427d5bc899779c17416486c18240ea58c42ecf9f9f951f3f68,1f3f68,8,双,大
2026-08-11 17:29:31,85256517,000000000514e945f4fe98190d6e782a9aabae7301a475dae96ee576814b12c4,4b12c4,4,双,小
2026-08-11 17:29:50,85256520,000000000514e9486c96dfc1209ca7c0dbd03d4a69df1ba34f9a9fadbd0caa3d,0caa3d,3,单,小
2026-08-11 17:29:55,85256523,000000000514e94b3822bba39fbcfec59a13eac3429064e433e04d10e1a7c425,a7c425,5,单,大
2026-08-11 17:30:08,85256526,000000000514e94ed39c6ab12c26c4269a624be323ceda29d68b47d92e26b5cc,26b5cc,5,单,大
2026-08-11 17:30:10,85256529,000000000514e951101ff47ffb00e9dc207a44414ddb41d1be541bcc239a2d06,9a2d06,6,双,大
2026-08-11 17:30:18,85256532,000000000514e954bce80d96c91a4e611cb9582c5f679f23a93d0d75035fdf58,5fdf58,8,双,大
2026-08-11 17:30:27,85256535,000000000514e9577ee56f584258b3f4fc3e37fed9b0241f53ca5c2be489d9bf,89d9bf,9,单,大
2026-08-11 17:30:35,85256538,000000000514e95a5726c07dfbcdd2bc7adba251b9a6239d36b2b4248fc37eba,c37eba,7,单,大
2026-08-11 17:30:46,85256541,000000000514e95df5e8afa37af0f95f5a4bd7b99f69204e6cf65b41d69f639f,9f639f,9,单,大
2026-08-11 17:30:54,85256544,000000000514e9604b26ad11109dc2dd831ebe86d2947f1796d5642915fdce2d,fdce2d,2,双,小
2026-08-11 17:31:04,85256547,000000000514e96396cc9a28782b8b1c0e3e46ebe838cc68874836dc48609e80,609e80,0,双,小
2026-08-11 17:31:13,85256550,000000000514e96608fd5d18a14a80ca6bae00b010625cdf5ba24753bd7a0c36,7a0c36,6,双,大
2026-08-11 17:31:23,85256553,000000000514e969ee7837b3b951b46f175e5e733b5179a489f68d6430458d52,458d52,2,双,小
2026-08-11 17:31:30,85256556,000000000514e96c8b2de19a63ac7450e852d0c57346d93f5dccd4cd55668740,668740,0,双,小
2026-08-11 17:31:45,85256559,000000000514e96fb652c881e8079e8df15219d3fafd073d065b0907f3adf193,adf193,3,单,小
2026-08-11 17:31:51,85256562,000000000514e9726c5197536b5218b6dc4a2b6415daf2c0e7e9ee11851813f2,1813f2,2,双,小
2026-08-11 17:31:58,85256565,000000000514e9758a9553e7cda780cb6cc3e0812ad33845b44fd539595cada3,5cada3,3,单,小
2026-08-11 17:32:06,85256568,000000000514e9783ed4677ad18b3d5de8da9cd8a1fed183d576e3cccb524ffe,524ffe,4,双,小
2026-08-11 17:32:17,85256571,000000000514e97bcd8297a791877948fbbe0bc5bd780c43610b9c542567db85,67db85,5,单,大
2026-08-11 17:32:24,85256574,000000000514e97e4d001b0c93b1f9b2e0433865f7800639a4e027c67aa738e2,a738e2,2,双,小
2026-08-11 17:32:33,85256577,000000000514e981eb0490c241706592eb4a308b16ddf725695708700dea15cd,ea15cd,5,单,大
2026-08-11 17:32:45,85256580,000000000514e9842273ae35618d0d86f68218797bf3992da671ed2031a35acf,a35acf,5,单,大
2026-08-11 17:32:52,85256583,000000000514e987e12fa9b0519c2d0fde9dff293483af1b3d3894721bd11125,d11125,5,单,大
2026-08-11 17:33:02,85256586,000000000514e98a06490250ef6500c3d6d5296435671ceeee769c552381a5dc,81a5dc,5,单,大
2026-08-11 17:33:10,85256589,000000000514e98df885b34317ff40b06db8cea0f6ccb2826847708099c94197,c94197,7,单,大
2026-08-11 17:33:18,85256592,000000000514e9906615d95ba4253c12022f75d10bc281d0d35795ef4d8ca72d,8ca72d,2,双,小
2026-08-11 17:33:27,85256595,000000000514e9933b75fe3c6b7240f7d1e8ac81ae5642b1544f7aa3839ccab4,9ccab4,4,双,小
2026-08-11 17:33:35,85256598,000000000514e996a96ee88847200939db54a2a3978c7a5a6c51796e749642ac,9642ac,2,双,小
2026-08-11 17:33:49,85256601,000000000514e999949bbc3d8ca6dc1f682e05149990c8f2affb5354b42e37a8,2e37a8,8,双,大
2026-08-11 17:33:55,85256604,000000000514e99cf38bf150d315bc7d2ee6f63767b6cd44e987afd9853d9e83,3d9e83,3,单,小
2026-08-11 17:34:04,85256607,000000000514e99f8e1a04c246085b046fe14688599bb979c0af97cac1698792,698792,2,双,小
2026-08-11 17:34:12,85256610,000000000514e9a2c924f8542cb7da33c1efdb5e3c465d1c19cd723b5ffb88ae,fb88ae,8,双,大
2026-08-11 17:34:23,85256613,000000000514e9a5f88edcd168553b7355439ef91ae85fa4f1bc9b7d3e05f67f,05f67f,7,单,大
2026-08-11 17:34:31,85256616,000000000514e9a8ade4fba6aa5385dafbf45f4bdef8b682ec6d1b4c5da7e289,a7e289,9,单,大
2026-08-11 17:34:40,85256619,000000000514e9ab497559cd04f97b8e81b51aedf0e14a4e16374a56500e3bb1,0e3bb1,1,单,小
2026-08-11 17:34:48,85256622,000000000514e9aef9c2f8765fb9028822e581dc0be88a042005c43babcb1bcf,cb1bcf,1,单,小
2026-08-11 17:34:57,85256625,000000000514e9b130d945b806dad1dff4103787fe66429a69ecf05ff07e0762,7e0762,2,双,小
2026-08-11 17:35:06,85256628,000000000514e9b445b88c2280d3f274d07f818a392ffd3d5118b7f1b04af7c9,4af7c9,9,单,大
2026-08-11 17:35:16,85256631,000000000514e9b755ff92f9db4c55a6650d39e64209b79fa8a10c8e322a74b5,2a74b5,5,单,大
2026-08-11 17:35:26,85256634,000000000514e9baf86f7d554396100473697245f1c02e8be6c9d4c76c2d1c7c,2d1c7c,7,单,大
2026-08-11 17:35:35,85256637,000000000514e9bd675e011ddb98cc1c2d77b13be34de7f30f5ee732268cf8d5,8cf8d5,5,单,大
2026-08-11 17:35:43,85256640,000000000514e9c02db279f5caf656bd176d12ef1e7380395471323242449a82,449a82,2,双,小
2026-08-11 17:35:58,85256643,000000000514e9c3f5b0e3c2134a706a10a3bf2ff5e8b976be93fd4d3dbe7d12,be7d12,2,双,小
2026-08-11 17:36:03,85256646,000000000514e9c6abec20da34128a14dce99e3593b7afb4ad70a8fba3d15c43,d15c43,3,单,小
2026-08-11 17:36:10,85256649,000000000514e9c9f00b684ef799cfdb5d114af38742ef10108058962ed0c2f2,d0c2f2,2,双,小
2026-08-11 17:36:20,85256652,000000000514e9cc8ae1544a22b4818d7f6499f8958119ebd9174f74e3e00df6,e00df6,6,双,大
2026-08-11 17:36:27,85256655,000000000514e9cfdeedb8391ffb92a5afb80cd678915bf63f4a2f61e27f505a,7f505a,5,单,大
2026-08-11 17:36:35,85256658,000000000514e9d21b8be980103e74ec5f3d62cb7388901d10bd0f4acd0942b0,0942b0,0,双,小
2026-08-11 17:36:49,85256661,000000000514e9d5c20e9949a48acf1928cb1a3f98918be006a0b8db8b61673d,61673d,3,单,小
2026-08-11 17:36:54,85256664,000000000514e9d82e63b2a79dacce56310ab4c9ef6125b0d6576ba2bd29e575,29e575,5,单,大
2026-08-11 17:37:04,85256667,000000000514e9db88c146d1b48f9857b22ab1926e530ab490b961e04f4bd47b,4bd47b,7,单,大
2026-08-11 17:37:12,85256670,000000000514e9de386fd07f3530f8506f3289e5a643dba736804c3c4f12ca08,12ca08,8,双,大
2026-08-11 17:37:24,85256673,000000000514e9e170ae96b6b361f5e2d92a4e110807339acfa4818ce75c4563,5c4563,3,单,小
2026-08-11 17:37:31,85256676,000000000514e9e4722ca5d04416f6a0e85054c6ebcb2964add93b6fd99990d0,9990d0,0,双,小
2026-08-11 17:37:39,85256679,000000000514e9e7bb330c93135ec32aa562409b32f8c100dfb35bdf5275fc1a,75fc1a,1,单,小
2026-08-11 17:37:48,85256682,000000000514e9ea18283731cbeeae7e10f14cccdd6daddf26d8cfd1130c0198,0c0198,8,双,大
2026-08-11 17:37:58,85256685,000000000514e9edc9a228b1742bfc88375494c6db6a7d8bcd95a54f525f0aaa,5f0aaa,0,双,小
2026-08-11 17:38:08,85256688,000000000514e9f07de6b9feb6271d0f6ad9db818522b34086579a3658c86428,c86428,8,双,大
2026-08-11 17:38:15,85256691,000000000514e9f3ac2fa597517117f30154f960d92bf90ff159ebe11e2e04be,2e04be,4,双,小
2026-08-11 17:38:23,85256694,000000000514e9f6e4fb6900505d2b41ff07a2057a6b7f1232951d92e4a15513,a15513,3,单,小
2026-08-11 17:38:32,85256697,000000000514e9f99c3fdf98570381664892e4183e2cf8a6179f89a95edaf8bb,daf8bb,8,双,大
2026-08-11 17:38:42,85256700,000000000514e9fc9e01bea5df3dac0435bb88a4cc480ff397056ee456ba78b4,ba78b4,4,双,小
2026-08-11 17:38:51,85256703,000000000514e9ffda0e3d7f5ef976823cca82048c7893c69bdbb56e99a9cfac,a9cfac,9,单,大
2026-08-11 17:39:02,85256706,000000000514ea026c09a07401b5801db40d2bd76660df6603cf03e4326da26e,6da26e,6,双,大
2026-08-11 17:39:11,85256709,000000000514ea0561f0c7c497f74738b3ad94cbbc3178a55a8df714fe0f9bbc,0f9bbc,9,单,大
2026-08-11 17:39:20,85256712,000000000514ea08579e1a2bac6f411cdf93469cbab5f0df66f57e876d890138,890138,8,双,大
2026-08-11 17:39:27,85256715,000000000514ea0b0b450f2d91bbcb4a4fd5be66a4528b568eb7cb330dc0393b,c0393b,3,单,小
2026-08-11 17:39:37,85256718,000000000514ea0ed7cbe5359e071e2f64659e2da44e1704d14825dc2e6a5a4e,6a5a4e,4,双,小
2026-08-11 17:39:46,85256721,000000000514ea11668c7e36485370ed8f87c5816f4ee0508651ee06d31a4eff,1a4eff,4,双,小
2026-08-11 17:39:56,85256724,000000000514ea1419d09d67506ed336c19542d1599297ffd2fa5b381e7e2110,7e2110,0,双,小
2026-08-11 17:40:03,85256727,000000000514ea17048a7746dbefcc6d1e019e1ccaf0393e9322c92ae67e5845,7e5845,5,单,大
2026-08-11 17:40:12,85256730,000000000514ea1ae8f1b3b44c6e142d40d7174935dd4c73a100861bb7377455,377455,5,单,大
2026-08-11 17:40:21,85256733,000000000514ea1d1dc8bfd1328f836255185b11b3ff9d1b24962df05c084734,084734,4,双,小
2026-08-11 17:40:31,85256736,000000000514ea2096b1cd590738470f49738f1f81b5df08b9d4b9e2eb1e821d,1e821d,1,单,小
2026-08-11 17:40:40,85256739,000000000514ea23cb04c9d48c0e949ba58dbfb1e6d2854e277626f2ad23b041,23b041,1,单,小
2026-08-11 17:40:48,85256742,000000000514ea267b59f71649761e898701373e003340d1fe639e6ba9b46977,b46977,7,单,大
2026-08-11 17:40:57,85256745,000000000514ea29603a231f39bcdcc51a6852bf1f1916bf4bcadb7a9ae61cba,e61cba,1,单,小
2026-08-11 17:41:06,85256748,000000000514ea2caef53da1861f4f612a97498d726d32a11295ed5e34dbd7f2,dbd7f2,2,双,小
2026-08-11 17:41:17,85256751,000000000514ea2f8b262cb8c0c5f81766ea7b1da1021cbf77622c8d629a888d,9a888d,8,双,大
2026-08-11 17:41:23,85256754,000000000514ea325675f3bfaf70bb5aa27003e1698524bad61ae35122ce745f,ce745f,5,单,大
2026-08-11 17:41:32,85256757,000000000514ea35ef1eac638085391eaffa0d99cf315a27ab30fb0a9c0e6b4a,0e6b4a,4,双,小
2026-08-11 17:41:42,85256760,000000000514ea38f4c119377f991d2a35e28fdaef8949841fd6f4656022dbf5,22dbf5,5,单,大
2026-08-11 17:41:50,85256763,000000000514ea3b153a936271bd44a034cdd6130b8bef8988df2ff6e5ded9a9,ded9a9,9,单,大
2026-08-11 17:42:02,85256766,000000000514ea3e6b3808d933bd849a9ebc44f5f025a502d5cfbbddc25a20c4,5a20c4,4,双,小
2026-08-11 17:42:09,85256769,000000000514ea4143824fd63933a4055bcd10f33dc34b64bfeb66498a80265c,80265c,5,单,大
2026-08-11 17:42:18,85256772,000000000514ea44264b940dd3d7c58de82cc3cd7fc9f5a4a5b2a7b048b4bde1,b4bde1,1,单,小
2026-08-11 17:42:31,85256775,000000000514ea471161412f0356af9b72d90bc08062979057b227a5791a3913,1a3913,3,单,小
2026-08-11 17:42:36,85256778,000000000514ea4aba6a5ebab0757aa52334fd8c5cb905bcf6e2453abd1898ef,1898ef,8,双,大
2026-08-11 17:42:49,85256781,000000000514ea4d2aeda58a3dd70d8532b60a1a4aa8295e22ee104cc6fa41c6,fa41c6,6,双,大
2026-08-11 17:42:54,85256784,000000000514ea508f5ebc58b5e328dca2eb8471b60214628ae30c8691f840f4,f840f4,4,双,小
2026-08-11 17:43:04,85256787,000000000514ea53993b81f1ebe5a72c1bef16bc877a62a5267718c4597269d5,7269d5,5,单,大
2026-08-11 17:43:14,85256790,000000000514ea56e829f43ba39d7748816dc8cebadd414015c695a5f8b6f9fe,b6f9fe,9,单,大
2026-08-11 17:43:21,85256793,000000000514ea5984f6860ed450a47b89d81b2a2201d72c8f5c0cbbcf6fe1e4,6fe1e4,4,双,小
2026-08-11 17:43:31,85256796,000000000514ea5ccab6e0ea7d70c585e441c099520bf4d009cad3cdac8cc413,8cc413,3,单,小
2026-08-11 17:43:40,85256799,000000000514ea5f1e64205a36cb5fa998049477f4288ae6157dd8a2739e4fb8,9e4fb8,8,双,大
2026-08-11 17:43:50,85256802,000000000514ea621623b7351a65c9d74f73e8007b4a3b64464506b708c392ce,c392ce,2,双,小
2026-08-11 17:43:56,85256805,000000000514ea650533ea89e12f5776c7029108d410f352a7239880ddf5e1b9,f5e1b9,9,单,大
2026-08-11 17:44:08,85256808,000000000514ea68cf88cd05cd49f6d1ed8cbb07768c570caf742eb01bf51c6e,f51c6e,6,双,大
2026-08-11 17:44:15,85256811,000000000514ea6b37fe36f60ea7e11e6cde7bc9b5e42a90ac8df862ee649dce,649dce,9,单,大
2026-08-11 17:44:24,85256814,000000000514ea6eefd6d686411ddf6131e8ef3dcf711a4d8ebb0865cf49e260,49e260,0,双,小
2026-08-11 17:44:33,85256817,000000000514ea71068a4d68418e49a25295fbdabf286456370f263c868fb6c9,8fb6c9,9,单,大
2026-08-11 17:44:41,85256820,000000000514ea742717f6a7a74ff9ca7f231e39b361b0f02d6dd1003719262d,19262d,2,双,小
2026-08-11 17:44:50,85256823,000000000514ea775eac68a7da88d40f53a37838d2124ff88bb575373a34be89,34be89,9,单,大
2026-08-11 17:45:02,85256826,000000000514ea7a4d68b744218d732576b5c9f8f30bcb0fb5f4e7baf88ba70b,8ba70b,0,双,小
2026-08-11 17:45:08,85256829,000000000514ea7ddf705aee0d4c2bd6ee5afbedaa5393a87a62656575f560a9,f560a9,9,单,大
2026-08-11 17:45:18,85256832,000000000514ea80a59ab5befd129e42e84ecdd9e6c8ff1ed6be51a1c51f0ed4,1f0ed4,4,双,小
2026-08-11 17:45:30,85256835,000000000514ea8384b96ee1e8682640771699b1003748236ef72281312aca63,2aca63,3,单,小
2026-08-11 17:45:37,85256838,000000000514ea8646f0c73f4fa3d26bafa3217b4bec3e93aec5dd7f10cd00ce,cd00ce,0,双,小
2026-08-11 17:45:46,85256841,000000000514ea893c391b413e6e79a16dd75daad0887741a84a9e844112f114,12f114,4,双,小
2026-08-11 17:45:55,85256844,000000000514ea8cad088a45f2295c09d5b5305c763cae5ea034cb71e4cf38b7,cf38b7,7,单,大
2026-08-11 17:46:03,85256847,000000000514ea8f115c0abf5344fdf97e0dbedeaabc97da3e891201f7d821b3,d821b3,3,单,小
2026-08-11 17:46:12,85256850,000000000514ea92fc28c27312e3ba8a9f049978763dc370c285a52862e05e11,e05e11,1,单,小
2026-08-11 17:46:21,85256853,000000000514ea95b23d1bf230b7fdbe62e7e8af91324faf838e75451ba7c3ce,a7c3ce,3,单,小
2026-08-11 17:46:31,85256856,000000000514ea98336f98b197f787e7fab4ae58ef6d44b7b57f865f59dac3b9,dac3b9,9,单,大
2026-08-11 17:46:40,85256859,000000000514ea9b214a5220fa621b56d87e6e0e3fdaabcbca8b3da250b3f583,b3f583,3,单,小
2026-08-11 17:46:50,85256862,000000000514ea9e5503abe4270fe84d65d515732b047f06221aeba3447375af,7375af,5,单,大
2026-08-11 17:46:57,85256865,000000000514eaa1ee81f827ae87b811f0588e3cf1779fc9f941de4473e7f20a,e7f20a,0,双,小
2026-08-11 17:47:06,85256868,000000000514eaa436b31b8d95e60be81320f241ff78ea8e6baea5b5c969c381,69c381,1,单,小
2026-08-11 17:47:18,85256871,000000000514eaa731e39bba44da245aa39810afb84ae84932112a68b472407a,72407a,7,单,大
2026-08-11 17:47:24,85256874,000000000514eaaa6043537e12db211660b531fe788b908d8584334044b7c52a,b7c52a,2,双,小
2026-08-11 17:47:33,85256877,000000000514eaadece8527655e2141683bbc3013190a7baf360f6580b7a437c,7a437c,7,单,大
2026-08-11 17:47:42,85256880,000000000514eab02a9001bb53d699e181936481a99f89f6ab1a98f83e8a77af,8a77af,7,单,大
2026-08-11 17:47:51,85256883,000000000514eab33cc7c19b3d3bc0e2b2080dd5c54b14a03afc5de9dcf0090f,f0090f,0,双,小
2026-08-11 17:48:02,85256886,000000000514eab62177d41a6fec462f7c0fe3d64dc9e9f4a5e8755277aa4080,aa4080,0,双,小
2026-08-11 17:48:09,85256889,000000000514eab941a13690862b08c40bec22c7e245332a52af113b24f2a391,f2a391,1,单,小
2026-08-11 17:48:21,85256892,000000000514eabc0b622e82a55af331d7565526f1df6889ec9abdb9ecde4dc7,de4dc7,7,单,大
2026-08-11 17:48:26,85256895,000000000514eabfe88e18ad09b005d2e8b185c2e7eaac7bd2794b0e354b7657,4b7657,7,单,大
2026-08-11 17:48:36,85256898,000000000514eac2579b84ef016fb7721dcea28bcc9bcc03f92680827794ad03,94ad03,3,单,小
2026-08-11 17:48:44,85256901,000000000514eac507747d12dccc847d0c63bfd295a6c6bdb2be2997913993fe,3993fe,3,单,小
2026-08-11 17:48:54,85256904,000000000514eac8a2395b2fc0d354e7e2c403fc7dbd0caff3ed3821c251c70a,51c70a,0,双,小
2026-08-11 17:49:03,85256907,000000000514eacba744767a2a13b5fb6cd03d0d4887a9cfde68e9e269ed0412,ed0412,2,双,小
2026-08-11 17:49:13,85256910,000000000514eace8d844f0e3a5ddf42f07b27fa992d5709a24f9ac4bbddc5a8,ddc5a8,8,双,大
2026-08-11 17:49:21,85256913,000000000514ead14553ce16bc0f366e79f806560c3e274641a4f884fc8eda87,8eda87,7,单,大
2026-08-11 17:49:31,85256916,000000000514ead4e0bb95db923eaa43c1b3765a18904b5a2f5ccfe5912af94c,2af94c,4,双,小
2026-08-11 17:49:37,85256919,000000000514ead7bab319f37921fac81e958f4ef181d7bd9022b49c9b45e1c1,45e1c1,1,单,小
2026-08-11 17:49:49,85256922,000000000514eada96671018b108d186206acb1565bc4c4907e3ff13981a56c7,1a56c7,7,单,大
2026-08-11 17:49:57,85256925,000000000514eadd4a4ad84c9f8da601bc66d38ad20e6201379cd5981f5d31e7,5d31e7,7,单,大
2026-08-11 17:50:06,85256928,000000000514eae057f15996e18c94535ff44075e342df7b542855b7867095f5,7095f5,5,单,大
2026-08-11 17:50:15,85256931,000000000514eae398e715e47cb515ded80ba00fbb5f570dc9c285a29318e047,18e047,7,单,大
2026-08-11 17:50:24,85256934,000000000514eae6244a8a75b6a2bece971f830022bde61df270c8a879bba0ad,bba0ad,0,双,小
2026-08-11 17:50:33,85256937,000000000514eae95baccef1b0ab00896bcb922c03a4bc0078b48de89d5755d0,5755d0,0,双,小
2026-08-11 17:50:42,85256940,000000000514eaec1f6c055848c10600d652845fc0b849cc8788a56aa18cc537,8cc537,7,单,大
2026-08-11 17:50:54,85256943,000000000514eaef4952b7efd67987f1e8d665956870533f9443451f35fc27d6,fc27d6,6,双,大
2026-08-11 17:51:01,85256946,000000000514eaf2e37d431aa313ed7d3cd4c767a6e1922638046f507c1e4463,1e4463,3,单,小
2026-08-11 17:51:10,85256949,000000000514eaf5b723f64e0b09a23464008d87d57e37b72a35e5b9f4a02bf4,a02bf4,4,双,小
2026-08-11 17:51:19,85256952,000000000514eaf84e21979a70404edd5c55575115cc0622fd8d6b090232d39a,32d39a,9,单,大
2026-08-11 17:51:25,85256955,000000000514eafb7cfbdccd88852e8339006120dba4ab88c332dd24c1d39a09,d39a09,9,单,大
2026-08-11 17:51:35,85256958,000000000514eafe24e3262eb0c18b2f96a48a4205f9322598090f5a596a4191,6a4191,1,单,小
2026-08-11 17:51:47,85256961,000000000514eb015fb44d38731bbf08b848b881c1985527fc6c04cf9455073d,55073d,3,单,小
2026-08-11 17:51:55,85256964,000000000514eb046b9f3f8414f8e6bc4a7b12c043442d4f6f809edfbed3a16c,d3a16c,6,双,大
2026-08-11 17:52:04,85256967,000000000514eb07bdd0609789628d3110d46a46937e9ef9bf3cfe42ce1a448a,1a448a,8,双,大
2026-08-11 17:52:13,85256970,000000000514eb0a64c5d7ad4037bad5f48beb1994c48b89493867446f5b7330,5b7330,0,双,小
2026-08-11 17:52:21,85256973,000000000514eb0d5a4f88cdfa0571c193bce1b743b1e112bba687477484591d,84591d,1,单,小
2026-08-11 17:52:31,85256976,000000000514eb1044edb895e4425d47657acb870ae814b3b3d562d471671d1c,671d1c,1,单,小
2026-08-11 17:52:38,85256979,000000000514eb13c9c75b0896aab7b871e2c77e97bf1b403cf2d4fa4ea20dad,a20dad,0,双,小
2026-08-11 17:52:49,85256982,000000000514eb16ec23a5fb23eab26f9ef41df193932443fd8a317aaed2e611,d2e611,1,单,小
2026-08-11 17:52:57,85256985,000000000514eb1927796db06737bb1839da0df9bb0f2502fb809bd1cbb43545,b43545,5,单,大
2026-08-11 17:53:06,85256988,000000000514eb1c6f25943a899eb94ab7458abac69484133e5449901aba0700,ba0700,0,双,小
2026-08-11 17:53:16,85256991,000000000514eb1fdd46ddefb5a8c3f4ea2f2c148c292e6a55267e50549f2738,9f2738,8,双,大
2026-08-11 17:53:22,85256994,000000000514eb2229a9bb7255fd3d402c55366e0bf383170c83db16002d2965,2d2965,5,单,大
2026-08-11 17:53:34,85256997,000000000514eb25402910d7dce420a745798cd7ec186d93c9711c4562b65480,b65480,0,双,小
2026-08-11 17:53:44,85257000,000000000514eb286c68ce5510af4b945cca69bf13347bce48b349a78449bf03,49bf03,3,单,小
2026-08-11 17:53:52,85257003,000000000514eb2b9bc6089ec66de2ad056dab32ac9c6e56312124290af72537,f72537,7,单,大
2026-08-11 17:54:01,85257006,000000000514eb2e73955920e5fbc9224cd62703c5e3dfb493d660808d866229,866229,9,单,大
2026-08-11 17:54:10,85257009,000000000514eb3154715a847ae5069cf3dec0477ca2dd8cccfad078981efde4,1efde4,4,双,小
2026-08-11 17:54:21,85257012,000000000514eb34b221574b845625dc8d946c91f4b623b7ec6475e04c8e6b6a,8e6b6a,6,双,大
2026-08-11 17:54:27,85257015,000000000514eb372ba772bc38bfad3114cc2156876fa5a1c7da6bfcd2cd6415,cd6415,5,单,大
2026-08-11 17:54:37,85257018,000000000514eb3a12d6bb30f628e273c5c259390137ac4ef8d114846b2dfc01,2dfc01,1,单,小
2026-08-11 17:54:48,85257021,000000000514eb3dc6a3b9fd8d7cb04cacbae9e3ae0631d474a60e78f7f86410,f86410,0,双,小
2026-08-11 17:54:54,85257024,000000000514eb40f07abfdb27f45e04737be67e758121a8770cd649cf89db62,89db62,2,双,小
2026-08-11 17:55:03,85257027,000000000514eb434764903553953a133d06d1d8e35535aa8805b875fe294d1e,294d1e,1,单,小
2026-08-11 17:55:13,85257030,000000000514eb46bf6dc2ff74766c69f3da5051e5b983417b536cfe9ba1ba1a,a1ba1a,1,单,小
2026-08-11 17:55:21,85257033,000000000514eb494f5216c9f2c778d5a9a0893d46c3eccb7de9861c5e034134,034134,4,双,小
2026-08-11 17:55:31,85257036,000000000514eb4c78fa411901347365200e6626e6a2e765b1bbf596d4e8e492,e8e492,2,双,小
2026-08-11 17:55:38,85257039,000000000514eb4fc40baab4c4cd361ee8fa8182f80e770a740fd68b279a862b,9a862b,2,双,小
2026-08-11 17:55:50,85257042,000000000514eb52bb9c24c8ac93375f0a8823fce091d60df551b1f17f70d225,70d225,5,单,大
2026-08-11 17:55:57,85257045,000000000514eb55d9ada0b5b7bf1f7227f2f86fc3bbcf3d8195d2139073df97,73df97,7,单,大
2026-08-11 17:56:06,85257048,000000000514eb58cf17d42decb09b6288801610e81d8d4ab9fc77925149249a,49249a,9,单,大
2026-08-11 17:56:17,85257051,000000000514eb5b49d5d9d09a4d70527452dfd400acf46bdd72cee3f0551d17,551d17,7,单,大
2026-08-11 17:56:26,85257054,000000000514eb5e1133cd9db9f9fd3b9d5f62a5d1153561225958ed33e3ed73,e3ed73,3,单,小
2026-08-11 17:56:34,85257057,000000000514eb6124463aa2ae082c85eaa081e79ff1b125baaca98c91e859d8,e859d8,8,双,大
2026-08-11 17:56:44,85257060,000000000514eb64953bf8e6f0a06d1cb133aec94c6289c8ec61887234e2c06f,e2c06f,6,双,大
2026-08-11 17:56:49,85257063,000000000514eb673e9a3c256060ff6675e0ebe92f8a52b2bc751b05332ee71a,2ee71a,1,单,小
2026-08-11 17:57:01,85257066,000000000514eb6a466decb62bddd2d5bcaf9cbbee764f48086526f4af852a18,852a18,8,双,大
2026-08-11 17:57:09,85257069,000000000514eb6df460ffcd9041b8b0fe23ca2d158d770b1d18dc1bb4f2e7a7,f2e7a7,7,单,大
2026-08-11 17:57:19,85257072,000000000514eb7058fc1fafa6b25fd057ca55ccfa82693a8d3a9689a2b71c58,b71c58,8,双,大
2026-08-11 17:57:29,85257075,000000000514eb73fe06e9465b68b8f4b46c717b58fa31f9c10b74b0ef182330,182330,0,双,小
2026-08-11 17:57:36,85257078,000000000514eb76e71eb3448c5b7391d0031aa82733c0d31b0f782525fe0b23,fe0b23,3,单,小
2026-08-11 17:57:48,85257081,000000000514eb7969b7667c8ca02f5bea28fc6096a8e990526308d226faf9ba,faf9ba,9,单,大
2026-08-11 17:57:56,85257084,000000000514eb7c6c2a039786eacbd512190847d3ae5edc6c0ce1003353b02b,53b02b,2,双,小
2026-08-11 17:58:04,85257087,000000000514eb7f078fae5e3fb68ed60e323e51707b31253e95ea38b2036516,036516,6,双,大
2026-08-11 17:58:13,85257090,000000000514eb82df1a2bb319396f7435f18853193dae5c44a54717e0cd9b51,cd9b51,1,单,小
2026-08-11 17:58:20,85257093,000000000514eb85367bc2d53e7b5623c1bd634c07d741bc361197d6fd3b5ff5,3b5ff5,5,单,大
2026-08-11 17:58:32,85257096,000000000514eb881b2d55c86f9d8aeb72e7cc53e44a0995e4e931004e88b52a,88b52a,2,双,小
2026-08-11 17:58:39,85257099,000000000514eb8bdfc5f434c22fc6ef35d240d01b4b9d33c44340fa89924eaa,924eaa,4,双,小
2026-08-11 17:58:49,85257102,000000000514eb8eefee7b27f8b2531081455c0aa23bc2361b53cb980f7fbdd0,7fbdd0,0,双,小
2026-08-11 17:58:58,85257105,000000000514eb9155184dc4f8458d3aa297c994f4213e155663d00e85bd62db,bd62db,2,双,小
2026-08-11 17:59:06,85257108,000000000514eb94cea5c8ac36a7c4a2384f7cedf3482a5ae5faf23d22797a9e,797a9e,9,单,大
2026-08-11 17:59:14,85257111,000000000514eb973159985baaffc846495e890514680f6e78e1848fd90f6181,0f6181,1,单,小
2026-08-11 17:59:24,85257114,000000000514eb9a717e36961d8ab11e58335891fbdae5beff577be669e24daf,e24daf,4,双,小
2026-08-11 17:59:32,85257117,000000000514eb9d19d866e4c948145f5559c6a7e7fa9f22627cdf9d1a7220ab,7220ab,0,双,小
2026-08-11 17:59:42,85257120,000000000514eba07ca488806ee60f5d7ca717a50ccdec847dccadecab8c2af8,8c2af8,8,双,大
2026-08-11 17:59:51,85257123,000000000514eba327cd8986ad736bc0090b26f61d97f5d954d17ab9ffcc3509,cc3509,9,单,大
2026-08-11 18:00:02,85257126,000000000514eba6937f5611cdb49438f3405ca837f40f02ac689367b87b196f,7b196f,6,双,大
2026-08-11 18:00:09,85257129,000000000514eba9209d4cd5e2ed315f140c9a573ea47315aa6e2b24f10da427,0da427,7,单,大
2026-08-11 18:00:20,85257132,000000000514ebacfedf8d7c01908c2b5263aab683aaad34838f199bb741fd80,41fd80,0,双,小
2026-08-11 18:00:27,85257135,000000000514ebaf3d90f2484d62a3594bc25981cc69f18412fc4f3fb2b18a93,b18a93,3,单,小
2026-08-11 18:00:36,85257138,000000000514ebb2f420c10c5aed83e73b100951a06be535cf49c378cecbb458,cbb458,8,双,大
2026-08-11 18:00:46,85257141,000000000514ebb50e30900b29c317dd01be7ffcd6ddc3e9337da12b3be1f97b,e1f97b,7,单,大
2026-08-11 18:00:53,85257144,000000000514ebb8d4be42321115cb178050cc8dc594502b3e33ff6d0eac4f5c,ac4f5c,5,单,大
2026-08-11 18:01:03,85257147,000000000514ebbb31ee08df1015dced2b8775450ac9549e7382b2495c3e7450,3e7450,0,双,小
2026-08-11 18:01:12,85257150,000000000514ebbe76a353e9df5b81adad15972eaeb769634ff102530b4c1c62,4c1c62,2,双,小
2026-08-11 18:01:21,85257153,000000000514ebc1b469714c1d0213d3a78f4283c5b2fb13840e09939e17b4db,17b4db,4,双,小
2026-08-11 18:01:31,85257156,000000000514ebc4fe2cbb12c315d524bdc498e7779bdb1a2c5fba63d845f84e,45f84e,4,双,小
2026-08-11 18:01:39,85257159,000000000514ebc7643732cbb5b190d641ab5507d8068706d22d9904b94c77a6,4c77a6,6,双,大
2026-08-11 18:01:49,85257162,000000000514ebca4a6351dc3101ec6c3a683ceb9cd44e4d6ee747d291ebe8d4,ebe8d4,4,双,小
2026-08-11 18:01:56,85257165,000000000514ebcd1aabea6f6e182e6a86054d7c17d82b4d452c2ccb2c6b3a17,6b3a17,7,单,大
2026-08-11 18:02:06,85257168,000000000514ebd0f92f401292ba4b8455caafbdd5e4bcf73d8baa90413a013b,3a013b,3,单,小
2026-08-11 18:02:16,85257171,000000000514ebd33559138f2e92d75e684a298a5e403753cf98f2904fbc2050,bc2050,0,双,小
2026-08-11 18:02:24,85257174,000000000514ebd61bb8047a98d67545fe0e2a23003e129fdc8a673cec0a2cdd,0a2cdd,2,双,小
2026-08-11 18:02:33,85257177,000000000514ebd957fcae587c42f22df7395b14a44cb23f0ce8cec00c828d36,828d36,6,双,大
2026-08-11 18:02:42,85257180,000000000514ebdc108433b479313df307de1082be47e7dada1f0fbb8ff8c5a6,f8c5a6,6,双,大
2026-08-11 18:02:51,85257183,000000000514ebdfef007c7629646fb83a97a4464ceb0e5539c380fd647997bd,7997bd,7,单,大
2026-08-11 18:03:02,85257186,000000000514ebe2472ef6140f3be9b9b62ece50f435a94d4d0f2fda15e7d66a,e7d66a,6,双,大
2026-08-11 18:03:09,85257189,000000000514ebe5f0db1b50abcc576063295ce9697ab7e7b9706ad582d691ac,d691ac,1,单,小
2026-08-11 18:03:18,85257192,000000000514ebe8987f61a5110ac79d22034eba0d544972adeb147700c32741,c32741,1,单,小
2026-08-11 18:03:27,85257195,000000000514ebebb90b8a89d61b574ed17b95abed0f1ecbc537cb5875657217,657217,7,单,大
2026-08-11 18:03:35,85257198,000000000514ebee166c8095b31ded8d12b43ca1bfc1837a69ca616310f82554,f82554,4,双,小
2026-08-11 18:03:46,85257201,000000000514ebf137301b99c5c9c5fbd2dabdfdf172140729ec9a385c7efed6,7efed6,6,双,大
2026-08-11 18:03:56,85257204,000000000514ebf4110ac4e67632cf79b1376397f91604b61b2a175ea7c5f9f9,c5f9f9,9,单,大
2026-08-11 18:04:04,85257207,000000000514ebf77ad1d01ecf13d3c77ce03e3b7b854054401f078c8c0a298d,0a298d,8,双,大
2026-08-11 18:04:13,85257210,000000000514ebfae5dcb9e5671c8c799054d575b76e043ec77a8c49093c2c6e,3c2c6e,6,双,大
2026-08-11 18:04:22,85257213,000000000514ebfd360536aaae05c6dbee199aa6994f4929b508e7cd580417f2,0417f2,2,双,小
2026-08-11 18:04:32,85257216,000000000514ec009adcab4197a742d6b543ac33856549f480ac57f2ab1e558e,1e558e,8,双,大
2026-08-11 18:04:38,85257219,000000000514ec035803c42b7eb7396051fa78274f7ab7a177552bba0080f22a,80f22a,2,双,小
2026-08-11 18:04:50,85257222,000000000514ec06eabcb638caa6e130e2590144b1d29670caaebd0e5cb76c50,b76c50,0,双,小
2026-08-11 18:04:57,85257225,000000000514ec09f7218d2a7d88b33e8baf5c0169a5a1766d1fb38cb0c1285a,c1285a,5,单,大
2026-08-11 18:05:11,85257228,000000000514ec0c477b7cff67c61278e210947dab1e9c101f1287981cb7fe6e,b7fe6e,6,双,大
2026-08-11 18:05:17,85257231,000000000514ec0f5840c9d6cb8048feb44988194fc9a7025fd95de53159441f,59441f,1,单,小
2026-08-11 18:05:25,85257234,000000000514ec121b8904213927b7f25ebb5d2985546fb5eb4f0a2c8334d842,34d842,2,双,小
2026-08-11 18:05:33,85257237,000000000514ec155c492e0cc0da37c9acfced3697682f4ca25bdb409fd226b5,d226b5,5,单,大
2026-08-11 18:05:41,85257240,000000000514ec18998009dee02e32c29aaaccc5b29775e486b49ec72b813395,813395,5,单,大
2026-08-11 18:05:53,85257243,000000000514ec1b5c32099671226626993fbcc06fe311f887ebf11a845d5f31,5d5f31,1,单,小
2026-08-11 18:06:01,85257246,000000000514ec1e122566c9ce4b8cfc9fc061dd52216d4032d91ae0e6788b81,788b81,1,单,小
2026-08-11 18:06:10,85257249,000000000514ec21ae78a57ecc8a99d01d3f22320f487b2f1a56f208ed239feb,239feb,9,单,大
2026-08-11 18:06:19,85257252,000000000514ec2452d18f57e1233d3e105c0e6d80b09da15ab16be0fb06cf87,06cf87,7,单,大
2026-08-11 18:06:26,85257255,000000000514ec27b49f8d4d6b7156bbbd978a33b68f6f022b1befa40cb70358,b70358,8,双,大
2026-08-11 18:06:37,85257258,000000000514ec2a54c7c2d864bc4e45cb9fa864696bfc95974381dca9d84d7e,d84d7e,7,单,大
2026-08-11 18:06:46,85257261,000000000514ec2dd90ac554c0ff96e18a0492fc39a5c9626bf8625ad74f771f,4f771f,1,单,小
2026-08-11 18:06:55,85257264,000000000514ec30cb188aacd6fc23814599ab55bea5329e2ab64c3bed423e31,423e31,1,单,小
2026-08-11 18:07:05,85257267,000000000514ec3386571e90746b730b9ba0e35143a4d63f6e7459c6effac793,fac793,3,单,小
2026-08-11 18:07:12,85257270,000000000514ec3604bdce47d071bdcc0be308f7d6e48d8348dc63b2c19937e0,9937e0,0,双,小
2026-08-11 18:07:23,85257273,000000000514ec39d3ba95670f8556c969af11d2fdeed341a199a3091145f9cf,45f9cf,9,单,大
2026-08-11 18:07:31,85257276,000000000514ec3c9994908a0f6ca147e5e234d5c55b142b6bfbb63c40ee0cdb,ee0cdb,0,双,小
2026-08-11 18:07:40,85257279,000000000514ec3fd1a4868a46cad0c8fd44424b50785344aa30f7ce8408f652,08f652,2,双,小
2026-08-11 18:07:49,85257282,000000000514ec423e3170d43cef249d9010808a8f1e06ae8e14959bd90cae82,0cae82,2,双,小
2026-08-11 18:08:00,85257285,000000000514ec458942d2a7bb81a59ec45d0803edcf6d08d63c3770af7ec1c1,7ec1c1,1,单,小
2026-08-11 18:08:06,85257288,000000000514ec481be8c83cd6ebfd1be64c2389dcd7ee5b6e9dca9eca226680,226680,0,双,小
2026-08-11 18:08:16,85257291,000000000514ec4bac6b01577052173530e73cf42f4f4c86d9db88e3189b7c99,9b7c99,9,单,大
2026-08-11 18:08:24,85257294,000000000514ec4e3772828d9905cd6fe89f775caccd3ea184ec0a77ac8cabf3,8cabf3,3,单,小
2026-08-11 18:08:33,85257297,000000000514ec51c6e61aa6871f3a9d3ab7f3692d5eb75cf1621f509905d88e,05d88e,8,双,大
2026-08-11 18:08:43,85257300,000000000514ec54e230c378a69c1369172d2e6bf9d0a732a8c142e78b8b665f,8b665f,5,单,大
2026-08-11 18:08:52,85257303,000000000514ec570a82ebcfb54d2080318fe4388626f0c1404fbed386f481fb,f481fb,1,单,小
2026-08-11 18:09:02,85257306,000000000514ec5a3fc37b3a5869a21d25fcd33b864d5dd1df8837027211d321,11d321,1,单,小
2026-08-11 18:09:09,85257309,000000000514ec5dd173777e079341806cb200c90f96a2317f2164c14e7db2e0,7db2e0,0,双,小
2026-08-11 18:09:17,85257312,000000000514ec6037c2b35b90cebcabac318f096b2c92b414f4d8ccb00e2fca,0e2fca,2,双,小
2026-08-11 18:09:27,85257315,000000000514ec6375532e1addad50136ae63668b28561c18d8229d5287a3608,7a3608,8,双,大
2026-08-11 18:09:36,85257318,000000000514ec66942b9f4c4f437b51429e71098d230bb76167230ef4333b16,333b16,6,双,大
2026-08-11 18:09:49,85257321,000000000514ec698cf9d3eccc1aba35de4ba1b3327166aa35b2838bc22cc9b3,2cc9b3,3,单,小
2026-08-11 18:09:56,85257324,000000000514ec6c8cbd6f8c51278128820c720ccd93249dce567a2e88320386,320386,6,双,大
2026-08-11 18:10:04,85257327,000000000514ec6f9f3ff88c82ac8e9876e9546c8c36ddc458a22de997bb8181,bb8181,1,单,小
2026-08-11 18:10:13,85257330,000000000514ec723adcf1b4ac3d3c412cf77a2a9d1c0dfdb237abe526b27d61,b27d61,1,单,小
2026-08-11 18:10:22,85257333,000000000514ec7520cd5461e74e271f3654a1f02848f081553733138c9d5b61,9d5b61,1,单,小
2026-08-11 18:10:30,85257336,000000000514ec782da10136e90d21c2ffe10458356c06520a67559a0bf7d82b,f7d82b,2,双,小
2026-08-11 18:10:37,85257339,000000000514ec7b6209784fb3880f7e63518bec2c8c8a9e3aded6f8f1018fd5,018fd5,5,单,大
2026-08-11 18:10:49,85257342,000000000514ec7eba470554870ad4021baa5fb4123c1214caa0e0a2dd438d5c,438d5c,5,单,大
2026-08-11 18:10:59,85257345,000000000514ec81c1907850749f0d45301fdc99a547d5de93287b2e9ee34675,e34675,5,单,大
2026-08-11 18:11:05,85257348,000000000514ec845e2aaf3ed56cee4640dd002283ca7ce84bee5556a335117c,35117c,7,单,大
2026-08-11 18:11:19,85257351,000000000514ec8704d94a5fd49c9b321f8c3827430c349d7ff6876722dfedd1,dfedd1,1,单,小
2026-08-11 18:11:24,85257354,000000000514ec8a48fb49d198c75eb5c372bb8c4c3d5fc649932245fd33f160,33f160,0,双,小
2026-08-11 18:11:35,85257357,000000000514ec8dc9592dfafc4d289292858dc30313b2a6e91a249c042febd1,2febd1,1,单,小
2026-08-11 18:11:44,85257360,000000000514ec901a47fa96f0acdba5516db05258395bd1f550ffa4052fb4fd,2fb4fd,4,双,小
2026-08-11 18:11:51,85257363,000000000514ec9330b39e59657e8ad093d60c5d72309ed464a953c7c10803bc,0803bc,3,单,小
2026-08-11 18:12:02,85257366,000000000514ec965dbeae38a29d4d06bb92095711f1aa8a1ef5aa258850114e,50114e,4,双,小
2026-08-11 18:12:09,85257369,000000000514ec99f09a8dfa2c4bae10f763a94273ec5a8b5e35b91ecfe42a23,e42a23,3,单,小
2026-08-11 18:12:18,85257372,000000000514ec9cd7eb50c4d304856b97d2c8bd73e4fc206157ef3291ccd94d,ccd94d,4,双,小
2026-08-11 18:12:27,85257375,000000000514ec9fcc5eabd91b22757dfb1e032ab7e1ecb5f9057dba58beb4bb,beb4bb,4,双,小
2026-08-11 18:12:36,85257378,000000000514eca2d8f69498bc71d3d504823043c05d505cd9d584052557b8b7,57b8b7,7,单,大
2026-08-11 18:12:46,85257381,000000000514eca5c92f48af3f4a668a3521c979a9275be09a8dd256dbcaba30,caba30,0,双,小
2026-08-11 18:12:55,85257384,000000000514eca8195d80e4a000f03ddf36380dec411c7049da2b4b6919a2ee,19a2ee,2,双,小
2026-08-11 18:13:02,85257387,000000000514ecab5f08ee9513bfdd8de5e5d2fb7ec73967e3030171f7e26238,e26238,8,双,大
2026-08-11 18:13:12,85257390,000000000514ecae86c59ff24cd9bcf12b561551627d1bf366cf48ed5259e7a0,59e7a0,0,双,小
2026-08-11 18:13:20,85257393,000000000514ecb18323a5c57a3c45aa4f9c1779f92982303809879f6edf651c,df651c,1,单,小
2026-08-11 18:13:31,85257396,000000000514ecb4400a25a4d856190ab1a3f3d275c702654dffab48fa193ab0,193ab0,0,双,小
2026-08-11 18:13:41,85257399,000000000514ecb7b101931a9ea718c59f5b9acf77d4810787afc29617bc2999,bc2999,9,单,大
2026-08-11 18:13:48,85257402,000000000514ecbaa3ca37609a81297ea738200e09cb1d32cc4a8b1043d6027e,d6027e,7,单,大
2026-08-11 18:13:57,85257405,000000000514ecbd3affc8dbcd19785310d0aa1c1f6ae12776ac7aa7c75c2977,5c2977,7,单,大
2026-08-11 18:14:07,85257408,000000000514ecc05fed4a63ef773ef2442049ca0fbaf7ff329c3533566f8417,6f8417,7,单,大
2026-08-11 18:14:17,85257411,000000000514ecc3b261a584a0331cbccd6ac8cbe2b816807085cddc732657aa,2657aa,7,单,大
2026-08-11 18:14:25,85257414,000000000514ecc678684812af9e4120904a666ec1c703e3b83882cdf35c9e52,5c9e52,2,双,小
2026-08-11 18:14:34,85257417,000000000514ecc9baff1972564a810d02fc5cf494118874cab46cbb782a93ef,2a93ef,3,单,小
2026-08-11 18:14:45,85257420,000000000514ecccf93be736449d2966dce4f5aa996cb49ca3b15e253e2ec0eb,2ec0eb,0,双,小
2026-08-11 18:14:52,85257423,000000000514eccf61ed2330a4ef11ac9e484448cc9268d15ff0eca29c4d28a3,4d28a3,3,单,小
2026-08-11 18:15:02,85257426,000000000514ecd2a43a9c1d449881abfec51090c3b198924601f93dbee73e62,e73e62,2,双,小
2026-08-11 18:15:09,85257429,000000000514ecd5146d167e33532daa6b32588d77613f19da64a07992c20cd0,c20cd0,0,双,小
2026-08-11 18:15:20,85257432,000000000514ecd8c66d44082a7796e6a547ac6949636200105f81ac007709f0,7709f0,0,双,小
2026-08-11 18:15:25,85257435,000000000514ecdbc07f2303ed44ca8a146e77c2f7fa766a9cc918baa9cba29f,cba29f,9,单,大
2026-08-11 18:15:35,85257438,000000000514ecde8b5aa6c0112c054f4045b9e74f2d7f8b4064c1995946cdc6,46cdc6,6,双,大
2026-08-11 18:15:44,85257441,000000000514ece1a5879cd3c429f4b28140407f600a1284612afcd5c94eb236,4eb236,6,双,大
2026-08-11 18:15:56,85257444,000000000514ece438a43146d54bee2db3baa87c1f1dd1bc36d41c034470c685,70c685,5,单,大
2026-08-11 18:16:04,85257447,000000000514ece727c270217fd45be27f84dee66e8331514bf820d1079d17fc,9d17fc,7,单,大
2026-08-11 18:16:15,85257450,000000000514ecea56963558f3c34fa46efe13be9566593ec64dad148a3cfa32,3cfa32,2,双,小
2026-08-11 18:16:22,85257453,000000000514eced62f0ed02aed0aeb4905f5cb525800b44741cc08dcf6fb033,6fb033,3,单,小
2026-08-11 18:16:30,85257456,000000000514ecf07ca21aff3748eec9882a4ffea5354525dc45bb2f6f8e0d83,8e0d83,3,单,小
2026-08-11 18:16:38,85257459,000000000514ecf3648ef86b8409f9e8be5aede1ab8473b266547543ea1e6161,1e6161,1,单,小
2026-08-11 18:16:50,85257462,000000000514ecf6eaf61b40eea90b77df5dd1c645669354a56860f078315354,315354,4,双,小
2026-08-11 18:16:57,85257465,000000000514ecf9882d825ed6756b6a18883d90b172760306dd5ee0e7da6715,da6715,5,单,大
2026-08-11 18:17:06,85257468,000000000514ecfc93efb62a63b330ac430ca8880223568a0b3631dfb2feb54d,feb54d,4,双,小
2026-08-11 18:17:15,85257471,000000000514ecff968c5b402387e60a208eb1c5cd977f45ea380a1ec6a7dc4a,a7dc4a,4,双,小
2026-08-11 18:17:24,85257474,000000000514ed02a5430aa95633fdc0ca82e8bdf9cdcbb18a251fc2ac98cc40,98cc40,0,双,小
2026-08-11 18:17:34,85257477,000000000514ed05cb63dbba972d0b79dd9fba3f07dfe03661bb13856c7a95df,7a95df,5,单,大
2026-08-11 18:17:41,85257480,000000000514ed0837e7af4d59d4dd80315e8684ca4f54408b0810300ddeebd1,deebd1,1,单,小
2026-08-11 18:17:52,85257483,000000000514ed0bac19d951d6be377a661a7fc4022e53cb0d8f1303e450b323,50b323,3,单,小
2026-08-11 18:18:02,85257486,000000000514ed0ef391eb63d04bc30a10f16e4219974c92b7a76d249adf676a,df676a,6,双,大
2026-08-11 18:18:09,85257489,000000000514ed11ba72e3aea7816dea594f8900badc7c07fa150be301709bde,709bde,9,单,大
2026-08-11 18:18:20,85257492,000000000514ed1481bee51d2988a0e393f27c68673f79e5ae4e3e90f77c1005,7c1005,5,单,大
2026-08-11 18:18:26,85257495,000000000514ed174d2237726d17830ec779ed35ef15b7885ea4bfc1ed47745b,47745b,5,单,大
2026-08-11 18:18:38,85257498,000000000514ed1aacdaa5758e8a5d11fcf59e50c6ec2279f2e773ae502f9654,2f9654,4,双,小
2026-08-11 18:18:46,85257501,000000000514ed1d975815ca9ca8f58262fff5481e26432897ef11ead0ef70bc,ef70bc,0,双,小
2026-08-11 18:18:54,85257504,000000000514ed20d1967600919999c3ea775613eb28388946a3f65e19c24179,c24179,9,单,大
2026-08-11 18:19:04,85257507,000000000514ed23c6c78df26fe6dc6303ee8e0e6bd902ba17189c540fd80c60,d80c60,0,双,小
2026-08-11 18:19:12,85257510,000000000514ed26e481cd7b1829a47bb7abc5eddfd19d15b9cf807cd4cc57fa,cc57fa,7,单,大
2026-08-11 18:19:21,85257513,000000000514ed29cb3165f90622ebcf4531907c542ed679c58034f486f86aed,f86aed,6,双,大
2026-08-11 18:19:31,85257516,000000000514ed2cb8411ccbcaaa19e243c80e76d5cd34b4de4ea3c228fd1f59,fd1f59,9,单,大
2026-08-11 18:19:40,85257519,000000000514ed2f67a656abecb0ac655bd032099ad721b89f7a379a6c96df82,96df82,2,双,小
2026-08-11 18:19:49,85257522,000000000514ed32458ee226295654467a93089327420f6577d96102888dde64,8dde64,4,双,小
2026-08-11 18:19:58,85257525,000000000514ed35da67ba2ede9d9dbe498ca7e8109655a082941118621e437a,1e437a,7,单,大
2026-08-11 18:20:07,85257528,000000000514ed384b2173edbf2ee3823d5ec7bf58d913a508c994daf6e63824,e63824,4,双,小
2026-08-11 18:20:16,85257531,000000000514ed3b5776bccc3ed8addb39dac6113e801140581f4aee86ea3dcc,ea3dcc,3,单,小
2026-08-11 18:20:25,85257534,000000000514ed3e30728951976c1c258e5e3f4de82304470e87fb07d954fb45,54fb45,5,单,大
2026-08-11 18:20:33,85257537,000000000514ed414fb72975cb3226946ba9be043ce68c6226e05a675a186c27,186c27,7,单,大
2026-08-11 18:20:44,85257540,000000000514ed448b3f8f26ef2d471ca72fb47a5e1a9d0e8e9828044ec1d6ea,c1d6ea,6,双,大
2026-08-11 18:20:49,85257543,000000000514ed47c073db7004b844d93e48fc0f4decfb9fe134963d5e5af53f,5af53f,3,单,小
2026-08-11 18:21:03,85257546,000000000514ed4aaf3f0e50a9df7b6541ff8454c6b733ba242a4344db3cfc2a,3cfc2a,2,双,小
2026-08-11 18:21:09,85257549,000000000514ed4d143df2275541f0a2e4ba2397bd170685b619af06dcf124b1,f124b1,1,单,小
2026-08-11 18:21:19,85257552,000000000514ed50978aa610b4ed6ced2b8d5aafbb623f3db871911738086012,086012,2,双,小
2026-08-11 18:21:26,85257555,000000000514ed538a926146818b1b212d4fede539a4960fe609aa051c873412,873412,2,双,小
2026-08-11 18:21:36,85257558,000000000514ed56a9faf44dd9ef12d6204da43fe00ebafa20d1b5469ad5723c,d5723c,3,单,小
2026-08-11 18:21:46,85257561,000000000514ed590abe7334497ded93e7deea5a450c9eec31f739e56ef09570,f09570,0,双,小
2026-08-11 18:21:57,85257564,000000000514ed5cb4e7840d4c0fed5ae25350d33f88155c1952107251bab60d,bab60d,0,双,小
2026-08-11 18:22:05,85257567,000000000514ed5f2e3c30b237c05ec703bb2768fbec526ed737dc47f33bf1df,3bf1df,1,单,小
2026-08-11 18:22:14,85257570,000000000514ed6265f006fb6dba69a2a1b31a37668ed226d0da382b03ea16b5,ea16b5,5,单,大
2026-08-11 18:22:21,85257573,000000000514ed653cd906495e0c935c198f566b1a066c6a594f7edfa9a67176,a67176,6,双,大
2026-08-11 18:22:29,85257576,000000000514ed6879007edd37e3656ea6fb04a1977374297e18bad7e0ebe80d,ebe80d,0,双,小
2026-08-11 18:22:39,85257579,000000000514ed6b899a80bcdfe0279319a88cf2197cafd20a0ce94c3a8e0861,8e0861,1,单,小
2026-08-11 18:22:48,85257582,000000000514ed6ebb6d3cecdfc4b17a8eba41863072a7e4330fde1e61ea9f6e,ea9f6e,6,双,大
2026-08-11 18:22:57,85257585,000000000514ed71df9d99df525a554e7a821c78b919c9cbca6acf9f5e1bb8eb,1bb8eb,8,双,大
2026-08-11 18:23:05,85257588,000000000514ed74a685bc8bb4033800ec7f2b24520add64e31caa0ee53ab3b4,3ab3b4,4,双,小
2026-08-11 18:23:17,85257591,000000000514ed77c2ef108baa505f5ce76e81935244f01b5f5ce15381c9b5ac,c9b5ac,5,单,大
2026-08-11 18:23:23,85257594,000000000514ed7aaf1106041195a74fdef59495c871f49948cbfef06200fa19,00fa19,9,单,大
2026-08-11 18:23:33,85257597,000000000514ed7d14d16e30a0456f2a822e469703046008877093b89b3fc227,3fc227,7,单,大
2026-08-11 18:23:40,85257600,000000000514ed80f9019e3a7a41a1c206c5866acf827fc6ebbb18d58258f1b5,58f1b5,5,单,大
2026-08-11 18:23:51,85257603,000000000514ed83180d24b91ba9b16f065dd765d48c35437afebebb0f95f6ac,95f6ac,6,双,大
2026-08-11 18:24:01,85257606,000000000514ed8653099a3babcf7d8971548becd36f5fcdef111a9b56c0cbec,c0cbec,0,双,小
2026-08-11 18:24:08,85257609,000000000514ed892302844d000d0d997caa10ce44985913d9f2148e1f18cd2e,18cd2e,2,双,小
2026-08-11 18:24:17,85257612,000000000514ed8c8af86c0bd4068f4436e4c9bb3936d3ced1c75ad1409161f5,9161f5,5,单,大
2026-08-11 18:24:27,85257615,000000000514ed8f441c5b2b72aced49216e1a9aac630e745c532e92623dea08,3dea08,8,双,大
2026-08-11 18:24:37,85257618,000000000514ed92251aa7d01e737061afa842ee8282deeba18a18b76540af25,40af25,5,单,大
2026-08-11 18:24:47,85257621,000000000514ed958bac67f1f7df789b278bee4bc48ee1a9c76c22aa4e555490,555490,0,双,小
2026-08-11 18:24:56,85257624,000000000514ed9889c69a403de6879d3f8fec519afc4678c166e9360a456314,456314,4,双,小
2026-08-11 18:25:04,85257627,000000000514ed9b1c4b7199ee0aab9f5cb2621531bba26d119136006fe6bacf,e6bacf,6,双,大
2026-08-11 18:25:13,85257630,000000000514ed9ec265b3e611444d0be1f1ab588886ac750e3faf0101e01e70,e01e70,0,双,小
2026-08-11 18:25:20,85257633,000000000514eda1a9e58a0048d69e2f667ef833c2caf3ee51625fdcc01a70c0,1a70c0,0,双,小
2026-08-11 18:25:31,85257636,000000000514eda4c4c8254956d1d8337fb99ee27cce7e04a9c618df481f2f15,1f2f15,5,单,大
2026-08-11 18:25:40,85257639,000000000514eda716901937cb520fff05031afdef3c44b48d995423126e35da,6e35da,5,单,大
2026-08-11 18:25:47,85257642,000000000514edaa041ad1cb121abea4294f5b89f88ddc7201ca360e9321b7de,21b7de,7,单,大
2026-08-11 18:25:57,85257645,000000000514edadf4009557df0119e6eed82f603a5655db8dd210b098eb66ac,eb66ac,6,双,大
2026-08-11 18:26:05,85257648,000000000514edb0a56ce03a9a01ca0209c3103fd9cdcc4e64362094d9b48a93,b48a93,3,单,小
2026-08-11 18:26:18,85257651,000000000514edb30ea981aed7c8ac11118fb47eef0b767c45f2262585e94bec,e94bec,4,双,小
2026-08-11 18:26:24,85257654,000000000514edb654ac337d0989ace0ca489a91cef478c30e070f425aa16cbd,a16cbd,6,双,大
2026-08-11 18:26:33,85257657,000000000514edb9916e5f8dde83bf960560233a757bbb09225f1ee0cbe6e398,e6e398,8,双,大
2026-08-11 18:26:42,85257660,000000000514edbc123134ffebc8a8625eb3c0701650fc4e9f16e93257fc2deb,fc2deb,2,双,小
2026-08-11 18:26:51,85257663,000000000514edbfc9db3e5c34a8b6dc8e69a0c86977503fa28b092c31daff26,daff26,6,双,大
2026-08-11 18:27:02,85257666,000000000514edc2cfff616b1e732c2b8b3a6db65d082c3fcaf3c647f7b6d1fa,b6d1fa,1,单,小
2026-08-11 18:27:09,85257669,000000000514edc5a8313f5c24891acb8db19f5b967095ccea1722e801b1b5e7,b1b5e7,7,单,大
2026-08-11 18:27:18,85257672,000000000514edc8e334ba5efdf65c22cdc39f1c803efcadd5b18496151dc77a,1dc77a,7,单,大
2026-08-11 18:27:27,85257675,000000000514edcb6a0db5fc41f1dae19d7024847cf16513f2b4cbaf15ce894a,ce894a,4,双,小
2026-08-11 18:27:37,85257678,000000000514edcec21ad953660b013ad00365a1aae752b7350b7186e8ee2b01,ee2b01,1,单,小
2026-08-11 18:27:46,85257681,000000000514edd1c51c187db0c58817dcc28a1f3086c6e312a2f261eb08c243,08c243,3,单,小
2026-08-11 18:27:55,85257684,000000000514edd404f74d8385e1b3514a84cd727ffe4276d2df099fc12c471e,2c471e,1,单,小
2026-08-11 18:28:03,85257687,000000000514edd7f5d8ceb87abfa94ece10875a92248d011fca8c9d33f97cdd,f97cdd,7,单,大
2026-08-11 18:28:14,85257690,000000000514edda977ad4f8154ad6ebb76f65f546b2ac99e82cbcbfeddc6b5d,dc6b5d,5,单,大
2026-08-11 18:28:22,85257693,000000000514eddde73dc9e9608f783739726b3d9484269a3b3a27d5c91fbc2c,1fbc2c,2,双,小
2026-08-11 18:28:30,85257696,000000000514ede0d6b8e2af0e82c3bdc16f3fe9dc351d47ac9dfc7cce2ef5ea,2ef5ea,5,单,大
2026-08-11 18:28:40,85257699,000000000514ede3f335b27f93801d8338a35852098ec01c834b6708b8ab209c,ab209c,9,单,大
2026-08-11 18:28:48,85257702,000000000514ede68ae68b659d4d12aaeb1800454a3dac53cfa59674ca2fd520,2fd520,0,双,小
2026-08-11 18:28:56,85257705,000000000514ede9614e3d8249524ba5c2e8f43a034ccf32aa32bf6d53f5acf4,f5acf4,4,双,小
2026-08-11 18:29:07,85257708,000000000514edecd9a0e4a671d1973d0c1736b3d14ea04ca3e27e8a154d1836,4d1836,6,双,大
2026-08-11 18:29:16,85257711,000000000514edef1e155775864be465e6322330bc8d5691fe77fad54e444d73,444d73,3,单,小
2026-08-11 18:29:23,85257714,000000000514edf2d900da84cc4b31b096f97d42f44a1845757a6bfca68f150d,8f150d,0,双,小
2026-08-11 18:29:34,85257717,000000000514edf59d256bef2a9d72807c1ae20221249448b9170d80467fdd52,7fdd52,2,双,小
2026-08-11 18:29:43,85257720,000000000514edf8176c78ffe84f16a1c33e9c0a15b723bf84e894f2f7efd917,efd917,7,单,大
2026-08-11 18:29:51,85257723,000000000514edfbee901c55b82c1b26b4d3d18e23d8e2464a18781490078abc,078abc,8,双,大
2026-08-11 18:30:00,85257726,000000000514edfee606789dbadf913ec06672c69ae2d788ca64f49608448b0f,448b0f,0,双,小
2026-08-11 18:30:08,85257729,000000000514ee0186585386c46f88bd8c2e231f8445f07323049449996964c8,6964c8,8,双,大
2026-08-11 18:30:18,85257732,000000000514ee04be412716a78b8358a7a130e984f90f73195f728b976d4f6b,6d4f6b,6,双,大
2026-08-11 18:30:26,85257735,000000000514ee075fb50ce93de7a24f0d6a43ad805dafc81c9dc1a4f20ff4e1,0ff4e1,1,单,小
2026-08-11 18:30:36,85257738,000000000514ee0a335bdea95c8dd758d0449f9ad25a8b201cd11209e7568452,568452,2,双,小
2026-08-11 18:30:45,85257741,000000000514ee0d599a8d1ca372969e6c4b820143175d4a259b6ea4f3898ae2,898ae2,2,双,小
2026-08-11 18:30:56,85257744,000000000514ee10606ecbd973f0bbd1424673e9de143d0a23e2ba1b0efd3d59,fd3d59,9,单,大
2026-08-11 18:31:03,85257747,000000000514ee130515da322bbde6cb1f352f203c605f44fd59eed2c008ad75,08ad75,5,单,大
2026-08-11 18:31:12,85257750,000000000514ee16b5ba29d9637c0a7e9c90201b259103e1acf67ba555611afb,611afb,1,单,小
2026-08-11 18:31:23,85257753,000000000514ee19e3374346a8631abd0108fe16f6d8785fbd5f9101bc296c03,296c03,3,单,小
2026-08-11 18:31:29,85257756,000000000514ee1c7a942ff209e8d04a98e3ac11513250fa2e9593e9ac824865,824865,5,单,大
2026-08-11 18:31:39,85257759,000000000514ee1fc0cb54029112fff6e7778df858792a5624191277f3c15592,c15592,2,双,小
2026-08-11 18:31:47,85257762,000000000514ee2215b242653e6a31cdba4f20dc135372c221e46ec433aa45e2,aa45e2,2,双,小
2026-08-11 18:31:57,85257765,000000000514ee25fe578ac0cf515de62294a4577fb20deea4701047f2d554e5,d554e5,5,单,大
2026-08-11 18:32:07,85257768,000000000514ee28e85c848e8521b0f05144ff92c0f35b80adac112d32c5019c,c5019c,9,单,大
2026-08-11 18:32:16,85257771,000000000514ee2b3159fd446675259491f1963bd55fbb508d9211dd5ee2c62b,e2c62b,2,双,小
2026-08-11 18:32:23,85257774,000000000514ee2ebcf4874131989a84cd6b3e28b511e63d56f062401e0820d6,0820d6,6,双,大
2026-08-11 18:32:32,85257777,000000000514ee31b5d3f657b9a81cccf0e1a32a0b90be221916090d59093230,093230,0,双,小
2026-08-11 18:32:43,85257780,000000000514ee34d68b09dba69f1f5521ab482848d2d944f6dc49a02fa8fe9e,a8fe9e,9,单,大
2026-08-11 18:32:52,85257783,000000000514ee37dc9a200006b1a586b8e7a6a870dd9c049539fa24dd6ebdfd,6ebdfd,6,双,大
2026-08-11 18:33:02,85257786,000000000514ee3aa215212d13d892fef95e826ee6fcaf8c344657253a376902,376902,2,双,小
2026-08-11 18:33:11,85257789,000000000514ee3d93cbffb8917d1eb33e8d3e5449b2034a2d87f2052a596613,596613,3,单,小
2026-08-11 18:33:20,85257792,000000000514ee4092ea84a6c40c8a29dfcc26287733d28eedc965c9b410acee,10acee,0,双,小
2026-08-11 18:33:25,85257795,000000000514ee43515bf1567104fba377355f7266e4841623a38d7db5aaac03,aaac03,3,单,小
2026-08-11 18:33:37,85257798,000000000514ee46db24ab3db5b3805cbcccd305329af55730033aacb9d0460b,d0460b,0,双,小
2026-08-11 18:33:46,85257801,000000000514ee49d1a9d468f92b83e91674522b0bbdb3152f310bdb51e88f47,e88f47,7,单,大
2026-08-11 18:33:54,85257804,000000000514ee4c86406b0aaf16991712c75d29c9d3c9e1112498f893675cbc,675cbc,5,单,大
2026-08-11 18:34:04,85257807,000000000514ee4fc7f53ffdc11c30fdbb47899e229c4f8ce081e1d7ee6d7aef,6d7aef,7,单,大
2026-08-11 18:34:15,85257810,000000000514ee521bc80308f96c742fb7a6aa5ce89207a1b508baf1113df7c9,3df7c9,9,单,大
2026-08-11 18:34:22,85257813,000000000514ee555e68604279e0d4225d672c1e33ea535c62c92991425371d1,5371d1,1,单,小
2026-08-11 18:34:30,85257816,000000000514ee589ab9d62f8a84a0ba45c0b185a074c0e698048208ed6a76df,6a76df,6,双,大
2026-08-11 18:34:41,85257819,000000000514ee5b423875f5cc2095d058d00a0676ed162c952069334c9c48c2,9c48c2,2,双,小
2026-08-11 18:34:49,85257822,000000000514ee5ed66dc1af60066b6382381dabfa34b175853e9a54c92bbb27,2bbb27,7,单,大
2026-08-11 18:34:57,85257825,000000000514ee6196288abce68b8c2730e6a3d1a1016c4efd3cdb9ca0b8b84d,b8b84d,4,双,小
2026-08-11 18:35:06,85257828,000000000514ee649eaeebfd7592fa70318c197d602bad81b3d71add13919548,919548,8,双,大
2026-08-11 18:35:18,85257831,000000000514ee6763547ac11714460c826499b9d599c7abc147111028698759,698759,9,单,大
2026-08-11 18:35:23,85257834,000000000514ee6ab9cb5c39493b0805fbc66d6ffa815d41164f3088db66a7b0,66a7b0,0,双,小
2026-08-11 18:35:33,85257837,000000000514ee6d62bc861b82a7c6f67b73f3dbef1cedd23fce379aae022615,022615,5,单,大
2026-08-11 18:35:42,85257840,000000000514ee70f5bb4927044eab5a1b220427c13808f820ef75c8862bed14,2bed14,4,双,小
2026-08-11 18:35:51,85257843,000000000514ee739120ee6d4e169c9eb10f89186c7cec09da3f504415ec257b,ec257b,7,单,大
2026-08-11 18:36:03,85257846,000000000514ee76c0cd83d9ace7600ca7bb1785c0947b2759d2ad1d100ef4d8,0ef4d8,8,双,大
2026-08-11 18:36:10,85257849,000000000514ee7992ee7a58def44f9b77bd5b947e7d7be4c38e3f8dbf5df226,5df226,6,双,大
2026-08-11 18:36:19,85257852,000000000514ee7c5af2dff38682a6eb3fc49d7fd88dd52b19857339d024df33,24df33,3,单,小
2026-08-11 18:36:26,85257855,000000000514ee7f8346e0de79f398277e5be872f00ab1a64fa6204f2b0a80f3,0a80f3,3,单,小
2026-08-11 18:36:38,85257858,000000000514ee827f562c0c50ffcbd1a9dd53c1b17d85da63bca01d6d41571a,41571a,1,单,小
2026-08-11 18:36:48,85257861,000000000514ee85f7cc92e391da7d7a67124d00f484ec20cf18b1821367c607,67c607,7,单,大
2026-08-11 18:36:53,85257864,000000000514ee88ed7bd5f052b3b1503466bad4c7d21765bfbbccd3fa7ddcf3,7ddcf3,3,单,小
2026-08-11 18:37:03,85257867,000000000514ee8b1be9694f0eaf852ed76d4972bf39861038ef68d5c2a2c420,a2c420,0,双,小
2026-08-11 18:37:14,85257870,000000000514ee8e573d118f8f527b80cfea6c0cab2efe1e3bdaff3614fc622d,fc622d,2,双,小
2026-08-11 18:37:34,85257873,000000000514ee91befded2c8eff5cbad29357b75fe5165ae503c2a38197baad,97baad,7,单,大
2026-08-11 18:37:46,85257876,000000000514ee942da1c04a79caca0b7c4bb188066cfa615919bf2275d01786,d01786,6,双,大
2026-08-11 18:37:59,85257882,000000000514ee9a818c7bd1398850b1575d7391163ec0ffb959dcf2b7537999,537999,9,单,大
2026-08-11 18:38:25,85257891,000000000514eea37eb9a11772d6acea9461f2efa051347b9792f46c7aa0c19c,a0c19c,9,单,大
2026-08-11 18:38:40,85257897,000000000514eea9d6a61af2e1037f26968f6b0c4fa490c5388618b67512f506,12f506,6,双,大
2026-08-11 18:38:45,85257900,000000000514eeac7164ad4279a6a331a8928a61f63b81c64c20593178ae8dff,ae8dff,8,双,大
2026-08-11 18:38:51,85257903,000000000514eeaf900c99e4c04c6af90096246c8321c3e9eaeade14ebed2322,ed2322,2,双,小
2026-08-11 18:39:02,85257906,000000000514eeb2495dd40cf926550407399b8b091d37d05bb60140a85ea8bd,5ea8bd,8,双,大
2026-08-11 18:39:09,85257909,000000000514eeb5cec02442607b0ebb5e294e752d7be12bb32af73c5441d636,41d636,6,双,大
2026-08-11 18:39:18,85257912,000000000514eeb8b191e8bbaa39da74f31f85216adabbe61a902eec6aa688e6,a688e6,6,双,大
2026-08-11 18:39:26,85257915,000000000514eebb542ae8a6afa51e1a0a1438e5e0e2dc86f87033ec4f0857d3,0857d3,3,单,小
2026-08-11 18:39:38,85257918,000000000514eebea3fe49aacf07bbe49c8802aaaafd561f47d107b70c5e0f87,5e0f87,7,单,大
2026-08-11 18:39:45,85257921,000000000514eec1691bc15e909f375a68a268f591b970a749103ee5b6b0f333,b0f333,3,单,小
2026-08-11 18:39:54,85257924,000000000514eec48ca8aed7383a2b12be5a3f397eeeb497525445f516f4910b,f4910b,0,双,小
2026-08-11 18:40:03,85257927,000000000514eec752981af24af25d364f8c40daa576df4c9acebf1a0d13c76f,13c76f,6,双,大
2026-08-11 18:40:12,85257930,000000000514eeca8fcaabfa77585dccda2cc80a7b86303b8fc9467f602bf286,2bf286,6,双,大
2026-08-11 18:40:21,85257933,000000000514eecdd849ab4ab11579077babdc4c78a0fd30ee27e242fd1ee259,1ee259,9,单,大
2026-08-11 18:40:31,85257936,000000000514eed0eda2b9c09e1012318ab10714b4a70d4daa79e0d46c66e20e,66e20e,0,双,小
2026-08-11 18:40:39,85257939,000000000514eed3e095cbeb5875e739ccf2443c972e03cc691aef24c0f8b21b,f8b21b,1,单,小
2026-08-11 18:40:50,85257942,000000000514eed6c7ab6568291bc868d8b3b50a8057c6f793255ce4552ee628,2ee628,8,双,大
2026-08-11 18:40:57,85257945,000000000514eed9ecd6b73285ac331eb8cd258c3839fb97587d5da5e7a55a26,a55a26,6,双,大
2026-08-11 18:41:06,85257948,000000000514eedc0b07269f4c683b7dc7647c0c2a7a2eb1f4e2d3a06d0e964c,0e964c,4,双,小
2026-08-11 18:41:16,85257951,000000000514eedffb0bbb5a49a6f5aa4a6e034b56a93bd2a736abd71bd15ab2,d15ab2,2,双,小
2026-08-11 18:41:25,85257954,000000000514eee20693879c783f5ec2e004934f3d9eb5f8c7acecdcd7c54a38,c54a38,8,双,大
2026-08-11 18:41:33,85257957,000000000514eee559b707ea4ef440a7118816e3cedf3e6af9589145dee353d0,e353d0,0,双,小
2026-08-11 18:41:43,85257960,000000000514eee89ffc0479d2954ca181081ceeb6c66c342d4aba82ddd76ce0,d76ce0,0,双,小
2026-08-11 18:41:50,85257963,000000000514eeebcd0b07c57b354b0852098d348e6e483c76d3e7ed5cbaf5c9,baf5c9,9,单,大
2026-08-11 18:42:00,85257966,000000000514eeee95a57454af7c4d1858074b4e47a59fbc8ebf4334cee88a11,e88a11,1,单,小
2026-08-11 18:42:11,85257969,000000000514eef11ecbdbad3dd59488c39c8618d209d0a30ab1bebaaf3585eb,3585eb,5,单,大
2026-08-11 18:42:18,85257972,000000000514eef4d65c54f067e70b29b63198b36f19fc07820be0e2c645117b,45117b,7,单,大
2026-08-11 18:42:29,85257975,000000000514eef77d4e7939f5e498957ebbd3538c66cf5071ae1f6d6a265721,265721,1,单,小
2026-08-11 18:42:37,85257978,000000000514eefa204290162ed2d7cdeae5294b12a97ffd36a43b5609cb09e8,cb09e8,8,双,大
2026-08-11 18:42:47,85257981,000000000514eefdd86ef5e2ef1d77bb8138fc63ce1832d1af3547ea09e14f2d,e14f2d,2,双,小
2026-08-11 18:42:54,85257984,000000000514ef001616ef873fcf3697f98ec597c11bb90e9587e067f8633925,633925,5,单,大
2026-08-11 18:43:04,85257987,000000000514ef039013ff7764a4287ae3aef562ff448680b273e18c5bd6f5f3,d6f5f3,3,单,小
2026-08-11 18:43:13,85257990,000000000514ef06b44e15db4d87b94c5f06c65932fec9dc12ca2a7ee34e0a5e,4e0a5e,5,单,大
2026-08-11 18:43:20,85257993,000000000514ef09a94ac330df8b500387a51ca85e77e4e0cd815df8770052fc,0052fc,2,双,小
2026-08-11 18:43:32,85257996,000000000514ef0c50a525ccab1bcf66bd47bc568d06d99303a3536ecaa83ff7,a83ff7,7,单,大
2026-08-11 18:43:37,85257999,000000000514ef0f2450a050af22867b2f3c721557bc8451e1905c7eaa5ef750,5ef750,0,双,小
2026-08-11 18:43:48,85258002,000000000514ef12c0be06b2e04e6e148cf95bcce9660f672c01c93e5ae09778,e09778,8,双,大
2026-08-11 18:43:58,85258005,000000000514ef15ac6282003593efd44558dc718e0f2fd4e968673427becf6d,becf6d,6,双,大
2026-08-11 18:44:06,85258008,000000000514ef1839b15d0e7103ec0b382996d8f9ebf9272007f68b196e6eb3,6e6eb3,3,单,小
2026-08-11 18:44:13,85258011,000000000514ef1b2a5d0fb4ccb9e31b55ca473b40e74db8a5acf359be655906,655906,6,双,大
2026-08-11 18:44:25,85258014,000000000514ef1e9260f5f8c90c5cd63b39467917024559d01bb45849385930,385930,0,双,小
2026-08-11 18:44:34,85258017,000000000514ef21e84ea28997ebcb526d1da8e20fd4a51230eba3420ab4b20f,b4b20f,0,双,小
2026-08-11 18:44:43,85258020,000000000514ef246a796d982c6ca80a586e2f863335de9d2e9505d92443b263,43b263,3,单,小
2026-08-11 18:44:52,85258023,000000000514ef27ca360a081ce257ed40872659436fe4f364f9120305441487,441487,7,单,大
2026-08-11 18:45:01,85258026,000000000514ef2aaf30fe2c939ba7dc25e416e5ffc774a3dd2bcd3e667d8e4d,7d8e4d,4,双,小
2026-08-11 18:45:08,85258029,000000000514ef2dbdb980d6b1932a4b77099477cadfdb7c15d7947198895722,895722,2,双,小
2026-08-11 18:45:18,85258032,000000000514ef30e5effe6986a874b16d654fd9ca67edc83fc2d7fa3601da8c,01da8c,8,双,大
2026-08-11 18:45:27,85258035,000000000514ef334d5c7794a13d026afa1501eef098363a7e79729f366dd917,6dd917,7,单,大
2026-08-11 18:45:35,85258038,000000000514ef36541f0443f087a27af418815fd6abbd353fbd53eb636611de,6611de,1,单,小
2026-08-11 18:45:47,85258041,000000000514ef392814ae4fde5200e82bd87c129c1b2410d4c3bad0c1642775,642775,5,单,大
2026-08-11 18:45:55,85258044,000000000514ef3c05dda66fe6e26ec8a689b32b8c957bab402297a1ef0b74bd,0b74bd,4,双,小
2026-08-11 18:46:03,85258047,000000000514ef3fb739564393cfd393220c19844fbd87c76bf453daa13f60ac,3f60ac,0,双,小
2026-08-11 18:46:14,85258050,000000000514ef429060d9725385b1bf4825cf1b8e76d0ea67bff7e876f1b4d5,f1b4d5,5,单,大
2026-08-11 18:46:21,85258053,000000000514ef45c31f3ac0f94e2e03db90b8a24d48672a90b69336ab3c3654,3c3654,4,双,小
2026-08-11 18:46:31,85258056,000000000514ef4896c66a72533ae897a9187755c67351cd9f21b896085af144,5af144,4,双,小
2026-08-11 18:46:40,85258059,000000000514ef4bae004106874c8337162dc4cb05e040f91f56a93b17bf66e1,bf66e1,1,单,小
2026-08-11 18:46:47,85258062,000000000514ef4e3ed5efbfb42f156134ded40bac44609a20b3f4da1773c3b3,73c3b3,3,单,小
2026-08-11 18:46:56,85258065,000000000514ef513d442b11f67fcf01257f47ca396238615bdc156baca43a00,a43a00,0,双,小
2026-08-11 18:47:06,85258068,000000000514ef544635a175ce3210e62c1332753b535dfd7a7947d1fe75d7ed,75d7ed,7,单,大
2026-08-11 18:47:16,85258071,000000000514ef57101dd3c67b784a518f21de88609bc5468bf00d2761dae310,dae310,0,双,小
2026-08-11 18:47:25,85258074,000000000514ef5a9dbbce684053f008c0400a7852a994afb19a2bc7801c5f17,1c5f17,7,单,大
2026-08-11 18:47:34,85258077,000000000514ef5d4f4035502d6a73edfc460abfb87273d197f10d83582374e9,2374e9,9,单,大
2026-08-11 18:47:43,85258080,000000000514ef60e50c323d0e259ab287bc6dbfb4ab19d0ec5368974ae51db1,e51db1,1,单,小
2026-08-11 18:47:51,85258083,000000000514ef6371f2c405d78d8ea9406c85da9251c82a965b2f169f663b37,663b37,7,单,大
2026-08-11 18:48:01,85258086,000000000514ef66e481ebe2c1cc65772e0fcac48e341d49568c5d407c04c06f,04c06f,6,双,大
2026-08-11 18:48:11,85258089,000000000514ef69ffb64080087c6ec83f24e92b2481dcb95d446bd721835f4d,835f4d,4,双,小
2026-08-11 18:48:19,85258092,000000000514ef6c321c84731215b900d0bbc499b4021eb0b5616e919239ceea,39ceea,9,单,大
2026-08-11 18:48:27,85258095,000000000514ef6f00e2a35155230d7ac3a17482d441beaad09722750c7059db,7059db,9,单,大
2026-08-11 18:48:35,85258098,000000000514ef72dd88f5a2756637dc0d080639a3853f9000eb4bf8ec1b821a,1b821a,1,单,小
2026-08-11 18:48:46,85258101,000000000514ef757b9aabaee7f5873a8645857c4ec2b52ddf712b2c73dbd22f,dbd22f,2,双,小
2026-08-11 18:48:55,85258104,000000000514ef7871588afe287a0d62f8cc3b3736647c002e0b931d596719f5,6719f5,5,单,大
2026-08-11 18:49:04,85258107,000000000514ef7be2733349a6a8256134388a999e53b40d2cdec496919cefed,9cefed,9,单,大
2026-08-11 18:49:14,85258110,000000000514ef7e917483e7227fb3ab4c33eb25283bc2bcd78dd5221a8f8ef4,8f8ef4,4,双,小
2026-08-11 18:49:20,85258113,000000000514ef81cd077732a5313f7ae9ecadcb570e2056ee4f2a09c77e6721,7e6721,1,单,小
2026-08-11 18:49:30,85258116,000000000514ef84cfa9ee3d44e73dc000e8ee94ca3cfabe62f5dfd437667fda,667fda,7,单,大
2026-08-11 18:49:37,85258119,000000000514ef87aafab0808d3fd5d48742b63e79ae5b1146277626ccdf512a,df512a,2,双,小
2026-08-11 18:49:49,85258122,000000000514ef8adbf82c0682185b25fda6ab98964b4d1361055da14167a925,67a925,5,单,大
2026-08-11 18:49:58,85258125,000000000514ef8dc4444388239c2c287a39896505a8e9e0b8e04a964df32b10,f32b10,0,双,小
2026-08-11 18:50:07,85258128,000000000514ef90fe35b6e947fa31916611203510e13c0ca815de13a37ae903,7ae903,3,单,小
2026-08-11 18:50:15,85258131,000000000514ef9316528caeb33c68e6fc400cd67f14e2042243610dc9012b29,012b29,9,单,大
2026-08-11 18:50:24,85258134,000000000514ef965971399510fe32e5cb0111f8295c587582cedaf16c0c5a81,0c5a81,1,单,小
2026-08-11 18:50:34,85258137,000000000514ef99eb4cbe9961a090647a143df599d83d07731232b76c61ce39,61ce39,9,单,大
2026-08-11 18:50:43,85258140,000000000514ef9c701e3a6357660a0481a4313b4e8d0f7c52115847e3c8388c,c8388c,8,双,大
2026-08-11 18:50:52,85258143,000000000514ef9f64102009857e231c33224453132125f99e0b112843f497ef,f497ef,7,单,大
2026-08-11 18:51:00,85258146,000000000514efa2249613b49954f402d02ff0db3eee0cafbd21e9ec3611f5a6,11f5a6,6,双,大
2026-08-11 18:51:09,85258149,000000000514efa5b4fbc1e7001e915c45fe4b1f2e56ee8d86ece06c5d007fd9,007fd9,9,单,大
2026-08-11 18:51:19,85258152,000000000514efa8460891ab819f933c2dff81d8870ad2b414f1fa102e19af49,19af49,9,单,大
2026-08-11 18:51:26,85258155,000000000514efabf5c0b8a1777d59110938de50525415fddcb80fb591e7e1f9,e7e1f9,9,单,大
2026-08-11 18:51:36,85258158,000000000514efae0abc57046e8869cb124dcfb6ff5b23d940339349718ee517,8ee517,7,单,大
2026-08-11 18:51:46,85258161,000000000514efb1c293f9f904ac5b7b8a77b95f8bc3eb440f1d1a73fc011871,011871,1,单,小
2026-08-11 18:51:54,85258164,000000000514efb4236d52683600bf1be7214cf0fb01b45771aca076e2470d21,470d21,1,单,小
2026-08-11 18:52:08,85258167,000000000514efb7c841393baf01c5eb09d5bd11d25c5c0dbdb4621473736817,736817,7,单,大
2026-08-11 18:52:17,85258170,000000000514efba594765dc32b8a66e88927d843c7280916b33e565725069bd,5069bd,9,单,大
2026-08-11 18:52:22,85258167,000000000514efb7c841393baf01c5eb09d5bd11d25c5c0dbdb4621473736817,736817,7,单,大
2026-08-11 18:52:29,85258173,000000000514efbd1d141cf2320d0e649b01d11df88f19e0b481bb2a6853a693,53a693,3,单,小
2026-08-11 18:52:39,85258176,000000000514efc0ba7440b36c4ea55f2e8839e4f5db6d1b935a83ed27e2e68e,e2e68e,8,双,大
2026-08-11 18:52:47,85258179,000000000514efc399819c6b062c322ac716c71683aa164c11c7999006653ab8,653ab8,8,双,大
2026-08-11 18:52:56,85258182,000000000514efc66caf880e1719393ed1392bd5522b40763f2e994a375734b6,5734b6,6,双,大
2026-08-11 18:53:08,85258185,000000000514efc943d324fb7ffafd170e56b1c77ed030965d326129b849edd1,49edd1,1,单,小
2026-08-11 18:53:19,85258188,000000000514efcc7c4256de429ec302972bffaec7550ed340a06568aca3ca68,a3ca68,8,双,大
2026-08-11 18:53:30,85258191,000000000514efcfc15185209ab10addcc7512178d68a6a8759b49a2cc7a7872,7a7872,2,双,小
2026-08-11 18:53:37,85258194,000000000514efd2bad321c7df2e95af37e9a0c34b9df56cf6dd6572b5bde405,bde405,5,单,大
2026-08-11 18:53:44,85258191,000000000514efcfc15185209ab10addcc7512178d68a6a8759b49a2cc7a7872,7a7872,2,双,小
2026-08-11 18:53:49,85258194,000000000514efd2bad321c7df2e95af37e9a0c34b9df56cf6dd6572b5bde405,bde405,5,单,大
2026-08-11 18:53:58,85258200,000000000514efd8c0ddbb2dc4009dd6b3f21f90cd110756b6a08cb56e9e4cf0,9e4cf0,0,双,小
2026-08-11 18:54:08,85258203,000000000514efdb5954fc2270b657b7da2fad3f91d0f9d1857ecf770cca1668,ca1668,8,双,大
2026-08-11 18:54:21,85258206,000000000514efde579288eee525737e174ae239bb7515fc6025a6844b0cb600,0cb600,0,双,小
2026-08-11 18:54:27,85258209,000000000514efe1e8e4f2644f0a5f64ec2ea8cb1d9871e541136961146ba6be,6ba6be,6,双,大
2026-08-11 18:54:39,85258212,000000000514efe43b11a095658a81692ef426290b1c721199221966ad04225c,04225c,5,单,大
2026-08-11 18:54:48,85258215,000000000514efe74a2066049df1c54cd5cf436d4e37820636e8111517cd6e3f,cd6e3f,3,单,小
2026-08-11 18:55:00,85258218,000000000514efead83fbbbd23f36f3397d08c5fc13205582ad5ed7a2555003a,55003a,3,单,小
2026-08-11 18:55:17,85258224,000000000514eff0c715b96752d53bd293e5a157b2b7a1c9c3c51ee0cbf49877,f49877,7,单,大
2026-08-11 18:55:32,85258227,000000000514eff3e8e82f7a23c06577827314d2b97987fb9c1e14c208d38986,d38986,6,双,大
2026-08-11 18:55:40,85258230,000000000514eff6463a3871c5a0b281c6b8343443783f6344f6990fb9f4aea9,f4aea9,9,单,大
2026-08-11 18:55:48,85258233,000000000514eff9c73291b068c91a552c1457b9e9e68fc2981215065ec22f7a,c22f7a,7,单,大
2026-08-11 18:55:57,85258236,000000000514effcb302dc5cd92f3d5c03696f4b746236b7d37d71d9b2b879a3,b879a3,3,单,小
2026-08-11 18:56:04,85258239,000000000514efff585a57c854764b1a0517c3c7e6e431b7e8aafecf1d4987ec,4987ec,7,单,大
2026-08-11 18:56:12,85258242,000000000514f002d7d3dc6385526b613ac5ee12ca8c6d07aa85e0af54abad1b,abad1b,1,单,小
2026-08-11 18:56:15,85258245,000000000514f005de901ff567c4cd8be3c184223c44b84623d5d4eda4bc262f,bc262f,2,双,小
2026-08-11 18:56:21,85258248,000000000514f008c3cf671c6d355c89a679f98e857b0b6c95185c89957d3701,7d3701,1,单,小
2026-08-11 18:56:31,85258251,000000000514f00bfd35ba6b7362521bf511b6cf0f92725fd5f5234c77b5820b,b5820b,0,双,小
2026-08-11 18:56:34,85258254,000000000514f00ee29b52740533c6c8fbc75e00b0825d6c351557985b10b157,10b157,7,单,大
2026-08-11 18:56:41,85258257,000000000514f011bba8a6cc5ec713ee3cf9119b377ff0378449fca9bd1603df,1603df,3,单,小
2026-08-11 18:56:44,85258260,000000000514f01475bc29836c584f4134abaf8b5018964c30ed1a91f31f357b,1f357b,7,单,大
2026-08-11 18:56:52,85258263,000000000514f017c9ab4234401f08aad980d903cb1a471ddcc44bc9aa8fedfb,8fedfb,8,双,大
2026-08-11 18:57:02,85258266,000000000514f01a1dcd80cd7703b71314f2c6cfb48f78041e12a3b70568ef41,68ef41,1,单,小
2026-08-11 18:57:08,85258269,000000000514f01d1af95d799d8f0459f981be11928f28f60fae36608abf367c,bf367c,7,单,大
2026-08-11 18:57:19,85258272,000000000514f0206162c9314a2f35d9011d3af91b759e4f61bc8d73dcac64b0,ac64b0,0,双,小
2026-08-11 18:57:28,85258275,000000000514f0230490e454cdbd3a9162e341c3349fd8d7ad85142f79ba1b4e,ba1b4e,4,双,小
2026-08-11 18:57:36,85258278,000000000514f0267af4b711f8f9c85d27835f614050ce6f3f5caa3381023b15,023b15,5,单,大
2026-08-11 18:57:47,85258281,000000000514f029072ed5722bff1d1a0317875a5bc249955a9c37ed7f75699d,75699d,9,单,大
2026-08-11 18:57:56,85258284,000000000514f02c8328c6895862a53183cf9f5b7a9d912d11df66269f7a447a,7a447a,7,单,大
2026-08-11 18:58:05,85258287,000000000514f02f0c6af9bb089b84d665fb7f7dfd4b5d4c549d5244d21ac068,1ac068,8,双,大
2026-08-11 18:58:13,85258290,000000000514f03277d59227a19261d2f673bc37b370708becd02c7227488690,488690,0,双,小
2026-08-11 18:58:20,85258293,000000000514f03517e945e40c2c9226b60cc3dfe35e6d6fc5c954ca9ca59e0c,a59e0c,0,双,小
2026-08-11 18:58:31,85258296,000000000514f0382b46844a4d639e196f6f3f6cfa227dd3d140ee2602f1c7f7,f1c7f7,7,单,大
2026-08-11 18:58:40,85258299,000000000514f03b15fcfdac737d26f57527542469ad696b01d3c8c5c225a86c,25a86c,6,双,大
2026-08-11 18:58:49,85258302,000000000514f03ea44ae803d6a1bb8c0d7164cd77ec46390ddb3b8f40866ebd,866ebd,6,双,大
2026-08-11 18:58:56,85258305,000000000514f041cdf119c5fff5e89b2e26abac9eadc53b81f578391933083f,33083f,3,单,小
2026-08-11 18:59:07,85258308,000000000514f044d79bef8e12e93d0b842b77afd3f101fdfb872ea6993fbc1a,3fbc1a,1,单,小
2026-08-11 18:59:14,85258311,000000000514f04739203a485660ac158f6c522c3395079b0ab88519291b6c2f,1b6c2f,2,双,小
2026-08-11 18:59:26,85258314,000000000514f04a4bd96c388376da726fa281de68b7ece76aa8d8f0113eff52,3eff52,2,双,小
2026-08-11 18:59:33,85258317,000000000514f04d66b609be125e4538410d26074c02dc149d837db6f956f948,56f948,8,双,大
2026-08-11 18:59:43,85258320,000000000514f050c419e5f233dc0301ab37b5ca7fd09a17a801aed42369baf8,69baf8,8,双,大
2026-08-11 18:59:52,85258323,000000000514f053c901c3beadf1280ed3165f5d0ea39502ff006534a693ce3d,93ce3d,3,单,小
2026-08-11 19:00:00,85258326,000000000514f056e36100ed8bd9d7d69d8a3fcf5ffa6b8661d7db17daf1100b,f1100b,0,双,小
2026-08-11 19:00:11,85258329,000000000514f0594dd0488882644d4200dae3619f2ebaed9bcaa289564ff1ed,4ff1ed,1,单,小
2026-08-11 19:00:18,85258332,000000000514f05cba557dace3412799f5043ed7104e8e9cf9b024682c5f94bd,5f94bd,4,双,小
2026-08-11 19:00:27,85258335,000000000514f05f2c5fd57269bf1002a5d6bf0626ef624dff3ad3f452ac0c76,ac0c76,6,双,大
2026-08-11 19:00:37,85258338,000000000514f06266204e137abeb4f6d9737d9745a3239d6d32e6ab74dde8ac,dde8ac,8,双,大
2026-08-11 19:00:46,85258341,000000000514f0657accea05e7bdb88d76acc34b56da6d0b411dca85be63104f,63104f,4,双,小
2026-08-11 19:00:54,85258344,000000000514f06838c155600d4eb27a3594193b566d6aac2d20440848f655a4,f655a4,4,双,小
2026-08-11 19:01:03,85258347,000000000514f06b2e3fbbd0b87b4fa42d8c2eb005707425b060b7a5eda7e2de,a7e2de,2,双,小
2026-08-11 19:01:13,85258350,000000000514f06e8b478397a603bb6c538b49b464c5a9c6ab92a22459cd9436,cd9436,6,双,大
2026-08-11 19:01:21,85258353,000000000514f07116836ac2d707677885b9be18164671c462c893a6031aaf27,1aaf27,7,单,大
2026-08-11 19:01:30,85258356,000000000514f0742f2e12b56d81b7294d7269aff057b97188635a051da4f03f,a4f03f,3,单,小
2026-08-11 19:01:39,85258359,000000000514f0777b0a62dcf6fcb9057da8787cfb708dcfea7f3a52b8e6e75b,e6e75b,5,单,大
2026-08-11 19:01:50,85258362,000000000514f07a775b43be31cb2c01dc312a011453a1295c3630ffbca28355,a28355,5,单,大
2026-08-11 19:01:57,85258365,000000000514f07d550c1136d6300ad896c71d4b7cf9da9128d1e0e290a4c2ff,a4c2ff,2,双,小
2026-08-11 19:02:05,85258368,000000000514f080e46619e0b215744abe475f00fe7c707ea01bf7b204980298,980298,8,双,大
2026-08-11 19:02:16,85258371,000000000514f083e02b87d73856bfc2831641f9a9118edf1b0aa658c7b7b9a8,b7b9a8,8,双,大
2026-08-11 19:02:25,85258374,000000000514f086590ad7f09323ae3fb421b617034ee3aea17bab47a667cbbb,67cbbb,7,单,大
2026-08-11 19:02:34,85258377,000000000514f089b4f036ec5457b310468088b6668913574ae0b2c0dc6e7c6c,6e7c6c,6,双,大
2026-08-11 19:02:42,85258380,000000000514f08c06bea026d63b67170ac16c90ff4f9c6f552cd1c021e9fae9,e9fae9,9,单,大
2026-08-11 19:02:51,85258383,000000000514f08fa80cef1b251938a971eb4253684dc4badea8f7461d71287a,71287a,7,单,大
2026-08-11 19:02:59,85258386,000000000514f092cecf85eb3bfdc6f900685e247383f9cf8001db298c695cce,695cce,5,单,大
2026-08-11 19:03:10,85258389,000000000514f0958548bf69d5449dd1a8d53b86961c406d3d6c6e2c921773c4,1773c4,4,双,小
2026-08-11 19:03:19,85258392,000000000514f09829028e8b742e84bd6780b9fe5b17e9bba3f8d915e28aad75,8aad75,5,单,大
2026-08-11 19:03:26,85258395,000000000514f09bbb6dca43d8839bb59341e13cebb1278129ac9924a7f8977b,f8977b,7,单,大
2026-08-11 19:03:36,85258398,000000000514f09ef18f4084b3961d80ac6470d4311a53247cc1569b0e0515b9,0515b9,9,单,大
2026-08-11 19:03:48,85258401,000000000514f0a12ba164da4aad9d54d9198eb1d1aa0011dec3fcb1340dd69e,0dd69e,9,单,大
2026-08-11 19:03:55,85258404,000000000514f0a4e90cdecaa0ff14638121e0b7ff7fb0a0087c755a7dc0f874,c0f874,4,双,小
2026-08-11 19:04:06,85258407,000000000514f0a73719a9350fff587994047b831391d4993ab8e12229427515,427515,5,单,大
2026-08-11 19:04:12,85258410,000000000514f0aa5354858f3d81fefd0d29271af80df63b611c65d3a715a6d1,15a6d1,1,单,小
2026-08-11 19:04:22,85258413,000000000514f0ad262f7cff583c11854e3ada58f3e7eaf9d15bd1a62f7cd265,7cd265,5,单,大
2026-08-11 19:04:30,85258416,000000000514f0b0f0e9747f868ec9773d0a7c070927aad12fc6947d275c8975,5c8975,5,单,大
2026-08-11 19:04:44,85258419,000000000514f0b3b235e1c082dd806a3859747f5c18749f18ad0a1d7cbaa0a2,baa0a2,2,双,小
2026-08-11 19:04:49,85258422,000000000514f0b65e5693a9b33453a316e9a55f10930db5ecdfda230b0e747c,0e747c,7,单,大
2026-08-11 19:04:58,85258425,000000000514f0b9a4f1e7c0fa1fd920fe5de2f241fd3896ce94bb2952ef81e1,ef81e1,1,单,小
2026-08-11 19:05:08,85258428,000000000514f0bccf1476ec1be87994452d6e3ee5ac2dff9c957372c753e2a9,53e2a9,9,单,大
2026-08-11 19:05:18,85258431,000000000514f0bf76b9361b24efba9030dc2a8766a3bb8355dab5c3d0175793,175793,3,单,小
2026-08-11 19:05:23,85258434,000000000514f0c28f22c8e250f6a6ecbc971cceabe337794922706a95d12cb7,d12cb7,7,单,大
2026-08-11 19:05:34,85258437,000000000514f0c565219cc49ba1e1a8f8198da7d958dbe98d5b10edf6189494,189494,4,双,小
2026-08-11 19:05:43,85258440,000000000514f0c859a6981024ccaf86c40cc1d228b2b1a6c0795bc21c117699,117699,9,单,大
2026-08-11 19:05:56,85258443,000000000514f0cb7d15127392b5b2f89f04e488d8f4969160d9b43413d05f97,d05f97,7,单,大
2026-08-11 19:06:00,85258446,000000000514f0cedca540c942f4df36cd2dec124bda2eb1cb51832904dc9873,dc9873,3,单,小
2026-08-11 19:06:09,85258449,000000000514f0d19602cc9e5d5e76b940a6c7ff65d2efa340326a8aa314a622,14a622,2,双,小
2026-08-11 19:06:23,85258452,000000000514f0d4545d6751bdf7fed8e4750fd927f6a27e8e7bbf2390d4d72f,d4d72f,2,双,小
2026-08-11 19:06:29,85258455,000000000514f0d77b001e98c5c9eb4781834ded98fabcf65b96cc1d2a83cd62,83cd62,2,双,小
2026-08-11 19:06:37,85258458,000000000514f0da5973266413103b1a56148103fb6d779b5b408b6532d8dfb9,d8dfb9,9,单,大
2026-08-11 19:06:49,85258461,000000000514f0dd03939fcef4b857c52d8317e6a8d47bec8521fbd2fb5d5bcf,5d5bcf,5,单,大
2026-08-11 19:06:54,85258464,000000000514f0e0f657fec8679a6825459fcfa9173f8d70fa3a22ebe3d66921,d66921,1,单,小
2026-08-11 19:07:04,85258467,000000000514f0e31ddf1b3019ddb8335815c28d1ee00775f7e487f2150eac8b,0eac8b,8,双,大
2026-08-11 19:07:13,85258470,000000000514f0e6bbddc345d7cb4cc261ec4a6020fe6572120380f94caaa152,aaa152,2,双,小
2026-08-11 19:07:22,85258473,000000000514f0e997939b8623b3cb369249ab11434d8a08420bb22ffbc00f47,c00f47,7,单,大
2026-08-11 19:07:32,85258476,000000000514f0ecd793618da5a6e3940aca6a0b806ef2c400494b0874d9a3f7,d9a3f7,7,单,大
2026-08-11 19:07:39,85258479,000000000514f0ef2561b1191602a420352aa33a797e19d61d9adb8495d5fcda,d5fcda,5,单,大
2026-08-11 19:07:47,85258482,000000000514f0f28503a64154f82a2817b470c8c14bab8d8f8e410856006428,006428,8,双,大
2026-08-11 19:07:58,85258485,000000000514f0f573f1e4ab04fa1dc4138154142f4cdadf7a51c6edb3b91dd3,b91dd3,3,单,小
2026-08-11 19:08:05,85258488,000000000514f0f8567d7fb7356769fa2e16c90c2f927f30ebb5ee0b11e975b4,e975b4,4,双,小
2026-08-11 19:08:15,85258491,000000000514f0fb472e11c6e752ccdf66783dc91ab1db3b71b214cb765b3b75,5b3b75,5,单,大
2026-08-11 19:08:33,85258497,000000000514f101819d7ca394fedbd9801e5f02c20ebb290aee4a9938ff9f8b,ff9f8b,8,双,大
2026-08-11 19:08:42,85258500,000000000514f1048c30eaa0b8891f3f2a97b204768dc1835cdb49a724565a51,565a51,1,单,小
2026-08-11 19:08:53,85258503,000000000514f107b9925d9f4c31dbc709774d3ea0feb44125a22e9f00d23d05,d23d05,5,单,大
2026-08-11 19:08:59,85258506,000000000514f10a440b0e8507688511cb3e785c0c4e732488e1cca0a46a2944,6a2944,4,双,小
2026-08-11 19:09:10,85258509,000000000514f10dd8bd26599af008e878a21a792612d047d6486a6675f844c5,f844c5,5,单,大
2026-08-11 19:09:18,85258512,000000000514f1106a30b8b240477ff841ac01e38247b758ba5aa7037e5ed421,5ed421,1,单,小
2026-08-11 19:09:28,85258515,000000000514f113d368621bf0a9970500c97d732a44ae3ad4cecaab5c76fb8c,76fb8c,8,双,大
2026-08-11 19:09:36,85258518,000000000514f116bdbf6a5b54283ac4d38b17208a16cbd85a1c85cffa698612,698612,2,双,小
2026-08-11 19:09:48,85258521,000000000514f1199df6f13149e650015f404657a89eeac21a5a677c9164b4c7,64b4c7,7,单,大
2026-08-11 19:09:55,85258524,000000000514f11c049138f76763d5b9ca12c54552ee0629b8da2aafd64bbb2d,4bbb2d,2,双,小
2026-08-11 19:10:05,85258527,000000000514f11fcf66ec2d8fcf4fb8c7cdf795f34f75130a6b5f3c4d08e6bf,08e6bf,6,双,大
2026-08-11 19:10:12,85258530,000000000514f122bb63c96a39cc06e37fd69e2a21be6f76a6f1d851b8290a17,290a17,7,单,大
2026-08-11 19:10:21,85258533,000000000514f12583f143c9683da47d912df616021e7b6bb370d72ded286f18,286f18,8,双,大
2026-08-11 19:10:31,85258536,000000000514f12883ecc30cd24b7bfb04d2ed413e2938e2bc8ce4d35af1f6f4,f1f6f4,4,双,小
2026-08-11 19:10:40,85258539,000000000514f12b7e1307827909646d8683d1d1c50064c88c5832738c39938c,39938c,8,双,大
2026-08-11 19:10:48,85258542,000000000514f12e7308e4610a6a272b540a71a907d374fb2783128921e358bd,e358bd,8,双,大
2026-08-11 19:10:58,85258545,000000000514f131e96369a9430c8e624061f0d318c0059975fc579d4576c3cc,76c3cc,3,单,小
2026-08-11 19:11:06,85258548,000000000514f134b02b616f11a4c1644e6614498b4bd32857f46a69f61a5ee9,1a5ee9,9,单,大
2026-08-11 19:11:15,85258551,000000000514f137024b3a4c9b02c647a70999e6a9b65ad853b0f63fdde909e1,e909e1,1,单,小
2026-08-11 19:11:24,85258554,000000000514f13ad11843c399084206e1ee2d8f0609a34b20db4688c4d4d9d6,d4d9d6,6,双,大
2026-08-11 19:11:33,85258557,000000000514f13defaeaa24e68542f8c501d4693a46fc4e8f57236ccb4e0e7d,4e0e7d,7,单,大
2026-08-11 19:11:40,85258560,000000000514f1403d2485f83b82695e57a2031e1020a76875e364163affaaa9,ffaaa9,9,单,大
2026-08-11 19:11:51,85258563,000000000514f1432565d81026aba9b51cc88eff7007f5b1ccadd22a27af1174,af1174,4,双,小
2026-08-11 19:12:01,85258566,000000000514f14626e0cc135a05f07e2ac55a90dc18432ee0246b03d1f0410d,f0410d,0,双,小
2026-08-11 19:12:08,85258569,000000000514f1498924fda37b14f202c0082fc0c67aa29b81544d109e5e305c,5e305c,5,单,大
2026-08-11 19:12:19,85258572,000000000514f14c21ebe4729253815c310e1912a3a801c01d96e08e8d0d40b4,0d40b4,4,双,小
2026-08-11 19:12:27,85258575,000000000514f14f49b8479da9a81f6cd920a97506ae8a56f9e2f6d67104e498,04e498,8,双,大
2026-08-11 19:12:37,85258578,000000000514f152b44ae2b60276f7118e25d87d193fbd88a9a0ae4296b5a320,b5a320,0,双,小
2026-08-11 19:12:48,85258581,000000000514f155b42a27c0f3490b435b21d549d7faba96b1c4a0f44ad1c722,d1c722,2,双,小
2026-08-11 19:12:53,85258584,000000000514f158855ea4276ef68cbbc6f69e350fef1bead202baf27a46728e,46728e,8,双,大
2026-08-11 19:13:02,85258587,000000000514f15b481ccdc12b4fbb3c506ff0faa512f251c635f943f97a3081,7a3081,1,单,小
2026-08-11 19:13:12,85258590,000000000514f15e9fce429a7a0275ac685243c7b07a8c95246d604359099449,099449,9,单,大
2026-08-11 19:13:22,85258593,000000000514f161bf210baa7ac9523cdddcaf97d92cec100a31b40efb496031,496031,1,单,小
2026-08-11 19:13:31,85258596,000000000514f1640023b19f097daba0fd81331674835920ea69a4dcf8b557ae,b557ae,7,单,大
2026-08-11 19:13:39,85258599,000000000514f167e56e608076de718b7bb03b69ed1f8088158c20148001f4e4,01f4e4,4,双,小
2026-08-11 19:13:49,85258602,000000000514f16a87f5b88cab3ddf45238756d84ce6c777c559f98f6b3b7b7f,3b7b7f,7,单,大
2026-08-11 19:13:56,85258605,000000000514f16d267e4b2bb5ebb9e18e1ce4a3cbbdd83f7a9d945dd11d88ab,1d88ab,8,双,大
2026-08-11 19:14:07,85258608,000000000514f170964c44cc61f219df97f7fb2a45232ac967f256ad88322f25,322f25,5,单,大
2026-08-11 19:14:16,85258611,000000000514f173e9773ff18414080eef16c380cb98e5d6bdd4b342cbeb289e,eb289e,9,单,大
2026-08-11 19:14:25,85258614,000000000514f176c41a977cdfb288ab432c695519bed0867bcd0200cee1dd77,e1dd77,7,单,大
2026-08-11 19:14:33,85258617,000000000514f179e590978c528a28e0e26bff5e6d8d069b0f88f6d481950b60,950b60,0,双,小
2026-08-11 19:14:42,85258620,000000000514f17cbc1704c60e0c49902ae393cd09df9036f99dfd08aa3167dd,3167dd,7,单,大
2026-08-11 19:14:51,85258623,000000000514f17faa5c24c4fd3057af151fed733e8f830e96b655f64a4423a0,4423a0,0,双,小
2026-08-11 19:15:02,85258626,000000000514f18204056b662dca4dcb05eafa37f89414d43dda5f3c2a6c82e1,6c82e1,1,单,小
2026-08-11 19:15:07,85258629,000000000514f185716457e45e576244ac94e9d7fc9ca7ebf2aefff54dfa05d8,fa05d8,8,双,大
2026-08-11 19:15:20,85258632,000000000514f188a54c1b839dd7457c4cc1fc239b1a0ce14d9e4bdea0c05e62,c05e62,2,双,小
2026-08-11 19:15:29,85258635,000000000514f18b758732f05962cff41b6f002d8ab79ff4c8400c2282c090ec,c090ec,0,双,小
2026-08-11 19:15:35,85258638,000000000514f18ed416bea093710248f3ed384944167cda3d847be932211d75,211d75,5,单,大
2026-08-11 19:15:49,85258641,000000000514f191c05b67d77dd78342bc1254ed78a82ee311e34bacc31463a8,1463a8,8,双,大
2026-08-11 19:15:56,85258644,000000000514f19450d894f60848efa6041db0fef9cfe020e745e175e953f360,53f360,0,双,小
2026-08-11 19:16:03,85258647,000000000514f197456d10cfa0f95f49f87df400345721ef08d65a57bc22b89e,22b89e,9,单,大
2026-08-11 19:16:15,85258650,000000000514f19a4705fa10bf96301977ef903aee6c8bc2abc64fba28f003db,f003db,3,单,小
2026-08-11 19:16:20,85258653,000000000514f19d90782cb309849069769cb475b7fa78e502635b915172c7c9,72c7c9,9,单,大
2026-08-11 19:16:30,85258656,000000000514f1a00e2c8fec4e397e26052ede4801da9b16dd26c499a5b3a5e2,b3a5e2,2,双,小
2026-08-11 19:16:39,85258659,000000000514f1a369cc5aa84e0527376cc0a18f8fec4e752d1f98458bfdac0b,fdac0b,0,双,小
2026-08-11 19:16:48,85258662,000000000514f1a61916c1c1b8d45b1d8e2b78f3b0e03cf9f0455b76201e6955,1e6955,5,单,大
2026-08-11 19:16:56,85258665,000000000514f1a97eee5ef3d331abf73ed9beee7a260f63a683dda373d7dfc9,d7dfc9,9,单,大
2026-08-11 19:17:08,85258668,000000000514f1ac1a939f568133288cbbc8e1577dbe53b9fb23fa4e01e24648,e24648,8,双,大
2026-08-11 19:17:15,85258671,000000000514f1afe03c01b12a8551657fbc0ebee29391e3820a32fa17dc9197,dc9197,7,单,大
2026-08-11 19:17:24,85258674,000000000514f1b24bcff7ed39da888ce8e19d1b2d72e20810df071a58f44199,f44199,9,单,大
2026-08-11 19:17:34,85258677,000000000514f1b57dc3956089e1b38b1af14e3a6c5e5cd6258c043bc82370a8,2370a8,8,双,大
2026-08-11 19:17:41,85258680,000000000514f1b8ae6fd145d1aa6fc81170f9d59efd9da74393bac3c0cda431,cda431,1,单,小
2026-08-11 19:17:52,85258683,000000000514f1bbc9de60b0fa59edf57977352f4fd36cc0cc5d60726fe5c2db,e5c2db,2,双,小
2026-08-11 19:18:02,85258686,000000000514f1be6086f4b284d3ba221d07663c6d55900ddb4ebaa2de3abd6e,3abd6e,6,双,大
2026-08-11 19:18:09,85258689,000000000514f1c116864985e38a0d213d2a0fa6aa5b89a7addc77363849963d,49963d,3,单,小
2026-08-11 19:18:20,85258692,000000000514f1c4e6d6e3369fef91c829ebf6df999042288b722008dc844fad,844fad,4,双,小
2026-08-11 19:18:26,85258695,000000000514f1c7b38d250657bd5dc5d66e45659dfa5767c61d0d512aa13d50,a13d50,0,双,小
2026-08-11 19:18:37,85258698,000000000514f1cae87ebccab35ca27ca02a3f1bd061ee39c316fff9e348ce52,48ce52,2,双,小
2026-08-11 19:18:46,85258701,000000000514f1cdb8eb869c98e7d272a2d3e1ae74d2595e8d277be4409d3ae5,9d3ae5,5,单,大
2026-08-11 19:18:55,85258704,000000000514f1d02b9ad28f40276ab127c94bca9706eb0befb16a8775f829a5,f829a5,5,单,大
2026-08-11 19:19:01,85258707,000000000514f1d3e4fc4c477f6b10438b94fa857638173eef5363b5b9ab9af7,ab9af7,7,单,大
2026-08-11 19:19:13,85258710,000000000514f1d600ab97431242d833db67cba087b198d46e1d2d4660b46014,b46014,4,双,小
2026-08-11 19:19:21,85258713,000000000514f1d90d552b0c3e9887591392085bf20d665f7b7e08652d6eda9f,6eda9f,9,单,大
2026-08-11 19:19:32,85258716,000000000514f1dc7fc9695b6890210d4c1b99d3df10443cc369d3fd01921d26,921d26,6,双,大
2026-08-11 19:19:39,85258719,000000000514f1df76e23bedb68629ffdda417e805b35c00a76dcff12dec19ef,ec19ef,9,单,大
2026-08-11 19:19:48,85258722,000000000514f1e2d922268008c67e53e59cab7c225e043423068060d0cbe170,cbe170,0,双,小
2026-08-11 19:19:59,85258725,000000000514f1e5655f538e37eda8cb7fae01e707cb1905f1535f19b4403816,403816,6,双,大
2026-08-11 19:20:07,85258728,000000000514f1e8b403683b16aa2f4ac3e47d542fd728cfc6220a295d30a2c5,30a2c5,5,单,大
2026-08-11 19:20:18,85258731,000000000514f1eb29f0888ae90915ff9158a19f6bc6a83a8f5cba779c369daa,369daa,9,单,大
2026-08-11 19:20:24,85258734,000000000514f1eea6e58b6668530beae586c42c5abffd118f2cae72ee86d8cb,86d8cb,8,双,大
2026-08-11 19:20:32,85258737,000000000514f1f12fae2662c078cb9821f96c7077af2c8d01375b59d76206c5,6206c5,5,单,大
2026-08-11 19:20:43,85258740,000000000514f1f444c3064d387863ca246fab10388ad2eb9120e7a81e04b020,04b020,0,双,小
2026-08-11 19:20:52,85258743,000000000514f1f71f398fa70ca65f309cb11c589074d1aca187074db35812a9,5812a9,9,单,大
2026-08-11 19:21:01,85258746,000000000514f1faf8f03c1649fa34b78d01486b9c602b256459a76f26a445f9,a445f9,9,单,大
2026-08-11 19:21:09,85258749,000000000514f1fd74e5efa3b299c27b6779ca4d4ab1b963446009c8e1462b7c,462b7c,7,单,大
2026-08-11 19:21:20,85258752,000000000514f2008f7c1d283e8e593d81918b1168bf015cdb2167f0323706d9,3706d9,9,单,大
2026-08-11 19:21:27,85258755,000000000514f20388f6394f3c8917ded056b96956875811ea62231da511d478,11d478,8,双,大
2026-08-11 19:21:35,85258758,000000000514f206475f352831a381830b60a05e2725a43d534db389ff1eba50,1eba50,0,双,小
2026-08-11 19:21:46,85258761,000000000514f2097222b8ce5e1e658feb319757e14747a16b5ed7b0a666fa71,66fa71,1,单,小
2026-08-11 19:21:55,85258764,000000000514f20c2440b7abff515a8cdda0aff476c5f9eb70db5e377b5dc5a1,5dc5a1,1,单,小
2026-08-11 19:22:03,85258767,000000000514f20fde1e26dd9cc17b6fcd5972429243877be3d35e73d612a279,12a279,9,单,大
2026-08-11 19:22:14,85258770,000000000514f212310cf700df6d2669c9ca49daa0d9420ad2605a78e9b82d4f,b82d4f,4,双,小
2026-08-11 19:22:20,85258773,000000000514f21524a99d37ddb120a1b8ae2e5f8471ef8221a7e75eba32d80a,32d80a,0,双,小
2026-08-11 19:22:30,85258776,000000000514f2180554e10307d7d6cc4a58344fa6dfa8c1edcf8a90da1dde64,1dde64,4,双,小
2026-08-11 19:22:39,85258779,000000000514f21b7bb4b0e81ac2e6001f23f308ea4b5bdb2b773c4954229b29,229b29,9,单,大
2026-08-11 19:22:51,85258782,000000000514f21eaeb99f24637633003097b9bbbadbf62691e96d827b3e0e54,3e0e54,4,双,小
2026-08-11 19:22:58,85258785,000000000514f221ed39558481ff591c2dc5801ca7adc4a25efb27cb49dcac80,dcac80,0,双,小
2026-08-11 19:23:06,85258788,000000000514f224fe9cec52cf5a07ac12d7eca529fae01b692da237fa340541,340541,1,单,小
2026-08-11 19:23:17,85258791,000000000514f2279e2b0e4bf14ebbe6bcc6bb0eafa64dbc040fb9cd5f549c6f,549c6f,6,双,大
2026-08-11 19:23:26,85258794,000000000514f22a62519fe0efc1318587f6ed3ce07e84bdbb45fe00fcd285f7,d285f7,7,单,大
2026-08-11 19:23:34,85258797,000000000514f22d49046388c45a1b0fe84e83a43f5366e24d706091bd13c8ba,13c8ba,8,双,大
2026-08-11 19:23:40,85258800,000000000514f23042d54cd937f32d8fe2b81e3610467f5d0622819c21347507,347507,7,单,大
2026-08-11 19:23:51,85258803,000000000514f2332416ccd5a44ba212caf86b82848440af87bb0b29c7f3b3e6,f3b3e6,6,双,大
2026-08-11 19:24:01,85258806,000000000514f23689e81e740a5d954549871dc7298eeaae13751a75b6756510,756510,0,双,小
2026-08-11 19:24:10,85258809,000000000514f2390f862aca061f793175f6586fb04dac9fed6692bb0526a9ef,26a9ef,9,单,大
2026-08-11 19:24:18,85258812,000000000514f23c3b6e9b27a0cbe2d05b7ae9a416094665c5bfd4a7a8c209f5,c209f5,5,单,大
2026-08-11 19:24:28,85258815,000000000514f23f330f8dde94bbb5457c4966814e3d252393c74814a4b9ede7,b9ede7,7,单,大
2026-08-11 19:24:37,85258818,000000000514f242ff29a47676697a74b0469a3fcce645b805007768d39db55c,9db55c,5,单,大
2026-08-11 19:24:48,85258821,000000000514f245cdf0761e979855e85a99f2a4dbce09e394db0dbfd73ce27d,3ce27d,7,单,大
2026-08-11 19:24:54,85258824,000000000514f24856d06ceaf13ff44dc8c60e6d07ddc26952bc163ed2400a28,400a28,8,双,大
2026-08-11 19:25:03,85258827,000000000514f24b5865664c2580964f2310a21ef5e259da19b05d975be2862b,e2862b,2,双,小
2026-08-11 19:25:12,85258830,000000000514f24e5a4fdd4503451197308bec89b035449bf60ed3824b857b55,857b55,5,单,大
2026-08-11 19:25:20,85258833,000000000514f2519c6c9198de1d10822e5eaaa54a20f3039b60d41d7d2a14a6,2a14a6,6,双,大
2026-08-11 19:25:31,85258836,000000000514f2541f5677a6531a42cd6fe3fef5dcd876b156a56195606decf7,6decf7,7,单,大
2026-08-11 19:25:39,85258839,000000000514f257a30da97b93cd43d665b6a99fddc93eff6249db2695cb5f59,cb5f59,9,单,大
2026-08-11 19:25:49,85258842,000000000514f25a1f5442b1933984c75e58bbcb17e5de31a938f0d719f6093d,f6093d,3,单,小
2026-08-11 19:25:56,85258845,000000000514f25d624f9022c4c39cef70cb584c72fd1ddd99273dd1c08b460c,8b460c,0,双,小
2026-08-11 19:26:08,85258848,000000000514f260adc4c6453b42546561bc4df79c5b1f206626ed2bb1f6e62b,f6e62b,2,双,小
2026-08-11 19:26:16,85258851,000000000514f263591cc7d1f48a80b64a327e37b623eb794bb7988f15d80113,d80113,3,单,小
2026-08-11 19:26:24,85258854,000000000514f266f0b16645be78ab0a09f76ed31480ea9c5abc2f9740cad49e,cad49e,9,单,大
2026-08-11 19:26:40,85258857,000000000514f2695a10da9a500d1a3e41d25fe1a096e619efdebe2434093af6,093af6,6,双,大
2026-08-11 19:26:44,85258860,000000000514f26cc85ff00a0811bebeed33a8c6656ceb9b31d3e28d910af9fc,0af9fc,9,单,大
2026-08-11 19:26:52,85258863,000000000514f26f29b7f5ecc6e45b36a301950e879a1255df4b26c9279d2575,9d2575,5,单,大
2026-08-11 19:26:59,85258866,000000000514f272f040da209841154830ce0f2ab527817263fe5bf23835f842,35f842,2,双,小
2026-08-11 19:27:11,85258869,000000000514f27510f83487ea91ac807af7c363c5b488b631a81c79b36a84d2,6a84d2,2,双,小
2026-08-11 19:27:22,85258872,000000000514f27821ce9acd8e12ecd010452545cb034d7a8db5038eafd150a7,d150a7,7,单,大
2026-08-11 19:27:26,85258875,000000000514f27bee3cf8145b7c14b4c5ab5efbdd92c6e062ecc2eec3d36438,d36438,8,双,大
2026-08-11 19:27:42,85258878,000000000514f27ec455a64fdbf6092ca4aee296c87d319b1523ab4360fa6678,fa6678,8,双,大
2026-08-11 19:27:46,85258881,000000000514f28139c0f85adc0d2d3972755d9f3c5c46680ad2cb80697cf36b,7cf36b,6,双,大
2026-08-11 19:27:54,85258884,000000000514f284942e1ab347a92cbee90102defbd0bfb8ddeb67bf21120eef,120eef,0,双,小
2026-08-11 19:28:20,85258890,000000000514f28aba78e93b76fb59c6d9e74451e86ec996a076f91e234dc4b0,4dc4b0,0,双,小
2026-08-11 19:28:25,85258893,000000000514f28db16a661e8793f69815d4d738780ea6e8775371d0dd5e05e0,5e05e0,0,双,小
2026-08-11 19:28:33,85258896,000000000514f290b5155697892c6cc570d160934ea731e534cd0b28fba084cf,a084cf,4,双,小
2026-08-11 19:28:55,85258902,000000000514f296cd0d8633f6b491dbaa3711a706f1e59d63a58eacaf6e6627,6e6627,7,单,大
2026-08-11 19:29:03,85258905,000000000514f2990019282b706cb72664204115ce630ad0a3a6bc1fd3533f9d,533f9d,9,单,大
2026-08-11 19:29:44,85258920,000000000514f2a8b54970c03d9583f122a87b410a52526d2ca47632671442a5,1442a5,5,单,大
2026-08-11 19:30:01,85258926,000000000514f2ae9cede0bccb1f583f2e236aebfa6c3ea5a98b6a0886fc1d90,fc1d90,0,双,小
2026-08-11 19:30:25,85258932,000000000514f2b4777d250e8fc9878a81c4d609fdf58e984bfb445bce2e2623,2e2623,3,单,小
2026-08-11 19:30:42,85258938,000000000514f2ba19a824d7db96b1f4af0bf09ee8b8ab8eaa9a2d21c8c7d09b,c7d09b,9,单,大
2026-08-11 19:30:47,85258941,000000000514f2bd53a37f0c8a90f9863ce3dfef99a33f5a28cf11a9eb5a33b2,5a33b2,2,双,小
2026-08-11 19:30:55,85258944,000000000514f2c046dbd36999965f17135817fd2bbfc644bf75318226204e26,204e26,6,双,大
2026-08-11 19:31:04,85258947,000000000514f2c3e7f6257f9c36ebdb948aec54ed488bba942a35c17b75de45,75de45,5,单,大
2026-08-11 19:31:12,85258950,000000000514f2c643992f1d19c532a4ff3a8a649ad4a468ab2749d56c32bd81,32bd81,1,单,小
2026-08-11 19:31:21,85258953,000000000514f2c9008150452168da9becad1e6d2c2a6f160d8748003f1de94b,1de94b,4,双,小
2026-08-11 19:31:30,85258956,000000000514f2ccd52a5a537c1ea45310f5c2ce0325da5dbf2e7ae6367a5748,7a5748,8,双,大
2026-08-11 19:31:49,85258962,000000000514f2d2402466142988c78a8b9e6148f87cb49981813053466605cb,6605cb,5,单,大
2026-08-11 19:31:57,85258965,000000000514f2d571d6eb7792e97f66a004f04ea1fe60589646c4758da1302c,a1302c,2,双,小
2026-08-11 19:32:07,85258968,000000000514f2d811f1d57f52d6c28313bc12817e9a2d91336477f4b4bf692c,bf692c,2,双,小
2026-08-11 19:32:16,85258971,000000000514f2db95c5309523928bf0c26f042c5fceae081d58bd197d1fe9d1,1fe9d1,1,单,小
2026-08-11 19:32:38,85258977,000000000514f2e197d6c8a5479e4da4d6085c6b50880fd65cf4ccdf2838b9c4,38b9c4,4,双,小
2026-08-11 19:32:47,85258980,000000000514f2e49eba49eb13c194d0d7adeb6435cbb871cffddb2efdf09f9c,f09f9c,9,单,大
2026-08-11 19:32:53,85258983,000000000514f2e7221e0c5af03e5c5ecd33ad11e21271467774e382f3ea5815,ea5815,5,单,大
2026-08-11 19:33:02,85258986,000000000514f2eaa537552d1a6c15334a68f190dd3c5ee2f9bca704cb09a71b,09a71b,1,单,小
2026-08-11 19:33:10,85258989,000000000514f2ed06f37de1bcfe763afd644ee45d634cc04bf3738016bd81ed,bd81ed,1,单,小
2026-08-11 19:33:18,85258992,000000000514f2f0a2e2e8fe7c858cfa415d690763ee427f674190182067276c,67276c,6,双,大
2026-08-11 19:33:40,85258998,000000000514f2f6392d1e856a319793814078ce0f0ff74773448f22c239796b,39796b,6,双,大
2026-08-11 19:33:49,85259001,000000000514f2f936e0aa28244f601701ef5ea6c21567b899c59c4d2af0220a,f0220a,0,双,小
2026-08-11 19:33:54,85259004,000000000514f2fce210bac7aa6bd65100a7d52562c69374626c440ea2924e53,924e53,3,单,小
2026-08-11 19:34:10,85259007,000000000514f2ff80fce669a02c3fc1b53eb4d26e80d3db8ef008b37faa0bda,aa0bda,0,双,小
2026-08-11 19:34:14,85259010,000000000514f302784be0910b33e04da01bc7b5c9987d9fa3a48ae529ff7493,ff7493,3,单,小
2026-08-11 19:34:34,85259016,000000000514f308df74f444a2bc03b3a2671b010d84fa0f426b0929e7c5f28d,c5f28d,8,双,大
2026-08-11 19:34:56,85259022,000000000514f30edfbc1088009d96e450ecc7a48cc34e8293a0efc745e39bea,e39bea,9,单,大
2026-08-11 19:35:09,85259028,000000000514f314fa596b6801aec24841a21677bdae9511214b2393af090897,090897,7,单,大
2026-08-11 19:35:17,85259031,000000000514f317f55daa6cc5992d48998f063308f6fec1044293d47ac1b4dd,c1b4dd,4,双,小
2026-08-11 19:35:26,85259034,000000000514f31a36ffbe6dd02b438e9144f7dbb826762f247923d038b63d0a,b63d0a,0,双,小
2026-08-11 19:35:32,85259037,000000000514f31d5203f2a904d14f1dd7508640774efd72dea2eb5cabd6d24a,d6d24a,4,双,小
2026-08-11 19:35:44,85259040,000000000514f320c0b4f3afa37ed8dacf24892d50727613daf668ee184652f9,4652f9,9,单,大
2026-08-11 19:35:53,85259043,000000000514f323164837d9f6854c530bbfb039612aa248de305377bf6d1cce,6d1cce,1,单,小
2026-08-11 19:36:02,85259046,000000000514f32697acc685409ee28ea132e3dc127f6257dbf93122e35ccec9,5ccec9,9,单,大
2026-08-11 19:36:11,85259049,000000000514f329b88c4214abe9c41f6ffebddd2bfc788d3e841c96d749531f,49531f,1,单,小
2026-08-11 19:36:18,85259052,000000000514f32cd500efd55634700c76b09e471025efd0806cbbe7994f1e4f,4f1e4f,4,双,小
2026-08-11 19:36:41,85259058,000000000514f332fe3e9b4e256e0309a8ed19d035edcbad79634751bd3208e9,3208e9,9,单,大
2026-08-11 19:37:16,85259070,000000000514f33e48934be36b0dc2dd59fa5f2750ffc137e73f9eeab83a0ba5,3a0ba5,5,单,大
2026-08-11 19:37:35,85259076,000000000514f3444933053a62fb79343acdb5b65c4ada3c52e230011667f16e,67f16e,6,双,大
2026-08-11 19:37:53,85259082,000000000514f34ab9b795bd466faf1df20ba9e04571c608134008d8d7a35ecc,a35ecc,5,单,大
2026-08-11 19:37:58,85259085,000000000514f34de186edfa702565182dcfe762bd589491dfc7fb08cef750fa,f750fa,0,双,小
2026-08-11 19:38:56,85259103,000000000514f35f42b73fc00d8f666e135641e2dcb22852e5b101f4a7650fb1,650fb1,1,单,小
2026-08-11 19:39:02,85259106,000000000514f362fb8c9a4268b24df0b6e0364c704860cf40fc2eadf58d811c,8d811c,1,单,小
2026-08-11 19:39:08,85259109,000000000514f365dfaa1e4e8b9e37fb0e010f9ddb1335d7718ea153c5e374ae,e374ae,4,双,小
2026-08-11 19:39:43,85259118,000000000514f36e5be082e74a21367d02dcc5f67b9f866fbdd1f2ee80583a46,583a46,6,双,大
2026-08-11 19:39:47,85259121,000000000514f3717e96df531cf5a52b8205b4e0b9c2bdd07a6336312366927d,66927d,7,单,大
2026-08-11 19:39:55,85259124,000000000514f374d62aa4f5a279fb0990eee4abba05d2782b7fda62682b5a86,2b5a86,6,双,大
2026-08-11 19:40:03,85259127,000000000514f37715d504685c0520e7d3a393b135b0cc834a9db2ca5e278749,278749,9,单,大
2026-08-11 19:40:13,85259130,000000000514f37a494105538727266e02faea9dade8837ca8d13aa610734f38,734f38,8,双,大
2026-08-11 19:40:22,85259133,000000000514f37d1cb690e1bd44804bcc7ee7f2dee25f64e29c0dd6c905c0b9,05c0b9,9,单,大
2026-08-11 19:40:44,85259139,000000000514f38360c24916ec0b88ab27a3a1219a45388f493d2d50d84f8acd,4f8acd,8,双,大
2026-08-11 19:40:50,85259142,000000000514f3861d149d45a7678a895441c49d17a6968edb8f7add562d040c,2d040c,0,双,小
2026-08-11 19:40:58,85259145,000000000514f389c5a5b3c73b13025649d96d5b2fa09cb6273d30229d81cf67,81cf67,7,单,大
2026-08-11 19:41:27,85259154,000000000514f392f01ff54594170caac505a914df1ac67a04a91b4d1f849aad,849aad,9,单,大
2026-08-11 19:41:35,85259157,000000000514f3950890e50a4376d4e6cb65d2e7f9f54e04768e751a02eb5eb6,eb5eb6,6,双,大
2026-08-11 19:42:02,85259166,000000000514f39eaeeca092a1d32720b93f0235b25f9a52f29e3410be755c29,755c29,9,单,大
2026-08-11 19:42:10,85259169,000000000514f3a1e878e7aa83fde5e067d410b7aa6ee61d09619f9b994f11c1,4f11c1,1,单,小
2026-08-11 19:42:25,85259172,000000000514f3a47c1eaef689960a349ebd54fbaf444c01c47481ca5111e3a7,11e3a7,7,单,大
2026-08-11 19:42:53,85259181,000000000514f3ad8e4df1b51ce810561e829a0539b1f279b358b2f966e61338,e61338,8,双,大
2026-08-11 19:43:01,85259184,000000000514f3b00f3a28662a7660cdbd3b05a8704d7ab6597fdc8a70169db0,169db0,0,双,小
2026-08-11 19:43:06,85259187,000000000514f3b3f294ce357b6a886c803207091ca76b167e66e49d60a95585,a95585,5,单,大
2026-08-11 19:43:12,85259190,000000000514f3b624bf11a19045d7614e145de28fe0af77b384f29a7df95ed9,f95ed9,9,单,大
2026-08-11 19:43:40,85259199,000000000514f3bf2f98e238e197415fd576acea39e3c2a5db8bd43002fd52a7,fd52a7,7,单,大
2026-08-11 19:43:50,85259202,000000000514f3c2de373221cff402483b83c15c96fba25a5e3707cc446b1089,6b1089,9,单,大
2026-08-11 19:43:57,85259205,000000000514f3c5d2d70a0a81e4554e8699a4b0ea3fc67efc0012ee962b5753,2b5753,3,单,小
2026-08-11 19:44:19,85259211,000000000514f3cb54f0be6cc998f4df86aff6f90a6e7b0fd0535be39d2032c8,2032c8,8,双,大
2026-08-11 19:44:26,85259214,000000000514f3ce24d192538377bcc2c9c5321cb1d63f431e2f3355b234c9a7,34c9a7,7,单,大
2026-08-11 19:44:34,85259217,000000000514f3d122c31071a4a2adf454a9232113f6862959ae80057fa98391,a98391,1,单,小
2026-08-11 19:44:44,85259220,000000000514f3d4a5f2b40ac05b382c2ca5d3e65175a5d2d565647525c7306b,c7306b,6,双,大
2026-08-11 19:44:50,85259223,000000000514f3d73de223b9cb506a8f8de93f52e93a98825a67736d69d54165,d54165,5,单,大
2026-08-11 19:45:03,85259226,000000000514f3da0dcd5bbeb33d22c73896e8180279679a8bd79296dd128cdc,128cdc,8,双,大
2026-08-11 19:45:11,85259229,000000000514f3dd8bc96cfcdc555ec92e0a2fdf1951607f88b17af4ac58b361,58b361,1,单,小
2026-08-11 19:45:41,85259238,000000000514f3e626752a640c89d8923515e1a00cdd9eaf268694a5b5ca1525,ca1525,5,单,大
2026-08-11 19:45:45,85259241,000000000514f3e9c8fb55e213935b26304ebe958e205c2e28dad2617a0a49b5,0a49b5,5,单,大
2026-08-11 19:46:11,85259247,000000000514f3ef1483812f9ee362ca77665784317bb193d69d9641948109f1,8109f1,1,单,小
2026-08-11 19:46:15,85259250,000000000514f3f2372a5c5f36f1fcb649ec18817cf5751223c1ed712f4a24f4,4a24f4,4,双,小
2026-08-11 19:46:22,85259253,000000000514f3f520d851b090560021030ad23107cf88500fd07a8b6a2d3eec,2d3eec,3,单,小
2026-08-11 19:46:46,85259259,000000000514f3fbba1bbcbb06e9e02693e71c187216e12bab89bc52f245dbfa,45dbfa,5,单,大
2026-08-11 19:47:22,85259271,000000000514f407669fe92a3a154b7bf576042ce9156b7f239a4b2e35877d78,877d78,8,双,大
