时间,区块高度,Hash,尾数,单双,大小
2026-08-06 08:33:00,85101828,0000000005128d04b695dd6b2effa0208388d71dd86f65872fb2e1d3e9183c62,2,双,小
2026-08-06 08:33:03,85101830,0000000005128d0665c07d4b953d317d79991acf78f5773a74a0519f6ca7cbdb,7,单,大
2026-08-06 08:33:06,85101831,0000000005128d0774d0202641bb074174ff1b308a125f669df8e981d6d0cfec,0,双,小
2026-08-06 08:33:10,85101832,0000000005128d08472509b6880ed2c74da63d5a8ae116675a5bd6be8b9e3d0e,0,双,小
2026-08-06 08:33:13,85101833,0000000005128d0992c620716a6e285a5de7897360421fbe45021073956a7d18,8,双,大
2026-08-06 08:33:16,85101834,0000000005128d0ac43076094eecaa1a10e9d4f8169ef388385b7c1a6f546564,4,双,小
2026-08-06 08:33:19,85101835,0000000005128d0bba11c270a4b0311fafed3af069fcfd1637d983a59e6a38d1,1,单,小
2026-08-06 08:33:22,85101836,0000000005128d0c678170520efd7b32620599071dd81be2fcefdac72bcf4bdb,4,双,小
2026-08-06 08:33:25,85101837,0000000005128d0d2112a38acd1433a597c4e4d9c0c1950808402363879f0796,6,双,大
2026-08-06 08:33:28,85101838,0000000005128d0e598cd61f899c7fe8ba6cd834a5c9107a960ce2aa4c23e898,8,双,大
2026-08-06 08:33:32,85101839,0000000005128d0f41709554cc2c9bcdaa355ed09c2a154689383338d64fd67e,7,单,大
2026-08-06 08:33:35,85101840,0000000005128d10d1a6abfc1c2070b151c2c97b43d8f01e45784bece7c3fea1,1,单,小
2026-08-06 08:33:38,85101841,0000000005128d1159409fac526e915b30ea31c8834135172d1996bb93c38419,9,单,大
2026-08-06 08:33:41,85101842,0000000005128d12c5560bea9d2ecb6d78591de502f4948cbd300b88e25201cb,1,单,小
2026-08-06 08:33:44,85101843,0000000005128d13a02bb8aaf71869865e40d59a26b06be5dc6ab3c49396dcaf,6,双,大
2026-08-06 08:33:47,85101844,0000000005128d1426696ccae5c3a72b8e53a95a2654cdfec2a8dbb46ad73750,0,双,小
2026-08-06 08:33:50,85101846,0000000005128d16bd399bbb61b0dbb29ed062d4757aaf0d8ffa999fd3a61477,7,单,大
2026-08-06 08:33:53,85101847,0000000005128d17783cf1ba88d712dc56e329dd924c33081718b2189a91c1e0,0,双,小
2026-08-06 08:33:56,85101848,0000000005128d1889ac57723b5747bdabfaf6312850a758e74dfe50d66bb68b,8,双,大
2026-08-06 08:34:02,85101849,0000000005128d1932e79a2170f0e7a7593fb6143599b1ea21f88eacaf98a472,2,双,小
2026-08-06 08:34:05,85101850,0000000005128d1af19bc315f615eec9627867a4bd49b277458faf9696398b74,4,双,小
2026-08-06 08:34:09,85101851,0000000005128d1b5bcec63c7063df619355345516bf8fc067079fa081ccf1dd,1,单,小
2026-08-06 08:34:12,85101852,0000000005128d1c98913eb459f9701d8abe56da55543dd1fc0f1d8bc3f9bde1,1,单,小
2026-08-06 08:34:15,85101853,0000000005128d1d6e6e6051c49b1ef2fe31c185da2a1a924aa4583315437758,8,双,大
2026-08-06 08:34:18,85101855,0000000005128d1fb3f3fbd7672ba0dde8dfebf8b87c37d02c8b07e5bb986362,2,双,小
2026-08-06 08:34:20,85101856,0000000005128d20f4144105c68be98eb19be8bd1758c6558952f52a0f871b33,3,单,小
2026-08-06 08:34:27,85101858,0000000005128d221e2e0f63290828ceadac5b473821f1b2bfb0b37cfd0d42ef,2,双,小
2026-08-06 08:34:33,85101859,0000000005128d23c5b4e477f7a3cdeac374993e7ea1f4a9fca403542d4849a6,6,双,大
2026-08-06 08:34:36,85101861,0000000005128d25c63947200da37dd9fc0caa886ba331c6bff96da11e36d63f,3,单,小
2026-08-06 08:34:42,85101863,0000000005128d27b9641eebdddb67f8a270037bba892206933d210641a25c82,2,双,小
2026-08-06 08:34:45,85101864,0000000005128d28dbbc370b2ddfd1d51a2a0cf95547e8115a4483b7ddf993e7,7,单,大
2026-08-06 08:34:48,85101865,0000000005128d2975d366a3139a6a6ccaf379035179c3ca5993c99e16742afe,2,双,小
2026-08-06 08:34:51,85101866,0000000005128d2ab957ac362188ee9f2e1e2ab56d51a867ad1d99013cb38386,6,双,大
2026-08-06 08:34:55,85101867,0000000005128d2be77875f63a37100d25c8bb9bf6e731b8031dcf475d022a27,7,单,大
2026-08-06 08:34:57,85101868,0000000005128d2cf5d84490133fe5e3082dd89e094d92c007e6a4d61a4ce64c,4,双,小
2026-08-06 08:35:01,85101869,0000000005128d2de54cfaf606df8481a1fd76eed8fa10042eb49a728d9a1770,0,双,小
2026-08-06 08:35:04,85101870,0000000005128d2ef10996ba55fa21e2535e9a14d94695cf147f0fae721153ce,3,单,小
2026-08-06 08:35:07,85101871,0000000005128d2fa9c920da9c351b0f91d0d6dac85d3f2b059701f24b8450a4,4,双,小
2026-08-06 08:35:10,85101872,0000000005128d30af2c4caabd9f9f8e8dbe1635c8f73164e8609f11d929913f,3,单,小
2026-08-06 08:35:13,85101873,0000000005128d31a223ea49f85c7dd58e22cad640ef2166c579bf469497d036,6,双,大
2026-08-06 08:35:16,85101874,0000000005128d32bc46a7e8806885f94cadc72ad525d07e1c6ead793238ee2a,2,双,小
2026-08-06 08:35:19,85101875,0000000005128d33e8a2299b8696ab1178dca9bb0360b45fe1329474e95f0e2e,2,双,小
2026-08-06 08:35:22,85101876,0000000005128d346e18a81eeb267b93f732c72e89e73f987481d34c32326952,2,双,小
2026-08-06 08:35:25,85101877,0000000005128d35b8ffdd7832ed0fc513148a7689da9754ed8519570477d1ab,1,单,小
2026-08-06 08:35:28,85101878,0000000005128d3631ad57246dfea71d5ecc022850d4e46ed8519e198e97e62a,2,双,小
2026-08-06 08:35:31,85101879,0000000005128d37cf96729c45abab896a59fc71f1440297f3d6534c2af69f20,0,双,小
2026-08-06 08:35:34,85101880,0000000005128d38e27342c2cf18e3d524f17276824a17354d46a835eb3767bf,7,单,大
2026-08-06 08:35:37,85101881,0000000005128d39dd185517e7a6ac2228169c7f82ddda8d99b0521c5531246c,6,双,大
2026-08-06 08:35:41,85101882,0000000005128d3a053f5632c6e4a1387305f06f4ecff3bdbe09e8b72565d08f,8,双,大
2026-08-06 08:35:44,85101883,0000000005128d3b34d57f743832115d2a7d86b64930edcb31dd73d6cd88c2b9,9,单,大
2026-08-06 08:35:47,85101884,0000000005128d3cea199cb709695a04e8c21b5067daa5397c83c95e9c08b325,5,单,大
2026-08-06 08:35:50,85101885,0000000005128d3d509a06882b7fe88cf3431ce5c113b884b5216b429b9b9f1d,1,单,小
2026-08-06 08:35:53,85101886,0000000005128d3e0b728f37464676f004161c7ba236ea00f7c793e3f9fdaeaf,9,单,大
2026-08-06 08:35:56,85101887,0000000005128d3fc0510b0cc300ce72f03465705c516d30db3da891444fe819,9,单,大
2026-08-06 08:35:59,85101888,0000000005128d40d9b635febab904e2edb5bb03b711255c556fd701ed62933d,3,单,小
2026-08-06 08:36:02,85101889,0000000005128d41673f587421e878e83757bf069b03760301cbb3423b810db6,6,双,大
2026-08-06 08:36:05,85101890,0000000005128d421fbce2e5d39d78fbdcb4ba6cb743e24977f0b7afc5212c4f,4,双,小
2026-08-06 08:38:10,85101932,0000000005128d6c20b1372c2fdb3aee54a11e8ab48993c1920795c4571b1b2a,2,双,小
2026-08-06 08:38:13,85101933,0000000005128d6d56e4f58711dac1dd05b630fe7b59ba7e7a4cabdaefdccd33,3,单,小
2026-08-06 08:38:16,85101934,0000000005128d6e490c7b1c950a35ef0c49f61dc5f16982d4aecb254499097d,7,单,大
2026-08-06 08:38:20,85101935,0000000005128d6fe9b2ee99c3d4e3d1433d18adcded4e1e44e05dc4d876f0a0,0,双,小
2026-08-06 08:38:23,85101937,0000000005128d718a75635f5d02c96dce18bf1000a3abc74b7555ae60a2c1ef,1,单,小
2026-08-06 08:38:29,85101938,0000000005128d72312edfdab67497ad03f2289ed89361926c694e20ca77b339,9,单,大
2026-08-06 08:38:32,85101939,0000000005128d734f557c9329852df072759833c6aa9004a193d3ab8bb1f9a2,2,双,小
2026-08-06 08:38:35,85101940,0000000005128d74ce37afa62116e4d286b1d6da58744961a0ca9028cdc03946,6,双,大
2026-08-06 08:38:39,85101942,0000000005128d76f47eba6a07dac8a051a0c824c78050f70ee4f288bee10912,2,双,小
2026-08-06 08:38:45,85101943,0000000005128d770f29a2a61348c71b17ad1b9df6a61be31ce56795d9758fbb,8,双,大
2026-08-06 08:38:48,85101944,0000000005128d781125e8b07e6367112184d368dbd88eabe88cb0c810150c0b,0,双,小
2026-08-06 08:38:51,85101946,0000000005128d7a0c6fe396c6ff150b474db74da49d2508f9c9af32c020c7a3,3,单,小
2026-08-06 08:38:58,85101947,0000000005128d7b4eb6f04200d1fb9347c9050c0b61063d7576ef5f2494cb8b,8,双,大
2026-08-06 08:39:01,85101949,0000000005128d7da66c6cce344225ad1d8f97ce83ad89ecbcbc33748d40b3ca,3,单,小
2026-08-06 08:39:04,85101950,0000000005128d7e127298e8f6e6848aad8610edf73d642b1f2e0a75c66948d9,9,单,大
2026-08-06 08:39:07,85101951,0000000005128d7f1cf5226949c0ed2508e0cecda7ed31d2c8707d01195d217d,7,单,大
2026-08-06 08:39:10,85101952,0000000005128d8054e870d8cecce34b6a612ca75451193f67e7fe3ddf51607e,7,单,大
2026-08-06 08:39:13,85101953,0000000005128d812ef6654ad5731e890d1eb3354d6378e593c8baab15c36a0a,0,双,小
2026-08-06 08:39:16,85101954,0000000005128d8285181699bb9938f55b34b8e1f15e441a1a6a845243496664,4,双,小
2026-08-06 08:39:19,85101955,0000000005128d832ab4dc1e0e9c825637bb4e63a0db44990099aade237f587b,7,单,大
2026-08-06 08:39:22,85101956,0000000005128d849e9cd868dadcd1109f7de0ab099cf749b0f099b9bb9c60a4,4,双,小
2026-08-06 08:39:25,85101957,0000000005128d85ca790d20feac772b8102e88bb861f5986cfc9ad7696c7f59,9,单,大
2026-08-06 08:39:28,85101958,0000000005128d86eb427da847de1a9ac9bbe60f7b2ce2e6595ad2928d0ec6b8,8,双,大
2026-08-06 08:39:31,85101959,0000000005128d870d140548fcc7d2a9a05828287898b0272090786ba102962a,2,双,小
2026-08-06 08:39:34,85101960,0000000005128d882a59c8f4019516f50b366f82ff2e9ac2aea87412b74de32e,2,双,小
2026-08-06 08:39:37,85101961,0000000005128d8938f0345161126218cfb5630585b8d24ae13d6365dcc64350,0,双,小
2026-08-06 08:39:40,85101962,0000000005128d8aa3f40bdc117df1c8585f1ab4cab7031f4080284f823a6968,8,双,大
2026-08-06 08:39:44,85101963,0000000005128d8bfd6ca53e6dcb06a2a3c4e69db2a89ffca6d76ec73ef92867,7,单,大
2026-08-06 08:39:47,85101964,0000000005128d8cc5b76fa1a0617ca2f0ed9fca41f368a4560220ca5c4dd5b6,6,双,大
2026-08-06 08:39:50,85101965,0000000005128d8d0791a8cfcaef5ff31220ce1d1b1bf65556d7379e8e9a5537,7,单,大
2026-08-06 08:39:53,85101966,0000000005128d8ebd8aad178c29c3c0d49f4c1ee5a59bf30efac7e2d714a0a0,0,双,小
2026-08-06 08:39:56,85101967,0000000005128d8f901243d584269a9bc0087627dc93dac37b0aaa128a1770fa,0,双,小
2026-08-06 08:39:59,85101968,0000000005128d90fb2be579946df068cd109cbe1ce0503037b2ee46f96e6ed8,8,双,大
2026-08-06 08:40:02,85101970,0000000005128d92d1e366109b695e64d8f666f819dafd29899912cf7802dfdb,2,双,小
2026-08-06 08:40:08,85101971,0000000005128d93e9f051a834bed850dc78790f684f1095745144585a978695,5,单,大
2026-08-06 08:40:11,85101973,0000000005128d9541211233c5033fa14081c52dab10060aaf77ce3e09cc839a,9,单,大
2026-08-06 08:40:15,85101974,0000000005128d9662dd122b14fa7784b3c27477e3b14988eb3e55cff9fc5616,6,双,大
2026-08-06 08:40:18,85101975,0000000005128d9792db7a75fa702ff85a3505307ce28eb6b4157fff1ccb8d56,6,双,大
2026-08-06 08:40:21,85101976,0000000005128d9868a344fc935b5c4691ed6b1192ab7ead211a5742787cafa4,4,双,小
2026-08-06 08:40:24,85101977,0000000005128d99e5f2742c877b4639ad32f951c94b8cfe6a59d149dc67042f,2,双,小
2026-08-06 08:40:27,85101978,0000000005128d9a07a875ae794ffe26782a3c27b4fbe2bf004af74159224c9a,9,单,大
2026-08-06 08:40:30,85101979,0000000005128d9beb9d3edcab66d0ec6cd638f1d6f610b78e7d7de328856e92,2,双,小
2026-08-06 08:40:33,85101980,0000000005128d9c935ffba32c7346d667e48c946a7af4e07a9c94bdb2ab116c,6,双,大
2026-08-06 08:40:36,85101981,0000000005128d9d41a50427f00fe1d231c93e874e443d150fca90346b4919a3,3,单,小
2026-08-06 08:40:40,85101982,0000000005128d9e03b2898fa28c159957521cc7c94f92872c25e6c776dc62db,2,双,小
2026-08-06 08:40:43,85101983,0000000005128d9fced45b12b0e6af32907416efe22bb573ce7161777a563fe0,0,双,小
2026-08-06 08:40:46,85101984,0000000005128da0ac3c2751235cbc796e43fcd4c3d16b6aecd9487b6220ca23,3,单,小
2026-08-06 08:40:49,85101985,0000000005128da1851e8ab10ba2ad7ac2eef71694514bc80bc27fd61f5b9d1d,1,单,小
2026-08-06 08:40:52,85101986,0000000005128da23ed4ae4b9ebd0902536f9471ad56cbf0bb0e4798727946c0,0,双,小
2026-08-06 08:40:55,85101987,0000000005128da3189be201e6375d1167612037ace4a224da4e1e442e3efb0b,0,双,小
2026-08-06 08:40:58,85101988,0000000005128da4454875393ce4767c2a74ead4670d9bd21cd369af82709312,2,双,小
2026-08-06 08:41:01,85101989,0000000005128da545acb6199956df216434843fc2929f74405f2df83463c765,5,单,大
2026-08-06 08:41:04,85101990,0000000005128da64ad88796412cb110fa6ab7870960f4f982f12d1eca81e152,2,双,小
2026-08-06 08:41:07,85101991,0000000005128da78530a0bbd74f87c8dbc20a43ef700dd5f934de641d290966,6,双,大
2026-08-06 08:41:11,85101992,0000000005128da8312114ec41d598b65e82ff85e51803360c64b4fbf2786314,4,双,小
2026-08-06 08:41:14,85101993,0000000005128da9186ba1b247b2aa22e6c493a79bc748d46d0a1324ea56ff0b,0,双,小
2026-08-06 08:41:17,85101994,0000000005128daa61dd873257652aaca6839a32c84bd49df9b9230003a4af85,5,单,大
2026-08-06 08:41:20,85101995,0000000005128dab0d65481501391a8ac54a1e43d71243820d2f61101b822f44,4,双,小
2026-08-06 08:41:23,85101996,0000000005128dacc785a47a6b9f5419df044800b368864ec5470f786129f918,8,双,大
2026-08-06 08:41:26,85101997,0000000005128dadeee60b6f842b11ff941acd957176f5f19d735cb9b7709007,7,单,大
2026-08-06 08:41:29,85101998,0000000005128dae9d2a73ab9a33f941eafb95f42bec7449053a8be02731d2e7,7,单,大
2026-08-06 08:41:32,85101999,0000000005128daf9e789f6934053a36d55b50df4c0a8a2089fcdd4bb8e69c7b,7,单,大
2026-08-06 08:41:35,85102000,0000000005128db0535018761b70a2e8b3f8f24b85e0663bc32b7c093a91a4bf,4,双,小
2026-08-06 08:41:38,85102001,0000000005128db14517f00fb06fe86db4efa57567c6514bc238fa32742c8589,9,单,大
2026-08-06 08:41:41,85102002,0000000005128db24788db2e79fd41bd881e47a93d58f76032a8521f661302ff,2,双,小
2026-08-06 08:41:44,85102003,0000000005128db37ce272c03810ff035f6d9553b0f14df49265c44b9c90f66f,6,双,大
2026-08-06 08:41:47,85102004,0000000005128db4b9f0cb280c3cadbe67fe0b05114f36af07ead5b1bfa379a0,0,双,小
2026-08-06 08:41:50,85102005,0000000005128db5dfba6bf799c68d4fe4edc1fe50451849c45e738615169030,0,双,小
2026-08-06 08:41:53,85102006,0000000005128db6f0f1e9cd47e8573ce7e10809725e7c9ea2e063bf79db220a,0,双,小
2026-08-06 08:41:56,85102008,0000000005128db8947c3338872ef81614551919c0f7b38f50803fbb22bd638b,8,双,大
2026-08-06 08:42:03,85102010,0000000005128dbafafc0c269f8076384e5c58def39fc392e2a2a4c0b52b7b4d,4,双,小
2026-08-06 08:42:06,85102011,0000000005128dbbe84adf990a9d3e4fec6f04f2cb987e27a92a65b596f0715a,5,单,大
2026-08-06 08:42:09,85102012,0000000005128dbcae3641f1473a5e5f37815b647dbd15a56ea53ae1af6570a9,9,单,大
2026-08-06 08:42:15,85102014,0000000005128dbedb90351ab6309284473aa24e50d68cab5092493df3e9fd86,6,双,大
2026-08-06 08:42:18,85102015,0000000005128dbfefa5e01fd280ee20be9081cc380b6fd9cf75fe61f22ff60a,0,双,小
2026-08-06 08:42:22,85102016,0000000005128dc02bb925396c240a021a9bb945df6e93c3053fb70e5e8b8391,1,单,小
2026-08-06 08:42:28,85102018,0000000005128dc2271c7544801e9b679b00e81dcca64b794f65d3f72736a31b,1,单,小
2026-08-06 08:42:31,85102019,0000000005128dc378ab7d8aec90862485f00b91e03ce8c8f09745472d283fc2,2,双,小
2026-08-06 08:42:34,85102020,0000000005128dc47195a659d733731f8b90ac4f62e70a6a24c8b176d93ebeaa,3,单,小
2026-08-06 08:42:37,85102021,0000000005128dc5401c25e0b49c8e46c155f9ae9014d27fbb0676d5d0a239ef,9,单,大
2026-08-06 08:42:41,85102022,0000000005128dc64f8836f7413de4eecbe7c82384455780fb00b8ef0865bc2f,2,双,小
2026-08-06 08:42:44,85102023,0000000005128dc737d9bf947e83fb339d9e48f89167ad2efa2a17c3ec4bfd90,0,双,小
2026-08-06 08:42:47,85102024,0000000005128dc86157dbcd37750ee739a2c12298b9ade83ba4384e24bb3090,0,双,小
2026-08-06 08:42:50,85102025,0000000005128dc9c280fbd6e16623604cbe88bc26ce73e99357300f581e4e7b,7,单,大
2026-08-06 08:42:53,85102026,0000000005128dca905e24478d21942d737081ec5ee1c306a19d6ced14002541,1,单,小
2026-08-06 08:42:56,85102027,0000000005128dcb3902fe1549b076f235fd5ee54dc038fe7a4d676b674ce9ac,9,单,大
2026-08-06 08:42:59,85102029,0000000005128dcd8cc5ca89d2018a54e3104ad58071c5a8138b5ad041b2bf4f,4,双,小
2026-08-06 08:43:03,85102030,0000000005128dce75003796a977c0ea46fb09f6367d0f59063c259c5eb3ff72,2,双,小
2026-08-06 08:43:06,85102031,0000000005128dcfaaf26fc64ad92f7b04611257dc8e83f7765c62fd1368129b,9,单,大
2026-08-06 08:43:09,85102032,0000000005128dd03f2863bf1aa41afdabd1e7ef89d822efc139acfc13a774eb,4,双,小
2026-08-06 08:43:12,85102033,0000000005128dd1d22a3b7593f122974e399d009dd9404c1540fa11289985cd,5,单,大
2026-08-06 08:43:18,85102035,0000000005128dd3d7a655ffa7e6738b82dac5bc0184e39df69f63d02b76db74,4,双,小
2026-08-06 08:43:24,85102036,0000000005128dd42b58497020deb0f69413dab912c8260f751436aad5249da4,4,双,小
2026-08-06 08:43:27,85102038,0000000005128dd686dea7e64e776041e0c341c8708acf2a2b2ef43fe8c1ba1d,1,单,小
2026-08-06 08:43:30,85102039,0000000005128dd7e22d2b47c1113dfa3ae9e5191693c612ac718d74d8cea830,0,双,小
2026-08-06 08:43:33,85102040,0000000005128dd84c1a8d2fe323aad8b14e234b87fabb624865359c14494521,1,单,小
2026-08-06 08:43:37,85102041,0000000005128dd9c932b3a0457950678b34e7e52380fd1df5be67076e294ee8,8,双,大
2026-08-06 08:43:39,85102042,0000000005128ddadfaa1bdeae19ad5d69a3ec61450cc7522e9bd9fb8b817c01,1,单,小
2026-08-06 08:43:42,85102043,0000000005128ddbc782dda75fe5c5cc60d0a067f30fc4b7acac03aecd758771,1,单,小
2026-08-06 08:43:45,85102044,0000000005128ddca77e8428d331e70b1c3ec28e9c74f9facbea79698a5cb734,4,双,小
2026-08-06 08:43:49,85102045,0000000005128dddcf9660a5bfcb1a6bab20b0c2b7a77dadd0de1fea1620b315,5,单,大
2026-08-06 08:43:52,85102046,0000000005128dded1bdf5aff2cba4bd80acff4f3c831ed9ca3ddf1f054498ba,8,双,大
2026-08-06 08:43:55,85102047,0000000005128ddf98844b432ef47b3f198b23f490990d669346c95475aee201,1,单,小
2026-08-06 08:43:58,85102048,0000000005128de0343f48226c3f9119bb42d4cc7020780ad3b7ada070b95668,8,双,大
2026-08-06 08:44:02,85102049,0000000005128de14af4b1caa04ae33d9aefe8ce78708c52fa5e66a3346ffd1a,1,单,小
2026-08-06 08:44:05,85102050,0000000005128de27fb1b6304ff7eab2036f3ff0c15505df88090196bac1fd48,8,双,大
2026-08-06 08:44:08,85102051,0000000005128de308c867b250e22c0ace2e47980ac7c4b22a0690fd0a8d8cc1,1,单,小
2026-08-06 08:44:11,85102052,0000000005128de47af0576bafda7689f21a3366635f9d4848fdcc237dcae493,3,单,小
2026-08-06 08:44:14,85102053,0000000005128de5ded0026b9665a55b0d8808b5bd4845222f849026b9c88e84,4,双,小
2026-08-06 08:44:18,85102054,0000000005128de6edfcc169b88c2362c65ceb6de6c419c66c81eccb296023de,3,单,小
2026-08-06 08:44:21,85102055,0000000005128de7c6238fb6d9d8f88311eda485c86661825c4c420c5e8914fd,4,双,小
2026-08-06 08:44:24,85102056,0000000005128de809c2324db7b7b2c43b8bb4f852b4647b01baac7a6573b623,3,单,小
2026-08-06 08:44:27,85102057,0000000005128de91d235d2c9680bfb3c496405a99b7a00aa3eeac9e6668c205,5,单,大
2026-08-06 08:44:30,85102059,0000000005128debf2ccd09eb2c2add5aadfd2fde2d833a71f54f30a9fdb424e,4,双,小
2026-08-06 08:44:33,85102060,0000000005128decaf48315d670580a9d703d03ec21882ab58cc34aae18f2bfa,2,双,小
2026-08-06 08:44:36,85102061,0000000005128dedd0f5845d9d8eab088d81990cff2b1a550870fdaae5408b8e,8,双,大
2026-08-06 08:44:39,85102062,0000000005128dee8cb074ee392a203f7fa0744928aaf324e9e05e11673bc0fd,0,双,小
2026-08-06 08:44:42,85102063,0000000005128def21b3bcc58802116eb9a1b1de50059d817f64b1f3cbf4fe78,8,双,大
2026-08-06 08:44:45,85102064,0000000005128df04c76fdc9861311ea7b0a5c8095b71d2d70f48692c9147669,9,单,大
2026-08-06 08:44:49,85102065,0000000005128df17c97383ed577a461b91e53619c2b57d3a77351da45767895,5,单,大
2026-08-06 08:44:52,85102066,0000000005128df24a88b19bc256e28167b84f09905152e0fa10048707a8ecc7,7,单,大
2026-08-06 08:44:55,85102067,0000000005128df3befe92ffb8409c77f96861bd5a9247feb5541bea51c13a16,6,双,大
2026-08-06 08:44:58,85102068,0000000005128df4c15b54a7e8ff1c086600b75ed32ce79d5b72c05f6ef90d83,3,单,小
2026-08-06 08:45:01,85102069,0000000005128df556f1fd31c90c38673ee0cce2e17d662e56fd2e61acb64686,6,双,大
2026-08-06 08:45:04,85102070,0000000005128df6f7f70fc5e89b2ac2fda0cfe68b128346e342818b6e186c9a,9,单,大
2026-08-06 08:45:07,85102071,0000000005128df7bb391800738becd95c725510dbf2c935b0c5b7b92933f19f,9,单,大
2026-08-06 08:45:11,85102072,0000000005128df89a73f4fb420d75a0c3e5e34bd8aa9b661f3ba2550742d420,0,双,小
2026-08-06 08:45:13,85102073,0000000005128df996545d3b958a0e5df6c75aeb023258522b7c932a241bada1,1,单,小
2026-08-06 08:45:17,85102074,0000000005128dfa86f6825c93519350b99132e2ab88705bff0c750917634d27,7,单,大
2026-08-06 08:45:20,85102075,0000000005128dfb23965a5b0cc87dd23f58bd2ca832a70f8d37faf2989c5b8d,8,双,大
2026-08-06 08:45:23,85102076,0000000005128dfc4bef5d19a9e0254d480ad0e32b25cdc4a83ddf54be05cf81,1,单,小
2026-08-06 08:45:26,85102077,0000000005128dfdf656512a37aecccbff4892e02d343ecac8f66251c0150d87,7,单,大
2026-08-06 08:45:29,85102078,0000000005128dfef7141962e728a426f451a1d9d51b1d7d43b2ebbd41444f65,5,单,大
2026-08-06 08:45:33,85102080,0000000005128e00ca84fce203d1b6bfd299bb5648730f99465d3917f6982ade,2,双,小
2026-08-06 08:45:36,85102081,0000000005128e014d7b6004eca90505ca91c24b7c8a94c2623c45520da806cf,6,双,大
2026-08-06 08:45:42,85102082,0000000005128e027c6b853390edb9720d97aa5e9fa08a20e7f2fa4ddda5627a,7,单,大
2026-08-06 08:45:45,85102083,0000000005128e03a860ec62745b56e0d7b4f12812989ff2edf470fc15cfd65a,5,单,大
2026-08-06 08:45:48,85102084,0000000005128e04f50d4122bb4901e8adaaa9989bfa9162205679f8c52108cc,8,双,大
2026-08-06 08:45:51,85102085,0000000005128e05c1f0346221f3d4acdc09c193f02844da1caa047bf97e0312,2,双,小
2026-08-06 08:45:54,85102086,0000000005128e060ed9f845dffb4aaab96d4a97ee3339fafd0910b147d311bd,1,单,小
2026-08-06 08:45:57,85102088,0000000005128e088d57c1101192b977e677b18ab2deddd254fc3731eb291231,1,单,小
2026-08-06 08:46:00,85102089,0000000005128e09ef66fe8a97d2e22466ace6022be7072ed1638a1cd503873e,3,单,小
2026-08-06 08:46:03,85102090,0000000005128e0ad8865200a93470a3e96cc64286c9fa901b12cf24715c4b07,7,单,大
2026-08-06 08:46:07,85102091,0000000005128e0b31ad560684463767410fd2f4e2b7e0bf92c9839352550d90,0,双,小
2026-08-06 08:46:10,85102092,0000000005128e0cde9b421e2400bbc9e98cef4c24136993037d164be8d34b4d,4,双,小
2026-08-06 08:46:13,85102093,0000000005128e0d0df2d2a7da152437aaa04ccdb6b323884a0eedb2863fba8e,8,双,大
2026-08-06 08:46:16,85102094,0000000005128e0e921c1d437224e175b5e7af3e77650231976750970178752e,2,双,小
2026-08-06 08:46:19,85102095,0000000005128e0f230c2015f80a990b14df9ad2e3125d872880209e6f656192,2,双,小
2026-08-06 08:46:23,85102096,0000000005128e1084520aecc91a36223f69609e79a338496fcf64c49ef0af8e,8,双,大
2026-08-06 08:46:26,85102097,0000000005128e11d367e85672db29f05641b0885c336e68bc21f609856bd018,8,双,大
2026-08-06 08:46:29,85102098,0000000005128e12beb54a40e4ca9ed2fb31d562abb5715e8ce46adae41552a0,0,双,小
2026-08-06 08:46:32,85102099,0000000005128e13b958497a7dd88d3bd83e8c7053ee3925cf55495f146f464e,4,双,小
2026-08-06 08:46:35,85102100,0000000005128e14585d9a9f9c386723e7854613d183d5e2f659024888102be5,5,单,大
2026-08-06 08:46:38,85102101,0000000005128e152f7a766df37fb5b567f12d80254e7ab16445ad7358c81c70,0,双,小
2026-08-06 08:46:41,85102102,0000000005128e16a2e8fef7aac40d067cd808ac3eba9d03260544f368d5419b,9,单,大
2026-08-06 08:46:45,85102103,0000000005128e176df4acced950b4dcaa9ddba3718652de728934e6c506379c,9,单,大
2026-08-06 08:46:48,85102104,0000000005128e18615b7532d75378a89adc5c8bc2ec121adeae609d054e0cdc,0,双,小
2026-08-06 08:46:51,85102106,0000000005128e1a787bf98d46ed69d0e5c0c19135618458a224c2df1fb32860,0,双,小
2026-08-06 08:46:55,85102107,0000000005128e1b7de2b0325cac2968c697f5483b07b7df6a19fbf05bb8f659,9,单,大
2026-08-06 08:46:58,85102108,0000000005128e1c25516a119885aba9206939ad90545839e31b559a93496488,8,双,大
2026-08-06 08:47:01,85102109,0000000005128e1dffb14e425043685b6107105a6ea4d338a852edf8f56d3728,8,双,大
2026-08-06 08:47:04,85102110,0000000005128e1e708bc6e451f40edefc3c9634ea73919445f803404819c4f3,3,单,小
2026-08-06 08:47:07,85102111,0000000005128e1fd87d1b61fffdb6c4d0324c18d5c09a8cfc2b3e4a2f61c90e,0,双,小
2026-08-06 08:47:11,85102112,0000000005128e2007d59c492472aa1e6638def9277bb294d58cf5f7292284b0,0,双,小
2026-08-06 08:47:14,85102113,0000000005128e2142bd576e8725c694e66dbcb7b0d695bbc519dd0e900a937e,7,单,大
2026-08-06 08:47:17,85102114,0000000005128e222de1b0ed642ed5e8b3f0ce160aa9ccfda32cdefac30c3e7e,7,单,大
2026-08-06 08:47:20,85102115,0000000005128e238d9a036c78421ce90178770110a5bbf17e02ea1b070f7d98,8,双,大
2026-08-06 08:47:23,85102117,0000000005128e2513e37e1ef7d361da91f8b454ded353e9fc9c5a01b3a2d40b,0,双,小
2026-08-06 08:47:29,85102118,0000000005128e2603ff7d735f0d12fb511c9ee0534320af076418a449196ae8,8,双,大
2026-08-06 08:47:33,85102120,0000000005128e28c7a8590ac58371fbd5125e4683c627be8f0267589038ac99,9,单,大
2026-08-06 08:47:36,85102121,0000000005128e29b979f877bb50961c67707bbcf3ff1dbff9b2748d469bff11,1,单,小
2026-08-06 08:47:39,85102122,0000000005128e2a9bfba1fe717943421dc207e47beab798d452e832d0866ceb,6,双,大
2026-08-06 08:47:42,85102123,0000000005128e2bc0ab4d6a67c6b45f14d0bda005d8c7f25325aff9a0f3debd,3,单,小
2026-08-06 08:47:48,85102125,0000000005128e2dc154e2cdc53a392f15e98b4fdaea1d6bbad9cfbfd1352a87,7,单,大
2026-08-06 08:47:51,85102126,0000000005128e2e92e0030a698aea41ab1756436db7b45ca4c9830a530a309a,9,单,大
2026-08-06 08:47:54,85102127,0000000005128e2f19eeb5c18f9f2bd4ec8894c08671732d2d89fb855e41c1bc,1,单,小
2026-08-06 08:47:57,85102128,0000000005128e30a2ac18da7055609b878c04ae1b10946661c793ba72552d16,6,双,大
2026-08-06 08:48:01,85102129,0000000005128e31587e80854c1b8da84da3f86ddfb37b5b01925272854152ac,2,双,小
2026-08-06 08:48:04,85102130,0000000005128e324297f268ab25634e3b046621f5a55f946ec2a7a9af54f4b4,4,双,小
2026-08-06 08:48:07,85102131,0000000005128e33523a60afa46bf50474c542f6fc89bff2cc44ca91247462b4,4,双,小
2026-08-06 08:48:10,85102132,0000000005128e3474d0cc2e6d6560ac2975c701c6e2d86580b5a2609a51330c,0,双,小
2026-08-06 08:48:13,85102134,0000000005128e361cba818e0db5075bfbc1444e6a2fd7c544ea804830a6e103,3,单,小
2026-08-06 08:48:16,85102135,0000000005128e37039abecc7cda2d1405bb7b76c734a765b204592c001a5e32,2,双,小
2026-08-06 08:48:22,85102136,0000000005128e387b2307235626268b8c011d1cf4f6f7942318d671020e7f0b,0,双,小
2026-08-06 08:48:26,85102137,0000000005128e39c8639e2ce9a354487489f6307136fc641561a454a67831ce,1,单,小
2026-08-06 08:48:28,85102138,0000000005128e3a01c506e4ef4fee8c5fe4a792627eca5db5e7f750240e22b1,1,单,小
2026-08-06 08:48:31,85102139,0000000005128e3b0f3c873b9beb2f248db25fcebd6bb994850363060c7bffc4,4,双,小
2026-08-06 08:48:34,85102140,0000000005128e3c19347313722cedc288621393b0a2bf2167f6957953467ae2,2,双,小
2026-08-06 08:48:37,85102141,0000000005128e3d8172f0be49b778727318aed82e882f4a1f46f74c2cb9c5e7,7,单,大
2026-08-06 08:48:41,85102142,0000000005128e3e5eab05449621ac9e7e89edb18ace4ac447064199cb5f4c58,8,双,大
2026-08-06 08:48:44,85102143,0000000005128e3f2f1b24f99d6a4f1b1d827d9f65bf6aa8e52edeb84d64f906,6,双,大
2026-08-06 08:48:47,85102144,0000000005128e40d83b8e98c7420404c9dd612ce7c74b7de0ae0dc59d9dff07,7,单,大
2026-08-06 08:48:50,85102145,0000000005128e4191ba017b820ad5043b21c6a5817618dba17f400ddaade04e,4,双,小
2026-08-06 08:48:53,85102146,0000000005128e4262b0ef9945722a9ec0f3f1a30d778d5b42cb4eefec3837e9,9,单,大
2026-08-06 08:48:56,85102147,0000000005128e43b529cf1c94782ef8f34259c123662d88535f559953ed17c3,3,单,小
2026-08-06 08:48:59,85102148,0000000005128e44cf38e9dc6d8e1d6893e16f2490b25083ee69af19a3262222,2,双,小
2026-08-06 08:49:02,85102149,0000000005128e4517b827b934261e544fe818f6c0782ab308b8a2fcd459f3f5,5,单,大
2026-08-06 08:49:05,85102150,0000000005128e46759c0760099a443ad7f24ea7220d44ff9e59bfdbf1ae4abb,4,双,小
2026-08-06 08:49:08,85102151,0000000005128e47c4884f759cd95c3050a3bb56dcd962062d272f8a0c25ef3b,3,单,小
2026-08-06 08:49:11,85102152,0000000005128e48caac53b2b5d5323b6d6c4fb985190420301c9a8edd2124df,4,双,小
2026-08-06 08:49:14,85102153,0000000005128e49e0594ff1b2bdfc11a1c5880892c77f98ebf525c6cc50ab78,8,双,大
2026-08-06 08:49:17,85102155,0000000005128e4b6894e17416f24eb965d2aef639f5db3c493332a97120f08b,8,双,大
2026-08-06 08:49:24,85102156,0000000005128e4c2901e6e2f65cd50124d8b4437a43b76f90f7ad81c9be7e3b,3,单,小
2026-08-06 08:49:27,85102157,0000000005128e4d50bc11671031a7d2a3b313a5bd3f37e865a3392a27d59f78,8,双,大
2026-08-06 08:49:30,85102158,0000000005128e4e4523ee3d53185bd098ba1e1d37f1bf4699ecd51aa7d400a1,1,单,小
2026-08-06 08:49:33,85102160,0000000005128e5035de94572dc70c96d3b28a6e127bf0e40458c74a21e99655,5,单,大
2026-08-06 08:49:36,85102161,0000000005128e51d257a58fff05907a950b7f20df6fc5a5eca55eea58b1edab,1,单,小
2026-08-06 08:49:39,85102162,0000000005128e5226446d4dc981367e16c0936dd176865144d79b14a9eaa50a,0,双,小
2026-08-06 08:49:42,85102163,0000000005128e538bc1d69351776e061333fa4ceca937b76f8a7a0de738f88d,8,双,大
2026-08-06 08:49:45,85102164,0000000005128e544ebc7bf5babc22feec7076b080f08ac95c81f4a09a7e1379,9,单,大
2026-08-06 08:49:51,85102166,0000000005128e561619d1e1cf5800d288bffe71dc34dc0df238f4709d465ebc,5,单,大
2026-08-06 08:49:54,85102167,0000000005128e57529ff726ee3a7611b60684eccdc027ca086573ce0b0cc609,9,单,大
2026-08-06 08:49:57,85102168,0000000005128e5849265385006193dc73dbd402c2a80f315ee10d8c68527b75,5,单,大
2026-08-06 08:50:00,85102169,0000000005128e59bb40a88fd6d43aef625ced62885f6e8851936631140d8ae7,7,单,大
2026-08-06 08:50:03,85102170,0000000005128e5a11aa625af198c92a575956725433277878b62dc24612b211,1,单,小
2026-08-06 08:50:06,85102171,0000000005128e5beddbd35730237cf76063374f7316341d45a4f08ff21b2a7b,7,单,大
2026-08-06 08:50:09,85102172,0000000005128e5cae2f65fa3974beae2435b38d6e218d7c3a15350d54fcf4e3,3,单,小
2026-08-06 08:50:13,85102173,0000000005128e5d3c240611fae2a3c829540a7f80d567bc8e6e9aec07b219cb,9,单,大
2026-08-06 08:50:16,85102174,0000000005128e5e95def9b27d9dd154b3d5467ce0165faa3877dc9fb3cb5a6f,6,双,大
2026-08-06 08:50:19,85102175,0000000005128e5fba6566bdaa6f177e9651d17bd71239048430dcb7a7cc1c0c,0,双,小
2026-08-06 08:50:22,85102176,0000000005128e60c1683e925990d48c6bc1176ccd5d38e19fc28aa9e6616f4b,4,双,小
2026-08-06 08:50:25,85102177,0000000005128e618d722f0d5c372ecc0fb5895e36d339b1628f9011b8b7172d,2,双,小
2026-08-06 08:50:28,85102178,0000000005128e62b07576f5c89b4bad3f7b2872f8be57b1f841c73201972d0c,0,双,小
2026-08-06 08:50:31,85102179,0000000005128e630815ab365b17e824e658c0c2eaf65b7202e25f8ed424635b,5,单,大
2026-08-06 08:50:34,85102180,0000000005128e648e0695607ac50cf556c85ab075c1a85ed9d4daabba8d4611,1,单,小
2026-08-06 08:50:37,85102181,0000000005128e6539fcd9639eb78617d3574bd7c637d874aa3e039d5e92e952,2,双,小
2026-08-06 08:50:41,85102182,0000000005128e66b47dcfcfdf6972f63d2fb7b069d2408cfb8be5cbd9f81bdd,1,单,小
2026-08-06 08:50:44,85102183,0000000005128e67a141f23aad800c39f38ba3200f39b82ec6238d88113c5f8e,8,双,大
2026-08-06 08:50:47,85102184,0000000005128e680582dfeca7293598d260b214feecdae44ba00065d093cd13,3,单,小
2026-08-06 08:50:50,85102185,0000000005128e695a56b9276d5f9bc2e8e9ab29eb1a33546b25d3f62036367f,7,单,大
2026-08-06 08:50:53,85102186,0000000005128e6a0c764adb756816272c1bee75aa04aa8736b83c20965c987b,7,单,大
2026-08-06 08:50:56,85102187,0000000005128e6b74fd3459a364e7b3f3faf0b6d3b444774e38c7ccd3a332ac,2,双,小
2026-08-06 08:50:59,85102188,0000000005128e6ccfccb3f6bc844d1ecefc9a0c285ea8f7fa59174625ad6f5e,5,单,大
2026-08-06 08:51:02,85102189,0000000005128e6dedd5a1957cddefe18bba69abb4c60810a9d19ed73763a538,8,双,大
2026-08-06 08:51:05,85102190,0000000005128e6e988c8e67430d8998b816d4240578c474b505a9995b467610,0,双,小
2026-08-06 08:51:08,85102191,0000000005128e6ff5fb271190dd19465594a6f703ff713c17a3837f4cfea266,6,双,大
2026-08-06 08:51:11,85102192,0000000005128e70160ec394434f30b85b6f2d6e175b4bb363a2d8a70e07e99d,9,单,大
2026-08-06 08:51:14,85102193,0000000005128e71e2789d30344b7a4a070c40500e8951ac96352e26639aef69,9,单,大
2026-08-06 08:51:17,85102195,0000000005128e73ed127c761213eb06a1430f6bd8f19b91403b1c702c5cbb7e,7,单,大
2026-08-06 08:51:24,85102197,0000000005128e75ba2ce2374a32b401a4ed643151ed7693eb95f2d2c63f1e0f,0,双,小
2026-08-06 08:51:27,85102198,0000000005128e7602fe239d02418af166ce856fba2f3d324b2a46ca9f49fe53,3,单,小
2026-08-06 08:51:32,85102199,0000000005128e77546f70c15da46f6fa587c72b9c6f333e53dfdc9f87d65bc3,3,单,小
2026-08-06 08:51:36,85102200,0000000005128e78d2c1cc2a8b804aaff043d651f8217c69de1f790e8e73e78e,8,双,大
2026-08-06 08:51:40,85102202,0000000005128e7a3ba30788d8fdc7db2df48302be216113682d28b17cbf05ee,5,单,大
2026-08-06 08:51:43,85102203,0000000005128e7b8d2dda4402aafd1bc43945275bfe0174f947d99030cb9d2c,2,双,小
2026-08-06 08:51:46,85102204,0000000005128e7ca76b77f975ec7d0e308c54193b165987c64d92ff14adb90f,0,双,小
2026-08-06 08:51:49,85102205,0000000005128e7dec933551695cc010df291cc7785a87b102867cc5dbb2cdcf,2,双,小
2026-08-06 08:51:52,85102206,0000000005128e7e6b5b9e5e1a4c37525597d6ff7767b6b9ed97b8fa26123803,3,单,小
2026-08-06 08:51:55,85102207,0000000005128e7fc8c09210ef747531611067c8a840f0e8890803eccc23a74c,4,双,小
2026-08-06 08:51:58,85102208,0000000005128e805aa6ffda8b4d38775000113db1544bd2fcba13e582f34cb1,1,单,小
2026-08-06 08:52:01,85102209,0000000005128e81f130803ff62b12b8a44f5afabc5989fb597edc4d3c15174b,4,双,小
2026-08-06 08:52:04,85102210,0000000005128e8279cf75410562815f8ade802a668d8145e9183d2991622e6e,6,双,大
2026-08-06 08:52:07,85102211,0000000005128e839711fcaaa71655f23cb6198bc18de32dfb4fec05015734b5,5,单,大
2026-08-06 08:52:11,85102212,0000000005128e849ed6bc9c94560fd73c54097989c5fd5583ab9a6d225e1d5e,5,单,大
2026-08-06 08:52:14,85102213,0000000005128e855b669fdfb20119f116bcc5722736ef43c7c0078ba4b09b0c,0,双,小
2026-08-06 08:52:17,85102214,0000000005128e86e80f083524d2a56d44b131df13b52546efda7dba5a02b28c,8,双,大
2026-08-06 08:52:20,85102215,0000000005128e87b0e569ec417fa78de44546d323e58adab0d78c51a0c9eed0,0,双,小
2026-08-06 08:52:24,85102216,0000000005128e88673bc7ba0b65b700143cd29a3679156f1faa301d07bd43b2,2,双,小
2026-08-06 08:52:27,85102217,0000000005128e892d5717b9654c32a78fd31d583c20956b645531119a7da60e,0,双,小
2026-08-06 08:52:30,85102218,0000000005128e8a0f963deb7fb4859a675fb46a969d3162da37d82db8ac184a,4,双,小
2026-08-06 08:52:33,85102219,0000000005128e8b1a817f9c2a1430c32d2a33814220ba2640c1f762d4e09a61,1,单,小
2026-08-06 08:52:37,85102220,0000000005128e8c9cfbd1474fc92b5587d2a72e26cab8a78ca723b3fa888217,7,单,大
2026-08-06 08:52:40,85102222,0000000005128e8eed7c1bed427f17307d1d35c0c408384981c1b6e0d87b276b,6,双,大
2026-08-06 08:52:43,85102223,0000000005128e8f0660f2dc989ab6c28a3b5ab567f30f219679f74fd1225115,5,单,大
2026-08-06 08:52:46,85102224,0000000005128e90f75359adcf1381b6895198d9ef5d1300e3eddf27fb03210d,0,双,小
2026-08-06 08:52:49,85102225,0000000005128e914908067fb74729e0bfb857a7de20729d36690a5325b17b90,0,双,小
2026-08-06 08:52:52,85102226,0000000005128e9270ae38a234452a918038bdb262c05c9028e46d56fddfe4ef,4,双,小
2026-08-06 08:52:55,85102227,0000000005128e939c8b405038163230a66a17c187099f0f82d95e8e8c7f40cd,0,双,小
2026-08-06 08:52:58,85102228,0000000005128e943dd448f97de6ec0d4f8bb0a53dec7863ea9fa87ae05fafb9,9,单,大
2026-08-06 08:53:01,85102229,0000000005128e954b1824bac88599a8b7bdb105b98d2a5807a92e3e178d78a8,8,双,大
2026-08-06 08:53:05,85102230,0000000005128e96e33838408c198348f398efaf40c044e253cb017fad50bdf9,9,单,大
2026-08-06 08:53:08,85102231,0000000005128e97587290b9ab8828a9a5e9adcb206ebcedc153382334bfc650,0,双,小
2026-08-06 08:53:11,85102232,0000000005128e98260209a2d2242e6712251b9539c92aa355fecdafeafa53db,3,单,小
2026-08-06 08:53:14,85102233,0000000005128e99b28ec76126ea82b227fc7214cadf5c799259b74da2e7ff66,6,双,大
2026-08-06 08:53:17,85102234,0000000005128e9a8ee89d77c3b3295e0e7e61e6dc702ab2506f068cd6b10d75,5,单,大
2026-08-06 08:53:20,85102236,0000000005128e9cad4ef0911bc471fc764f86c489f8cb2b240b33384eb93125,5,单,大
2026-08-06 08:53:26,85102237,0000000005128e9daa83dc799d66a5c85f644ec02f52092b13fe62f545ac559f,9,单,大
2026-08-06 08:53:29,85102238,0000000005128e9ec033614afb9fb7190519e97e6384e8963c77299a30ba02ce,2,双,小
2026-08-06 08:53:32,85102239,0000000005128e9fb126e180a4d5c246c774c57a35e674a2f4ac7bfefed7bce8,8,双,大
2026-08-06 08:53:35,85102240,0000000005128ea099472b9252fa6ce60cf6df06d5a2d217f5a400e1a293fc08,8,双,大
2026-08-06 08:53:38,85102241,0000000005128ea15640303d690d18c662d14576009f1888dd91445da75799e9,9,单,大
2026-08-06 08:53:41,85102242,0000000005128ea2d17070472191417a760d0d8e92b8e42cc653becfb5118076,6,双,大
2026-08-06 08:53:44,85102243,0000000005128ea31eab90d41aef650f2487e14fbef2ef0920bd87a7f7b217b5,5,单,大
2026-08-06 08:53:47,85102244,0000000005128ea47d6552e41540dba8909577e50830e943f149c1c385d978a9,9,单,大
2026-08-06 08:53:50,85102245,0000000005128ea5970af74756cfb93fa5e1a944593b15230f99de068f200f9c,9,单,大
2026-08-06 08:53:54,85102246,0000000005128ea6274ea629d92e3cef06b370d5cb3455326617bf2007b0997a,7,单,大
2026-08-06 08:53:57,85102248,0000000005128ea81ab8508ef71e96268a733f3fdf56cfe652ba90882316ae0b,0,双,小
2026-08-06 08:54:00,85102249,0000000005128ea9fab542abcbe3a8db35929e413fd2877f5a77cc38131f5a75,5,单,大
2026-08-06 08:54:06,85102251,0000000005128eabc07f8c32edd240d54b7c36f0b152658912a7ca886512b006,6,双,大
2026-08-06 08:54:09,85102252,0000000005128eac88d7968620589264b45e31a5776341a7b0137cf9858efcd4,4,双,小
2026-08-06 08:54:12,85102253,0000000005128eadd2830955e0b1067d3ee7836fdad83761ea540a6fe9b88257,7,单,大
2026-08-06 08:54:15,85102254,0000000005128eae3608fe50d6a13cfdd84011eccba3f0db2b5c06efc587816f,6,双,大
2026-08-06 08:54:18,85102255,0000000005128eaf95c7a0ccf7620f361fc6048d316d50143e94385cbf7e8aeb,8,双,大
2026-08-06 08:54:21,85102256,0000000005128eb0e54dc307a29d88d5c456d73bb22bc3246cbd474d12eff771,1,单,小
2026-08-06 08:54:24,85102257,0000000005128eb1aac24f42194adcb4046bddeca4afc6698d539ac398da07f9,9,单,大
2026-08-06 08:54:28,85102258,0000000005128eb295909e6473efcdeb1a09347b12f588bd0fafeb642274c1dc,1,单,小
2026-08-06 08:54:31,85102259,0000000005128eb3b22edc3e3abc7f05e1beab2f5bebd1229147164d97714e1e,1,单,小
2026-08-06 08:54:34,85102260,0000000005128eb4facab27e1d449f3b5d0919b3bc0362f8a426ce13901a0186,6,双,大
2026-08-06 08:54:37,85102261,0000000005128eb585d403c6edc6c7138b9cff950be6464284043fd64c42dae6,6,双,大
2026-08-06 08:54:40,85102262,0000000005128eb6ae5d8a7c262cb8880b6d053e222feb516d0978629e38e43e,3,单,小
2026-08-06 08:54:43,85102263,0000000005128eb7e136e0205d16aa361094606325dfe19bff85438d2e5a579e,9,单,大
2026-08-06 08:54:46,85102264,0000000005128eb808f957f770ff07e1a0e74881614d5e0da0490b384a2b2f06,6,双,大
2026-08-06 08:54:49,85102266,0000000005128eba8f2b8859e63816d9de60fe4989366cc04aaf749c9624d7e0,0,双,小
2026-08-06 08:54:55,85102267,0000000005128ebbd83ec5ed99d15b1c45c2a92447cd0dac93724aa5369c1612,2,双,小
2026-08-06 08:54:59,85102268,0000000005128ebc366201a145d875240b34c3092d898ba181b3ffb4cf6a8127,7,单,大
2026-08-06 08:55:02,85102269,0000000005128ebd615f7b295fbc22c38d5943d27c6ad806b914a967983dbeaa,3,单,小
2026-08-06 08:55:04,85102270,0000000005128ebe7297b5ed4822d3b27a4776497248c09097b09b5ecab27c0a,0,双,小
2026-08-06 08:55:08,85102271,0000000005128ebf631fd8c543d7149bfa32c9f7ac1b4b73d3f3d91a2731a65f,5,单,大
2026-08-06 08:55:11,85102272,0000000005128ec06bf2e850f488ec81ef1d16680286bf72eeefab4112e89c4d,4,双,小
2026-08-06 08:55:14,85102273,0000000005128ec17340049ef57fc166daf276d7d3276c420228d4d4180b86c7,7,单,大
2026-08-06 08:55:16,85102274,0000000005128ec2b20761c6ec65deff35822e348ada411de94187ba49dadafe,9,单,大
2026-08-06 08:55:20,85102275,0000000005128ec36b15a56a37faa30859912f690c3f8a57406bc7e824e4d91f,1,单,小
2026-08-06 08:55:22,85102276,0000000005128ec4b346d2da0f44210544c38f5eb18ef3e26aebc27e40d3d980,0,双,小
2026-08-06 08:55:25,85102277,0000000005128ec5c90339746d1e59f7deb1c4f755b50dd57b48b9538fd7fa25,5,单,大
2026-08-06 08:55:29,85102279,0000000005128ec7da6c039538fea7e0f733290d783c4a7712006dc442cd8dbe,8,双,大
2026-08-06 08:55:35,85102281,0000000005128ec9645a2af25ef1119dc0d9a70e852ef7a0076bd033d5e2c543,3,单,小
2026-08-06 08:55:41,85102283,0000000005128ecb081a648f50049b722f4a0a8158a3d40893a1dda6e5137bac,7,单,大
2026-08-06 08:55:47,85102284,0000000005128eccd9a7e689a6e90a490c760c570f9d5324dcf6cdce3c87d528,8,双,大
2026-08-06 08:55:50,85102285,0000000005128ecdb597d9ec8cbc7b1f0e698afd0f1049d85f56650d0d70fa5f,5,单,大
2026-08-06 08:55:53,85102286,0000000005128ece86e7267794e307449ec1c329d5206d6c9a6fe4912278700d,0,双,小
2026-08-06 08:55:56,85102288,0000000005128ed0afe33565e778853731a8badd7fe695051cb453894d6e7b36,6,双,大
2026-08-06 08:56:02,85102290,0000000005128ed2e8946e34a56cc0285d5481b76f2c4100dd517e6e63488ad3,3,单,小
2026-08-06 08:56:09,85102291,0000000005128ed3da0e62e887074b308059589bc670b8ac4afaa2da64b73cdd,3,单,小
2026-08-06 08:56:12,85102293,0000000005128ed501313b7d6cc5152768448a47b622e85cd6fada2921e1e7d0,0,双,小
2026-08-06 08:56:18,85102294,0000000005128ed6563f2bbd5e8b2a8fd291167a9aab4652751d57a9a6f6f537,7,单,大
2026-08-06 08:56:21,85102296,0000000005128ed8ab5739ba7673ce05db6e0701edf4f07b9d469bcade282675,5,单,大
2026-08-06 08:56:24,85102297,0000000005128ed9373eb203cac332b3887491d6a44a9d2d56f0149f1969f1f3,3,单,小
2026-08-06 08:56:27,85102298,0000000005128edaab659801ed0ee02338716c320e874b2f9d500d5b6723c985,5,单,大
2026-08-06 08:56:30,85102299,0000000005128edb958a973eb216dbc960df885291dbe6e3d11532ef3a1dec2c,2,双,小
2026-08-06 08:56:33,85102300,0000000005128edcfe8dbb5f1ba1592cf708830befe268fa4b6961b047573fdd,3,单,小
2026-08-06 08:56:36,85102301,0000000005128eddcaa4a7b510988a7c738437db0b60538516639b6a94af43f8,8,双,大
2026-08-06 08:56:39,85102302,0000000005128ede1a68ce92f8595496c0bbc75f2b2ea6319c7a61e36e3b6ea8,8,双,大
2026-08-06 08:56:42,85102303,0000000005128edf884dd0359f8802d3095c68d33d9c308b700ad97dacad78b4,4,双,小
2026-08-06 08:56:46,85102304,0000000005128ee0165497db5641094e548c0bb4f560f2a7bcf7ddee5b0bec1a,1,单,小
2026-08-06 08:56:49,85102305,0000000005128ee1321db91931e07158e9e0d247a2c8bc9aaef6fbc7e32e2524,4,双,小
2026-08-06 08:56:52,85102306,0000000005128ee2bf263b286e5692d1ba3224ad4e6ef528caf7d93693e834c5,5,单,大
2026-08-06 08:56:55,85102307,0000000005128ee3dc7e765008bd245e483ea988d5ad643c92cc797847d0042a,2,双,小
2026-08-06 08:56:58,85102308,0000000005128ee4c0d4fc7c8b1c0e89b2b98165d913707ef516bb36e478e922,2,双,小
2026-08-06 08:57:01,85102309,0000000005128ee5d0d17d8e5a11bf5328bc791916ea08fb7d7d9fff9ac3012c,2,双,小
2026-08-06 08:57:04,85102310,0000000005128ee60aac3880ce646f2f06de467749b3d270860e09a29b5ddc6e,6,双,大
2026-08-06 08:57:08,85102311,0000000005128ee701681ac31f205272ea277b6f1500e7f86d7993ff6526d006,6,双,大
2026-08-06 08:57:11,85102312,0000000005128ee8857fc15e393f8a87e8f67923e4b6c5c1d04e2114f53f67a1,1,单,小
2026-08-06 08:57:14,85102313,0000000005128ee99f4a2d3a53d03cc521d1eb9ac8032401c1acc68c4b3d0b5a,5,单,大
2026-08-06 08:57:17,85102314,0000000005128eea948bde9c45572088f651cd67d7e6ee29ec92f10de0494a05,5,单,大
2026-08-06 08:57:19,85102315,0000000005128eeb30ec85fc41ff43f6bdfcfc87117ab79820a0ee61cc9241d7,7,单,大
2026-08-06 08:57:22,85102316,0000000005128eec5992e89731a74e624058c52a4d1694dc64d5317a6f9bfac6,6,双,大
2026-08-06 08:57:26,85102317,0000000005128eed4a6cf9cd14835173bb3315269e719928cc97a252bdb93abf,3,单,小
2026-08-06 08:57:29,85102318,0000000005128eee616e5bf64897941213df6e6f7cbc9a82ddb636e599eff2e5,5,单,大
2026-08-06 08:57:32,85102319,0000000005128eef0e7213096140000282ae874359014216d037bd883f751fd7,7,单,大
2026-08-06 08:57:35,85102320,0000000005128ef07cdc7d216bd09ef00e4c58de5faad906e09d02c85b239c3f,3,单,小
2026-08-06 08:57:38,85102321,0000000005128ef1ce7073d93744cd255c16d30a80f98cd271866cf6fe2240a2,2,双,小
2026-08-06 08:57:41,85102322,0000000005128ef24ba9e2686fd765ce932443de2e44cfc2495286c02e86c9f2,2,双,小
2026-08-06 08:57:44,85102324,0000000005128ef4d0da42ed2b5e8cfd6ba4ffeacef7d45a78be8642c25af94d,4,双,小
2026-08-06 08:57:47,85102325,0000000005128ef564c2e2ef51a5781d763ef32f0faeb39cb00fb3b9151614e5,5,单,大
2026-08-06 08:57:51,85102326,0000000005128ef65a48cf32da7e3434a047b83426bb1a75a95331121581c930,0,双,小
2026-08-06 08:57:56,85102327,0000000005128ef70a24e92c9d6cea5a6cf31db12e6a3a79d77f221ced10d370,0,双,小
2026-08-06 08:57:59,85102329,0000000005128ef92fea30a323bfdd9003012f20f7e553537bca4bb82a23249b,9,单,大
2026-08-06 08:58:05,85102330,0000000005128efab8555ef721a63da0b470c2a41613ca68b8a9944c8caa434c,4,双,小
2026-08-06 08:58:08,85102332,0000000005128efc623185a13231d8b410160b38f1655b3dfdd76f2938a70ece,0,双,小
2026-08-06 08:58:11,85102333,0000000005128efd08c32e8a550e2106e78cc9a1efdbc20aabea41e01db4a2e0,0,双,小
2026-08-06 08:58:14,85102334,0000000005128efe2a01ea8621d10e3360499db2fc5f43a674d6f1154a4439f6,6,双,大
2026-08-06 08:58:17,85102335,0000000005128efff258f5a992e972aad8152db61f29ad6c20f9c5fc90405e7a,7,单,大
2026-08-06 08:58:23,85102336,0000000005128f000fce7755160c566e4ad7e0008cb073b851301e3c26372287,7,单,大
2026-08-06 08:58:27,85102338,0000000005128f025cfef00a472cec3f3153f63e31985586361bd5feaca632c7,7,单,大
2026-08-06 08:58:30,85102339,0000000005128f037cf8607cef158cfa32c0d86c019d36bf8ef50418c667bcd2,2,双,小
2026-08-06 08:58:36,85102341,0000000005128f055d38d7ad000a860b8906fff26a3eb895f52d72a5fd1d282f,2,双,小
2026-08-06 08:58:39,85102342,0000000005128f06849f8a4a9a02e9a2d5697aaa6e8e319e587b95263a707bb2,2,双,小
2026-08-06 08:58:45,85102343,0000000005128f0713bed6aeade42f8cfe22bf0f8e5bbc89713fe32b5099e2d6,6,双,大
2026-08-06 08:58:48,85102345,0000000005128f09cecfb25ea15a0a1d5e683326e26ac9ab1f42dd9f77c55450,0,双,小
2026-08-06 08:58:51,85102346,0000000005128f0a84cf07f3a1109dc774b2201a37ad57fa0cdd740c429772c9,9,单,大
2026-08-06 08:58:54,85102347,0000000005128f0b359aad4bdb33d4bb291c2398bcfc64ccd7ccaf06a894831c,1,单,小
2026-08-06 08:58:57,85102348,0000000005128f0c557406e41b660f85e5d08d6086e22d0b22c0d8d7cec751b8,8,双,大
2026-08-06 08:59:00,85102349,0000000005128f0d94f34dc6f9b62fc7c6ad119d81187673e6a6060aed273915,5,单,大
2026-08-06 08:59:03,85102350,0000000005128f0e73cae58261927e9f22ad554e84513cef17762f01af83abc1,1,单,小
2026-08-06 08:59:06,85102351,0000000005128f0f3bb90f8ff0c38b71996a5be321589eccc61764a57dd0a1f7,7,单,大
2026-08-06 08:59:09,85102352,0000000005128f101c01c6381b1966a6edbb1a5b5efd480cd8f0ce03f8158e19,9,单,大
2026-08-06 08:59:12,85102353,0000000005128f11db419603b1d6134f43bf54ab2190b633774d183c605d67bf,7,单,大
2026-08-06 08:59:15,85102354,0000000005128f1225cf6d174c979de40a5bfac81efeae34a15419f41ba0d206,6,双,大
2026-08-06 08:59:18,85102355,0000000005128f13fa373eebbdf9ba3981edd48c6381f368be1cb4ef866827ed,7,单,大
2026-08-06 08:59:21,85102356,0000000005128f14dbc938a4c9bf59ab05426b38fa515ad74368d3fa489c6ea6,6,双,大
2026-08-06 08:59:24,85102357,0000000005128f1526c6e17beacc3d333a46f0953990b9c899ebc41372fda9a8,8,双,大
2026-08-06 08:59:30,85102359,0000000005128f1773dde4530cf0b222b8a735bd3117c8d9649d34e20949e04b,4,双,小
2026-08-06 08:59:33,85102360,0000000005128f186e4564c90068d2492a93a9c375fec464f775a7a72bd63ec6,6,双,大
2026-08-06 08:59:36,85102361,0000000005128f1983937621a300fb1cdd918401d7824fe5526d5e3471ac797d,7,单,大
2026-08-06 08:59:39,85102362,0000000005128f1a0ee0947c8faf8f0f9f2f47d98b8a557090f665c79294ef27,7,单,大
2026-08-06 08:59:42,85102363,0000000005128f1b03bca0d8d5bd1a1a932a80223209da2e388a6b8da79e2d28,8,双,大
2026-08-06 08:59:45,85102364,0000000005128f1c0a7e6acc871c74906c1424ade9f51203a45024d2e1460664,4,双,小
2026-08-06 08:59:48,85102365,0000000005128f1d9de971ad02e9fca205a8dcc20e5870e8fc4dc0570fcf2f5d,5,单,大
2026-08-06 08:59:51,85102366,0000000005128f1ef7b9a26cc602b52caff9d3b12323dfe9b75ed0cb5a6ed86a,6,双,大
2026-08-06 08:59:54,85102367,0000000005128f1f44bdce6b75f03f01c78296ee6c01cf7bd706891b43c93cdc,3,单,小
2026-08-06 08:59:57,85102368,0000000005128f20d7a69e102fde3654fbb233098918af431adca7b7df79b930,0,双,小
2026-08-06 09:00:00,85102369,0000000005128f21c126fbd3025250fc112e148b30f7e8c45a1f4be12efca327,7,单,大
2026-08-06 09:00:03,85102370,0000000005128f2268a0bac4777cf23e71a1c74212d9aae4b2b74e4204fa5d6e,6,双,大
2026-08-06 09:00:09,85102371,0000000005128f23871dc87c1f5d0f502ab44d928b46ab9d1cfc979251477b46,6,双,大
2026-08-06 09:00:12,85102373,0000000005128f25ba9869e77de9a50d46d70f8f07d098b7c97b6f29ade18446,6,双,大
2026-08-06 09:00:15,85102374,0000000005128f261f0dc6936f3aefd18adf1c2376ba219e7adee75d5f301c2a,2,双,小
2026-08-06 09:00:18,85102375,0000000005128f270cfd02bd31b0dcae065ce396e48de715e1609b00f1c41a92,2,双,小
2026-08-06 09:00:21,85102376,0000000005128f28344a00fcf9bae51025062b8d37ececa7a6410c60d2f684ec,4,双,小
2026-08-06 09:00:24,85102377,0000000005128f29cc98248eb001a721599a507a1d5fe4d68f3ed1fa1ffa528f,8,双,大
2026-08-06 09:00:27,85102378,0000000005128f2ab646933aaf47c47462a0d1ed2b2f6ab1ef8098f3298eb574,4,双,小
2026-08-06 09:00:30,85102379,0000000005128f2b9ddd26fca002ae95235842535c753ec67ac740843979bb0e,0,双,小
2026-08-06 09:00:33,85102380,0000000005128f2cb551a203579d5f9ab38f1a84330e58e78566178959e37d95,5,单,大
2026-08-06 09:00:36,85102381,0000000005128f2dc08ff70fc36bff298ef4019c1ccf46bffc9d93b8ebe73fea,3,单,小
2026-08-06 09:00:39,85102382,0000000005128f2ecaba03b39a106ef96f043bb91df5bf935d1a401f7ea917db,7,单,大
2026-08-06 09:00:43,85102383,0000000005128f2f19eb99cda58c7232c0c76d6f736ee1c95e65f5f6a23fcc0d,0,双,小
2026-08-06 09:00:46,85102384,0000000005128f307c6f5ea216c4599102aeca8ef36fc0cabe6dd2f4e6e7f8d6,6,双,大
2026-08-06 09:00:49,85102385,0000000005128f31c3bc607daea388cc5239d2bea239e0a6e2b40dd292702a37,7,单,大
2026-08-06 09:00:52,85102386,0000000005128f329585d8b846500ee2a819d848b99011d213ecd7c19bfc15ae,5,单,大
2026-08-06 09:00:55,85102387,0000000005128f338b11d54b644f10cb1e43df429b81dc7d8300fc2165ec8b0a,0,双,小
2026-08-06 09:00:58,85102388,0000000005128f3429782815d1634b5d7a9bd7d236f7fbe5dbca9f97136134f4,4,双,小
2026-08-06 09:01:02,85102389,0000000005128f3508fe2ebb22f15d7b3cebc677ce1306e637aa6f60e58af732,2,双,小
2026-08-06 09:01:05,85102390,0000000005128f368f0b66e1457ef0a1464a4301b0b6fc93fd953b014152c5a9,9,单,大
2026-08-06 09:01:08,85102391,0000000005128f377c3843a1bf4ee5138f35fd06f5756864c49d079c36fda177,7,单,大
2026-08-06 09:01:11,85102392,0000000005128f389586dc44c4204fec85930032ea2d2e91b71d62862ab57a3a,3,单,小
2026-08-06 09:01:14,85102394,0000000005128f3aaed4918284f696a1f2ed4a8aeba75f34f1c2fc5cdfcc7cef,7,单,大
2026-08-06 09:01:18,85102395,0000000005128f3b502263199d4f8701bd8e4e8ec2283481a0ab19c8c14df1f2,2,双,小
2026-08-06 09:01:21,85102396,0000000005128f3c60ed8a4b57890db11ad3044bee96eacd17f75d94c61d7e35,5,单,大
2026-08-06 09:01:27,85102397,0000000005128f3d440e74e9c1294f02539f06d6ff75d99298c5e5cf870e3ada,3,单,小
2026-08-06 09:01:30,85102399,0000000005128f3fe8d311f571fd78cdedd54273cf7d5e41708410339e515154,4,双,小
2026-08-06 09:01:33,85102400,0000000005128f40db361b674b9101a1df5ee4968c4c2b90925d2625b1634afa,4,双,小
2026-08-06 09:01:36,85102401,0000000005128f4192c7c74e8c84d307cc40811e3f421ef2cf1d659e3c3a5e3e,3,单,小
2026-08-06 09:01:42,85102402,0000000005128f42964fdb56d3a19e228fae5a3ea866805c16c88fa43ac10f3d,3,单,小
2026-08-06 09:01:46,85102403,0000000005128f433a908e2ad86140e56414a0a42064b7eee35f60ec3d3ba5e5,5,单,大
2026-08-06 09:01:49,85102405,0000000005128f451c2cb17b12dd1db63372ef7a7230b337285a9df7034113ef,3,单,小
2026-08-06 09:01:52,85102406,0000000005128f464cb25ec23a872696059aec508a17af8e228bb0bab9b2db87,7,单,大
2026-08-06 09:01:55,85102407,0000000005128f47c132bd69be2a8321c0fe8aed1229932d2830c0afc8b11067,7,单,大
2026-08-06 09:01:58,85102408,0000000005128f4885b50088398820e511a14548d1a760c74588060990eb29b7,7,单,大
2026-08-06 09:02:01,85102409,0000000005128f498e813765aaa666ca80b35d5decb2aa42707d0e4c740e742e,2,双,小
2026-08-06 09:02:05,85102410,0000000005128f4aeae6f20302aaa543016281623327fbfc2c6a3954195ff019,9,单,大
2026-08-06 09:02:08,85102411,0000000005128f4b44314a0613f2e81d4ccb7c8a166f09a3e054b2efc52ebc29,9,单,大
2026-08-06 09:02:11,85102412,0000000005128f4ca6ab73850ed4c7b1985bb1d4b369e10a9973e0ba5d26c278,8,双,大
2026-08-06 09:02:14,85102413,0000000005128f4dda9971d59e9a1ea54ef609577641ff347c060a4a1ec9752a,2,双,小
2026-08-06 09:02:17,85102414,0000000005128f4e54bd0925a38ae463c76e4366dfba7e195f0c8651bd577c2b,2,双,小
2026-08-06 09:02:20,85102415,0000000005128f4f32743f2cfa99f0f12996e69830d9d7bd7deeea19313068c7,7,单,大
2026-08-06 09:02:23,85102416,0000000005128f50c137eae3e1ef0b7b363f73431695a94f50b31f2e375dbddf,5,单,大
2026-08-06 09:02:27,85102417,0000000005128f511a829d9a5d89c04f26afd6111ebaa4d685ee5446a7135d3e,3,单,小
2026-08-06 09:02:30,85102419,0000000005128f53ddc3b982c663eb76968e99a76cb0b7a598787e6abcaeb70e,0,双,小
2026-08-06 09:02:36,85102420,0000000005128f54026da919284b81d851e810a2e57236a2c7a1c52853a7d9c3,3,单,小
2026-08-06 09:02:39,85102421,0000000005128f55a9b121f1f4c87e261799481c402e7975bb24c9ba3296b219,9,单,大
2026-08-06 09:02:42,85102423,0000000005128f57c39edf573f7c8b5937676d7f97064107838ee7ee88fc176c,6,双,大
2026-08-06 09:02:45,85102424,0000000005128f58af2557efe0d7607d552c4689c7eaf2c926008209a423d618,8,双,大
2026-08-06 09:02:48,85102425,0000000005128f5989413e9dadaf8b3f78780f9b515bc07f09cc8699a8cbe20c,0,双,小
2026-08-06 09:02:51,85102426,0000000005128f5a111f49d3113a28a6296bfa50aa8345beef8fe183cf8047d6,6,双,大
2026-08-06 09:02:54,85102427,0000000005128f5bbc4b68ba0a2ecb5438698ba8380a19f7e2cbcc599ff5cde2,2,双,小
2026-08-06 09:02:57,85102428,0000000005128f5c09718e495da28ecba3913993b89f53e09823ef1c82a95072,2,双,小
2026-08-06 09:03:04,85102430,0000000005128f5ea981667ffeffae00323c32b9eb2af2650aa9d1f1ff9888b8,8,双,大
2026-08-06 09:03:07,85102431,0000000005128f5f608a8a9d66f183e1798aa1b7a139c17787fcb70995f6e0fe,0,双,小
2026-08-06 09:03:10,85102432,0000000005128f60aaf295008087c7c99c3fc7e3256491751bb40dd4183fc33d,3,单,小
2026-08-06 09:03:13,85102433,0000000005128f61941568fa3469eeedcf4ae3bb4c7ba6e0a460eaa1e9e3c33e,3,单,小
2026-08-06 09:03:16,85102434,0000000005128f620b636167ead895d554a019c18d6a5f8df0a8aa4a95e1b444,4,双,小
2026-08-06 09:03:19,85102435,0000000005128f63d1c2441528624d3a7813899c7b4d652054081fded84d9c0e,0,双,小
2026-08-06 09:03:23,85102436,0000000005128f64eeb81bf42a6487aa18ab9b3b49546425e12639346f43f740,0,双,小
2026-08-06 09:03:25,85102437,0000000005128f65d8be2d36dd4118560dc2dc7c0f8d77567ec52c4b3a83ca47,7,单,大
2026-08-06 09:03:29,85102438,0000000005128f66f8d93e385a17135729537a31a71b9c7dbed4399a274d18d6,6,双,大
2026-08-06 09:03:32,85102439,0000000005128f67eb21e83739cc71d480a8be5423864ff8867a39f8bd8e32ad,2,双,小
2026-08-06 09:03:35,85102440,0000000005128f68a1b08017d14f88ac6182eba03da4642e55e5249d25810d5c,5,单,大
2026-08-06 09:03:38,85102441,0000000005128f69cbce7829e1061b3931df8abbf53c11cef0a63ea85901b524,4,双,小
2026-08-06 09:03:41,85102442,0000000005128f6a0ce73b9f61a2c67fe090f6b9448ce3c206a83e17ee5d76b5,5,单,大
2026-08-06 09:03:44,85102443,0000000005128f6b1c3da52af9abf81620b8281923a0b5a31dc2063a60c6e589,9,单,大
2026-08-06 09:03:47,85102444,0000000005128f6c8b5a596b7163a5411d47a9d6641457d214fc297a1759cafb,9,单,大
2026-08-06 09:03:50,85102445,0000000005128f6d07d91c1355d80f2a945f17e93f19ffda2ed6c96a95347bb9,9,单,大
2026-08-06 09:03:54,85102446,0000000005128f6ed84d0762be85df08914d8162fcf9ffd8b8f292ff25f090fa,0,双,小
2026-08-06 09:03:57,85102447,0000000005128f6fbd0d0dd1a63ff9cea941a4a05fb3f249801f09e013b927d2,2,双,小
2026-08-06 09:04:00,85102449,0000000005128f7165836dc1f5d6317ce0949a6ebc8bb7eef18ff9cd74256776,6,双,大
2026-08-06 09:04:03,85102450,0000000005128f72f571f88edd41d1543f37bed091cfd037834a755b7a3997ae,7,单,大
2026-08-06 09:04:06,85102451,0000000005128f735d93ed5b16c3edc645408086279bd89a9a0ba2223b0d6fa3,3,单,小
2026-08-06 09:04:09,85102452,0000000005128f74a602d9f41c8890aaebc18a1a6e06c6a38c31a89dc1466ee0,0,双,小
2026-08-06 09:04:12,85102453,0000000005128f75fb1551091cd9c7ff7d076f123adb9489e542c7b7fd83d2ac,2,双,小
2026-08-06 09:04:16,85102454,0000000005128f76bdd0275df7d7b2b05d3f4ab3d4749449ee7a148e3e054e5e,5,单,大
2026-08-06 09:04:19,85102455,0000000005128f77b1bdad1fcba5c84cbcde8c308c768a9511b47ff685ca07f2,2,双,小
2026-08-06 09:04:22,85102456,0000000005128f781c56e92e0e4310ef52116d9d34927bc6747efbe7f1534f72,2,双,小
2026-08-06 09:04:25,85102457,0000000005128f79894db4ea25c5854e52fd5067ff4c69e3baadf2929b37212a,2,双,小
2026-08-06 09:04:29,85102458,0000000005128f7afea31300a86dde60b10cfc102bfaa34c7600afb7e9a50c2d,2,双,小
2026-08-06 09:04:32,85102459,0000000005128f7bc804f7488f8fe66b90b111d949f589881d9d330ca30ac3c7,7,单,大
2026-08-06 09:04:35,85102460,0000000005128f7c7db0e2bb2465a366d0cf403a49c28714c7560a46bce8aa8d,8,双,大
2026-08-06 09:04:39,85102461,0000000005128f7de19ccb74c777d5f66f5167d3b6d4efaef434ab018d928f8e,8,双,大
2026-08-06 09:04:41,85102462,0000000005128f7e7358982dc4042d5f566787b69ca9ee3703cfd02b8b6b75e1,1,单,小
2026-08-06 09:04:44,85102463,0000000005128f7f228ad483eda8b76e41de0f30a43837c479025ff51a1edbb3,3,单,小
2026-08-06 09:04:48,85102464,0000000005128f803119ee0fe8fec87ffd7d47a09de847421481e2c70cc911d0,0,双,小
2026-08-06 09:04:51,85102466,0000000005128f82c0e2e87666d357cc9c8ca7e979bfe142c4c3f5d2ad6b070f,0,双,小
2026-08-06 09:04:57,85102468,0000000005128f8456fe1b7b78a99a95d2e225ff2163bf5bc91bdadc6b784602,2,双,小
2026-08-06 09:05:00,85102469,0000000005128f854fb08555cd752cbcec1b00321493084a6e64cd1856d08101,1,单,小
2026-08-06 09:05:07,85102470,0000000005128f86a41efe38b64ad8e156e1dcd3eec596c4cb28172e6d858aa2,2,双,小
2026-08-06 09:05:10,85102471,0000000005128f878ffccf6b4e6715904b9495c01f6d5d37323fd869ba2bfd23,3,单,小
2026-08-06 09:05:13,85102472,0000000005128f8831f1c66d68e2e9612213ca43e64c4f33c8ce5d141198d759,9,单,大
2026-08-06 09:05:16,85102474,0000000005128f8aba7068b75fad9b405ebecb964195608cd2f56172858e16f4,4,双,小
2026-08-06 09:05:19,85102475,0000000005128f8b17c082f37ad460ba98d900d9ffcce608642dc16992c8df03,3,单,小
2026-08-06 09:05:22,85102476,0000000005128f8ca7c59fe73d61d4ad8b742b632fd2d884621af1a6aed6dae6,6,双,大
2026-08-06 09:05:25,85102477,0000000005128f8d679b940f38d62ac5fe6cb9d35f1a318c6c65aa86faf5ec01,1,单,小
2026-08-06 09:05:29,85102478,0000000005128f8ef99a3760667d8fef3cc194053fa18e68ac5f64fbbc25a69a,9,单,大
2026-08-06 09:05:32,85102479,0000000005128f8fb78462d412d8351e63e2491e74c7915ad091fed185a8f4a3,3,单,小
2026-08-06 09:05:35,85102480,0000000005128f906376b2597b509bd2fa8df1b1653abb5bf0adf90be98ba3bc,3,单,小
2026-08-06 09:05:38,85102481,0000000005128f91e0bd2ab971c0e8c02c45881d7d686ad520c4f90ca0400779,9,单,大
2026-08-06 09:05:41,85102482,0000000005128f92c95def2687a5f8d6036d4a4fcb1352ebc576be9ead41d8ce,8,双,大
2026-08-06 09:05:44,85102483,0000000005128f934262952d1e681309b4933e3faf3e49c572b79c9361cf364b,4,双,小
2026-08-06 09:05:47,85102484,0000000005128f9460c01dc78866373027a9fbb16367abaaaee435d9a9d66701,1,单,小
2026-08-06 09:05:50,85102485,0000000005128f957ca05d152e8a8c91f66b769eea7cda17ed69207d8fc8eb5e,5,单,大
2026-08-06 09:05:54,85102486,0000000005128f9606877aeda43db6cafb8a30e4a1ca3a4d9e1ff77b41eaa85d,5,单,大
2026-08-06 09:05:57,85102487,0000000005128f973fb513a3d23d6761659df8b263ddafea04966ee16fe66ce6,6,双,大
2026-08-06 09:06:00,85102488,0000000005128f98e68f3f44c60d6476d23a4c43d2203bf31e37b280c0df2559,9,单,大
2026-08-06 09:06:03,85102489,0000000005128f999858dd493bbed5044a61dfc43b6d47104cf1a5f19ed84a24,4,双,小
2026-08-06 09:06:06,85102490,0000000005128f9ad2509e8d3503ccb457e918be363cc29c415fc4721d2ea8ab,8,双,大
2026-08-06 09:06:09,85102491,0000000005128f9b29607ec5f8dfddbea58b9bcdba4a8f11878125a38c3eb963,3,单,小
2026-08-06 09:06:13,85102492,0000000005128f9cb50abfbc012a963f75e3b37338b2a9e4b39d40e5de6b8106,6,双,大
2026-08-06 09:06:15,85102494,0000000005128f9e240ebceab4c06b66f603ad1263e7d8e5da28c8559594575a,5,单,大
2026-08-06 09:06:18,85102495,0000000005128f9f30de254dad60646cd5a76ac1549a95c5c4dc8edea4ed011d,1,单,小
2026-08-06 09:06:21,85102496,0000000005128fa05f65094e78c821eb37f9d2f97493163147cb91f28fee9261,1,单,小
2026-08-06 09:06:25,85102497,0000000005128fa1170569ecbcd5df19860ec13d7d85e66925295e5948e8734c,4,双,小
2026-08-06 09:06:28,85102498,0000000005128fa2452adc1180662c6b62dddfcb7db434d8aa93a17e4c393885,5,单,大
2026-08-06 09:06:31,85102499,0000000005128fa3f8a906df6a168cdd1e0c8ef04f430f5542742a03af385621,1,单,小
2026-08-06 09:06:34,85102500,0000000005128fa4b664b40fd7d0d4f93ce2987ee11047eb8f638096388c7681,1,单,小
2026-08-06 09:06:37,85102501,0000000005128fa5204705de6004c8e14951a72e2725016635cf44d764e51043,3,单,小
2026-08-06 09:06:40,85102502,0000000005128fa6a2d5140d375a5353f7538e90da60ecba580c5217339ed8e8,8,双,大
2026-08-06 09:06:43,85102503,0000000005128fa7013e76e70acf623387841c172d28ea2150997fec2b5f6196,6,双,大
2026-08-06 09:06:47,85102504,0000000005128fa80c60587e7a442db168e6608ddb40d01628ebcb47a3b90568,8,双,大
2026-08-06 09:06:50,85102505,0000000005128fa904174afe3a973466b3f8f44ac4fb87b2cfa04199ed0e301a,1,单,小
2026-08-06 09:06:53,85102506,0000000005128faae1ad9d9bf075a14a02738f5d57e32b3d25a1b0149411de45,5,单,大
2026-08-06 09:06:56,85102507,0000000005128fab0107a3090a58bcc9f133c00bf99fe31cb4f976ae12d257ed,7,单,大
2026-08-06 09:06:59,85102509,0000000005128fadcb16e13da74f139b2b43a9f0d9a09197fa42429120dc8a12,2,双,小
2026-08-06 09:07:03,85102510,0000000005128fae99498842ae2ec6014e871de49a966ca8aba95589a1f9b3b5,5,单,大
2026-08-06 09:07:08,85102511,0000000005128faf00293fe26c8b1714a2d45d0ed807fd25f3fdef164e6170ac,0,双,小
2026-08-06 09:07:12,85102513,0000000005128fb1c255f43c2b769419433656efb61289925d1ed83cf45b9df1,1,单,小
2026-08-06 09:07:18,85102514,0000000005128fb271f98244e34f9f194a6d92d50e46894c304599da0a066338,8,双,大
2026-08-06 09:07:21,85102515,0000000005128fb3457fa830f84ce1574fc7bd69c09e4b3a05fd18532ff54279,9,单,大
2026-08-06 09:07:24,85102516,0000000005128fb461e93d3ed8f21fa6d6f7661f64cf9e7383264aebcc54d4d3,3,单,小
2026-08-06 09:07:27,85102517,0000000005128fb5930432a90ddb50ab628da86d08d9cee2f35845c662bd9b28,8,双,大
2026-08-06 09:07:30,85102518,0000000005128fb61f85a733520201b673c98ffd8302c9220bd3c67cc197a31c,1,单,小
2026-08-06 09:07:34,85102520,0000000005128fb8ddfd0bef23ff71a79ee8b8c2ae8096738316a0df9a0d473c,3,单,小
2026-08-06 09:07:37,85102521,0000000005128fb9c5e85104553df5daab88c2660875b6ed218f4564d7708a67,7,单,大
2026-08-06 09:07:40,85102522,0000000005128fba33f0f8e85762577757628eeedfd1b85024e3875c9893d5e2,2,双,小
2026-08-06 09:07:43,85102523,0000000005128fbbd8f1b9a2ed89d4008d89b7a2e2a0751aeb42003764483c49,9,单,大
2026-08-06 09:07:46,85102524,0000000005128fbc07e83e63a5de77bfafcb1bff5b12d030d086c1635435452a,2,双,小
2026-08-06 09:07:49,85102525,0000000005128fbd2fed2b85b57f9e3a79e8144dee502712b64b72f242a10f00,0,双,小
2026-08-06 09:07:52,85102526,0000000005128fbe3c08f78e24cba9900f3d7b3092432cf61d9960fa21741de7,7,单,大
2026-08-06 09:07:55,85102527,0000000005128fbff1b48fb105f1cf20c4682fd529829259f45413605803551e,1,单,小
2026-08-06 09:07:58,85102528,0000000005128fc037edeff54d3c3d01968fa08789cedcb3edd83e5092cd79e0,0,双,小
2026-08-06 09:08:01,85102529,0000000005128fc1818a74a598a39c5d883e91078fa6f0c309df191362476946,6,双,大
2026-08-06 09:08:04,85102530,0000000005128fc27a62bf02e29fcaba403ed5eb6f6514fc86464d8c86d20495,5,单,大
2026-08-06 09:08:07,85102531,0000000005128fc37be75c8d94647e70becf648f374fe25a4e5bede426b3093b,3,单,小
2026-08-06 09:08:11,85102532,0000000005128fc40b93addd1174d04df50ba2a26d24ae5e8915a0ff3d81dcf4,4,双,小
2026-08-06 09:08:14,85102533,0000000005128fc5d8f74ec9613aa32948860efc0c997c1ed83225cdb20dbc31,1,单,小
2026-08-06 09:08:17,85102534,0000000005128fc6a6c6fdb9517118be76469e3d5675a0180a7ce15d1c5de676,6,双,大
2026-08-06 09:08:20,85102535,0000000005128fc70c4f3115d6d1f6476ecc36d1786fcdcb4c25f80500ca0791,1,单,小
2026-08-06 09:08:23,85102536,0000000005128fc8d019600bf821c7bb772657c4bbaf2dbbab97471da52b8d54,4,双,小
2026-08-06 09:08:26,85102538,0000000005128fcad5a59b3a74f5deb1031abcf0347f497570ed352810557c21,1,单,小
2026-08-06 09:08:33,85102540,0000000005128fcc023b5be516979bb6c5893529682e09d71a36875412401de1,1,单,小
2026-08-06 09:08:36,85102541,0000000005128fcd301a412b4df7664e83ee4dff5ea4b8b4e76fa559ecfa249d,9,单,大
2026-08-06 09:08:39,85102542,0000000005128fcee6955c5373bf29628411f2a14f95b381690f7cbfdc21f6b1,1,单,小
2026-08-06 09:08:42,85102543,0000000005128fcfba4c03e0baeec765702cff65e3f298828ea509e5796e5f34,4,双,小
2026-08-06 09:08:46,85102544,0000000005128fd0b4cda50d587c34eee056bdb1940f8a87c2480d92ac6239b0,0,双,小
2026-08-06 09:08:48,85102545,0000000005128fd1762a3eb79bd6a2abb593585608df213250750a4733126cfe,6,双,大
2026-08-06 09:08:52,85102546,0000000005128fd2787b741efe50051aa741fb64b32d4138dda721846f8569e1,1,单,小
2026-08-06 09:08:55,85102547,0000000005128fd3343e07d690afedaaae75c9dea7f10db1bb166528fe998d92,2,双,小
2026-08-06 09:08:58,85102548,0000000005128fd4e4dcf207400212e65235acfa6ade04f540c9ac805bca0ce7,7,单,大
2026-08-06 09:09:01,85102549,0000000005128fd567a74e318718a80e3cfb2273be1c806f9a424099ddb17204,4,双,小
2026-08-06 09:09:04,85102550,0000000005128fd6a1b75a4a6d373babb981050edfb08f877c8d1c684d8a842a,2,双,小
2026-08-06 09:09:07,85102551,0000000005128fd76204027190c8da49ee5bf8320b7264d6133cc0c20ce2a503,3,单,小
2026-08-06 09:09:11,85102552,0000000005128fd80af74d2a0c5c88d989bb55d378407deae3e81ac8d0c4df7b,7,单,大
2026-08-06 09:09:13,85102553,0000000005128fd9840b23b8250f4af657760fbad702cdcfd518cd0d09bbbf59,9,单,大
2026-08-06 09:09:16,85102554,0000000005128fdabb8d4624672c25941318f8a871021bfc5e0facd3f03c40f4,4,双,小
2026-08-06 09:09:19,85102555,0000000005128fdbe1dc4e7ed59399bd9514e508136aaffab54d4db38e52fd5f,5,单,大
2026-08-06 09:09:22,85102556,0000000005128fdc5ccec72a92ed20cee8d762065ef098bb587666b24b5e669a,9,单,大
2026-08-06 09:09:26,85102557,0000000005128fdd1349121ef4d01826b13894d0c44b94efc9960a88c9d7b81d,1,单,小
2026-08-06 09:09:29,85102558,0000000005128fdea4a21b64b66240b57b4e8c8cf6170b76a1125b491805e492,2,双,小
2026-08-06 09:09:32,85102559,0000000005128fdf6c4e7a01f3c8a5903b5609e0ca93781049e5363a2187baa6,6,双,大
2026-08-06 09:09:35,85102560,0000000005128fe0648c81d02c357eb302650d70d4cb11140f4f332f501f1dc1,1,单,小
2026-08-06 09:09:38,85102561,0000000005128fe1851b0ba1d5e928950e309b62d0897c33871318de7babe0f6,6,双,大
2026-08-06 09:09:41,85102563,0000000005128fe31f27ee4fbb82b76dc5c45bb7a343125055eadbe25712059f,9,单,大
2026-08-06 09:09:47,85102565,0000000005128fe5e2a915d2c77715f1c17db2e4e4feb5c444b2cce46ddc90af,0,双,小
2026-08-06 09:09:53,85102566,0000000005128fe60d92cf360b424a5ab03fe52cefcfe159e3b9a443272acb4a,4,双,小
2026-08-06 09:09:57,85102567,0000000005128fe7c4c5133d84e3d62b6b34c1325bc174d5468b3cd23e6efb4b,4,双,小
2026-08-06 09:10:00,85102569,0000000005128fe9bbdc6415554bb6cce2a3ba78d7cb9f2c771f83d6a932e463,3,单,小
2026-08-06 09:10:03,85102570,0000000005128fea978f2e360e82c6e2877ee0a3d4562d053841234dca494b1b,1,单,小
2026-08-06 09:10:06,85102571,0000000005128feb08dbf8e76ed9233b526e4025e2757763b932c513cca9f3dd,3,单,小
2026-08-06 09:10:12,85102573,0000000005128fed701bd750bf0e8af54bfd9afadabe5faad3d3f9422a0e5377,7,单,大
2026-08-06 09:10:16,85102574,0000000005128fee8ac98c7b0297e511a7d18aa1a146ba7007ea1bae10cface0,0,双,小
2026-08-06 09:10:19,85102575,0000000005128fef6fac2be9ab7f9c97f7f4e10a041c0aca65b3760f0f2cf21b,1,单,小
2026-08-06 09:10:25,85102577,0000000005128ff1c088df93fc87455598ec2a9d7a0b2465219dc954bb4a0b7c,7,单,大
2026-08-06 09:10:28,85102578,0000000005128ff265dd20f3cbc0e69e0a083dc0b0b0e1408dedf88dff0e445e,5,单,大
2026-08-06 09:10:31,85102579,0000000005128ff31c85ede38cca34a22c0e8a2975f42ad3cc5c6cc393653fbf,3,单,小
2026-08-06 09:10:34,85102580,0000000005128ff4b09bebd284ab8e46a3aad075884651a6b5e5d264a4563176,6,双,大
2026-08-06 09:10:38,85102581,0000000005128ff56b0044b17ed20424699cc84d0b4395e5068d192c5496bea2,2,双,小
2026-08-06 09:10:41,85102582,0000000005128ff6d9f5a9da1103b3de7a46f430c698f69c9c92443ccbc9e145,5,单,大
2026-08-06 09:10:44,85102583,0000000005128ff7559b46fcf94364eb63b0d09e711166524c5bf4691bbc096e,6,双,大
2026-08-06 09:10:47,85102584,0000000005128ff8610461873e0e55a8774c3534b79126b57defb572d4f5ba78,8,双,大
2026-08-06 09:10:50,85102585,0000000005128ff9af1431a7db568a52e12b60aba6becca56e07901c63abe216,6,双,大
2026-08-06 09:10:54,85102586,0000000005128ffa528bff955185b36ff7249b1e14756de764c1259941bcfcf7,7,单,大
2026-08-06 09:10:57,85102587,0000000005128ffb01646c0890113d5e348dff56cf62346b6b8ac6e420b4dc90,0,双,小
2026-08-06 09:11:00,85102588,0000000005128ffc27e3477fe2c5dd9f609e3746e95520df166e3f5f34754cdf,4,双,小
2026-08-06 09:11:03,85102589,0000000005128ffddf6f61a2be8778925116a6fa069ffc05e02ccf2fb4345f9b,9,单,大
2026-08-06 09:11:06,85102590,0000000005128ffe42d3d737b1a73a9b5faaf168e3ba7b72cd5ac78069b455ba,5,单,大
2026-08-06 09:11:09,85102592,0000000005129000d982aaf22d32d9b6e1b88bd9a95e0945d67d448011c5b19b,9,单,大
2026-08-06 09:11:15,85102593,0000000005129001b823fa9cb1b792b7fe928df2531130789c140092e1600ad8,8,双,大
2026-08-06 09:11:18,85102595,0000000005129003c7982b26f6628e17a7baf3a47b7eb7fbba13865a4f8b90b2,2,双,小
2026-08-06 09:11:22,85102596,0000000005129004ab59569f1f33aafc544b7c7303efe844a9d022975d352d1e,1,单,小
2026-08-06 09:11:28,85102598,0000000005129006a09d89f1f3a1a6c5fe7f4c22a5071e0c070792df52b11921,1,单,小
2026-08-06 09:11:31,85102599,0000000005129007dcf27384692deb30378dfc57a80d435446f12fe66b4672c9,9,单,大
2026-08-06 09:11:34,85102600,0000000005129008fd0fc6c7ec8f5d3040af924f77e9831ba7d4b67319d6cfc2,2,双,小
2026-08-06 09:11:37,85102601,00000000051290096ffc7cdc2fbec99da9c473ab97565951e5b59959e1f14118,8,双,大
2026-08-06 09:11:41,85102602,000000000512900a2bd3ceb2bd06dc905790020a435ae4924f934c86ac7b3158,8,双,大
2026-08-06 09:11:44,85102603,000000000512900b383dfb71aba7c9cc7b587fcf0335bd79f3c1603a3f5440d6,6,双,大
2026-08-06 09:11:47,85102604,000000000512900ca447695761cc20bfc3dc5b9a2ecfb53f7b957251010aa102,2,双,小
2026-08-06 09:11:50,85102605,000000000512900d96589bf62aa0d7029a4b72614f32c107422ae0b2d0af721a,1,单,小
2026-08-06 09:11:53,85102606,000000000512900ed9b5f48e1dcd9bc0dab74f95247b97f9cb4e353697c45f18,8,双,大
2026-08-06 09:11:57,85102608,0000000005129010286a987af435d7b7525d51c7752478db356a68037655252d,2,双,小
2026-08-06 09:12:03,85102609,00000000051290111c29cadd57be6327d3031fdae932ed802a088a378bd24f07,7,单,大
2026-08-06 09:12:06,85102610,00000000051290124afbeb5f11b107474c0d416d4fcba0eb29c57f394ab2b4de,4,双,小
2026-08-06 09:12:10,85102612,000000000512901451ae13c4fcb190e4d6daffeb263a204d9144697a4f9985eb,5,单,大
2026-08-06 09:12:13,85102613,0000000005129015d15d790bb451caf9d087f757f0213b4422caf04d0052a450,0,双,小
2026-08-06 09:12:16,85102614,000000000512901618dd9649a54fa36bf3bf5248ad53a94007cc8d58109e3d1a,1,单,小
2026-08-06 09:12:20,85102615,00000000051290175ce107540dfcf88157ab2dd089daca73afff51982ccc94a6,6,双,大
2026-08-06 09:12:23,85102616,0000000005129018b6125cb74cbf47e52c1146255aa48fd23f83f3e942daa811,1,单,小
2026-08-06 09:12:26,85102617,00000000051290192bd46506249e4bc2e176c891da7c80c06fd3f3e4c64b2cda,2,双,小
2026-08-06 09:12:29,85102618,000000000512901a717fb4ff6e57eb06969d73910aac1b0b6fb62790f26bba56,6,双,大
2026-08-06 09:12:32,85102619,000000000512901b3f45d6bbdb340deb4f9e0478d7aecbfcd651699bf49a0d3e,3,单,小
2026-08-06 09:12:35,85102621,000000000512901d9c130ef6ba0a38c10ffac658c8e2f74660d62ee0dd2a1c18,8,双,大
2026-08-06 09:12:38,85102622,000000000512901ecfd3468de368ebe6ff1c92c62b8e918f3676a4ae6bdc5226,6,双,大
2026-08-06 09:12:42,85102623,000000000512901f1a3d2e606fac5c1f6caaa133f377ba78c5e2a36aeffe6a76,6,双,大
2026-08-06 09:12:45,85102624,000000000512902059a1eedff287f083eb3cea23b240d3f2db81bceaffd4676e,6,双,大
2026-08-06 09:12:51,85102626,0000000005129022b648f86e11e7982fd06cbe8c9c1bc4ce0b7ae7d496f6faaf,6,双,大
2026-08-06 09:12:57,85102628,000000000512902436fdcdb10b3731c418b3c97fba7dcb5bff04b8071eebd5ea,5,单,大
2026-08-06 09:13:01,85102629,00000000051290257d787668e060e8b91ef635a1edafd71639769bceb7f49492,2,双,小
2026-08-06 09:13:04,85102630,0000000005129026f623cf78ae65a1ae003ac810bf848fd27620a2146e489060,0,双,小
2026-08-06 09:13:07,85102631,00000000051290275ecfabe0b5122396c07974796ae3e320cdac95b39657513b,3,单,小
2026-08-06 09:13:10,85102632,00000000051290281e93f9a0d2ab11351c50b823e8a45bb44977f76ad3b08338,8,双,大
2026-08-06 09:13:13,85102633,000000000512902924c4c64c192bc8c2d9531e9f24cecd7c930e687427fa84ed,4,双,小
2026-08-06 09:13:16,85102634,000000000512902a5adcab9de77146074a0bc2abb5b76a91c1c4681688ebf5bd,5,单,大
2026-08-06 09:13:20,85102635,000000000512902ba31ee3ccfa2d907853ce672d12faf8ced2121b7ddf443ac8,8,双,大
2026-08-06 09:13:23,85102636,000000000512902cbf1bd6ce2ec6ec03452c75d7509506de2f23bb6d75ae7bb5,5,单,大
2026-08-06 09:13:26,85102638,000000000512902ee78e0c8b737f3ff2afb1a4c2aee1a84f21faf3458c62359d,9,单,大
2026-08-06 09:13:29,85102639,000000000512902fff0f626153344b308346ee05b2127360819c5613b7fd552c,2,双,小
2026-08-06 09:13:35,85102640,0000000005129030ffa0869da3803265341c13eb443bec7f1ad727401830eab1,1,单,小
2026-08-06 09:13:38,85102641,0000000005129031ad515a6d31bdffa814c2c4396e30df34c5d955bcbc59d722,2,双,小
2026-08-06 09:13:42,85102642,0000000005129032b6ab2c053b076a15c88be1ffea17e1f13314b5608103522f,2,双,小
2026-08-06 09:13:44,85102643,0000000005129033cc15f421480f06d54b889305b38768942dc1e3984fbfcfae,4,双,小
2026-08-06 09:13:48,85102644,0000000005129034e674f84ed83b92d18f585e2ba795e62084a240e399cb2361,1,单,小
2026-08-06 09:13:51,85102645,0000000005129035d2fff64ecf7b4ad8cab9d6c037fc32080088bbcb27e30aef,0,双,小
2026-08-06 09:13:54,85102646,0000000005129036dcfd2aaf76ef7724b857d1da4d34a356ba2ddf77835933fc,3,单,小
2026-08-06 09:13:57,85102648,0000000005129038e413056fa98d6821ccc322aa7b030acdc6eb5d2c25dbde1a,1,单,小
2026-08-06 09:14:00,85102649,0000000005129039dbb4b5384a226af615641eff6d051cc30a6bd73c66dd2fa6,6,双,大
2026-08-06 09:14:03,85102650,000000000512903aae132b149ff93f3d4acc9c2a67a0064da8c389fc8628de65,5,单,大
2026-08-06 09:14:09,85102651,000000000512903bebc50c6b7b0257ca0ccb7be01115fba741a213dc46f2221f,1,单,小
2026-08-06 09:14:13,85102653,000000000512903d41507f38347bd27b7dfec8d1a6dac96a3b07ef8698660100,0,双,小
2026-08-06 09:14:16,85102654,000000000512903ee79c04776b37b0736f07ef75ed81259f2d1e7263de74bd22,2,双,小
2026-08-06 09:14:19,85102655,000000000512903f052a0e5cb9212d6bb4c4837c4a8f3eea9d66f7c02ee9f867,7,单,大
2026-08-06 09:14:22,85102656,00000000051290402d3f6fe15780d1b14a54401046f3461419f0d375331fedb3,3,单,小
2026-08-06 09:14:25,85102657,0000000005129041afa752924fa5d9be0a544aba99229f64caa0f59f91dc1220,0,双,小
2026-08-06 09:14:28,85102658,0000000005129042577701bb6884739b38cd90e7f38d62e9aedd5a2044c02d84,4,双,小
2026-08-06 09:14:31,85102659,000000000512904321eb4b14a61d566bc18c71db2539d2cb42aaa389e6675f3a,3,单,小
2026-08-06 09:14:34,85102660,0000000005129044c230022672954241255f71370e516bbc64743851479cddfb,9,单,大
2026-08-06 09:14:37,85102661,0000000005129045778b3695a82a383e4d80c950e0c8c576baee87aa6b0d6c76,6,双,大
2026-08-06 09:14:40,85102662,0000000005129046345d1b9071dd5dcc9494df7d055b24e908fc25c0b1970fb4,4,双,小
2026-08-06 09:14:43,85102663,0000000005129047d71ad7b80be5b773894a8b2ba07017d9c7e3540c013f8287,7,单,大
2026-08-06 09:14:47,85102664,0000000005129048f328700d5dd9a2b0bfcca5c5ce6d00b6297ddbe856b80c64,4,双,小
2026-08-06 09:14:50,85102665,0000000005129049c81c00961135cacd01e8b163669b64e38f5c4cd197d543bf,3,单,小
2026-08-06 09:14:53,85102666,000000000512904a14531c60531de634dbab485b23690b208579e92be33412ba,2,双,小
2026-08-06 09:14:56,85102667,000000000512904b375072969bf7d9197b2a21b82f1b3c8a73b309fa768f631a,1,单,小
2026-08-06 09:14:58,85102668,000000000512904c057fee3e8f6669a37ba1ace4e3e24fd2ac9701c6f3a4b339,9,单,大
2026-08-06 09:15:01,85102669,000000000512904dc8b055486c816e7ed26d2e8702875c2b485e62ae612c422d,2,双,小
2026-08-06 09:15:04,85102670,000000000512904e7b493ae68828dca719e223b800c91a28d269dff05773e422,2,双,小
2026-08-06 09:15:07,85102671,000000000512904fe5da0120d01af05a3141470746d0e984e5487d25a1bf8e1b,1,单,小
2026-08-06 09:15:10,85102672,00000000051290508cf12528e37390d4f5f74c83bd5abe7b23db409e6822a250,0,双,小
2026-08-06 09:15:13,85102673,000000000512905175fe24e93f972a9e44a95b39f9598b3834f4900d53c5a166,6,双,大
2026-08-06 09:15:16,85102674,00000000051290528161a88a632f25cacf664f9fc192a8ec653b11aeed6b58ed,8,双,大
2026-08-06 09:15:19,85102675,00000000051290539c08cbe8764cf56194a8b57f4e87854946e60f2cafaf1e23,3,单,小
2026-08-06 09:15:22,85102676,000000000512905449866b656a97f6fa7a0ab6ad373a7705c3bb6c8825ecf5d8,8,双,大
2026-08-06 09:15:26,85102677,00000000051290550644c47ae721042f603ac9219a50b96334e778477ca0666c,6,双,大
2026-08-06 09:15:29,85102678,0000000005129056e9ded6a0eeb5b188279017adcc3ab18861460d661a6fe799,9,单,大
2026-08-06 09:15:32,85102679,00000000051290577380be672be99becb3963b7d75f071e6f397633698b59b19,9,单,大
2026-08-06 09:15:35,85102680,0000000005129058d753fa57a942945fdd9c8055c2daa228022aa2ce65ca0846,6,双,大
2026-08-06 09:15:38,85102681,00000000051290594094ca1bbbe5ccacb28f4a886808bdd80ae7ab41d5c955d9,9,单,大
2026-08-06 09:15:41,85102682,000000000512905ae5a27a291c983e338478ab70ec6e14b57ce9015e118001e3,3,单,小
2026-08-06 09:15:44,85102683,000000000512905b5094fcfa79923104a73818c565270d473118666064aaf489,9,单,大
2026-08-06 09:15:47,85102684,000000000512905c8c166172af7c5a8d7b51352cb0d8d8ab907c216d185672c6,6,双,大
2026-08-06 09:15:51,85102685,000000000512905dbfe83a1006721a6b79ead0bc10544ac516d4c6f9da1d0a20,0,双,小
2026-08-06 09:15:54,85102686,000000000512905e46f8537ec04879e08d5a16d8a802ec836720b64b896ab850,0,双,小
2026-08-06 09:15:57,85102687,000000000512905ffb880ac2aca9d9b323c4bfd326dec6e715aa9e233f19a32e,2,双,小
2026-08-06 09:16:00,85102689,00000000051290613d1f9692fb03ac224c5542cc66348165b5599dd11f65c18f,8,双,大
2026-08-06 09:16:03,85102690,0000000005129062d61b59d84df16137d36398d9e38da91b2d0b846df21aa417,7,单,大
2026-08-06 09:16:06,85102691,000000000512906361941b693074ccd6b7417ab391fb630aa0c2bd4c73262b0e,0,双,小
2026-08-06 09:16:09,85102692,0000000005129064a6afd46cb1539dafdd4f73a9fc4f027f4396156c59fd8314,4,双,小
2026-08-06 09:16:12,85102693,000000000512906593c7a0fef242840da659ca0b37128c0eaaf3f47868515832,2,双,小
2026-08-06 09:16:19,85102695,0000000005129067770cd1055f1f389b6c566c08bb3e04307e61240a33bd7e47,7,单,大
2026-08-06 09:16:22,85102696,000000000512906890182a691ecb38f1d485e29b9202c296d851cced533f3e37,7,单,大
2026-08-06 09:16:25,85102697,000000000512906990decd64cf70320a41c06a674486bf54a100d85d7b43586c,6,双,大
2026-08-06 09:16:28,85102698,000000000512906a55dcb833db453027165b78c58f3f332b0b9c2ae8a74d6d8c,8,双,大
2026-08-06 09:16:31,85102699,000000000512906b57052466fc0de830c68aa4d117f48943b2d9d5a2923cf0da,0,双,小
2026-08-06 09:16:34,85102700,000000000512906c6d3adcbbc33066f7f2ff2b3713e9a18ecf71a6b71457f0b5,5,单,大
2026-08-06 09:16:37,85102701,000000000512906d013fe36b4f391b06acb0369446ea266cc74e01f7c0481170,0,双,小
2026-08-06 09:16:41,85102702,000000000512906e533848bbb6a3faf5270718c3041881d8a4dc71902ccd81d3,3,单,小
2026-08-06 09:16:44,85102703,000000000512906f98aaae243c63340a72df1984479647b0e89eae69efa8f339,9,单,大
2026-08-06 09:16:47,85102704,0000000005129070d88de7662886b90d3666b963a9d8035642e06071196e5326,6,双,大
2026-08-06 09:16:50,85102705,00000000051290717d5c379bafba6e77fa19ccdd890eb961b3c37aa893d7a911,1,单,小
2026-08-06 09:16:53,85102706,00000000051290720279cc97d4ed1ac470518a137b5c20943b85e81bbea93bf4,4,双,小
2026-08-06 09:16:56,85102707,00000000051290738cf73e225acb9074c966378ec8b3de72dfef19dbe4b0142a,2,双,小
2026-08-06 09:16:59,85102708,000000000512907465110a7fc58e86fd7ccf456b358d610e09d3fb53e94f0f42,2,双,小
2026-08-06 09:17:02,85102710,00000000051290769f50179e6cea95eb113ce86f2608a682ce8ab6015479737b,7,单,大
2026-08-06 09:17:08,85102711,00000000051290773a52fd87ed5a6f0e041efb8dbdf9e1dfee138febeaa41825,5,单,大
2026-08-06 09:17:11,85102713,000000000512907972ba7f0f01213d12771e2c7dbbf9c90e42ccea13a7d04797,7,单,大
2026-08-06 09:17:18,85102715,000000000512907b23ebf9fb94b180ce14acb392aa745c401202e7d0e4f70aa1,1,单,小
2026-08-06 09:17:24,85102716,000000000512907cd38a30d803c1d22b9abb54c1424bca67747bf0cee2c29508,8,双,大
2026-08-06 09:17:27,85102717,000000000512907d8b3e892f88276f041be013e2a8e8d0d862e0c6db52063cdb,3,单,小
2026-08-06 09:17:30,85102718,000000000512907ee07fdaf3a127d8736743ff3697a191ee55288251fe5afdc2,2,双,小
2026-08-06 09:17:33,85102720,000000000512908058703293cb0a1bb115fb6cd25faf199d561df9af2927a884,4,双,小
2026-08-06 09:17:36,85102721,00000000051290816470a3eb02812eb177c07b9cdf75ea09677ddd5253900582,2,双,小
2026-08-06 09:17:39,85102722,0000000005129082f65672e55aa8384977b3ff7eeaf1c9ef7bda4bfea2fc9cc1,1,单,小
2026-08-06 09:17:42,85102723,00000000051290834236ca9171701c58c7e69845290ac2cac9f0479022fddd3d,3,单,小
2026-08-06 09:17:46,85102724,0000000005129084b3d5a0a29940b3bf133fc76c6f88c3a33fed35b44ad4825f,5,单,大
2026-08-06 09:17:49,85102725,0000000005129085b391fe876e371f4a1b6b630379d0589f980b44ec48a2230d,0,双,小
2026-08-06 09:17:52,85102726,0000000005129086111b50c7f8d17a1889ef7c215eff17345ec5e41ce781430a,0,双,小
2026-08-06 09:17:55,85102727,0000000005129087ad1588ef8d750ccc79b1bdab0c2d20912163f1be89a83bcc,3,单,小
2026-08-06 09:17:58,85102728,00000000051290882f3fb74460d0f9d6349bf7fe2e1877d14fba617c84c59ec4,4,双,小
2026-08-06 09:18:02,85102729,0000000005129089f9a7bac05bee04f0622b33d0f94b46e9ac023c495d389990,0,双,小
2026-08-06 09:18:05,85102731,000000000512908bb9516b386c8e4ba937f68d51fb624065633aab91bdc107a7,7,单,大
2026-08-06 09:18:11,85102732,000000000512908c53e6f91912e46b6baef1195d9ac926e5332ad9d258c2a818,8,双,大
2026-08-06 09:18:14,85102733,000000000512908d0ebb8741728c226ed70af151cc6ffd8ad5add1029767079e,9,单,大
2026-08-06 09:18:18,85102734,000000000512908eb3f9fd1cb15963fedf5e7f63d4ef5c6f08000e8ee9ee2206,6,双,大
2026-08-06 09:18:21,85102735,000000000512908f1371bbddf365a8a6d1c6420fd8e0ce4130ae25d0594762b1,1,单,小
2026-08-06 09:18:24,85102737,000000000512909101e59e04efaaf4247c6e7df6af9bb11ce7fc6f446b0b4c42,2,双,小
2026-08-06 09:18:30,85102738,0000000005129092269760f920373a42f420979f7d3e71aca702cb650be3438f,8,双,大
2026-08-06 09:18:33,85102739,0000000005129093309da3d161145fd65e3fd7151d140235fd192fd27eb905f9,9,单,大
2026-08-06 09:18:36,85102740,00000000051290943b1357fe3e05fbc5a5c9cc4a079bea08ac016333095568be,8,双,大
2026-08-06 09:18:39,85102742,0000000005129096af78dd5338f80ec5729ba08ec453755af79bdaf6bc8b1200,0,双,小
2026-08-06 09:18:45,85102743,0000000005129097529c661a780a102fb1a328016d26829ba77e794ed8ca9ad9,9,单,大
2026-08-06 09:18:48,85102745,0000000005129099f1eb880de3012286e6033d1f5adce44f248f726f76e8895d,5,单,大
2026-08-06 09:18:51,85102746,000000000512909a11951c397f5af9442e370abe3da133be5facc46d7cb6fb50,0,双,小
2026-08-06 09:18:54,85102747,000000000512909b7e966f2ef4d177ea9dabd56a2aad40d5e8a6a2c9d584d55a,5,单,大
2026-08-06 09:18:57,85102748,000000000512909c60d5ed5aa829e9db810171348053091c50f2c2e07201f6fc,6,双,大
2026-08-06 09:19:00,85102749,000000000512909daaa94d36d8fbc05249f9744e18212f1a6b424bf3eb6c01cf,1,单,小
2026-08-06 09:19:03,85102750,000000000512909e546f9b83516cb6fa64c0e25ce365def916cbd3575fa0cb6d,6,双,大
2026-08-06 09:19:06,85102751,000000000512909f07dc52003f2533fc5740fec0aa092cacc0a7caf6f7f5bacc,5,单,大
2026-08-06 09:19:10,85102752,00000000051290a0048b1a05fc7416f6981c15ba657b6439d2b0c8ea8c12407d,7,单,大
2026-08-06 09:19:13,85102753,00000000051290a18894e6276340c889f641283530095aa1a934a25c0708f3a6,6,双,大
2026-08-06 09:19:16,85102754,00000000051290a2ba5042f68a774024d9eba3259340985cc19bafa1ccab9180,0,双,小
2026-08-06 09:19:19,85102755,00000000051290a39441ffb173cbde9e6c6256dc72ca02c89efa7cdf023c45b7,7,单,大
2026-08-06 09:19:22,85102756,00000000051290a4c9c17bdd9fe088d1b4ea19ddf51524e554133bda7aae8edd,8,双,大
2026-08-06 09:19:25,85102757,00000000051290a5f8782b9aa6b8b8c553f6ccbb0652ba3e1d01cc501c634c29,9,单,大
2026-08-06 09:19:28,85102758,00000000051290a64a2fb1a5070dce758fbf7d68a329bcfdc89c1cf76dab0b58,8,双,大
2026-08-06 09:19:31,85102759,00000000051290a7262320f3447b8fce874947da304d29e7eaa0a2f055e3239b,9,单,大
2026-08-06 09:19:34,85102760,00000000051290a873b825a151b07feb1a3ee0673cfca4967469a6b10a751860,0,双,小
2026-08-06 09:19:37,85102761,00000000051290a92f674ad0a7805e28d9b3b4fa46ede6a70b724f5437f9fc81,1,单,小
2026-08-06 09:19:40,85102762,00000000051290aa533b4f44161a0664dc49e58ac68544a359a60270292346ce,6,双,大
2026-08-06 09:19:43,85102763,00000000051290ab82db74bcc0c11745cd7a3a395f0e0b17265158543518f7da,7,单,大
2026-08-06 09:19:46,85102764,00000000051290ac57d739bc5043ba32a93b29a29d0deecb45350299d037a339,9,单,大
2026-08-06 09:19:49,85102765,00000000051290ad62448c653612741a163cbb83139ab47ba81f27d74e9772a1,1,单,小
2026-08-06 09:19:53,85102766,00000000051290ae7a589df4388553146179b0ebab696fb6f72541e372751fae,1,单,小
2026-08-06 09:19:56,85102768,00000000051290b00599b3e1d29b478ee16fbc695742c60cb6b0c74075d2bd28,8,双,大
2026-08-06 09:19:59,85102769,00000000051290b12985ef84c111e04f0a77bf97a09d88214e3e6099f5e11950,0,双,小
2026-08-06 09:20:05,85102770,00000000051290b273da8856a919e28ba79242b73b8623612659b95f2f198d07,7,单,大
2026-08-06 09:20:08,85102771,00000000051290b3f87c53c379a28cf7a1c572720553a9d703f684fdf16475b6,6,双,大
2026-08-06 09:20:11,85102772,00000000051290b4c9ff6ca0d27d2ee4f4cee8f55d06890cdeee7cbda9628727,7,单,大
2026-08-06 09:20:14,85102773,00000000051290b530b2658202eda0f17e860d65447955e036f78c3e0b451a52,2,双,小
2026-08-06 09:20:17,85102774,00000000051290b6e94dbac97c74795aca97d0476651bb195c4af927fc82cea3,3,单,小
2026-08-06 09:20:20,85102776,00000000051290b8a48f06c5ab1dfccab53daf318289405e43a8139e8ad22bdc,2,双,小
2026-08-06 09:20:24,85102777,00000000051290b921aec1fa9d2ace6a574d0478162360ac4686a85d8032e922,2,双,小
2026-08-06 09:20:27,85102778,00000000051290baae28781a555df532717803019b85f06c59d1c4aea6a776e6,6,双,大
2026-08-06 09:20:30,85102779,00000000051290bbb6f366b3ff35bacbbcef6dbe0dfd611c4f12ce05ec2086cd,6,双,大
2026-08-06 09:20:36,85102781,00000000051290bd747bbd83f067d9f6166ffef9efe59d639f278fc6918064f8,8,双,大
2026-08-06 09:20:39,85102782,00000000051290beb85bc9d280a54b5ec9a78a6c48e63d77a8f56e23a3f51f18,8,双,大
2026-08-06 09:20:45,85102783,00000000051290bf313d46d6e9f03dc92aa026c71cdb45a5744eff37e33c0f08,8,双,大
2026-08-06 09:20:48,85102785,00000000051290c1057715e41d8b4635bb636a28762bc94a52772f406e050127,7,单,大
2026-08-06 09:20:51,85102786,00000000051290c2ed8b665cfc40137807e57c41ee089b8cff03d93d486e5790,0,双,小
2026-08-06 09:20:57,85102788,00000000051290c470903c3ad3c26bff60b02f6190c1fa3ebcee83e35a0c1693,3,单,小
2026-08-06 09:21:00,85102789,00000000051290c52d92a56750f080aa00d58a550e97d2025dabaf2dbb4d183b,3,单,小
2026-08-06 09:21:07,85102791,00000000051290c718637bd3de32cf2c3ae8330ef5c4fd161122eb3a92558bbf,8,双,大
2026-08-06 09:21:10,85102792,00000000051290c8bfa0fac4f09220f2ae65c1330a467559b9b0be1a414fc4b9,9,单,大
2026-08-06 09:21:13,85102793,00000000051290c984e95dcd3481aa04bbe51ab5497fa3e0db54fc87b62f05a8,8,双,大
2026-08-06 09:21:16,85102794,00000000051290ca7b808e8b9cfb105db2337f9bc6bbf761825b85b3f9089fe5,5,单,大
2026-08-06 09:21:19,85102795,00000000051290cb1c8d327caf33f0f9092a61fe33d28a4a9b6e170aa7b3ca6d,6,双,大
2026-08-06 09:21:22,85102796,00000000051290cceca13e0deb3d2b87ed5fd70fac749a2c47b38f63cb78d63a,3,单,小
2026-08-06 09:21:25,85102797,00000000051290cdd70f9224ed2990feeac2f546cb494b3954fd7b2c529e645e,5,单,大
2026-08-06 09:21:29,85102798,00000000051290cea172aed2bda1e202d929189322ee808ec4bb0b0726c6d4db,4,双,小
2026-08-06 09:21:31,85102799,00000000051290cf1ce6f92bff72d41c590cf203512fdb795cfea7395c3cfb9e,9,单,大
2026-08-06 09:21:35,85102800,00000000051290d077de0ad5a3888ea2d05bd8972527e3f13dd23e25be504b09,9,单,大
2026-08-06 09:21:38,85102801,00000000051290d1c1c84f7eee8227959b6d8079af8a4d3f6d415e6c1065c5e7,7,单,大
2026-08-06 09:21:41,85102802,00000000051290d2122e91e82abae9e0cc7406bb3960042d17fef89809ab95a5,5,单,大
2026-08-06 09:21:44,85102803,00000000051290d3f1231870528157c946df001b9c7956c8324f7d0f7f1af445,5,单,大
2026-08-06 09:21:47,85102804,00000000051290d4e5da9ebe57e9e1be1ea0eef66b2b4ae56fad077c124c121b,1,单,小
2026-08-06 09:21:50,85102805,00000000051290d50c3497de5a6555f7fd7a1ccfd3f22ffb36763b6600b975bb,5,单,大
2026-08-06 09:21:53,85102806,00000000051290d63b3a747fdac718fd50b24fa02203a6044800da092c89c752,2,双,小
2026-08-06 09:21:56,85102807,00000000051290d7a8bb4db6ddb2c5177dd9624780086f2b1afc661d0e9a3db5,5,单,大
2026-08-06 09:21:59,85102808,00000000051290d882576ea967a1ed684deff719c9a7367fbc014c5eaa30ec9c,9,单,大
2026-08-06 09:22:02,85102809,00000000051290d91f78d3672829dfdb2f5d1a3997712727d13bb0b9ee4696d1,1,单,小
2026-08-06 09:22:06,85102810,00000000051290da647f2d219f28b0e4dd861b03cd52e490a66aef5aefdda9e1,1,单,小
2026-08-06 09:22:09,85102811,00000000051290db6fcedd462454f2764d76c7f6083327a43352de353046959c,9,单,大
2026-08-06 09:22:12,85102813,00000000051290dd6e099792b9771c4442eedcbc293edba6dd12088fa70fe915,5,单,大
2026-08-06 09:22:15,85102814,00000000051290de79ac82683f5839d0bd799726612701e4e9d4124127b9ccfe,9,单,大
2026-08-06 09:22:18,85102815,00000000051290df1a3f2ecc5505ae8e96504ed332e1e153322d7b53c749e7a8,8,双,大
2026-08-06 09:22:21,85102816,00000000051290e0cb6b8a034f04da31412b1f713c4036f032e59c6d70ce58b7,7,单,大
2026-08-06 09:22:24,85102817,00000000051290e1b5ae425aacce68e461cb3ab340c384ba7081695f1d3e0c16,6,双,大
2026-08-06 09:22:28,85102818,00000000051290e21075d559ce766a5bbfacc670c6d1a3bfdf38fb0cfe6ef6ee,6,双,大
2026-08-06 09:22:31,85102819,00000000051290e3643e49aa39040f88197351c22d3642ec927ab035b1251d8a,8,双,大
2026-08-06 09:22:34,85102820,00000000051290e4cea2a6cee403defe49b70bcd0c83b1b58e6b7abb5aa42cbc,2,双,小
2026-08-06 09:22:37,85102821,00000000051290e5f4d55a857c161a1391b0396751ceb53ba9cc02cae8e675d1,1,单,小
2026-08-06 09:22:40,85102822,00000000051290e620f478b591db8da4f11a489b993900caa63ae93178bd0f05,5,单,大
2026-08-06 09:22:44,85102823,00000000051290e7e4df24e2f962cb6cd71d6af57d56ee6f7b3458f48a8c393a,3,单,小
2026-08-06 09:22:47,85102824,00000000051290e840078e56d02abad952050a711c1dc134c754770c8b880979,9,单,大
2026-08-06 09:22:50,85102825,00000000051290e9626e7a22eebf347da369449568522971a75bb0f2e51be4a9,9,单,大
2026-08-06 09:22:53,85102826,00000000051290eada032c73946a74bab10e8e7680d80bfd93c57fa823760a8e,8,双,大
2026-08-06 09:22:56,85102827,00000000051290eb47c2743afa75451104227cdaf49340449181aec4d1293b30,0,双,小
2026-08-06 09:22:59,85102828,00000000051290ec3c694704f2a6b4fb59f27b15bb94b681526d07f7e309a7e9,9,单,大
2026-08-06 09:23:02,85102829,00000000051290ed3997ad68b88afa28e4fd0a5022ce9061f790609cf3eeb737,7,单,大
2026-08-06 09:23:05,85102830,00000000051290eeb951c3806f96d7b04f755efefc6487e681e15004a62c5add,5,单,大
2026-08-06 09:23:08,85102831,00000000051290efe2007e788d007dd7303498aec271c571a481263ec9537f85,5,单,大
2026-08-06 09:23:11,85102832,00000000051290f0257c4cb7162370334f216bc1755e55624a9e889408908af1,1,单,小
2026-08-06 09:23:14,85102833,00000000051290f18e0a46436bed55494bb619351bb129e1aaeb5f4e70ee2ac2,2,双,小
2026-08-06 09:23:17,85102835,00000000051290f39efaae8d24806ca3a4c35ea1826be94afb2137c145490baf,0,双,小
2026-08-06 09:23:24,85102837,00000000051290f5e3c865dd76e6cb92b18e6b1e726f0720cf176ef88a962b45,5,单,大
2026-08-06 09:23:29,85102839,00000000051290f769a9d559734cc5d42d08ec20f9a56d81b3bb094e1d76e5bb,5,单,大
2026-08-06 09:23:36,85102840,00000000051290f81020b3b8324cc9585e0f04e0889d3e1f7cdc320be38c5952,2,双,小
2026-08-06 09:23:39,85102841,00000000051290f97d1042781a29bd3e73583d67fdffcd5d126c62b4e1d1b19b,9,单,大
2026-08-06 09:23:42,85102842,00000000051290faee460df399a1fa55dc6e6bc3403f18eaccc243bae98ee6df,6,双,大
2026-08-06 09:23:45,85102844,00000000051290fc655e2b4f488327be4acad95dd1a318bc910e33d41d41a79e,9,单,大
2026-08-06 09:23:51,85102846,00000000051290fe1acb8eff31e48a9386bddb6e0345ebcee7d51f3426f20b5e,5,单,大
2026-08-06 09:23:54,85102847,00000000051290ffd4951cc4dd90947e8c279cd60d46dcbc9b17deeaee39dc73,3,单,小
2026-08-06 09:23:57,85102848,000000000512910059552b7aa42c44d0359c7f1f7e28aeeab9efb8b63c7cac1d,1,单,小
2026-08-06 09:24:00,85102849,000000000512910181aaf2cb36ab75bf26877b29ec055518c934e2d418731e88,8,双,大
2026-08-06 09:24:06,85102850,0000000005129102cc29d6f268997700e2453eca8dfd7eaa58f94ce52eee8dc2,2,双,小
2026-08-06 09:24:09,85102851,0000000005129103c4dd9e20aea73515d23d19ba75e4d944a2f6ffed732522df,2,双,小
2026-08-06 09:24:12,85102852,00000000051291040c27fe541478dc24bbaaf0a75ded36f1678d80b25087088c,8,双,大
2026-08-06 09:24:15,85102854,0000000005129106d9d68e59017d13246d57f63ba5ec059039390d7bb0e89743,3,单,小
2026-08-06 09:24:19,85102855,0000000005129107ca3e29842e01c67c112714725fd44ac3cfe0e04d9f2625fa,5,单,大
2026-08-06 09:24:22,85102856,00000000051291084df5e958f66950ab24db390b0513cc493bd2ac8afe2c68b0,0,双,小
2026-08-06 09:24:25,85102857,00000000051291097fbafb8cd86f830edbffa360ac4c0319ebee3132566700fe,0,双,小
2026-08-06 09:24:28,85102858,000000000512910a8790e56566b6343aafe211823640e28660a09208d27a27f3,3,单,小
2026-08-06 09:24:31,85102859,000000000512910b455313d768c35063336fe7672cc05534e178be1043791667,7,单,大
2026-08-06 09:24:34,85102860,000000000512910cb97650f53d038769f8f24701f182ea755c159d10f0817220,0,双,小
2026-08-06 09:24:37,85102861,000000000512910d5b37362e5ad321d8b507df1978a019c5116fc29183562dc9,9,单,大
2026-08-06 09:24:41,85102862,000000000512910e41ea0819dffbb2494f76afb0c8c78c24501b2800b5a456b9,9,单,大
2026-08-06 09:24:44,85102863,000000000512910f35156b5ffc527420d6a55c84fab606d3cebf2832a7b2d08e,8,双,大
2026-08-06 09:24:47,85102864,00000000051291102c935ad523c215dbd52a8c87b7b1e3c3b1ff4378d4164b13,3,单,小
2026-08-06 09:24:50,85102865,00000000051291116cb20f3021263729cb8570c6314c60568981312c734fac13,3,单,小
2026-08-06 09:24:54,85102867,0000000005129113f13815ebe6701918ae5658ed6ae41bcfe41af0634cb2c258,8,双,大
2026-08-06 09:24:57,85102868,0000000005129114c516049f98375f690bafbef37252c361fce656a99bf81b91,1,单,小
2026-08-06 09:25:00,85102869,000000000512911545fbc70b3c5383d17e120c531be12ed8c44fe4110819858c,8,双,大
2026-08-06 09:25:03,85102870,00000000051291164fede395662863f93431876b13b7bfcfcd5a760856e3d680,0,双,小
2026-08-06 09:25:06,85102871,00000000051291173ce0703922533faf655559485503a62cf7610df68fb78797,7,单,大
2026-08-06 09:25:10,85102872,0000000005129118c3dda08137598c47594e0c8a398b8e3e0ba4dbedd3587006,6,双,大
2026-08-06 09:25:13,85102873,000000000512911915a6831dc931e3b26f93fe65f3cfe5ed70d17f7148370d9a,9,单,大
2026-08-06 09:25:16,85102874,000000000512911a894153a0d4324a8b92774203a9cb12919a7ecaa6f0496e5e,5,单,大
2026-08-06 09:25:19,85102875,000000000512911b7ef9b47b29b37c50bffe494755d5bd79715797ad6198f99d,9,单,大
2026-08-06 09:25:22,85102876,000000000512911c388db41cc932c6d0cf1632d65e98fbb30fed0024678cb64a,4,双,小
2026-08-06 09:25:25,85102877,000000000512911dd63b4f921ee7e9e99b8610335aaa1566a44d0f8f94a6fa04,4,双,小
2026-08-06 09:25:28,85102878,000000000512911ee32eb66d55e5a77a3c9a3f81f2e2f03355e8a31f06f427e4,4,双,小
2026-08-06 09:25:31,85102879,000000000512911f63c515bef36e925dce57d7d885bd8f78ac6c6f1aaad70845,5,单,大
2026-08-06 09:25:34,85102880,0000000005129120a5fe5fdd73de92f3fb3d60ef54b8ba5de1ea87674e64807a,7,单,大
2026-08-06 09:25:38,85102881,00000000051291217af26c7b943e5176fbababfc252fe7bdc1a4805771e10c99,9,单,大
2026-08-06 09:25:41,85102882,00000000051291221f9434dbdf94995dc099ae57c1b6b42f876cbd6141d36d8f,8,双,大
2026-08-06 09:25:44,85102883,0000000005129123bb5c5ca7bbee3819a4125b48a2013dbd21ca45b437af91a3,3,单,小
2026-08-06 09:25:47,85102884,00000000051291247af0df2be5259760f494942e951ac35fb1528c825b2bdc81,1,单,小
2026-08-06 09:25:50,85102885,0000000005129125fcf92a5f02806aa7dcdf10340f4c49cf3ab35fcf45760200,0,双,小
2026-08-06 09:25:53,85102886,0000000005129126782a9ddbac565b136f2caea562e8a20490e025570723aa5f,5,单,大
2026-08-06 09:25:56,85102887,000000000512912717a139e213f52aac31d1d215ad9c5115a9d0cefd83d30104,4,双,小
2026-08-06 09:25:59,85102888,0000000005129128745113aeabb6059c4983980989a7ed21654e752329e3b5fd,5,单,大
2026-08-06 09:26:02,85102889,00000000051291297a323d997c1a3be09a55ae34c8ce0b93675ecc81e63991fe,1,单,小
2026-08-06 09:26:05,85102890,000000000512912aee6a89cf85926cc3ea47e27c57878e98ed1e0b9d01788302,2,双,小
2026-08-06 09:26:08,85102891,000000000512912bc46589bf86d6f8a4ccdb8e66f26b8e20f2e78e5b0ec07cfd,7,单,大
2026-08-06 09:26:11,85102892,000000000512912c886742d6875b48468213bf91800cac0fe18f802bcf0e6ee1,1,单,小
2026-08-06 09:26:14,85102893,000000000512912daa55db248e8d8643e2a396910f9370611f8538bfda630e5b,5,单,大
2026-08-06 09:26:17,85102894,000000000512912e5b9bc760cd73e87ba3745b063cf32177b6aa73b21325d18b,8,双,大
2026-08-06 09:26:20,85102895,000000000512912f0461d200ee747c4467f31c91e1f881a1cf0cfe7056e3a68d,8,双,大
2026-08-06 09:26:23,85102897,0000000005129131410c23ff0a159c9bcd49cd737723714b22110f32974492f2,2,双,小
2026-08-06 09:26:27,85102898,0000000005129132affd272b1b5901b2f2ef6f91969331d79ba2516c94c59a27,7,单,大
2026-08-06 09:26:33,85102900,000000000512913480e409a29cff8843c05ff131c49d34db6288419e49947f2a,2,双,小
2026-08-06 09:26:39,85102902,000000000512913619b75341942235d57de652318897a476e5246d1de72abe67,7,单,大
2026-08-06 09:26:42,85102903,00000000051291375128abc570d257aa211ac84d190fbeff3977c9d5a4b4afaa,4,双,小
2026-08-06 09:26:45,85102904,0000000005129138ca768779fcdaa6792b5c591b883537268dbd3610b85e6834,4,双,小
2026-08-06 09:26:48,85102905,0000000005129139feb4ce525180e4aa01ba3600e94191b60a744839a0919495,5,单,大
2026-08-06 09:26:51,85102906,000000000512913a8fce5ced7305b834e14303c40182451cf6e70438b3e2d5ac,5,单,大
2026-08-06 09:26:54,85102907,000000000512913b60b149386918824ae98f1a8a2cb8c6d86d518472a0108e06,6,双,大
2026-08-06 09:26:57,85102908,000000000512913cfd7dfb5bada1002bd1beb5b697a2d1cec5d7a281bfd16133,3,单,小
2026-08-06 09:27:00,85102909,000000000512913d1f93712363f38eb1e763dc13d6f460f7a7a3920cb8e6b09c,9,单,大
2026-08-06 09:27:03,85102910,000000000512913e54ae5bb4699c3402b8df280c1d77ea776abb0fbf31f155e1,1,单,小
2026-08-06 09:27:07,85102911,000000000512913f6141afc4764a5009a109aec4fb13b64c3b6731150c106c88,8,双,大
2026-08-06 09:27:10,85102912,0000000005129140d64a7fc676649a9268d932945686cc4a5a63595f925569ff,9,单,大
2026-08-06 09:27:13,85102913,00000000051291415033ddd12df6eb4657e755cbb26507af60fb0fed2c7eeee3,3,单,小
2026-08-06 09:27:16,85102914,00000000051291425e1505c4be384cb96342b5a5a8fea684bce9a728b2c7c8b6,6,双,大
2026-08-06 09:27:19,85102915,0000000005129143da4a90db85a639fee0f4bae02806ce789e621c1dfe829df8,8,双,大
2026-08-06 09:27:22,85102916,0000000005129144d7a89641c65ba8b5b66b62498f29ab7b59459cc37a734559,9,单,大
2026-08-06 09:27:25,85102917,0000000005129145bc36cde21249aac0433fc3deb68f74d5cdcd8c2935c2de9d,9,单,大
2026-08-06 09:27:28,85102918,00000000051291469ca9f30aae30b04c69a435d13a4fe8ab12d29f9b135786af,6,双,大
2026-08-06 09:27:31,85102919,0000000005129147a8a6e048b5914d6ce5f52d92bf60f76804377ed8273a6b68,8,双,大
2026-08-06 09:27:34,85102920,00000000051291485125e0b007ac6589de3c2874ac6f5ebb95aa55b1f84c2bba,2,双,小
2026-08-06 09:27:37,85102921,000000000512914954fc46acea441dcbd13b4e33d9ed070fabaca9b2ecc5f1ed,1,单,小
2026-08-06 09:27:41,85102922,000000000512914add531ff8da9199fe6d47fe55c4668b6cbb782df9d1092835,5,单,大
2026-08-06 09:27:44,85102923,000000000512914be9858eca39849cab5a8e5c116201dc1ba7da2133b3d23a85,5,单,大
2026-08-06 09:27:47,85102924,000000000512914c09c9af68e4d2b45e9ff4585cbe0ba74d4b9b94038c9abe24,4,双,小
2026-08-06 09:27:50,85102925,000000000512914d0edaf48cfabe9c75fde23486d60d04265a26c3de776a15a3,3,单,小
2026-08-06 09:27:53,85102926,000000000512914ec0957485ee958e3ddb0f4056ad5d31167c4b4f7c39206f9e,9,单,大
2026-08-06 09:27:56,85102927,000000000512914f5ae39aa3d3ecf9254893c2b6172d89681462c1ae7f0e3ff6,6,双,大
2026-08-06 09:27:59,85102928,00000000051291502d2efda7f5a5a31ba5c18a6733cd9a34094d1f0618298b32,2,双,小
2026-08-06 09:28:03,85102929,000000000512915181c27436ef700ad141d50a941da4aa8aaa4e422a7a9e197f,7,单,大
2026-08-06 09:28:06,85102930,0000000005129152f49a89f35e8b90f321ed2f7d04f40dd7a39eb77aaa77010f,0,双,小
2026-08-06 09:28:09,85102931,0000000005129153e7013cdeedddf014a81408b3b126066523585fee57bb9e02,2,双,小
2026-08-06 09:28:12,85102933,00000000051291552e821d29ba8aa6ae35a128d4cfad64c0874c4147cb19f39d,9,单,大
2026-08-06 09:28:15,85102934,00000000051291563d8ede02c39f37efdb0f0ecda83e53b8da4ae2d2d049d668,8,双,大
2026-08-06 09:28:18,85102935,0000000005129157d259b723ca91d10e4920543c2e99237e355411fa3022d21a,1,单,小
2026-08-06 09:28:21,85102936,0000000005129158111c1ed9fd201dde35a20c4194bd68b87205f73889eb6b1a,1,单,小
2026-08-06 09:28:24,85102937,000000000512915933edb3d8e341b483fe746fd320f1a0dd4414850cda0dd0b8,8,双,大
2026-08-06 09:28:31,85102939,000000000512915bd82a2c99ffb9a7ed989290762ac0808eca0687818937d697,7,单,大
2026-08-06 09:28:34,85102940,000000000512915c57f02acb6fa54045bf2083bb63c9e828e5b674ecefa73ea0,0,双,小
2026-08-06 09:28:37,85102941,000000000512915d6a2cae2e6d50ff4a5b11f4497fc91ad744c1422fe4da25f8,8,双,大
2026-08-06 09:28:40,85102942,000000000512915ee1809d2956bcc6592747bf029bc6feae920b532b87945de5,5,单,大
2026-08-06 09:28:43,85102943,000000000512915f1211e0427017c488b9bed4ee6b2d664f5eed43f2852bccec,2,双,小
2026-08-06 09:28:46,85102944,0000000005129160feb20781f043465c89121c098c8606432589b90a4e92fafd,2,双,小
2026-08-06 09:28:49,85102945,0000000005129161396e220df362dce504c35f459a0913be126248f73c55fa8c,8,双,大
2026-08-06 09:28:52,85102946,0000000005129162967be7e613e43b27e6c3d87c89e146024c6e9d5a1f758549,9,单,大
2026-08-06 09:28:55,85102947,00000000051291637ff1470ee117edbc4525797e52c8a095c75f256cc1eca97a,7,单,大
2026-08-06 09:28:58,85102948,0000000005129164e22bb9c036312b5d97dab647686dfae170912d8a62af0d47,7,单,大
2026-08-06 09:29:01,85102949,000000000512916514cc189c411758635b9bc454016a54ac8da27afebba945f2,2,双,小
2026-08-06 09:29:04,85102950,0000000005129166a8528119a620cc99bb1c92baa091b48afaef9ed27b7e133a,3,单,小
2026-08-06 09:29:07,85102951,000000000512916755ad4c752e65b3748d1caf0581d8ded4f7f5e25951041aa8,8,双,大
2026-08-06 09:29:11,85102952,0000000005129168a3fbf61988511938b6996b87dbdf42aa8d47d91cbe74aaa3,3,单,小
2026-08-06 09:29:14,85102953,0000000005129169be2f7a170b8592bae2512ddf53147e12e30649912b5e4a9c,9,单,大
2026-08-06 09:29:17,85102954,000000000512916a760cf4639d4e6930722a1043dcabeebc387923f959438fc9,9,单,大
2026-08-06 09:29:20,85102955,000000000512916bbf6b5fe73784f09ec82f1ecbaa7ff78c83210911096eee3c,3,单,小
2026-08-06 09:29:23,85102956,000000000512916c8f3c8eb65e2ce6ea3a09074a753c80e6715e867dd12f2475,5,单,大
2026-08-06 09:29:26,85102957,000000000512916d859b82fcef5749807a13b1ebacbc1c12fe07be56accf06e8,8,双,大
2026-08-06 09:29:29,85102958,000000000512916e81ec49efa3ce7f8a472551212baac53feaf73b2fc7ec34b1,1,单,小
2026-08-06 09:29:32,85102959,000000000512916ff2a7af45706db190147933ef8d7544e1727877c44d83143a,3,单,小
2026-08-06 09:29:35,85102961,00000000051291719e5803487d1b6f5e7284b64c6d34bb48000aa42610589482,2,双,小
2026-08-06 09:29:39,85102962,0000000005129172ab0e6ebc18c7f6c5dca35e96cafddcdd7c0567d4f5d155e2,2,双,小
2026-08-06 09:29:45,85102964,0000000005129174f6ea1f509523a137ce973e4f1941df86d7f1abff65b99b1f,1,单,小
2026-08-06 09:29:48,85102965,000000000512917556eb35f1573c89ffc0aa1968c60f644b81841616f678727a,7,单,大
2026-08-06 09:29:51,85102966,0000000005129176affea90228b1dbb08596ab42948a1f02bed2c6dfc5d654ac,4,双,小
2026-08-06 09:29:55,85102967,000000000512917712881887565d6f5a41098c1f3710c3336413275aa74dcbb8,8,双,大
2026-08-06 09:29:58,85102968,0000000005129178e955f311bd8bf8c725cffa632d0c5091fc3c1328f58629b9,9,单,大
2026-08-06 09:30:01,85102969,0000000005129179f3d90c20a04fdbcc2e466a8a6f640173a4fbe9f1c1e7195a,5,单,大
2026-08-06 09:30:04,85102970,000000000512917a955fc14aa351e3eb1c23f1a6002c0856c5552a1a5d2ec384,4,双,小
2026-08-06 09:30:07,85102971,000000000512917baf31958afec57b832f05c84fab5adb5a7cf581ed6264aac8,8,双,大
2026-08-06 09:30:11,85102972,000000000512917c11315fd2924524a34677a6ebb9a6b48f6863de70a9deea72,2,双,小
2026-08-06 09:30:14,85102974,000000000512917ecd59f6119242ee2290b5d16058d4ed02379d2130469dc4ce,4,双,小
2026-08-06 09:30:20,85102976,0000000005129180957fe548ad20fc39525c44e7cfefe12cb2be262572ebd21c,1,单,小
2026-08-06 09:30:26,85102978,0000000005129182fc9c5904f69f00f1a2873493100fd7fbf9df50fe04847979,9,单,大
2026-08-06 09:30:32,85102979,0000000005129183e3ec5f4db50b65c8d4d3bf1daf908ddc2907b5be9dfb56a6,6,双,大
2026-08-06 09:30:35,85102980,0000000005129184661e4c51804d0f50d5473aa0c8770d2c042c853a5a47487f,7,单,大
2026-08-06 09:30:38,85102982,00000000051291863bf079cd41aa8d9f04dd4a2cb2a1b2c857443e2253cb2ca9,9,单,大
2026-08-06 09:30:42,85102983,000000000512918770a3c87f9fac714b9226b4bb04e016d76cd0f6717587250f,0,双,小
2026-08-06 09:30:45,85102984,000000000512918897eb124754ea5d4805ca4978d89a403cce20e00e2d3e7137,7,单,大
2026-08-06 09:30:48,85102985,0000000005129189051dc702a3a490153d129620ce2bb227e8de15e24a8a384b,4,双,小
2026-08-06 09:30:51,85102986,000000000512918aee9c8fe892fa53ad0cd5013b10d89298276ec1ef4206c50c,0,双,小
2026-08-06 09:30:54,85102987,000000000512918bddb541beb21a74309b4fba5e320e824f566ae54b834441bf,1,单,小
2026-08-06 09:30:58,85102988,000000000512918c2042b274f8a1d25543fcd917880ba16d17f8df7434b30330,0,双,小
2026-08-06 09:31:01,85102989,000000000512918d92999c3fbbe89c2dd489329aef897c7a51d333d93fa4c58d,8,双,大
2026-08-06 09:31:04,85102990,000000000512918eb93296a9b56f91b8fdb3713b119e1c49ccf1b38edce0626a,6,双,大
2026-08-06 09:31:07,85102991,000000000512918fad5671810bdfcbf71a2bff004d8f014bff1a2ada624fd331,1,单,小
2026-08-06 09:31:10,85102992,0000000005129190f8af638c998d9e913fc32c159827ff05f49ad468f56def54,4,双,小
2026-08-06 09:31:14,85102993,0000000005129191e6fbb3905b43a939680a7430a4589ca3404a8656c1aeebe6,6,双,大
2026-08-06 09:31:17,85102994,0000000005129192d77307a3fbd68f771c30048300a099a6836a12089a75305f,5,单,大
2026-08-06 09:31:20,85102995,0000000005129193fff30794df10ef26e32fdd2bc0f1e510222c974c5a2cdd5c,5,单,大
2026-08-06 09:31:23,85102996,00000000051291941c798d944adda4c0e5f1290a9dc7813008b5d5dc341ea78f,8,双,大
2026-08-06 09:31:26,85102997,0000000005129195298ada1095960531d798dad0b5691da84080d00c42ea34c2,2,双,小
2026-08-06 09:31:29,85102998,000000000512919620e98278f34c2efad76d37e96a6bf8e8df5ae429a4982760,0,双,小
2026-08-06 09:31:32,85102999,00000000051291975ae155ae6a560e64deb9e714daed90ffc6d1c6562c16e659,9,单,大
2026-08-06 09:31:35,85103000,0000000005129198c97177489ff533ea98a08e1cb00b007a6a131e7357602733,3,单,小
2026-08-06 09:31:38,85103001,00000000051291995c65221b85c48fb2ff005a749d672743686f7d4786213d39,9,单,大
2026-08-06 09:31:41,85103003,000000000512919bd0f7ab0b35368ad5a8560037e64715ef2dc431f0f2f1a7df,7,单,大
2026-08-06 09:31:44,85103004,000000000512919ccec92dbb67f8d724f9976a433aa32a7007f0db2ad55fc7a8,8,双,大
2026-08-06 09:31:50,85103005,000000000512919d3daa6cbff1e088649fd59a5c3ad9474fa96ea54816d413b9,9,单,大
2026-08-06 09:31:53,85103007,000000000512919fc5596384428859c78e7ceaead3ef760624cf7af5ad3b7d62,2,双,小
2026-08-06 09:31:56,85103008,00000000051291a03d6f0ea742c102d983e59b5fd0f5ee02ab45dfcd3f070476,6,双,大
2026-08-06 09:32:03,85103009,00000000051291a183e30ff146acf99f34f22ca0ea214354526fac0362bef974,4,双,小
2026-08-06 09:32:06,85103010,00000000051291a2a306e079d463a3bbcaeaffe40a12d88d497a585e0bb163af,3,单,小
2026-08-06 09:32:09,85103011,00000000051291a30f8733702ed03c6abd619f5aa33f96537221d905fbbfb4e3,3,单,小
2026-08-06 09:32:12,85103012,00000000051291a4628156fe887a5ede10562dd39c635cdf2371896e5838fa6d,6,双,大
2026-08-06 09:32:15,85103014,00000000051291a6cb2228e33288a15816a1f0e729f573317aea59d567a1dc40,0,双,小
2026-08-06 09:32:18,85103015,00000000051291a729e7ccc057c0abff911fe93dae3fe970ffbf1c9c5e584dad,4,双,小
2026-08-06 09:32:22,85103016,00000000051291a8ac3c80470e2a43c87377377a9365e7704407659b2c643a43,3,单,小
2026-08-06 09:32:25,85103017,00000000051291a9103b866ecb8993e7ea4c18d4594ec0d6e8b11029215f7df8,8,双,大
2026-08-06 09:32:28,85103018,00000000051291aa6d9ff38e4125fb8cbbf2a8a4408bf0f313bdf5196170d4a5,5,单,大
2026-08-06 09:32:31,85103019,00000000051291ab4a8cabb6bb3799d87a3521a53b9aff80f4a05f5bf1eca81b,1,单,小
2026-08-06 09:32:34,85103020,00000000051291ac4eb97218f41158fa027d2f898bdbcf5bbb4ff7c78b9aafa7,7,单,大
2026-08-06 09:32:37,85103021,00000000051291adee12c31302ec0f8eb57ba46fad069e3311b1e75c805bfc91,1,单,小
2026-08-06 09:32:41,85103022,00000000051291ae03da2c2ba75d6ebc50dbe2b8d8ae9c01a0588209df084924,4,双,小
2026-08-06 09:32:44,85103024,00000000051291b094789ad93426d9478829ec1a4115aaa2fe2e417ba2b9e32b,2,双,小
2026-08-06 09:32:48,85103025,00000000051291b14b309de30f19a4874105a01ffe5344b2a450b69700095725,5,单,大
2026-08-06 09:32:55,85103027,00000000051291b344353ab3944beffdbce00d1b22162325e99e34825630ccd2,2,双,小
2026-08-06 09:32:59,85103028,00000000051291b45b2f771064dc8f23b8718da58643ec6d5d948f2130bd4ad5,5,单,大
2026-08-06 09:33:02,85103029,00000000051291b5b7c66a461568cdbd19fa57251f69e5726f2de746d2ec131a,1,单,小
2026-08-06 09:33:05,85103030,00000000051291b61406eda9741e5fe92415eb1fce46bd48cf73baf44df61077,7,单,大
2026-08-06 09:33:09,85103031,00000000051291b7b86d20e256871cfbeb648c261a914df8cc9bd095d1cb9e7b,7,单,大
2026-08-06 09:33:12,85103032,00000000051291b82a3ad23d48a101eab24a37adcef1b22b027ca932103493fd,3,单,小
2026-08-06 09:33:17,85103034,00000000051291baee01ddafd72cbe79821e85cddc7bbc916179226a8c220952,2,双,小
2026-08-06 09:33:21,85103035,00000000051291bb8a363e2ff6664b23bb884f3957c0533ce25f3b9277e94efc,4,双,小
2026-08-06 09:33:24,85103037,00000000051291bd21b16216d8afb2a1559250b01067010dfc00119381d979b3,3,单,小
2026-08-06 09:33:30,85103038,00000000051291be9faf2a369e5e9b8a2ada0797730344fd7efd47e34f142f7e,7,单,大
2026-08-06 09:33:36,85103039,00000000051291bf1349be740b4072371f450502efe22d07827298236f5ab417,7,单,大
2026-08-06 09:33:40,85103042,00000000051291c2548bcf3c073de3e0d524b1620bff584963649b406803ae99,9,单,大
2026-08-06 09:33:43,85103043,00000000051291c35d0c83f718134feade11e6b36ba56fb9e50a95ec58251ee8,8,双,大
2026-08-06 09:33:46,85103044,00000000051291c4cd6f12389697601c8c7b6540c39cbb01ca92aea7885cce12,2,双,小
2026-08-06 09:33:53,85103046,00000000051291c615f0c72597330f1ea57340920504f8f3401f4f7a13697617,7,单,大
2026-08-06 09:33:55,85103047,00000000051291c79d0fa48e372a34059d0ca8dfb6fe7479db58e5903f882664,4,双,小
2026-08-06 09:33:58,85103048,00000000051291c81f71b071ce7676e5cd5f81d4af51d3403f0bd89591ed2f8d,8,双,大
2026-08-06 09:34:02,85103049,00000000051291c90dec2ea39fab54c79acc33d261a57459597e0935a1f304d9,9,单,大
2026-08-06 09:34:05,85103050,00000000051291cafbeb936bca8191f471ea7769d1fd37e0729fbbbb9a59d3b4,4,双,小
2026-08-06 09:34:08,85103051,00000000051291cb232f55f3311b32defe1ac761cf935ba6e1c6c8403e719bf7,7,单,大
2026-08-06 09:34:11,85103053,00000000051291cd549bd9e040cf7aabe6f623bead6b0d73d356e4244b2e12fd,2,双,小
2026-08-06 09:34:18,85103054,00000000051291ceede69fa89579cd28fafa2a9d7a911e3d35155a2a5c9b6e0f,0,双,小
2026-08-06 09:34:21,85103055,00000000051291cfe17688783fc2812a9bee4eedb7edf5ae7a5bf602c3bdc5b5,5,单,大
2026-08-06 09:34:24,85103057,00000000051291d1fa357bcd83b87fe0f5acb8036e5eb2d27d062a61aa6d8df8,8,双,大
2026-08-06 09:34:27,85103058,00000000051291d241e161d14742187dfffeac45e83b27980138ad6d3bd07896,6,双,大
2026-08-06 09:34:30,85103059,00000000051291d3eadfa3685b08f83a36b1d0d3448438bf416b2a5e07e9a8d3,3,单,小
2026-08-06 09:34:33,85103060,00000000051291d40f4e6d82c049128bc7140fbe2c04aba92bcde10e3150a28e,8,双,大
2026-08-06 09:34:36,85103061,00000000051291d5c1396e02ee381246f27427c8bbb1339d49af1a340c14001b,1,单,小
2026-08-06 09:34:39,85103062,00000000051291d65cf929b0d7889488a1dd8260659e159f3a89538f163836ed,6,双,大
2026-08-06 09:34:42,85103063,00000000051291d7dad613a841bbce515ce973a5b5ccc339120e97848b456b14,4,双,小
2026-08-06 09:34:45,85103064,00000000051291d87e5ccc22a780ae0839b1bf3a08efe2265d76c48e5e8119a8,8,双,大
2026-08-06 09:34:49,85103065,00000000051291d987598e56139b7ebe5ba3042b393e42c9e54fa63d876c0a56,6,双,大
2026-08-06 09:34:52,85103066,00000000051291da9f0cb5f961f37cebc571843e88887d4448b942a4d68fdf7c,7,单,大
2026-08-06 09:34:55,85103067,00000000051291db441634ca456524d2b7096ffebefa1ecb3396f69132116194,4,双,小
2026-08-06 09:34:58,85103068,00000000051291dcb4316d248e7336f203f6f872f3bc36adcd8e4732093d7a45,5,单,大
2026-08-06 09:35:01,85103069,00000000051291ddb729aac11da15f7672dcf337f3d354530390328ee039f6d2,2,双,小
2026-08-06 09:35:05,85103070,00000000051291deeb95283869e151d38883a6926ffdb6c8959d144ac40ef942,2,双,小
2026-08-06 09:35:08,85103071,00000000051291df34cdfeed058ea2554ba21dab198658b028cf3c236581a6ae,6,双,大
2026-08-06 09:35:11,85103072,00000000051291e09ce61b4e85b9af28d03d751059ec4f0f8aa0add404ee24ff,4,双,小
2026-08-06 09:35:14,85103074,00000000051291e23e001878f6a26360229a4acfc75dabcfc435f629aebef031,1,单,小
2026-08-06 09:35:17,85103075,00000000051291e3736eabdb2780dc814f73d5232d2e918f7b03216b037cc7fa,7,单,大
2026-08-06 09:35:20,85103076,00000000051291e4b63666382382ee2a1e37771a7d9180b15d4794e6b4fd7ce1,1,单,小
2026-08-06 09:35:23,85103077,00000000051291e59395540c5ad6e7f1a0ff3de2d67d02d17144aa98d383fddb,3,单,小
2026-08-06 09:35:27,85103078,00000000051291e60ece7d3498aca4dd7ffc973b0d5a38a932d8c3cba8ec65f0,0,双,小
2026-08-06 09:35:30,85103079,00000000051291e78bdb2385f274a70501114de9d8ab5b98bb099424325444b1,1,单,小
2026-08-06 09:35:33,85103080,00000000051291e85f0bd102519404b1aa8f738682f84071225504ce87b004ea,4,双,小
2026-08-06 09:35:36,85103081,00000000051291e914cb0c4344ae8d492d4583077e214d9e224e4488efa0e597,7,单,大
2026-08-06 09:35:42,85103083,00000000051291eb1952d6c042d8dd9d4b917e0cf651afce73433377f6746c40,0,双,小
2026-08-06 09:35:45,85103084,00000000051291ec9f770d8e29dc0fe1759559cbed18a3d3c1895acccd59aa66,6,双,大
2026-08-06 09:35:48,85103085,00000000051291ed16d21cfff01f57687872bc4f3732fa87b6c05462b5be2688,8,双,大
2026-08-06 09:35:51,85103086,00000000051291eee46b699ceb52db6833cb00fbc3e4277275dc8615368c1e94,4,双,小
2026-08-06 09:35:54,85103087,00000000051291efcf8e054bc61a335d195182a2df9c5a5a284209cda6472c09,9,单,大
2026-08-06 09:35:58,85103088,00000000051291f09389a121abe24c42404f0c2b2740f90e9a93a7af2208234f,4,双,小
2026-08-06 09:36:01,85103089,00000000051291f13ff9c543be4d2a3b238e7ec3255103171b4c4ac3c0dd7ab2,2,双,小
2026-08-06 09:36:04,85103090,00000000051291f23b6ed383183e2e736eb86ab1327ad8640add5895167e890e,0,双,小
2026-08-06 09:36:07,85103091,00000000051291f31863caa6775672d03fae160351c6e146e0e13d99ab0eb100,0,双,小
2026-08-06 09:36:10,85103092,00000000051291f41cc20ebb357ea8186e4a04e3d9fac674537cd33c0ef1f1c4,4,双,小
2026-08-06 09:36:13,85103093,00000000051291f51bbc4f35d5262b595b0b0250b591901ed39c79f009607528,8,双,大
2026-08-06 09:36:17,85103094,00000000051291f6c00973f47a5cf752ddc6c92702e6372d581b4df5d1e11561,1,单,小
2026-08-06 09:36:20,85103095,00000000051291f7ff37ca07ddae218462731d45d64a117401f19ef807c7d363,3,单,小
2026-08-06 09:36:23,85103096,00000000051291f8888576fca64a15535392b8eb79d285f4b4b4b1ce6245d352,2,双,小
2026-08-06 09:36:26,85103097,00000000051291f95b9a2b8eb4cb1f033a995651db786b7a0ab4d06509805064,4,双,小
2026-08-06 09:36:29,85103098,00000000051291faccb29415f1cd9a24517e100db36e5f15f6ad18b20b99c931,1,单,小
2026-08-06 09:36:32,85103099,00000000051291fb8f3775e729f79d19f2a5fa50328403a89829704ab4fb1d33,3,单,小
2026-08-06 09:36:35,85103100,00000000051291fca57819e5b27f35fd065b8db488976075285f8ed38a4bd9ee,9,单,大
2026-08-06 09:36:39,85103102,00000000051291fe61a474ba7d372c164dc4e02d7728cb73c7623adce477cfa3,3,单,小
2026-08-06 09:36:42,85103103,00000000051291ffdf5393c7d2473ad7f6740dbe9d6290a661cce98be0992880,0,双,小
2026-08-06 09:36:48,85103105,00000000051292012fcc34628b2aa253f5278fd4bca403896d5452ad1575ca90,0,双,小
2026-08-06 09:36:55,85103107,0000000005129203c1c52bbdea83a82f6b3d66229e6de9f834ba11055ae77315,5,单,大
2026-08-06 09:36:58,85103108,00000000051292044e7086b0e229c0f1f4c0555cf0f3630100a7e903a27b1a71,1,单,小
2026-08-06 09:37:01,85103109,00000000051292059c004c523dec70d2570995fd149f8e9766071387cf32b11a,1,单,小
2026-08-06 09:37:04,85103110,0000000005129206811777e28aceb745cdb4fb163969d9dc1ce3884ae3a632e4,4,双,小
2026-08-06 09:37:08,85103111,00000000051292079971522918ed91a70e0307c6e621b855890a99a17a68deff,8,双,大
2026-08-06 09:37:11,85103112,0000000005129208683e5089c5eb722674549055faae6ce5f82bbbc712ff1bb8,8,双,大
2026-08-06 09:37:14,85103113,0000000005129209b051fddc186c5faae54493596784b58b62b5c22a9785481c,1,单,小
2026-08-06 09:37:17,85103114,000000000512920a9c6fd271c98b4120a39411996ac01e6649bc8c0c3aedab5a,5,单,大
2026-08-06 09:37:20,85103115,000000000512920bb960a0a4b93c9c592cbcd21dadab8a923c078974934c606e,6,双,大
2026-08-06 09:37:24,85103116,000000000512920cc9569127f5234637551ccdce52cf952d80c64c53303a313c,3,单,小
2026-08-06 09:37:27,85103118,000000000512920eeb81926434bca75c17e48843d796b784efb875d3e6cc0d20,0,双,小
2026-08-06 09:37:32,85103120,0000000005129210c7b5a39dfecae7bbf33ea32419281862e1a5963e9c766e49,9,单,大
2026-08-06 09:37:39,85103121,0000000005129211af9e08f86deb7e815ee39eaf28b39237c04708cbbeec2e8d,8,双,大
2026-08-06 09:37:42,85103122,00000000051292125d7780eca12af82f847dfc8e77adc2c282e6d891909004fc,4,双,小
2026-08-06 09:37:45,85103124,0000000005129214d9f41bbe87b6107d7be3535a9f8c8eb37fb5cc97a9b938a8,8,双,大
2026-08-06 09:37:48,85103125,000000000512921567d83a23112896d81539396dcd4f70791ef6c414ed30e54b,4,双,小
2026-08-06 09:37:51,85103126,000000000512921627a5ce7c36cc4fe54acfa6832c37c0320d9f1819d3a5a2fb,2,双,小
2026-08-06 09:37:54,85103127,00000000051292178e2cf36e0829cbefba7862c3708268d93fd47f163ccb5519,9,单,大
2026-08-06 09:38:00,85103129,0000000005129219ad28c3b7ee21fd7e0b6d7c13e44f92da971c769377de0647,7,单,大
2026-08-06 09:38:03,85103130,000000000512921a5b363e23a1a1b37eddb759aa80da3229bd777e38b6003665,5,单,大
2026-08-06 09:38:07,85103131,000000000512921b29ca9a7b4b70798a846491851bc7e1cfd353773e4589fb33,3,单,小
2026-08-06 09:38:10,85103132,000000000512921cae485d505f6c9259cd2bea33a3f891c846daa33dd12579fd,9,单,大
2026-08-06 09:38:13,85103133,000000000512921d18375760e35b03f0848858421a447026226ae1a621b0efb4,4,双,小
2026-08-06 09:38:16,85103134,000000000512921ee4301931e873432317390da0e8915764749252694e316cf4,4,双,小
2026-08-06 09:38:19,85103135,000000000512921f31e77c5fc2f67e727f64a0b416619440a81ea0e56336cf5a,5,单,大
2026-08-06 09:38:23,85103136,00000000051292207c436d4b106a530b467079cb483c6f54d1ccba8b58eca0c4,4,双,小
2026-08-06 09:38:26,85103137,0000000005129221f72c867f7e9c31f88b58e607fe65f820c6d8af4fd4ea49dc,9,单,大
2026-08-06 09:38:29,85103138,0000000005129222777f065a441024cabe2afafa8d08909b05da38869cc49fd1,1,单,小
2026-08-06 09:38:31,85103139,0000000005129223d50d118773ffee02b8eea967fc914b55baab3382815d95eb,5,单,大
2026-08-06 09:38:35,85103140,00000000051292242d5d558fda536bda5952ebc577d961dfb0a5fed9875d15c6,6,双,大
2026-08-06 09:38:38,85103141,0000000005129225fb4c0a388b4b0783472478315f2ca5c4a2f1d95d499e2d8a,8,双,大
2026-08-06 09:38:41,85103143,0000000005129227d96c5210285bb03cacc4aedb45da1ef5900e3e4f162d0c39,9,单,大
2026-08-06 09:38:47,85103144,00000000051292288fbac73857c964802ec57908658b2a748a134176eeead4a3,3,单,小
2026-08-06 09:38:50,85103145,000000000512922972f2daf2c116cca32a9b2160aaa0e9c001413ca3a3d7f0c4,4,双,小
2026-08-06 09:38:53,85103146,000000000512922a040f2ec7a9e4be6c0446cc733b1d33b999410f5429dc6c87,7,单,大
2026-08-06 09:38:56,85103147,000000000512922b3dba266e16da6333f29ac6b4a85478a8986ca7f3b4e392d8,8,双,大
2026-08-06 09:38:59,85103148,000000000512922c84f5b8d0a45e586d7ddca2f52b091d9f8f6422ef3db20c8d,8,双,大
2026-08-06 09:39:02,85103149,000000000512922def75707b6af2cfa3e5c23621abd0e8ec05ec7fd6f35afa4e,4,双,小
2026-08-06 09:39:05,85103150,000000000512922edd46415869605b62c2108a6dd5a7e932e4e2e7d0fced9886,6,双,大
2026-08-06 09:39:08,85103151,000000000512922f25b16df153bd33eef86bca1603c50137edc94a896ab096cb,6,双,大
2026-08-06 09:39:11,85103152,000000000512923061df4e1248bce07f961842d04f03d9a42eecedef6cc3c165,5,单,大
2026-08-06 09:39:14,85103153,000000000512923193d2c17991b8a82cc3d10b3ba28eeb989a43f93d72db7f1d,1,单,小
2026-08-06 09:39:18,85103154,000000000512923295512343395007b6f5099baf30bb53a0a23098cb426e3b86,6,双,大
2026-08-06 09:39:21,85103155,0000000005129233103fc7a6b4aa33e6bc820618310833b67759229750813921,1,单,小
2026-08-06 09:39:24,85103157,000000000512923559551bd842fe36245bddbcf3059a2478e794855908099065,5,单,大
2026-08-06 09:39:27,85103158,0000000005129236c214c75ddc12bf58c3502eff8a95045b82436085b08ef78f,8,双,大
2026-08-06 09:39:30,85103159,00000000051292373b185288823b2ca1a690d31a1ad5a3284834211c4d266a2d,2,双,小
2026-08-06 09:39:34,85103160,000000000512923870ed46c62816292794d4ee959f349d9c048f86156d7e6d25,5,单,大
2026-08-06 09:39:37,85103161,0000000005129239ac9c0b4fe96f615ddd8334c31235e270b8949dad9b33cc6e,6,双,大
2026-08-06 09:39:40,85103162,000000000512923a6e307b6aa2a5959256c4ee0e616b9b360adfa0cacbac2e69,9,单,大
2026-08-06 09:39:43,85103163,000000000512923b52922980e73e743c7590ec0fa3ca25c97ed4b5b506a237ce,7,单,大
2026-08-06 09:39:46,85103164,000000000512923cdf294c2e5604d5ffca61301db0e00f082a5047856f325e24,4,双,小
2026-08-06 09:39:49,85103165,000000000512923da3ef0c469905b5c8c1bf8da644941fa910f2234a08ac9d3a,3,单,小
2026-08-06 09:39:52,85103166,000000000512923e6263c17c1a587b10c5381d7d6e29ad9e6911fbb92030d8a3,3,单,小
2026-08-06 09:39:55,85103167,000000000512923fcb00d2a6f98dff71eb6ba41fef09193858e960f02f50ef73,3,单,小
2026-08-06 09:39:58,85103168,000000000512924066afd349ba7c90982c2035ea65064d10f3cfe4f890aa37de,7,单,大
2026-08-06 09:40:01,85103169,00000000051292417b6464c9da174c86ec8dc8947d75a0daa45567c12e3314be,4,双,小
2026-08-06 09:40:05,85103170,0000000005129242fec49199681d4311d1ca79cc4cffb0e3be4c64146de4d1cd,1,单,小
2026-08-06 09:40:07,85103171,00000000051292438702c29d5a2142ae66ab116d252ff773ac4e713803091c9c,9,单,大
2026-08-06 09:40:11,85103172,0000000005129244d9f6c7ebfe377f2b80c4506d738859d097b5c08601dd0b98,8,双,大
2026-08-06 09:40:14,85103173,0000000005129245d801e5eab2be7fb253f077de827003bf680648413237bb09,9,单,大
2026-08-06 09:40:17,85103174,00000000051292467dfe230a1f0e28de9ecf64f4ec61e73efde1d845de3f8288,8,双,大
2026-08-06 09:40:20,85103175,00000000051292479b5a525e49b8fba1465ed76579449dc6050537c17dc6455b,5,单,大
2026-08-06 09:40:23,85103176,0000000005129248f373fb4d79e4ee6d9cc32adb31a78ef97097183fa6bb5e6a,6,双,大
2026-08-06 09:40:26,85103177,00000000051292493be2e0e1c4914ebb850cff43a7788e9fa4dd874b0de6442b,2,双,小
2026-08-06 09:40:29,85103179,000000000512924b5b10cfbed8581dc26c20cfe1a6cbff215842dc20ba7338b1,1,单,小
2026-08-06 09:40:36,85103180,000000000512924caab1e6617476e91820a8c8c381c9ed643e083b9e52a4dd7e,7,单,大
2026-08-06 09:40:39,85103181,000000000512924d4e85ae4a1ca827c762abd85f2a785cef4451ab929f860d45,5,单,大
2026-08-06 09:40:42,85103182,000000000512924e5d13955eb0b006a9913ca8857d86f9e83443bd57eca40893,3,单,小
2026-08-06 09:40:46,85103184,0000000005129250730d76447432b5482bfad241bee1556bbe13f74e4b94522f,2,双,小
2026-08-06 09:40:49,85103185,0000000005129251f33ad14fa4fc8e99e38cdf0c616d2e60fb9730363749589d,9,单,大
2026-08-06 09:40:52,85103186,0000000005129252b937a84fee3ac6fcfe4bf50b011f8362dae1759e773726f0,0,双,小
2026-08-06 09:40:55,85103187,0000000005129253db60e7fd9923c92aa104b9e5f34cd707d9c19393777e87ab,7,单,大
2026-08-06 09:40:59,85103188,0000000005129254fc28f4d4c673ce5ddbaec46b07ad5caffa862f3f37a321d4,4,双,小
2026-08-06 09:41:02,85103189,0000000005129255335c670a44088b2af5d98e7bc511a31cf536e08db8a0936b,6,双,大
2026-08-06 09:41:05,85103190,0000000005129256aff515df7062dc00f35c61786aa3b748d9771d1cee15067f,7,单,大
2026-08-06 09:41:08,85103191,00000000051292571a2ae4170b88b77b35259dabba1359107cc26b92f56b502f,2,双,小
2026-08-06 09:41:11,85103192,0000000005129258c2028a98c4858def263a82fb56119e31bdaebdb95be4271c,1,单,小
2026-08-06 09:41:15,85103193,000000000512925977b546fcb2429dbed8db14b92813c51e73a9fa0292cbe99e,9,单,大
2026-08-06 09:41:18,85103194,000000000512925ab4d72ffdeb4ac9658bec851d79cba1e440b74cdb2878aeff,8,双,大
2026-08-06 09:41:21,85103195,000000000512925b9547d56d8bf2461a3392b7380ec72ec0397ebee3aae2621e,1,单,小
2026-08-06 09:41:24,85103196,000000000512925c6686e42f7ea66488adf56d93cf02534a3f49889f7d41f2e5,5,单,大
2026-08-06 09:41:27,85103198,000000000512925e6d9d2dce4c8f605b1296b2a55a87003d511dd0c1c09b52e9,9,单,大
2026-08-06 09:41:30,85103199,000000000512925fde86b716630eda2ee2ab5e6464b0ca387b3de434f4dd5c55,5,单,大
2026-08-06 09:41:33,85103200,0000000005129260580f9cb23512dc7f9b28a138fb9d5c2f62197c17572747a1,1,单,小
2026-08-06 09:41:36,85103201,0000000005129261c97c85b9e736b89417a444aa3379158b669c15b959c9a6c8,8,双,大
2026-08-06 09:41:39,85103202,00000000051292623cd0bf537e9839cfb8a0bbe257cc630309f87e05ca65a3d7,7,单,大
2026-08-06 09:41:42,85103203,0000000005129263d5435d98b6405a96a1dc2fbc5a62fd187c83b393d160a165,5,单,大
2026-08-06 09:41:45,85103204,0000000005129264448cb51aee01803c843339d584c3825254004d655c03f0fe,0,双,小
2026-08-06 09:41:48,85103205,00000000051292654f3f25af434e01935ebbbb274da5ae66817dedd0d645a82a,2,双,小
2026-08-06 09:41:52,85103206,000000000512926606acd76d872c8ddce41cad5197351d7839ff747e18d2edb2,2,双,小
2026-08-06 09:41:55,85103207,00000000051292670907bb40f4a12f0340c8683b8e94ce81ca48082ab3527557,7,单,大
2026-08-06 09:41:58,85103208,00000000051292687c693ec3ac8f2eadb5ba3ce282576bde887343dfff98f6a0,0,双,小
2026-08-06 09:42:01,85103209,0000000005129269e25f8eac1c6713a3f135364873c903e9043508f18946b4c3,3,单,小
2026-08-06 09:42:04,85103210,000000000512926aa758c8d78b6b451b2316ae1997e5ed87a1e6ff246e848fb6,6,双,大
2026-08-06 09:42:07,85103211,000000000512926b5ef768474612a1baeb0bc00252129fc2a5f9766a81f92a18,8,双,大
2026-08-06 09:42:10,85103212,000000000512926cb24ec67f205fbf841e077c0dde414632e246e90bdb6497c5,5,单,大
2026-08-06 09:42:13,85103213,000000000512926d9350ddf28e6b1cadb742cb5852c7bf12436f3757d02ff0d2,2,双,小
2026-08-06 09:42:16,85103214,000000000512926e6f0f58d432f35c41a00948bfb4a2a9b68b058d03d39dc2d1,1,单,小
2026-08-06 09:42:19,85103215,000000000512926fba1823cccdb688de25c1e1473fbbe4b1ff5a30e0e449ce83,3,单,小
2026-08-06 09:42:22,85103216,00000000051292707fa90673d9a1b3a96c00d7824943e820a412bdad803422b9,9,单,大
2026-08-06 09:42:25,85103217,00000000051292714e6ec00c3da65b55c9fbf7c4211b11119d85486306ee4e9f,9,单,大
2026-08-06 09:42:28,85103218,0000000005129272f99e3f959753b162b796127e1b6d90271fa96e98c0ab6d10,0,双,小
2026-08-06 09:42:31,85103219,0000000005129273ff8ddfa94437639775836227db9a390561bcd234d7814df9,9,单,大
2026-08-06 09:42:34,85103220,00000000051292740046ab1e193f9c32365b0e773b06ef686c786258b88ba537,7,单,大
2026-08-06 09:42:37,85103221,00000000051292753633edd9990727a8fb79812e9cb92b20e9971f7e76ff793d,3,单,小
2026-08-06 09:42:40,85103222,000000000512927655fece0afddba2ff5b7aaf83704a3ff9530543e465acda35,5,单,大
2026-08-06 09:42:43,85103223,0000000005129277930fce0d2b05493d7ba8435d2a203ac3abf8a4d535c766e8,8,双,大
2026-08-06 09:42:46,85103224,00000000051292786bf96a904ab62f1c41a418d82ad1cbec5ea3adba53d980e4,4,双,小
2026-08-06 09:42:49,85103225,0000000005129279439a4208a25c55e648b5cd4785309ac76c732700e117a576,6,双,大
2026-08-06 09:42:52,85103226,000000000512927a00ae6a3a675343a9f335ca9ec208c011372bf47b01721472,2,双,小
2026-08-06 09:42:56,85103227,000000000512927baa76fdb90e7b76b600639b29604e98514680be6535d1444e,4,双,小
2026-08-06 09:42:59,85103228,000000000512927ced8b632d5476fd15690da7960f48ebc430e05909f1a331a1,1,单,小
2026-08-06 09:43:02,85103229,000000000512927de323856ab31b905d4bbde1b8917db57151aea7c81be0b0af,0,双,小
2026-08-06 09:43:05,85103230,000000000512927e98f1ccdb20a719cd068b048c239b151d9fd301d15c6cde7b,7,单,大
2026-08-06 09:43:08,85103232,0000000005129280582304536ec60991ee21c998710db13c8b8cc1d7f2a638d6,6,双,大
2026-08-06 09:43:15,85103233,0000000005129281be2552b8c027e4ed6ebe2d837f54a6aae959cf96c0db497d,7,单,大
2026-08-06 09:43:18,85103234,000000000512928231aa493c7c0b93b9c99522004c617911436de4b8e09b1c01,1,单,小
2026-08-06 09:43:21,85103236,0000000005129284796651c498938ddfd8514c353426ecfda2c38803f6dbb7f2,2,双,小
2026-08-06 09:43:24,85103237,0000000005129285f32bda5ba7ef51760c2697ee2ceb5b46558fe596f8995cb1,1,单,小
2026-08-06 09:43:28,85103238,0000000005129286c2047f2d86fcff42ad99ae8c602da663a4f61e3128c72386,6,双,大
2026-08-06 09:43:31,85103239,00000000051292870a3182dad89ec96c1b6811c22ff68623460871cb662b38db,8,双,大
2026-08-06 09:43:34,85103240,000000000512928873a16192c64ddf61420b683a75f5891fcaf1b964f7164a7c,7,单,大
2026-08-06 09:43:38,85103241,0000000005129289a5851f30f0910a73896d5f1c6ce84df9dd5711d63e493126,6,双,大
2026-08-06 09:43:41,85103242,000000000512928ac0bc5d743b834022b2822a9d4875678221230868ceed5da1,1,单,小
2026-08-06 09:43:44,85103243,000000000512928b22b855c35fbe34e21ed4760f57bc200b2f9ee6d4a8074d00,0,双,小
2026-08-06 09:43:47,85103244,000000000512928c77dabcf4634c1205a17d1693409fda0ad8b749cf38632c03,3,单,小
2026-08-06 09:43:50,85103245,000000000512928de72c6bab0761c7da6a309460b385052a2d1aa2ca8037c71a,1,单,小
2026-08-06 09:43:53,85103246,000000000512928e0427038f28995428f329fbb0156e14d3cd1532899c752dd9,9,单,大
2026-08-06 09:43:57,85103247,000000000512928fb9691a2ac23e6229627872f86f137435b94d97d9bf0b217d,7,单,大
2026-08-06 09:43:59,85103248,00000000051292901efa9ff2a076348ad779a8b1df767ec288335cc568018063,3,单,小
2026-08-06 09:44:03,85103249,000000000512929104f17033e7a7d12807d0ac2387b098d2869ec44577ec81c1,1,单,小
2026-08-06 09:44:06,85103250,00000000051292926dde85adca6537426ff408cfcda1b76228f7e46d3b5a5ca9,9,单,大
2026-08-06 09:44:09,85103252,0000000005129294925cf4bea595728ffb42dd542d58bc5c82ea4a995001bb7a,7,单,大
2026-08-06 09:44:12,85103253,00000000051292951a972a865e57c004714d0fa88267cad8ef7bc4a22781c9dd,9,单,大
2026-08-06 09:44:15,85103254,00000000051292964c01271df4829b44218bb695bf5ec8429b1f335a9afdf47c,7,单,大
2026-08-06 09:44:18,85103255,0000000005129297f79bb48407000352a5236ce55c539e49c85e22d2543c97d9,9,单,大
2026-08-06 09:44:21,85103256,00000000051292988e48638bd4f006df381e4f692d497a6f722bd81f7a12f64d,4,双,小
2026-08-06 09:44:24,85103257,0000000005129299c6f9a5b033658ff2e0ec07726a021816f4dc569ddda904ea,4,双,小
2026-08-06 09:44:28,85103258,000000000512929aca8128918c329b9fc30d1d4ea88bb3b15b97f17ba0007d07,7,单,大
2026-08-06 09:44:31,85103259,000000000512929bcd55fcf47b040da348ec614d8c26a37d0efd9283a1fd6851,1,单,小
2026-08-06 09:44:34,85103260,000000000512929c42bf1e8a2cde1ae05686297b6432a60dc2ea9a43f8988781,1,单,小
2026-08-06 09:44:37,85103261,000000000512929d6e347d461653a37910870d38471cd49d0cee0fd1366f885c,5,单,大
2026-08-06 09:44:40,85103262,000000000512929e0f963ec2e26683261481635cae77e694a9f37b24485a1790,0,双,小
2026-08-06 09:44:43,85103263,000000000512929fc427333dad1e1c5050bf280f7ac5a7433c820a9342e743e7,7,单,大
2026-08-06 09:44:47,85103264,00000000051292a0fac9fad09f3956b033cfc6fe8f0f778f8f8fd8aa5e9cf1fc,1,单,小
2026-08-06 09:44:50,85103265,00000000051292a12b5fe2bc86347085ce2d91050f0a3d9cf9ab8ef7b7549861,1,单,小
2026-08-06 09:44:53,85103266,00000000051292a251648ab9cf13295452fbd22573257af022ce83be4ab5aa27,7,单,大
2026-08-06 09:44:55,85103267,00000000051292a35e9c7a65b35f18bd7d98d0c33089df15edbf0842bd3ec27c,7,单,大
2026-08-06 09:44:59,85103268,00000000051292a4a48b68e3e16fafe6ba314b5b224cc14175efd92b520f65a9,9,单,大
2026-08-06 09:45:02,85103269,00000000051292a539742374d2291680ed7b8653b5227b74fd860fd0273fe670,0,双,小
2026-08-06 09:45:05,85103270,00000000051292a6af18f6625d52f7c97f2e23e8e73399421a6dd369f7e1ee69,9,单,大
2026-08-06 09:45:08,85103271,00000000051292a75a0c859954c6e1b955abe8f4859d5dd13628d2f29ed26054,4,双,小
2026-08-06 09:45:12,85103272,00000000051292a89d8301b7efe728e248c26c97776c3460dd1506c877f16866,6,双,大
2026-08-06 09:45:15,85103273,00000000051292a9d493e06db06c07a4b81b1604b0e458476c670a68982e8a2b,2,双,小
2026-08-06 09:45:18,85103275,00000000051292abb41901004bc07b7e75ac61ee257a480d93d83d70f0ba9bbd,9,单,大
2026-08-06 09:45:24,85103277,00000000051292ada319631a640765d106c625be2ae5e6b047185da036fc4ba3,3,单,小
2026-08-06 09:45:28,85103278,00000000051292ae21595a601cfa2fcd8e11bf9728240336240ee18bc798f8d4,4,双,小
2026-08-06 09:45:31,85103279,00000000051292aff49abed665876d4ce112e49bd5aa5e2fdc619ebd52f1d7fa,7,单,大
2026-08-06 09:45:34,85103280,00000000051292b0e0181709a72e245f4d33b385343e9740483d68980170602d,2,双,小
2026-08-06 09:45:37,85103281,00000000051292b1c7e80b7f73ae6d70615ee0917314cc0bec6973e87db566ac,6,双,大
2026-08-06 09:45:40,85103282,00000000051292b287689128edd4161669e7371c972285966293d9f4c1894e01,1,单,小
2026-08-06 09:45:43,85103283,00000000051292b36e9cbe8c3c1684da5202aeaeffe8cf3910c8d44440c0a662,2,双,小
2026-08-06 09:45:47,85103284,00000000051292b40e2f1a75bb801cf51e0959075e2ec05e92969eb9ff28161c,1,单,小
2026-08-06 09:45:50,85103285,00000000051292b56ef39ca81ba5caee411c988a59dd588273f204e25ee2f103,3,单,小
2026-08-06 09:45:53,85103287,00000000051292b742813685937bdf2a650f68b7bcafc38d8679b6aee17aae52,2,双,小
2026-08-06 09:45:59,85103289,00000000051292b97ed2f8ce916d953810f160049724ca58d20d4b020fd1ea38,8,双,大
2026-08-06 09:46:05,85103290,00000000051292baaa9de6864bcddbce6fa832fb36f4427b69e67068018b77d7,7,单,大
2026-08-06 09:46:08,85103291,00000000051292bb5aeecc204698b9a48806eaaa91d20060418fbe726b7ea8f7,7,单,大
2026-08-06 09:46:12,85103292,00000000051292bc4a6a7050decf0dabcb77e622f4a22dd02dbbaaf1669b4eaa,4,双,小
2026-08-06 09:46:15,85103294,00000000051292bec40667b1c7d2e2fbc1d3b986988177e799bfef54e312db1d,1,单,小
2026-08-06 09:46:21,85103295,00000000051292bf92753213581ddfa6f660217eed7e3b1a6e9128c12c35d997,7,单,大
2026-08-06 09:46:25,85103296,00000000051292c013e83db3010e82833c848796a6b723e7752aebe80629450b,0,双,小
2026-08-06 09:46:28,85103298,00000000051292c29deda1669188f37980bd9f46e267b3d6deee93780ae28198,8,双,大
2026-08-06 09:46:31,85103299,00000000051292c300538c7542f3ec5f70088cd839a92927b9f220e8b59ab1fb,1,单,小
2026-08-06 09:46:34,85103300,00000000051292c40b45b10297210c2987b83d01d22304560610d7ccb64897c0,0,双,小
2026-08-06 09:46:38,85103301,00000000051292c54eacc9f82f2e40b003060122aaef28813780f54121570db1,1,单,小
2026-08-06 09:46:40,85103302,00000000051292c6cbb2025581a98eb97d33cecf857f11db21502081f7a3d370,0,双,小
2026-08-06 09:46:44,85103303,00000000051292c77598c51ccd4705c9db0ca6900c99c833e034a4c1c72407c1,1,单,小
2026-08-06 09:46:47,85103304,00000000051292c8b275adad144c96377e1bf9f1feecf2a433fa47faa223df1b,1,单,小
2026-08-06 09:46:50,85103305,00000000051292c9869a9f3e0db4ba5edc9e3406f37d7491e078f8276c8d1823,3,单,小
2026-08-06 09:46:53,85103306,00000000051292ca5a4c81237abecd9adadc3291eb46485ba440860f280bedaa,0,双,小
2026-08-06 09:46:56,85103307,00000000051292cbc586002a70803ba10d46076f0cba5fd5c99cdf4cf657263d,3,单,小
2026-08-06 09:46:59,85103308,00000000051292cc9f5fd929761306938a7fc5ce58e98da3f195cd80aa83e8c0,0,双,小
2026-08-06 09:47:02,85103309,00000000051292cdfd0086a13cd7c13933e9ff435ca1edb59230c948a118d3a5,5,单,大
2026-08-06 09:47:05,85103310,00000000051292ce8cc560b62fa3738957d3c60cbe8414811fdbf6faee9c3fcc,3,单,小
2026-08-06 09:47:09,85103311,00000000051292cf99bbee3ddff2576724505aaf0f4aaa9c4489918fe9bb134c,4,双,小
2026-08-06 09:47:11,85103312,00000000051292d03913a362348b8037d691e5cde687f24b6e5431e12483f718,8,双,大
2026-08-06 09:47:14,85103314,00000000051292d28246dafcf61f3dda3aff55f3e4f96ca9077c73d472df1320,0,双,小
2026-08-06 09:47:18,85103315,00000000051292d3912b707502d717872df81bd05b74170d09edb928b7bed287,7,单,大
2026-08-06 09:47:21,85103316,00000000051292d4434e0e749878273bce63dd030991d9135ea227ac096dfce8,8,双,大
2026-08-06 09:47:24,85103317,00000000051292d5354d9a07699eb401394a16579c238b7e0094562b48fbf543,3,单,小
2026-08-06 09:47:27,85103318,00000000051292d6fb04e2f18978728b2ab76f8c076969b04e8279ea2990631d,1,单,小
2026-08-06 09:47:31,85103319,00000000051292d76cd86b82b479c019ee4b3125ab2f714994433ad88b457005,5,单,大
2026-08-06 09:47:34,85103320,00000000051292d8066ec602b19a561a373f0d269bcd646f08f398d733837e37,7,单,大
2026-08-06 09:47:37,85103321,00000000051292d95804a2ab56e5c5bb2e132b93ac100604b6fad279c65cacc5,5,单,大
2026-08-06 09:47:41,85103322,00000000051292da5bffd6a25f7bb1dfd2758f3c16adbc71f3d6af352ac4140a,0,双,小
2026-08-06 09:47:43,85103323,00000000051292db613fa7a1d6ca3f410d21620137d689a8ddb046d363034280,0,双,小
2026-08-06 09:47:46,85103324,00000000051292dc0350438a77335d4a7b84f14a23e2bd7ac1a570d9191166b1,1,单,小
2026-08-06 09:47:49,85103325,00000000051292dd7a41a8069862dbddba670194d4a4c8ec8ee0cc35a5c76766,6,双,大
2026-08-06 09:47:53,85103326,00000000051292deb60893ac1b313e7bd67d67b6c6e51559fe43faeb53579ad7,7,单,大
2026-08-06 09:47:56,85103327,00000000051292dfb01a488fc6334c516898a93b930d0d91407c24f48c6aa4eb,4,双,小
2026-08-06 09:47:59,85103328,00000000051292e00bb247ad06764c5367c196e7de448e0c046165c54ab2f2f5,5,单,大
2026-08-06 09:48:02,85103329,00000000051292e179a60e0bbf62313a616863c5507ecdb3e96f23d4f53ae4ae,4,双,小
2026-08-06 09:48:05,85103330,00000000051292e2701d814b65a1517f28184cc14b97246531c9adaff96bfe79,9,单,大
2026-08-06 09:48:08,85103331,00000000051292e39fbf253da66783f7fe1b826cb08f470baa04ce41a425e2a9,9,单,大
2026-08-06 09:48:11,85103333,00000000051292e5f1832f90e421327ee03fd054266429fd2fed20cab725de90,0,双,小
2026-08-06 09:48:15,85103334,00000000051292e6ce08ccf07f21c3dae3fd7848ef596c2abb0877abccb5e2d9,9,单,大
2026-08-06 09:48:18,85103335,00000000051292e764a2ccdabdf5c1acb97dbb0cc01c3c9c5a6b5d80a34f2621,1,单,小
2026-08-06 09:48:21,85103336,00000000051292e8a0b1040dfadc737c82a3fb27b6f453e97c568eed4630f9bc,9,单,大
2026-08-06 09:48:27,85103338,00000000051292ea0ad11567cbb22e3c97c55786ab429cc6b49a78c0689f6378,8,双,大
2026-08-06 09:48:33,85103339,00000000051292eb1175fc080efcd8174ca6597078d57e4611a9a893240bf252,2,双,小
2026-08-06 09:48:36,85103340,00000000051292ecac70e9049789f492cf5efc06eb66a525e142b30acae9616c,6,双,大
2026-08-06 09:48:39,85103342,00000000051292eeee7d0d32989b5b66af59c346f46054ead99a08bca2e3672b,2,双,小
2026-08-06 09:48:42,85103343,00000000051292ef0ee590683c815c727d10287af57095ed73ff35a003745a36,6,双,大
2026-08-06 09:48:45,85103344,00000000051292f0c5f0850e4ee6ff4338eff3624b71090db17d040cec269c5b,5,单,大
2026-08-06 09:48:49,85103345,00000000051292f16e126db0b5e21068e8b120d545da52d4a1d84188d7521549,9,单,大
2026-08-06 09:48:52,85103346,00000000051292f2a65b62706aa001976b16d0766b5805d20ed579ae719aa901,1,单,小
2026-08-06 09:48:55,85103347,00000000051292f3888dc7db9f85ac9aac30125fd771698a898f2908baa1ab69,9,单,大
2026-08-06 09:48:58,85103348,00000000051292f4287644024f6453e514a16f3efe68bb5137988ea0f9e55e25,5,单,大
2026-08-06 09:49:01,85103349,00000000051292f52b61282e245279f2d61fa29c8aad32399d46dc73c6fd66f6,6,双,大
2026-08-06 09:49:04,85103350,00000000051292f6106fb2047a7a3fe2389c633e4f091bfe8dfb0c4a782c6519,9,单,大
2026-08-06 09:49:08,85103351,00000000051292f7b829a17a35eaa66afb4d8ef6e2b377859cdec533f085aa1a,1,单,小
2026-08-06 09:49:11,85103352,00000000051292f843e1d1434a505ee16cff23507c133d1ed8b4d3e29d35a680,0,双,小
2026-08-06 09:49:14,85103353,00000000051292f92173c35a5fc8aeb6263fc6bddb26df868074b30783f47775,5,单,大
2026-08-06 09:49:17,85103355,00000000051292fb24e915f62f4c0256a3ad2cd81a63cb8a637bef917eb11ae3,3,单,小
2026-08-06 09:49:20,85103356,00000000051292fcd1a00659189a7373971e9ba6fdab2175dbbc326d4296e53c,3,单,小
2026-08-06 09:49:26,85103358,00000000051292fe41ef1ad9e76a5051b9dc7d8777dcbd199ca31129a94923d8,8,双,大
2026-08-06 09:49:30,85103359,00000000051292ffe02078f94308f657ae3535445ebf46a640b9731f20a582c0,0,双,小
2026-08-06 09:49:33,85103360,00000000051293008b8ccc12f4fc36cd58ca0738cb04379b3966d75e259d09cf,9,单,大
2026-08-06 09:49:39,85103362,0000000005129302a1832434348b46d0405ffa5947b978956506b5f5f098fd00,0,双,小
2026-08-06 09:49:45,85103364,000000000512930409c8753da6283fc25a716704f34583b4adf186752670d4f3,3,单,小
2026-08-06 09:49:48,85103365,00000000051293059eff559b1bd28bb30c0aaf314b66c506ca0c2355be6b55d0,0,双,小
2026-08-06 09:49:51,85103366,0000000005129306bd43ad9723284782c7f6dd7a6891de454c4012ddde819402,2,双,小
2026-08-06 09:49:54,85103367,00000000051293079809922435dfac6baf85c72129822bef8cc0956dca163658,8,双,大
2026-08-06 09:49:57,85103368,0000000005129308aa1e7e68b9ccac1e6a5afa8b177692774bc99be2c6c19292,2,双,小
2026-08-06 09:50:01,85103369,0000000005129309f5de01dbdeea08424010cc431e4a4d8552c9771b5a0a0589,9,单,大
2026-08-06 09:50:04,85103370,000000000512930a53a28a08821b32ef2c0040b94a8bdb266b60bd576ef945dc,5,单,大
2026-08-06 09:50:07,85103371,000000000512930b9340d767448c437558d7d4464fdf02e20454b06176c9bba4,4,双,小
2026-08-06 09:50:10,85103372,000000000512930c35960f75837519e6613898ee4a57ec0ca658426ddeae1f6e,6,双,大
2026-08-06 09:50:13,85103373,000000000512930d239062b86c6884b66e0b6da10672ded58d659579ed732f6d,6,双,大
2026-08-06 09:50:16,85103374,000000000512930ee45f54d35bb4e7dd78f05356371f82b0d28a2ee0f6d7a88d,8,双,大
2026-08-06 09:50:19,85103375,000000000512930f3d26074ab63048f65410689416c84de79490058c86e9f37e,7,单,大
2026-08-06 09:50:22,85103376,0000000005129310e3fdd52bf77580d1f2a46e93ad1c4b83ff8025d248b40534,4,双,小
2026-08-06 09:50:25,85103377,0000000005129311c2376ddb92a36edae076d6802bbd9bd827858e2623c5d822,2,双,小
2026-08-06 09:50:28,85103378,0000000005129312580fd4bd57531dccde4b26647ab7194714a7b7b007384345,5,单,大
2026-08-06 09:50:31,85103379,00000000051293137147aadd9c3ad5807e09a9acb57afd5c542c4c9c76011063,3,单,小
2026-08-06 09:50:34,85103380,00000000051293145645065d1bac839f8a09d5bbc4b6cf4afabe35ff5632e942,2,双,小
2026-08-06 09:50:37,85103381,00000000051293152172504ad066767923d0cb7a232c3159c0d6ae74d499a3ee,3,单,小
2026-08-06 09:50:40,85103382,00000000051293164769680f85026e8f1671ce18f6debbc3b4de90891b9fa562,2,双,小
2026-08-06 09:50:43,85103383,0000000005129317d97790e7a8ec6dd1615f42a487811f1e530cb346d985057a,7,单,大
2026-08-06 09:50:46,85103384,0000000005129318ecb904dc0df85e0141319377223eff5266c8ffa1f465130f,0,双,小
2026-08-06 09:50:50,85103385,000000000512931965558e9bf55dad6666639aa349377a128e7b7f004ca6edf4,4,双,小
2026-08-06 09:50:53,85103386,000000000512931abee58051b5f9998d312cb4efa508b0f426ed81f81009bb5b,5,单,大
2026-08-06 09:50:56,85103387,000000000512931b0997dfa3a4eca95cba3b2d103ec081f7723e6fabcb2f85cc,5,单,大
2026-08-06 09:50:59,85103388,000000000512931cd3b40ee12bcd58c39b38ff052db0b95f301db7bc4ac8bd30,0,双,小
2026-08-06 09:51:02,85103389,000000000512931d63785c1b094686c537d03bcabd5634669ac174571d546e8d,8,双,大
2026-08-06 09:51:06,85103390,000000000512931ec21b8a75d55f952875532f3545fee2badb03baf725825a2e,2,双,小
2026-08-06 09:51:09,85103391,000000000512931fe6946030d988d1cad4a7945a8c44d01257963bf629747af6,6,双,大
2026-08-06 09:51:12,85103392,000000000512932065348267fbf03235366f092a0f9609b6977c12e6e3e1f361,1,单,小
2026-08-06 09:51:15,85103394,0000000005129322cde0abd5464c37d3175ee29730477c59ddc9d81a5985fe80,0,双,小
2026-08-06 09:51:18,85103395,0000000005129323e37541e9be5e7b2fc2ea4d70efe8ebbf69b19ff314dd1b2c,2,双,小
2026-08-06 09:51:21,85103396,00000000051293248bb9369d21d7bdecc808f5010e1fba8e9255a05e0b6e7fce,7,单,大
2026-08-06 09:51:25,85103397,00000000051293251b1b217628ad57f25ef555f03b8e03a4ec0d81f3399259cd,9,单,大
2026-08-06 09:51:28,85103398,00000000051293262f0aedc5c0f6b5506dfafbf68a1d02868813742228e354d9,9,单,大
2026-08-06 09:51:31,85103399,0000000005129327beabf578cee56db357140e4e0ec563e7f951ffc1f0428f59,9,单,大
2026-08-06 09:51:34,85103400,000000000512932872cf1d1e84883ba08c98d919012b1618979df3c73a931245,5,单,大
2026-08-06 09:51:37,85103401,0000000005129329fdcbf8dcef9f8dd68801e17830c5b7f288b4905f11095756,6,双,大
2026-08-06 09:51:40,85103402,000000000512932a57ed08de5ef844de70ebd0c7292aec161d15159cccaa649b,9,单,大
2026-08-06 09:51:43,85103403,000000000512932b89cfd246c86ea487c170b29d0b00cd334ebe86e9c31d3847,7,单,大
2026-08-06 09:51:47,85103404,000000000512932cd1f46b21cf9bec1099bfce89b1b8b2ace81c30603df817c5,5,单,大
2026-08-06 09:51:50,85103405,000000000512932d880e0a78b3bcca637ab4142586a69b03bceb090a571a363b,3,单,小
2026-08-06 09:51:53,85103406,000000000512932e384dae38c279c2c7e4f08d6dbe3cff4209125e505dd547d1,1,单,小
2026-08-06 09:51:56,85103407,000000000512932f1c204f1f4b0293232cb95a29edb788d5340949719a43622d,2,双,小
2026-08-06 09:51:59,85103408,00000000051293302f2554a5b18e78bc0194ee0306ac7d46dfe797c69f50c687,7,单,大
2026-08-06 09:52:02,85103410,00000000051293320bb19997ce62f3e74ba21bf3e8acfdab9f562e573f289448,8,双,大
2026-08-06 09:52:08,85103411,0000000005129333e23ddc67f3c34133aceb3f3de7f04c2fac96736d5f3ffda3,3,单,小
2026-08-06 09:52:11,85103412,000000000512933430202f9fec9112c1e0a71d26dbe174db70ad8aa99eebcbca,9,单,大
2026-08-06 09:52:14,85103414,0000000005129336470ac2b44cfacceb1964bec6ebb3b05c24389f2b1988b11d,1,单,小
2026-08-06 09:52:20,85103415,000000000512933782675a3b1e75d685a3b09640d00ad88c171f534f22260fc1,1,单,小
2026-08-06 09:52:23,85103416,00000000051293380801f0dd8f29ec111a8178973912b1d7a7a3d7ca1ffeb28e,8,双,大
2026-08-06 09:52:26,85103417,000000000512933910cffcf41bdca7b915bdfa1e2fbacf90f4fd1a29436c3dff,3,单,小
2026-08-06 09:52:30,85103418,000000000512933af00346a12f7e265143d4abb60d770924167ecd8142283b28,8,双,大
2026-08-06 09:52:33,85103419,000000000512933bf685acbe41d938688f3c7d66dca7506d051f308c4e53a1ad,1,单,小
2026-08-06 09:52:36,85103421,000000000512933d1c8d77dc73d3f41844232bc8fd56297afe5a9ba1ac63dff6,6,双,大
2026-08-06 09:52:39,85103422,000000000512933e243fa7a8c50e69ee339973f5bb007001eb0b25b22a2201f8,8,双,大
2026-08-06 09:52:42,85103423,000000000512933ff56412b8e919ebe948c8a82e5cdd9707ed81e564e8ee0441,1,单,小
2026-08-06 09:52:46,85103424,0000000005129340ad4dce008d98f84b531092da874ecd2c9152cc2e1059f247,7,单,大
2026-08-06 09:52:48,85103425,0000000005129341b355a310f2e1898f9772324ee9ceb40ddb6bdebabf4d1509,9,单,大
2026-08-06 09:52:54,85103427,00000000051293439954a893e22ca8249910040a5b8ee6c4558a2d7d93d2b7d8,8,双,大
2026-08-06 09:53:01,85103429,0000000005129345d085f14b25597e76018df192fb57fdd75d98d555ccd82fe2,2,双,小
2026-08-06 09:53:05,85103430,0000000005129346e5787f747fd181e177d5f4c41d55587260ed2b0a0fc54899,9,单,大
2026-08-06 09:53:07,85103431,000000000512934751a5cdb55c5d4f1afa413749878dacc1af6c168c76f5d5b8,8,双,大
2026-08-06 09:53:11,85103432,0000000005129348ae75887d2acd964bb9645def2a5de26650aea287f5493b11,1,单,小
2026-08-06 09:53:14,85103433,0000000005129349b0acaea44abbf0e0402e4509e652f1803c2ed6d2b3e6e69b,9,单,大
2026-08-06 09:53:17,85103434,000000000512934a1c04233e79d5dd7a48c4e2bf662a327fff2d8ee106c35fba,5,单,大
2026-08-06 09:53:23,85103435,000000000512934bfc45bd8ef4022dbbfb8f329916265f99faad48d21a84028d,8,双,大
2026-08-06 09:53:26,85103436,000000000512934c64845dd24d774155b9d237a23e4b1a737f8717f39b2bea3a,3,单,小
2026-08-06 09:53:29,85103438,000000000512934e0078785365f1968d96718a4c77c2de659a2696c4ba5a0406,6,双,大
2026-08-06 09:53:32,85103439,000000000512934f612372ef650fc67d6fd55202e4c58ed214544cf688b3e1da,1,单,小
2026-08-06 09:53:35,85103440,0000000005129350ee573467fd94015548a887d0ad47c367a93d05328588b912,2,双,小
2026-08-06 09:53:39,85103441,0000000005129351c8b33c07eacf92625cc7fc664de27e02fedfed1b6a33470f,0,双,小
2026-08-06 09:53:42,85103442,00000000051293522c1ab846d3a0a13f9e454617b01b69b16623a98e69e747b6,6,双,大
2026-08-06 09:53:45,85103444,0000000005129354b0ef232e4f7fc60e72fbb3a6ec8411631f78cf1332c82681,1,单,小
2026-08-06 09:53:48,85103445,00000000051293555dcac10fab916d4c57027b8112776732d55de4aff99f631f,1,单,小
2026-08-06 09:53:51,85103446,0000000005129356c20335cfe64a4c0c573ff94cadaa3cfabea930eaf3e3ab0b,0,双,小
2026-08-06 09:53:54,85103447,000000000512935799c8c953d0cc9fb5d06150882465e8c769ba639ea61ce620,0,双,小
2026-08-06 09:54:00,85103448,00000000051293580b701b66305d3dfea55046b779a5505260595dc22aae6768,8,双,大
2026-08-06 09:54:03,85103450,000000000512935a79a9c474106259d2b5532c092235542c2d6c5d0798fc3edb,3,单,小
2026-08-06 09:54:07,85103451,000000000512935b38655e0a9bc4d55dfb9395136b194fb25abf2200567e7d86,6,双,大
2026-08-06 09:54:10,85103452,000000000512935c2e1b011586f8aec0977695d7873e39c1371044101b613b02,2,双,小
2026-08-06 09:54:13,85103453,000000000512935d20b864a3e5753b161c54514b20cbb7708c1bc406a01bc4ec,4,双,小
2026-08-06 09:54:16,85103454,000000000512935e5a738ebb5baa0d13496f806f6729b5a0d3b2bf4d6669a572,2,双,小
2026-08-06 09:54:19,85103455,000000000512935f0cd9243199d4adba5c5c7b67344eb9ad97c0d0b183d088b4,4,双,小
2026-08-06 09:54:22,85103456,0000000005129360e9418e018e2d2365a3989a72af03667a9092e663b529d3be,3,单,小
2026-08-06 09:54:25,85103457,0000000005129361b77f625000c5cc3f1a93268275ecb81307a38091aab31170,0,双,小
2026-08-06 09:54:29,85103458,000000000512936279b43622fa1c6402aed4ff548a58386af2202243412940f3,3,单,小
2026-08-06 09:54:31,85103459,0000000005129363c6659323fcbdcfcd278566ff6beac130e985768c1da7aa27,7,单,大
2026-08-06 09:54:34,85103460,000000000512936423d79e2e735ec326bb5362c068464b13ab6ec71c4c61e5a9,9,单,大
2026-08-06 09:54:37,85103461,000000000512936596c8f3427913af7c2a2749402cac8bfc2c84ac7c63003f03,3,单,小
2026-08-06 09:54:40,85103462,0000000005129366142ca662df8f68bca31b6914c0d70b6899f81fbc483247e3,3,单,小
2026-08-06 09:54:43,85103463,0000000005129367a4d9e39fa2d50437e94d308c90980e8e41677105bb3ad29b,9,单,大
2026-08-06 09:54:46,85103464,00000000051293682385d61740408291f000f5cb19683b8919431b241e21aa14,4,双,小
2026-08-06 09:54:50,85103465,0000000005129369b58f0fed1f41e21070796a8fc84b948e1cc9b4ee187f1644,4,双,小
2026-08-06 09:54:53,85103466,000000000512936a049cd4469a7085e2d01513bdf53899f203df54e116134e95,5,单,大
2026-08-06 09:54:56,85103467,000000000512936b49e4ff4e5e54e9f9701c3a072755974667f736de5d822f68,8,双,大
2026-08-06 09:54:59,85103468,000000000512936cfbf85e3dcb7f654a67defa874fe0735cc0719c9d79798d73,3,单,小
2026-08-06 09:55:02,85103469,000000000512936dbcc677483259d8910f2d458d0ef282020bb0de8011ec2926,6,双,大
2026-08-06 09:55:05,85103470,000000000512936e7cdb30c8ddace483fc8283c1ada448d40c3891bf78b7d418,8,双,大
2026-08-06 09:55:08,85103471,000000000512936ff5327d6fdade024a31a22ef27927e32b5a683adf77ca29e8,8,双,大
2026-08-06 09:55:11,85103472,000000000512937079317acc3a8bd5b7af8ab95d6ca5ca640ed3fc02c7acfcea,7,单,大
2026-08-06 09:55:14,85103473,0000000005129371d5bc4ac9fb2003e8952aff1e1e9f6423a7be3eabf7d55e81,1,单,小
2026-08-06 09:55:17,85103474,0000000005129372c3c1ac90f3319fbadd41b749b4fc0303dd59804483e27753,3,单,小
2026-08-06 09:55:20,85103475,000000000512937321777283638934eba00d19c423a2b1e6771a10e137635f2f,2,双,小
2026-08-06 09:55:23,85103476,0000000005129374143c77adf78024cc764c401c2d060d60a8e08e2169440f24,4,双,小
2026-08-06 09:55:27,85103477,00000000051293753d5ddf28da6e974017651a71b2a8214ff8583f190822eb68,8,双,大
2026-08-06 09:55:30,85103478,000000000512937630c59bffb283554b5d7fd6d8e68668ea7ddd4b8b4c870e79,9,单,大
2026-08-06 09:55:33,85103480,000000000512937835a8548d4d726a78ce5bc2f1248a2d303d4e92ffa7f89e86,6,双,大
2026-08-06 09:55:39,85103482,000000000512937a9b8f456152040033b57fb11e5bdfc605be7589c2e4410233,3,单,小
2026-08-06 09:55:45,85103483,000000000512937b8b1bccff16ae2900609990a0086635623b7ea8205131f1ba,1,单,小
2026-08-06 09:55:49,85103485,000000000512937dd199bbdce2488bdbf8284da1b2e2e198f07c7ecee59fd7e4,4,双,小
2026-08-06 09:55:52,85103486,000000000512937e328f093ea783ed164950199645379fbbf7d683781ccd7a7d,7,单,大
2026-08-06 09:55:55,85103487,000000000512937f9932d8474428a1215065f0751676d59fe1372a8e76d80345,5,单,大
2026-08-06 09:55:58,85103488,0000000005129380aff8dc24646f3d7f134f4c301f8e2b7e4ceb1da444c472a0,0,双,小
2026-08-06 09:56:01,85103489,00000000051293817e4aba48fe6964198f5fd43e9d99b63cb90b23db54318ee8,8,双,大
2026-08-06 09:56:04,85103490,0000000005129382bbcfe05004e346ecfab4a6d815e766ce82a68910a23f815f,5,单,大
2026-08-06 09:56:07,85103491,000000000512938362e3250aaf21b97e8ab56043138669617453045e52db2f48,8,双,大
2026-08-06 09:56:13,85103493,00000000051293858b6fdfd2b04fb053d3011dbfa4f5925188f42e2ec9deb99a,9,单,大
2026-08-06 09:56:16,85103494,00000000051293865c3652f2236434cf2b3f40aa7fe744efaa9b560e9b3e09e5,5,单,大
2026-08-06 09:56:19,85103495,0000000005129387af3c8369585596d3cb14f4b282a3661237fa9f3e199f3ecf,3,单,小
2026-08-06 09:56:22,85103496,00000000051293883e419b2301b065e7ad4a917792ff9b85b294a41e00dd89d4,4,双,小
2026-08-06 09:56:25,85103497,000000000512938976fd14079fb4204cb175f1fa8580c3e41ba45cfdce3d2524,4,双,小
2026-08-06 09:56:28,85103498,000000000512938ac48f848ada9d58f9a482635bd9a6c7b68e12e079e10c3dd7,7,单,大
2026-08-06 09:56:31,85103499,000000000512938b976caeaacbda410096feeb6e14b6a3223e436aa4393f54e0,0,双,小
2026-08-06 09:56:35,85103500,000000000512938cee436e6b0ba758dd3cd72a1246bc02e2f496c8fee1e53ac6,6,双,大
2026-08-06 09:56:38,85103501,000000000512938dc6b13035c9a5e2534d6c9ae86d143dadd6cfc342c6a926dc,6,双,大
2026-08-06 09:56:40,85103502,000000000512938e3a265a7d6532628e5ecb9fb3c229c93470d131b23e10e3a9,9,单,大
2026-08-06 09:56:43,85103503,000000000512938f8136356649f859e8ae30d247c1ab6286ece6b508996eef48,8,双,大
2026-08-06 09:56:46,85103504,00000000051293902e8ee1b49cd33d954600a59e00476cb4a091062bec0dbeec,0,双,小
2026-08-06 09:56:49,85103505,00000000051293918385e2d5ed556a340659e17ec04f9bb8f10d002c1b4eea17,7,单,大
2026-08-06 09:56:52,85103506,000000000512939240f620661bf457bef6949649d2abe735e3530501fd99b972,2,双,小
2026-08-06 09:56:55,85103507,0000000005129393b93d11a8a6f372c091d3d6ad805ef64cc0ad5b7c02a94583,3,单,小
2026-08-06 09:56:58,85103508,0000000005129394db84f66c0ba68f2e84522f26a747d7e5c84ad5eacc92e681,1,单,小
2026-08-06 09:57:02,85103509,00000000051293958f627ff12f13d0f5bded47f53f01b36e9f6b7b64ad143b87,7,单,大
2026-08-06 09:57:05,85103510,0000000005129396522e52679442dcbaaeb19ce66cb03c0d8169ceb90ce5512b,2,双,小
2026-08-06 09:57:08,85103511,0000000005129397840160dff7a07bc328a610b19cdeb5a6eb9a85720ad9f492,2,双,小
2026-08-06 09:57:11,85103512,0000000005129398742de8ccb1a71cd2e16f001f452fe728d28e46e5afed08a3,3,单,小
2026-08-06 09:57:14,85103514,000000000512939ac965f31331819be1d80c1d4dfd763622313273e7657f05b2,2,双,小
2026-08-06 09:57:20,85103516,000000000512939ce8756d632062896b17a83215c3a71ba2013e462054b78b82,2,双,小
2026-08-06 09:57:26,85103517,000000000512939d6f3cbd5cbdecfbaf0ddca709e4b378ce33e03e5ca638995b,5,单,大
2026-08-06 09:57:29,85103518,000000000512939ec3588dad79d9f77b53b70019968df00bf982b386f20c4fae,4,双,小
2026-08-06 09:57:32,85103519,000000000512939f9c6bae6e052a6403e6018a8fac3a647aba4c6d20abd18986,6,双,大
2026-08-06 09:57:36,85103520,00000000051293a0d6cee7ae25476a11626d358dd53f22fcda5143c4774ac715,5,单,大
2026-08-06 09:57:39,85103522,00000000051293a2507995b7eb00d3ebab8298fdd664ce7f801d2d006dbb28ee,8,双,大
2026-08-06 09:57:45,85103523,00000000051293a35ece945c512ca64ed040130b64e60c0aa1bb09935575bd4f,4,双,小
2026-08-06 09:57:48,85103525,00000000051293a5d7736e1bb3f867d94558eaca4afb57d90e7fb53b7afb9266,6,双,大
2026-08-06 09:57:51,85103526,00000000051293a6c2a9e35efb67277c546cd5dea0a7e45db534e966a7c4ec8f,8,双,大
2026-08-06 09:57:54,85103527,00000000051293a7b12886d8922a6d5f1f83a001e4af778f0f03cf900ad6168a,8,双,大
2026-08-06 09:57:57,85103528,00000000051293a8ece29afaada34209d2f5eb7b494f91ba19c1dfec9b2dcb04,4,双,小
2026-08-06 09:58:00,85103529,00000000051293a9c6e98da02eed1fb9c6cd9f271273a78f6b780c7e9033a503,3,单,小
2026-08-06 09:58:03,85103530,00000000051293aa9d4a0158987aedf842f591555e8915c0cb78340c0d965c8a,8,双,大
2026-08-06 09:58:07,85103531,00000000051293ab0df4d661e719b8c17d2139f24a96a245c0005a2e19b925e7,7,单,大
2026-08-06 09:58:10,85103532,00000000051293ac701a3073bd145e9bb160f8d1f05bb3f5436951030beed4e0,0,双,小
2026-08-06 09:58:13,85103533,00000000051293ada021768418ba5f978e7ae67baf11806ee9aacef5721c2090,0,双,小
2026-08-06 09:58:16,85103534,00000000051293ae4d06f48f6ece2e24e4ec3dc0a5dfd2bc5b0a96fcc9561662,2,双,小
2026-08-06 09:58:19,85103535,00000000051293af78bc1e36d0d1cd1a2cbbaa1234fd43b000eef566e750c097,7,单,大
2026-08-06 09:58:22,85103536,00000000051293b0daec17452f7b5d2eb080afe6039954f4133e39c23de9b9c7,7,单,大
2026-08-06 09:58:25,85103537,00000000051293b1ac1d5c103df8b15f9af7274d0d94e53273fc53b3ca0c688a,8,双,大
2026-08-06 09:58:28,85103538,00000000051293b2c55f5d905927e02675cac739289be2604f7bdf86824bf03d,3,单,小
2026-08-06 09:58:32,85103539,00000000051293b31909d796429aa18810bb6515bd63fc2eeaf942344b05fd7c,7,单,大
2026-08-06 09:58:35,85103540,00000000051293b47921e472d0083be8a2aabe4ae63d021f11c87bbc43ac23be,3,单,小
2026-08-06 09:58:38,85103541,00000000051293b5f51afd2b30c75510874230ff77715b37e3ba7bcf8ec9c7b9,9,单,大
2026-08-06 09:58:41,85103542,00000000051293b6140ed13eef21fdc72a3886d68d67719c441f64bf880ba23c,3,单,小
2026-08-06 09:58:44,85103543,00000000051293b78cbf4e14e19b4ae31a6c4b0c76a042a78f29b943022f2a11,1,单,小
2026-08-06 09:58:47,85103544,00000000051293b832d3fa22aa18fa437eae5b0aebbd99c6b971d8a0daf9cea1,1,单,小
2026-08-06 09:58:50,85103545,00000000051293b9c6607e331096dc50803c2347354df580279bcb71a0635f14,4,双,小
2026-08-06 09:58:53,85103546,00000000051293ba913e99ad4d3fa982ebb0f7b179deec521241197a9b0dd438,8,双,大
2026-08-06 09:58:56,85103547,00000000051293bb59b24c3e4aaa0c7d9c973f6f02a2c3e766bdbec5a30e8e20,0,双,小
2026-08-06 09:58:59,85103548,00000000051293bc4fbe6d203287577a56d5d2ce4a676aba0c5f221a72a94591,1,单,小
2026-08-06 09:59:02,85103549,00000000051293bdea34988b99b88b898cd2c0d0e1dd671b74fd55c3e367764c,4,双,小
2026-08-06 09:59:05,85103550,00000000051293be935aad3a5fa804ae2bb1f2cfbff2a66b0b37251c828195cd,5,单,大
2026-08-06 09:59:08,85103551,00000000051293bfdfee02bfb8f13e40dfa277cb99dac35e65c53b00d096ddeb,6,双,大
2026-08-06 09:59:11,85103553,00000000051293c12a1658bf090889a10bb3e40c6e97200005fa0dbd75b28a47,7,单,大
2026-08-06 09:59:18,85103555,00000000051293c376a55215a89554fb41680bbe516b8205070483e4d4fef97b,7,单,大
2026-08-06 09:59:24,85103556,00000000051293c40ede415b289780960eb288722836338c9529d2587fd98734,4,双,小
2026-08-06 09:59:27,85103558,00000000051293c663692da7454681a82cd0a219a41558d249aa93595e33846b,6,双,大
2026-08-06 09:59:30,85103559,00000000051293c7a5c1391ce2fda4a7bfb53e5f029afecd69e3c3c12042c20e,0,双,小
2026-08-06 09:59:33,85103560,00000000051293c859a362665b404f632ee1257b09b1409fb30e0bd318e882d0,0,双,小
2026-08-06 09:59:36,85103561,00000000051293c9109f7885cac5973d948547d59081ada0c9e0a8ccb69e0ac2,2,双,小
2026-08-06 09:59:42,85103563,00000000051293cbd4f5ed78c81e99611f9d9dfccc5a96ba7c1c8f5bd41547fb,7,单,大
2026-08-06 09:59:48,85103564,00000000051293cc09d5eb32726c586720ac1a49cbe0676c0d8281ef50c121a8,8,双,大
2026-08-06 09:59:51,85103566,00000000051293ce5890ff1ddd6ad294e721b570c53bf24e6b92e0df4782c023,3,单,小
2026-08-06 09:59:54,85103567,00000000051293cf54b7f1ad4896a3685eb66d9b8873e1c852e38108f994ee63,3,单,小
2026-08-06 09:59:57,85103568,00000000051293d014b4f466639734776a733dfd8339dddc379e46849116c87c,7,单,大
2026-08-06 10:00:00,85103569,00000000051293d13d4ca8ce2f0a2007a9258045b56f8417bdece2a7f39538d6,6,双,大
2026-08-06 10:00:03,85103570,00000000051293d22bc4ad2d08c377bb03c42633d1ff698d2cfa6107511f6244,4,双,小
2026-08-06 10:00:06,85103571,00000000051293d36b52db1a8cd3d034ecebb75fd582e6528db0786694d77b4a,4,双,小
2026-08-06 10:00:09,85103572,00000000051293d4ff0f9d6482a9fe4e20c9a78cdc2d24fd5b31ed814ebde2c2,2,双,小
2026-08-06 10:00:13,85103573,00000000051293d568c2dd9883f2255599daa4809675c397a17eac82db8b9e63,3,单,小
2026-08-06 10:00:16,85103574,00000000051293d609cd94a17c9762546f5dd97a5b567edbdab2ac779af5f9f8,8,双,大
2026-08-06 10:00:19,85103575,00000000051293d7b77e730b7a43de0dd6945c46d1776d9e01f18e82c7c1d4da,4,双,小
2026-08-06 10:00:22,85103576,00000000051293d8823b5344ce2d8526f26c4c3f2a813b5c3630cd6b59a6a333,3,单,小
2026-08-06 10:00:25,85103577,00000000051293d9d6578b4046f877084396350f7cb33ef5e1e1d0aebfc24907,7,单,大
2026-08-06 10:00:29,85103579,00000000051293db106fdee675eded5fd3f68893da7b797cf6ea7ba53aed7c7a,7,单,大
2026-08-06 10:00:35,85103580,00000000051293dc9f96292790f32a45f9f24f0e4e44790fc8887da941be6500,0,双,小
2026-08-06 10:00:38,85103581,00000000051293dda78bf001fc065578429430a687914bff8fdc35fcb89cacfc,9,单,大
2026-08-06 10:00:41,85103582,00000000051293de84a0938045196632bee5e11df0d06d11e0f890933501e40f,0,双,小
2026-08-06 10:00:44,85103583,00000000051293df318b0978175385808a8a74fa7a9bdd53d3d335e7dacb19c8,8,双,大
2026-08-06 10:00:47,85103584,00000000051293e0a1269255888a85b3b162a1c6e4d4c8f757d6c676f4264c82,2,双,小
2026-08-06 10:00:50,85103585,00000000051293e173f9fea5d2c301107309c778313f6cd0904cb291ee0bf222,2,双,小
2026-08-06 10:00:53,85103586,00000000051293e27850ab32ab28d866c2f08590b1cbb022faf15d4cb5117d95,5,单,大
2026-08-06 10:00:56,85103587,00000000051293e347ee9168d30b867c979197918d94224665273ddd07ef9e03,3,单,小
2026-08-06 10:00:59,85103588,00000000051293e49d85c3f6d1f8b49f32af9ace26c004ecc9e5c024e8b70c80,0,双,小
2026-08-06 10:01:03,85103589,00000000051293e5f582c4185e9718b9a787e0c5221525872a8bf24816c549d2,2,双,小
2026-08-06 10:01:06,85103591,00000000051293e72f0953b7eac068359d4f161711e1e74b0002f66bb3cb9d18,8,双,大
2026-08-06 10:01:09,85103592,00000000051293e873ee794a4d3d0e79be8ec941d2d4e94e23ebe9f9769261a5,5,单,大
2026-08-06 10:01:12,85103593,00000000051293e998ddd5c8c756570c4b2e30440bb083fe8f98161ada7b5003,3,单,小
2026-08-06 10:01:15,85103594,00000000051293ea19bdb038ecaf573de098e8f3c5d89c0bf008e84005d463da,3,单,小
2026-08-06 10:01:18,85103595,00000000051293eb63d57d55eacc49be21b39052a40f3ee97575e549e9a9270e,0,双,小
2026-08-06 10:01:22,85103596,00000000051293ec9cba351e32f2216237fbd2ccd6e59aa43ebe1ecb1311054f,4,双,小
2026-08-06 10:01:25,85103597,00000000051293edd9389f496d83337ba9e6b12d65d43022defd98e388deb424,4,双,小
2026-08-06 10:01:28,85103598,00000000051293ee6513d267ee7790b541567c6e89929c3e44c3498dc2e02a53,3,单,小
2026-08-06 10:01:31,85103599,00000000051293ef2594fda8a5efa632a4fdef587d81940a62e1590600d63115,5,单,大
2026-08-06 10:01:34,85103600,00000000051293f0f97e28059c2dd809e64f620b77b94bdaff5990cb4eaa0272,2,双,小
2026-08-06 10:01:37,85103601,00000000051293f178b92a40f2ae78123cce0a6f2d4cc526bbbb6dc974e33cee,3,单,小
2026-08-06 10:01:40,85103602,00000000051293f2e1ce8e4a2c2624f51f0229a86ad261593a0a11d062768a54,4,双,小
2026-08-06 10:01:44,85103603,00000000051293f351bac445dba4dd480f21b15476cf5817de2648e1fa8e0b4f,4,双,小
2026-08-06 10:01:47,85103604,00000000051293f406e0aec48f102959867eaf402a4af5f6448d6fe94a8fe19c,9,单,大
2026-08-06 10:01:50,85103605,00000000051293f5c15a9c3535fd55aebebb29a1c952ace12f749ab9846c17c9,9,单,大
2026-08-06 10:01:53,85103606,00000000051293f6f92bbcafe59680006510d9be61b7879bc8eb3c887089e629,9,单,大
2026-08-06 10:01:57,85103608,00000000051293f811e805a0517eca5e097a96f2c84be1921bc2dcc279ac2ebd,2,双,小
2026-08-06 10:02:00,85103609,00000000051293f9d88700e68945983d187458a53aa0c07c6ba14b528ee10f9a,9,单,大
2026-08-06 10:02:03,85103610,00000000051293fa7ad3c9fe06de888b3d961b53c5067ea7ff886a71bc642d38,8,双,大
2026-08-06 10:02:06,85103611,00000000051293fbc733e85f3f3aeb8f4f2d27ba3b31baf3306fced056100194,4,双,小
2026-08-06 10:02:09,85103612,00000000051293fcf9a6431134184b83002565a58dc05d32c98a7ece6c72a682,2,双,小
2026-08-06 10:02:12,85103613,00000000051293fdf2b86ee3242939fa3d9d8b44a86fea557238656869d7577a,7,单,大
2026-08-06 10:02:15,85103614,00000000051293fea42f81a846e1844a3de99fdb702ad9e641e0fbaeafe2ef2b,2,双,小
2026-08-06 10:02:19,85103615,00000000051293ffbd51056ee3fe258d08f26f46ea581bed94de2b98f8554439,9,单,大
2026-08-06 10:02:22,85103616,0000000005129400aa97d265de4ea6653781919feb2f82e04da06c263989d7f3,3,单,小
2026-08-06 10:02:25,85103617,0000000005129401eb4e3fedd3fd5d17c7451c7197dedf7b6250d0d2f9df4c53,3,单,小
2026-08-06 10:02:28,85103618,000000000512940210777a3a1c7ee35aea67d78c1c4bdffed843c90eb92d0ea0,0,双,小
2026-08-06 10:02:31,85103619,000000000512940372fced97e8cc46e535c05bbf3f7f04244f5b0e42277a391a,1,单,小
2026-08-06 10:02:34,85103620,00000000051294048d3dd578ba9731990d025027d0cbdea7fc661655d6ad4a74,4,双,小
2026-08-06 10:02:38,85103621,00000000051294057cbd452fa3a0f89927ec01f4229d5899ec494489d130d2f2,2,双,小
2026-08-06 10:02:41,85103622,00000000051294067ba6f1dd2fdd3956d8e824ffd86cb6b214e3096f71467ebc,7,单,大
2026-08-06 10:02:44,85103623,000000000512940780b5a6db76862a538fb901065220a333a4e1be418f12c45f,5,单,大
2026-08-06 10:02:47,85103624,0000000005129408982b307f587f18724074deda1aad1ed91daaccc0bd31767c,7,单,大
2026-08-06 10:02:51,85103625,0000000005129409c7c3a1e0911b2fac9e221e5413cdcc58d80199d9c9c6d64f,4,双,小
2026-08-06 10:02:53,85103626,000000000512940aff65fff08efb30a52b2c00aa8c59c259cbbf520d2e3e1098,8,双,大
2026-08-06 10:02:56,85103627,000000000512940b4c5269c52b082aa8ad3d0d99fde39a2dc66736773b35bff8,8,双,大
2026-08-06 10:03:00,85103628,000000000512940ce8d706af028d81df7c0bb4cd791762cbd31c574fa05eee3a,3,单,小
2026-08-06 10:03:03,85103630,000000000512940eefd9a6f1368e4d30523d529d128b3cdd4f85f45739ce4cc5,5,单,大
2026-08-06 10:03:09,85103632,000000000512941073012e69aacd62386cbd9a4f101af449f363428323343d61,1,单,小
2026-08-06 10:03:12,85103633,0000000005129411be06e002555083f4e6ff059b9765438ec2652590f4b3ac2c,2,双,小
2026-08-06 10:03:18,85103635,000000000512941323d204b909dd2ce3b815f59e40c717d3fe4f56b53f9c3c87,7,单,大
2026-08-06 10:03:25,85103636,00000000051294149e64ab72f5d0c424be614549ff906514558616ff7b8d0a93,3,单,小
2026-08-06 10:03:28,85103638,0000000005129416c9dbd8725fe075f57e9f6c6c6007a983b37149d812b04928,8,双,大
2026-08-06 10:03:31,85103639,0000000005129417360fdcd3e3ee75f8a55f89307bd2c0695fd0478a3fa3e54e,4,双,小
2026-08-06 10:03:34,85103640,00000000051294187bcd77c11f65ec428df46b3ba56a82ef8d9c9db049f12e02,2,双,小
2026-08-06 10:03:37,85103641,0000000005129419f77b13d6d7b28928efc36766169c343a9efb06792a919d5c,5,单,大
2026-08-06 10:03:40,85103642,000000000512941a8e9b3775672a62c761e22c0f4b33f7bf22676a2053b78347,7,单,大
2026-08-06 10:03:43,85103643,000000000512941b6a55c7fb138cf7d8306153fa9b82b0b63915c8ec2bbdd3b6,6,双,大
2026-08-06 10:03:47,85103644,000000000512941cd58eea3d82354507239c36f2223b85dc865fd5a6ee357147,7,单,大
2026-08-06 10:03:50,85103645,000000000512941d9f6d8a1280a65fe1b688772ce7a50c86495d90be52a44c43,3,单,小
2026-08-06 10:03:52,85103646,000000000512941eee7e2c08a38e9a7abb11a04c639dd9df9a5dc3be9eedd1b3,3,单,小
2026-08-06 10:03:56,85103647,000000000512941f0f7d0ab8922a55ea769e48a3e22d5cbfc28ccdb9b0e33a36,6,双,大
2026-08-06 10:03:59,85103648,0000000005129420a002476f279176dc08f81615ab6c819292faf7a83815f694,4,双,小
2026-08-06 10:04:02,85103649,00000000051294217dd19dd6a96058f172e4c9419716e58a20b6b6fd344328b9,9,单,大
2026-08-06 10:04:05,85103650,00000000051294228ad45835e4eeca592cacb094b50beb1f26ec33d8efce5e1a,1,单,小
2026-08-06 10:04:08,85103651,0000000005129423429325e8d97dd0cdce0a4a07fe805ec2fee3059acafb92d5,5,单,大
2026-08-06 10:04:11,85103652,0000000005129424b5ee025f831879409f5b5487048bd7cdfacfc2eb2973ca54,4,双,小
2026-08-06 10:04:14,85103653,00000000051294257310169c429d18db8f259823e4defb1626bdba6c57c6a486,6,双,大
2026-08-06 10:04:17,85103654,0000000005129426e2a70dec20a060aa031eb00cb0ce1274000fe0fb89434c34,4,双,小
2026-08-06 10:04:20,85103656,00000000051294289bf35fdfad0dd9d8b69ed72e94f5ec38355af1da4fb85e28,8,双,大
2026-08-06 10:04:26,85103658,000000000512942aaf538260f74416e6fa0a10363cabd4cc7567205ac7be0805,5,单,大
2026-08-06 10:04:29,85103659,000000000512942b5d1c4603facd5bf655792bf32af553f16b00d7b68a4b35fb,5,单,大
2026-08-06 10:04:35,85103660,000000000512942cff8b7995380a92d97facdf9f543f2441675850af56e365bb,5,单,大
2026-08-06 10:04:38,85103661,000000000512942d89bdf6bfea7046f5cfe675fca3ca9c37e286e3c135f5024a,4,双,小
2026-08-06 10:04:41,85103662,000000000512942e30a0f84c1a135b189559f089c4afdaad0f2ada8ab0930719,9,单,大
2026-08-06 10:04:44,85103663,000000000512942ff0e39a3808b30004bd99386ac8255ee64488ea536c06a004,4,双,小
2026-08-06 10:04:47,85103664,000000000512943074bb6268ca2ab4547cbf97dfa32c132bdbcbea46dfc60c51,1,单,小
2026-08-06 10:04:50,85103665,0000000005129431c1ca9ce041a6b4fcbcf9652171e627736287f98421a6c00e,0,双,小
2026-08-06 10:04:53,85103667,000000000512943304744a8d1d15960f58dabeb6828bef521e7378ddce8f8082,2,双,小
2026-08-06 10:04:59,85103668,0000000005129434d0957c8a6d19a1d9e3945a1e05b075340352ab57a2d1bc03,3,单,小
2026-08-06 10:05:02,85103669,00000000051294356336a86550ec38507d2d8012d3c2e60ec73793a7c7366bb7,7,单,大
2026-08-06 10:05:08,85103671,0000000005129437af547d69ca49de42ee6daa8afbcb758dc54761f5ab3ee462,2,双,小
2026-08-06 10:05:12,85103672,0000000005129438d49160dc8573c4736b0c9f3e918282efb650ec55708a1271,1,单,小
2026-08-06 10:05:15,85103674,000000000512943a3f231f7bf3615dc156e328fad2bcf7a71904398f3990dace,0,双,小
2026-08-06 10:05:21,85103676,000000000512943cce0dc4bf484cc6015b0e6601e7f71d5728aeba01735356cf,6,双,大
2026-08-06 10:05:27,85103678,000000000512943eac29b2b2ff4b9cea8c9245ffd91f082b66a9d79d96eeb38d,8,双,大
2026-08-06 10:05:30,85103679,000000000512943ff981d41c17394726f30ffb858b67f9cdf557af3d9dfd1a3a,3,单,小
2026-08-06 10:05:33,85103680,00000000051294402081728ecbc5f04d532d4cf322ee3883be6d9994872395ee,5,单,大
2026-08-06 10:05:36,85103681,0000000005129441f0a839283578c8bd24752316565122ad29abaf3cbf6b17c3,3,单,小
2026-08-06 10:05:39,85103682,00000000051294427b4a7005f83ad7d4fb424b545ee666d4eccc944e60b6aa72,2,双,小
2026-08-06 10:05:45,85103683,00000000051294434172aa79f0d0d8d505e04fa3db2ad3ae54bdf9f924fa3fee,3,单,小
2026-08-06 10:05:48,85103684,00000000051294446ac2c53b9de8d63affa5c1235b282ec807b9f6d5c99b64a4,4,双,小
2026-08-06 10:05:51,85103685,00000000051294452bf81449e16e9b7ff8c77ebb864140ef4a5f34bda0da2821,1,单,小
2026-08-06 10:05:54,85103687,00000000051294474e3f76c4d7eeaa3248b8a7347e87a29adfaeaa305a51d0da,0,双,小
2026-08-06 10:05:57,85103688,0000000005129448ab4d124321b3ca42a67baf11418453ee11d04a0aba9f5c74,4,双,小
2026-08-06 10:06:01,85103689,0000000005129449c3775a8eecd3d2cf9fef3345ba7ac00a95d977f2ea5f01ac,1,单,小
2026-08-06 10:06:04,85103690,000000000512944a98eb1091bcfc04939bfad0b5655c2bd64d76b1a8e0a1590d,0,双,小
2026-08-06 10:06:07,85103691,000000000512944b040bd0b976135817ab513ebaddd0aafef16497b7769845cb,5,单,大
2026-08-06 10:06:13,85103693,000000000512944d76d73da85b2f021bf654a025bd88b7103269bfcc93d45c50,0,双,小
2026-08-06 10:06:16,85103694,000000000512944e50de5c40e6bca412c62ea2c5188bd014f73000f89e78febc,8,双,大
2026-08-06 10:06:19,85103695,000000000512944f79cebc56fca926217bc5c7ed9fe5234b509235fff3fa938b,8,双,大
2026-08-06 10:06:22,85103696,0000000005129450b27d05fd3d001a687c247226d4a0d3fa495ff46d3d544675,5,单,大
2026-08-06 10:06:26,85103697,000000000512945121dd7101ef592957e7a61c7f6052e31051089cf391d5de7c,7,单,大
2026-08-06 10:06:28,85103698,000000000512945202c431923c8142b69ba215f20afdff78b4de50f055154a1e,1,单,小
2026-08-06 10:06:31,85103699,0000000005129453941803fce0dba077d7d4ab44042e7988131bede0ec05a4cb,4,双,小
2026-08-06 10:06:35,85103700,0000000005129454618b2f259bb2a4ca29b91280177dbeaa374b83c701f45a02,2,双,小
2026-08-06 10:06:38,85103701,0000000005129455298bcc8c855e89a2094ea06472f2c1959163e73eea2f7bca,7,单,大
2026-08-06 10:06:41,85103702,0000000005129456b83d1d7d3366ab5ad5842c4f783afb9229d18fa988f686c5,5,单,大
2026-08-06 10:06:44,85103703,000000000512945762f638c61a6722e5a28742d92a60853eb3254b73c7c13b6c,6,双,大
2026-08-06 10:06:47,85103704,0000000005129458b2729416ce6466846f457e4f46d3d943f7ff1423cfe0d6e6,6,双,大
2026-08-06 10:06:50,85103705,000000000512945999307b1b7da4560395fcb67fae9835035b63590a8a642547,7,单,大
2026-08-06 10:06:53,85103706,000000000512945a69c8ee4689c592ea36d93268bdb1ca0d6970b78adec007ba,7,单,大
2026-08-06 10:06:56,85103707,000000000512945bb64cbdf45780f07b69d4a6a8d1334601d2125c2c6215ce5b,5,单,大
2026-08-06 10:06:59,85103709,000000000512945d4bf0cbed8b9a5e5f6b0f80b18510c3a88cd9ac03c7e4af7b,7,单,大
2026-08-06 10:07:02,85103710,000000000512945ed29b10f61ae1cbf7f339c84f2f9dc24d3fb5648cdaf4fdaa,4,双,小
2026-08-06 10:07:08,85103711,000000000512945f3b3b4eaf515a384c2a44c58b2891c58f027e72f94e962f70,0,双,小
2026-08-06 10:07:11,85103712,0000000005129460d44dfa13eb70e9010fe84759af597effdadc182463876dcd,6,双,大
2026-08-06 10:07:14,85103713,0000000005129461f8d33b7c10ad43ec55fc4180e4891bf937277d4d16e0cbcd,0,双,小
2026-08-06 10:07:18,85103714,0000000005129462ebd3b6fc3719139c405f323325b1fe320d1bdb2113d4cd32,2,双,小
2026-08-06 10:07:20,85103715,000000000512946331fa29c29afaa63869f996c97bd29ea207a3821a2fcbab02,2,双,小
2026-08-06 10:07:23,85103717,0000000005129465c0bd85146ced0c75ceb68dfe55bc4663fe2e0ae08262b35a,5,单,大
2026-08-06 10:07:26,85103718,0000000005129466d08c8ee79ac87d285aa603da93f5d2a722438764213e5da3,3,单,小
2026-08-06 10:07:29,85103719,0000000005129467bcef006eaadd98342454e4ccb52a80e6e3eb7669b996d197,7,单,大
2026-08-06 10:07:35,85103721,00000000051294698d0fed5effb6b68a43c3ab47b8e8350c65b85a532fc77428,8,双,大
2026-08-06 10:07:41,85103722,000000000512946a15d96e073a956b100fd2fd668d3227f6081f592d793cdc3a,3,单,小
2026-08-06 10:07:44,85103724,000000000512946c731b414e02b9d8ab22252a947be302a52aaf1124abe3aead,3,单,小
2026-08-06 10:07:50,85103726,000000000512946eeca12970c67f12d60f31b97388bc267781efc9e4ed757299,9,单,大
2026-08-06 10:07:53,85103727,000000000512946fb89abffb23c5d46fd4dd64bd304bfddeb2bbb8b603d8a042,2,双,小
2026-08-06 10:07:56,85103728,00000000051294709d62af1206b9a1e113f6952490d59fd02f359c84af33b8a5,5,单,大
2026-08-06 10:08:02,85103729,0000000005129471342daab3297a428e20bd3b9c7f054236e968e5ab0814437c,7,单,大
2026-08-06 10:08:05,85103730,00000000051294726a5fdbb530c22e76400faf2e09b3e33c5d8314485cea9a20,0,双,小
2026-08-06 10:08:08,85103731,0000000005129473ff099300ffae144880c75f7673667503c957a57bb0e9a472,2,双,小
2026-08-06 10:08:11,85103732,000000000512947485f9ffe891349a5b13b523319b76c258839a0ca55b53feec,3,单,小
2026-08-06 10:08:14,85103733,00000000051294759ddbd44b225fae3ad3d5b3b1a3bda5574f8b41e9773c70b5,5,单,大
2026-08-06 10:08:17,85103735,000000000512947718a16c28540b7093b3ce6a482a0aa0698f1aa9d70ea6bb5d,5,单,大
2026-08-06 10:08:23,85103737,0000000005129479f5b75d375edf29a26ed6910e1bd6b34079d0bd2f1460cb83,3,单,小
2026-08-06 10:08:26,85103738,000000000512947a0ca9ea2c7753e6b4ff8b8b666d2f35335ab17b66c36f0bd3,3,单,小
2026-08-06 10:08:33,85103739,000000000512947b4251c207ced01d1c708edafca3791fbefb064db5979bfbaf,9,单,大
2026-08-06 10:08:36,85103740,000000000512947c433e584d7ae3ef275b5b05a8234fb8f404baa1453e95ac91,1,单,小
2026-08-06 10:08:39,85103741,000000000512947df2342cd99d24c9a4c8c992e18a0652b9984ec1ecbb45da92,2,双,小
2026-08-06 10:08:42,85103743,000000000512947fd5168bdd5fb9a51ac85c8c76c45ea4cddd4eac8e9dbf9f22,2,双,小
2026-08-06 10:08:48,85103744,00000000051294807096518f8b04807b234eb682465f3aa336e60ae325329d13,3,单,小
2026-08-06 10:08:51,85103745,0000000005129481e3d45bf872499610b27fc1425ebf27cc35ba1bf8242dc4cf,4,双,小
2026-08-06 10:08:54,85103746,0000000005129482a062d5c0e6758519c7981e3cd649abc86f8a1f24ff5790b6,6,双,大
2026-08-06 10:08:57,85103748,00000000051294846f2889122246d19f14c529ca359d8f81eef220ab680300f3,3,单,小
2026-08-06 10:09:00,85103749,00000000051294851223f3394f510f243c920afdedb4ef70c13672c6c9f3d86e,6,双,大
2026-08-06 10:09:03,85103750,0000000005129486e3b8ec4b17fd7214d4a7f70716e5d3c6b207b66ac198538d,8,双,大
2026-08-06 10:09:06,85103751,0000000005129487f21fe5c2cbbcb409a979a9ced1a3dd641a79bf79a86211cc,1,单,小
2026-08-06 10:09:09,85103752,0000000005129488d83f940c0688a5064ba23a839e2a6e67f2118a11111c2ea3,3,单,小
2026-08-06 10:09:13,85103753,0000000005129489715adc1a18f5ba526b2d5c84952b7046ad191e5417495a70,0,双,小
2026-08-06 10:09:15,85103754,000000000512948a10ae5e53336d8328f1fac02ed88bb333e4ecfd69d3285f65,5,单,大
2026-08-06 10:09:19,85103755,000000000512948bc13ae501166fa2121ab379c746b52a6aef7e6759eec89ec9,9,单,大
2026-08-06 10:09:22,85103756,000000000512948c838a609f21fc3549588e422031670a5461a5388153d4f455,5,单,大
2026-08-06 10:09:25,85103757,000000000512948d8519027ae75c4a5b0388d47a6dde8574a4387f692c1844cc,4,双,小
2026-08-06 10:09:28,85103758,000000000512948e785ef3d1befb6d090a202abc38898497b9f86cdb655f5c8c,8,双,大
2026-08-06 10:09:31,85103759,000000000512948ffde63c82f2927bebe9da444f3f4549406432f754692ce234,4,双,小
2026-08-06 10:09:34,85103760,0000000005129490e0db7e61980c2c3b5fda99fb4ea9d4cd9002029bc1db8447,7,单,大
2026-08-06 10:09:37,85103761,00000000051294916237c3b9ba95bdd74675adcc13156d8b34bfa58e9fa28013,3,单,小
2026-08-06 10:09:40,85103762,0000000005129492983352187ff5c73ee18c09806aaa99e46f581cccf46a81ba,1,单,小
2026-08-06 10:09:43,85103763,0000000005129493691975ce42df8a39723b0022f48a1fb9a68257c8036a7abe,7,单,大
2026-08-06 10:09:46,85103764,0000000005129494f124ff324ac846927c7ac1620fe6c1170b4517b0c2089023,3,单,小
2026-08-06 10:09:49,85103765,0000000005129495efb0e7e78ae1853b4b691c293fa7aadc2f461a6ccdb0b118,8,双,大
2026-08-06 10:09:52,85103766,0000000005129496095d64fbcf3e4d345397f8a36933198cd95f7bb3b8670e67,7,单,大
2026-08-06 10:09:55,85103767,00000000051294977809a9d8d32e303b6797a208adc90daaaa48898728cff526,6,双,大
2026-08-06 10:10:01,85103769,00000000051294994a62118542b2f6e78afb3907b4c60347ebda97653dabe5af,5,单,大
2026-08-06 10:10:04,85103770,000000000512949a9694eee70a07360564b63a3ee440595dd2eff16e3a6dbba8,8,双,大
2026-08-06 10:10:07,85103771,000000000512949b28372e77b7a81f3736297827415b2b560c95d907593f6239,9,单,大
2026-08-06 10:10:10,85103772,000000000512949ca2e1c8a29b6d473e0cc9df28ed2eefc76c4254b9c7865ee2,2,双,小
2026-08-06 10:10:14,85103773,000000000512949de360403fb8adbccae86e5f231ffa0af1de906e72aac87025,5,单,大
2026-08-06 10:10:15,85103773,000000000512949de360403fb8adbccae86e5f231ffa0af1de906e72aac87025,c87025,5,单,大
2026-08-06 10:10:16,85103774,000000000512949ee3cf3829ac1cc3ad36373710c38895ae9d1c1296f007f599,9,单,大
2026-08-06 10:10:18,85103775,000000000512949f82a4a6725ab4c6469b95b1d4c08d172f42464dd073b77ba1,b77ba1,1,单,小
2026-08-06 10:10:19,85103775,000000000512949f82a4a6725ab4c6469b95b1d4c08d172f42464dd073b77ba1,1,单,小
2026-08-06 10:10:22,85103776,00000000051294a0565245a87b8c948cfdfc4e375e7e888d5ecefb97ac3defaf,3defaf,3,单,小
2026-08-06 10:10:23,85103776,00000000051294a0565245a87b8c948cfdfc4e375e7e888d5ecefb97ac3defaf,3,单,小
2026-08-06 10:10:26,85103777,00000000051294a1cb005876bbf52e314b5c03a6abd2efe0c73b9f0975cab504,cab504,4,双,小
2026-08-06 10:10:26,85103777,00000000051294a1cb005876bbf52e314b5c03a6abd2efe0c73b9f0975cab504,4,双,小
2026-08-06 10:10:29,85103778,00000000051294a210d9638a48636befda6353e06366e227df7bbe170b7e5daf,5,单,大
2026-08-06 10:10:29,85103778,00000000051294a210d9638a48636befda6353e06366e227df7bbe170b7e5daf,7e5daf,5,单,大
2026-08-06 10:10:32,85103779,00000000051294a34eebcac80e598ab6a71074e21bdc8ff428f4da55420b0311,1,单,小
2026-08-06 10:10:33,85103779,00000000051294a34eebcac80e598ab6a71074e21bdc8ff428f4da55420b0311,0b0311,1,单,小
2026-08-06 10:10:35,85103780,00000000051294a4b3329c4b3ac92a55754282655d301899d50d341b674c674d,4,双,小
2026-08-06 10:10:37,85103781,00000000051294a55a8df20ff62d0d929747ead9b3163d7489008c0295eb864f,eb864f,4,双,小
2026-08-06 10:10:38,85103781,00000000051294a55a8df20ff62d0d929747ead9b3163d7489008c0295eb864f,4,双,小
2026-08-06 10:10:40,85103782,00000000051294a68414725f7ad22d84f3b4cfa8098728b9eed493f84053a63d,53a63d,3,单,小
2026-08-06 10:10:41,85103782,00000000051294a68414725f7ad22d84f3b4cfa8098728b9eed493f84053a63d,3,单,小
2026-08-06 10:10:44,85103783,00000000051294a76f97c5ccd78a114c4dfb674b3d1da840a190727a47528c4a,4,双,小
2026-08-06 10:10:44,85103783,00000000051294a76f97c5ccd78a114c4dfb674b3d1da840a190727a47528c4a,528c4a,4,双,小
2026-08-06 10:10:47,85103784,00000000051294a8af0700ece5b5a40074b6a37aeabf92b0858361eebc463b8e,8,双,大
2026-08-06 10:10:48,85103784,00000000051294a8af0700ece5b5a40074b6a37aeabf92b0858361eebc463b8e,463b8e,8,双,大
2026-08-06 10:10:50,85103785,00000000051294a99213f85141c81441700b87d48e46cf80e974b326c8af2d26,6,双,大
2026-08-06 10:10:51,85103785,00000000051294a99213f85141c81441700b87d48e46cf80e974b326c8af2d26,af2d26,6,双,大
2026-08-06 10:10:53,85103786,00000000051294aa52710c764b2aed852a5ca5660a8027a34611630948982b19,9,单,大
2026-08-06 10:10:55,85103786,00000000051294aa52710c764b2aed852a5ca5660a8027a34611630948982b19,982b19,9,单,大
2026-08-06 10:10:56,85103787,00000000051294abe671729c6126ffc802a090b7aff236cd6ff4786435044a65,5,单,大
2026-08-06 10:10:59,85103787,00000000051294abe671729c6126ffc802a090b7aff236cd6ff4786435044a65,044a65,5,单,大
2026-08-06 10:10:59,85103788,00000000051294ac18bcb5dc9bfbec2bfaed63fc40c7b036d5eb3ab27dc9f34f,4,双,小
2026-08-06 10:11:02,85103789,00000000051294ad43d806d88f6ee6ade5791b8574e07552b83f00378dd37953,3,单,小
2026-08-06 10:11:02,85103789,00000000051294ad43d806d88f6ee6ade5791b8574e07552b83f00378dd37953,d37953,3,单,小
2026-08-06 10:11:05,85103791,00000000051294aff23ae0943a2fe27b37a853388b7bb472f695bce28dbaaee3,3,单,小
2026-08-06 10:11:06,85103791,00000000051294aff23ae0943a2fe27b37a853388b7bb472f695bce28dbaaee3,baaee3,3,单,小
2026-08-06 10:11:10,85103792,00000000051294b0c6fa8e4da7224d87d19cea7edcb2e26a082d1b21127fec7e,7fec7e,7,单,大
2026-08-06 10:11:11,85103792,00000000051294b0c6fa8e4da7224d87d19cea7edcb2e26a082d1b21127fec7e,7,单,大
2026-08-06 10:11:13,85103793,00000000051294b17cbf9fc8fa13f6e2426404e58d8e693e63a81e123681a8de,8,双,大
2026-08-06 10:11:14,85103793,00000000051294b17cbf9fc8fa13f6e2426404e58d8e693e63a81e123681a8de,81a8de,8,双,大
2026-08-06 10:11:17,85103794,00000000051294b2592cf6efa25cbaf72285f3b7ac552001c828ed345c71477b,7,单,大
2026-08-06 10:11:17,85103794,00000000051294b2592cf6efa25cbaf72285f3b7ac552001c828ed345c71477b,71477b,7,单,大
2026-08-06 10:11:20,85103795,00000000051294b31b527e605510adc33fb12a0037f56feba79973e596f161c2,2,双,小
2026-08-06 10:11:21,85103795,00000000051294b31b527e605510adc33fb12a0037f56feba79973e596f161c2,f161c2,2,双,小
2026-08-06 10:11:23,85103796,00000000051294b443b8ae33855ce0dfa4eba387271ed6016a3cfde1eb92e8a1,1,单,小
2026-08-06 10:11:25,85103796,00000000051294b443b8ae33855ce0dfa4eba387271ed6016a3cfde1eb92e8a1,92e8a1,1,单,小
2026-08-06 10:11:26,85103797,00000000051294b59b6df638ce036ff3af2fb8164e702d1ff6a2806b0fde05cc,5,单,大
2026-08-06 10:11:28,85103798,00000000051294b655a66ce413a8bc812b8eed257d584982984d4e81c83715e1,3715e1,1,单,小
2026-08-06 10:11:29,85103798,00000000051294b655a66ce413a8bc812b8eed257d584982984d4e81c83715e1,1,单,小
2026-08-06 10:11:32,85103799,00000000051294b76d120afc7cc764c1f821c371606e1687d15dc45b9eee672d,2,双,小
2026-08-06 10:11:32,85103799,00000000051294b76d120afc7cc764c1f821c371606e1687d15dc45b9eee672d,ee672d,2,双,小
2026-08-06 10:11:35,85103800,00000000051294b80a3cfb2bf9ae4fda084f3c7db0ede4a03e19f35ef5bc0052,2,双,小
2026-08-06 10:11:36,85103800,00000000051294b80a3cfb2bf9ae4fda084f3c7db0ede4a03e19f35ef5bc0052,bc0052,2,双,小
2026-08-06 10:11:38,85103801,00000000051294b91a544d07bedbd186a4972bf040b4897c82e12652420ee55f,5,单,大
2026-08-06 10:11:39,85103802,00000000051294ba4699ef2978bd1f907d72642fb65df1203dff45aef7af1729,af1729,9,单,大
2026-08-06 10:11:41,85103802,00000000051294ba4699ef2978bd1f907d72642fb65df1203dff45aef7af1729,9,单,大
2026-08-06 10:11:44,85103803,00000000051294bbf6c0a13caa27f3e5df07bfe9d5806d51cdc692d4a8714437,7,单,大
2026-08-06 10:11:47,85103805,00000000051294bd65ba55f72c8ea8899868d6f4dda4e530c94c2ce81889cf4c,89cf4c,4,双,小
2026-08-06 10:11:47,85103805,00000000051294bd65ba55f72c8ea8899868d6f4dda4e530c94c2ce81889cf4c,4,双,小
2026-08-06 10:11:53,85103806,00000000051294bed4250eae6bb88ec8ae5e7caa9de5fad0103d177b677e575e,5,单,大
2026-08-06 10:11:54,85103806,00000000051294bed4250eae6bb88ec8ae5e7caa9de5fad0103d177b677e575e,7e575e,5,单,大
2026-08-06 10:11:56,85103807,00000000051294bf7c2490f8cf91e5bce455edc7dc6014d75c3bc4bd7ccce7a2,2,双,小
2026-08-06 10:11:58,85103808,00000000051294c0440485865e55d7d022845f9bb00142284a44d4200c21804f,21804f,4,双,小
2026-08-06 10:11:59,85103808,00000000051294c0440485865e55d7d022845f9bb00142284a44d4200c21804f,4,双,小
2026-08-06 10:12:02,85103809,00000000051294c1e418fa0276115b5c8b2f473b1f29f8a1e5418d7e86166ca9,166ca9,9,单,大
2026-08-06 10:12:02,85103809,00000000051294c1e418fa0276115b5c8b2f473b1f29f8a1e5418d7e86166ca9,9,单,大
2026-08-06 10:12:05,85103810,00000000051294c2b61051f118d7a6b554668e780779970a6d511737f29de1a7,7,单,大
2026-08-06 10:12:05,85103810,00000000051294c2b61051f118d7a6b554668e780779970a6d511737f29de1a7,9de1a7,7,单,大
2026-08-06 10:12:08,85103811,00000000051294c35b49d74a00013c61e0975bbaa3dc63f1c64ac9b07a886407,7,单,大
2026-08-06 10:12:09,85103811,00000000051294c35b49d74a00013c61e0975bbaa3dc63f1c64ac9b07a886407,886407,7,单,大
2026-08-06 10:12:12,85103812,00000000051294c405713abb101233f2968dbe2bd0301944e27c62414b41c508,8,双,大
2026-08-06 10:12:13,85103813,00000000051294c5acc9e7866f9487289c64380bb3c8487a3ec47118b33fd495,3fd495,5,单,大
2026-08-06 10:12:15,85103813,00000000051294c5acc9e7866f9487289c64380bb3c8487a3ec47118b33fd495,5,单,大
2026-08-06 10:12:16,85103814,00000000051294c63b72e89f9dde4e85c30f6b1dc14e4f346b9267235aaccc78,accc78,8,双,大
2026-08-06 10:12:17,85103815,00000000051294c752399ba481690cdacc33cd8a3803a5d832f0e1567fb3f70a,0,双,小
2026-08-06 10:12:20,85103815,00000000051294c752399ba481690cdacc33cd8a3803a5d832f0e1567fb3f70a,b3f70a,0,双,小
2026-08-06 10:12:20,85103816,00000000051294c880cb359d709d14f7ced8d905da462584091029c3ebea8917,7,单,大
2026-08-06 10:12:24,85103816,00000000051294c880cb359d709d14f7ced8d905da462584091029c3ebea8917,ea8917,7,单,大
2026-08-06 10:12:27,85103818,00000000051294ca299cc9317a734aa6fdb97081e7c20712cf22e43783c451a9,9,单,大
2026-08-06 10:12:27,85103818,00000000051294ca299cc9317a734aa6fdb97081e7c20712cf22e43783c451a9,c451a9,9,单,大
2026-08-06 10:12:29,85103819,00000000051294cbd34f81259f18f65b6ad5bebe48614edaa1a59896c1e9afa1,1,单,小
2026-08-06 10:12:31,85103819,00000000051294cbd34f81259f18f65b6ad5bebe48614edaa1a59896c1e9afa1,e9afa1,1,单,小
2026-08-06 10:12:33,85103820,00000000051294cc170123cbf7ba432a50afb0b0985e5219cdec53725cc8e4b1,1,单,小
2026-08-06 10:12:35,85103820,00000000051294cc170123cbf7ba432a50afb0b0985e5219cdec53725cc8e4b1,c8e4b1,1,单,小
2026-08-06 10:12:35,85103821,00000000051294cda6ffce3629302bba28fb1616c4847edfc69d316a9c41e0a7,7,单,大
2026-08-06 10:12:41,85103822,00000000051294ce2968fcb381881b83f9ad4e19634a64997fbc3e526b3d4a3b,3,单,小
2026-08-06 10:12:44,85103823,00000000051294cfacf8bd671eb45a9d959596d05e6da6e36ddaff501e7474e8,8,双,大
2026-08-06 10:12:47,85103824,00000000051294d03cfa7c7a6f9125f6bca239985c75aaa96f60201c18600b6a,6,双,大
2026-08-06 10:12:50,85103826,00000000051294d2da72fdb7cc2b56ee3114c440e7d5f370655f0805a5e6a5f5,5,单,大
2026-08-06 10:12:53,85103827,00000000051294d32ff4001dd3f266fb553098b601f5cd3b27c5186f3701e243,3,单,小
2026-08-06 10:13:00,85103828,00000000051294d40339e770eba2da62abcc1b3c1bfa8eb4570c72e6dbd9845b,5,单,大
2026-08-06 10:13:03,85103830,00000000051294d6d2c2afb05327ff13aad98debfcc43c7542fd9bcc47f46fb1,1,单,小
2026-08-06 10:13:09,85103831,00000000051294d7fa5fc3b68da8d3977dd6303baad224fb7fb431ba2b28f6ce,6,双,大
2026-08-06 10:13:12,85103832,00000000051294d81ec0f1940270b7ca49c1a9f3d85c6b42252c68e399909458,8,双,大
2026-08-06 10:13:15,85103833,00000000051294d9d053dbad00cd8ea7c972e6acadb7ea1db8ca07d741ea807a,7,单,大
2026-08-06 10:13:18,85103834,00000000051294da9de89c442c57f10b35c5dbd1a339be5e04a2bc984869d7c8,8,双,大
2026-08-06 10:13:21,85103836,00000000051294dc0e3896ae80b799942ebb6709837192c59f8785e76a6d6c00,0,双,小
2026-08-06 10:13:24,85103837,00000000051294dd342992ec43d074d89b5411c84cf2d7f6ae040c87b9f9353d,3,单,小
2026-08-06 10:13:27,85103838,00000000051294de58b8b90e1524c019577b9cd0fcdb1350216bbf0dc215c0df,0,双,小
2026-08-06 10:13:30,85103839,00000000051294df36793248c3562750de63df4609eb54bc19abfa5fd01e17f4,4,双,小
2026-08-06 10:13:34,85103840,00000000051294e0d2a9071aa93d1c363d5d5f641c01a961676d840a58c70c0f,0,双,小
2026-08-06 10:13:37,85103841,00000000051294e136ae56c05bb79450624be6c431ea58aac8de9df318cb6c0c,0,双,小
2026-08-06 10:13:40,85103842,00000000051294e21a1ac60f8e96dd18eb4b39686131204f80d004f8176fd7a1,1,单,小
2026-08-06 10:13:43,85103843,00000000051294e3018098c9c867bcb22a970d742e2bdc87d05edb1e5c424d19,9,单,大
2026-08-06 10:13:46,85103844,00000000051294e48b4fb573cfaa75bac3c031bf8346bae8737319b0a0c6f8e6,6,双,大
2026-08-06 10:13:49,85103845,00000000051294e56ad02d8ee74a4dab7ad8f367cfbef7c62bfd4bce9fb39d38,8,双,大
2026-08-06 10:13:52,85103846,00000000051294e6c354b502b48b2a3718e3965e05155c930ec7e8a513051828,8,双,大
2026-08-06 10:13:56,85103847,00000000051294e7bf32e121cc172c379895a30ab498dc9d7bb4a992e668e796,6,双,大
2026-08-06 10:13:59,85103848,00000000051294e83d8060dffa7bf8805017858b9648a3223b36c1773cbc11cb,1,单,小
2026-08-06 10:14:02,85103849,00000000051294e9b6eb63a713c5733378d7ef522b0dbd1363f5efe802c0a477,7,单,大
2026-08-06 10:14:05,85103850,00000000051294ea76ecace972c7a3f6b61dfa6107687c5fb27ccdc74cec33ca,3,单,小
2026-08-06 10:14:08,85103851,00000000051294eb9999c5ae543f431664d2dca94df50ae5dfc44a6ff869b096,6,双,大
2026-08-06 10:14:11,85103853,00000000051294eddc091b8154f26b266185bdabfefc2f8fc42c08802e4515cc,5,单,大
2026-08-06 10:14:17,85103855,00000000051294ef0162098dab7b6d86167cb07ba33504574930af70e1b07fab,7,单,大
2026-08-06 10:14:23,85103856,00000000051294f060034cb7284a87184400b250bde1d7d7c535272d362bb793,3,单,小
2026-08-06 10:14:26,85103858,00000000051294f2a456bb38510a52538c0c34fa5b4011342adb1c0c3ca7f78c,8,双,大
2026-08-06 10:14:29,85103859,00000000051294f353c401045bc21a1888d49a2994e4bbedec1c4c2ada280e28,8,双,大
2026-08-06 10:14:35,85103860,00000000051294f47e47814b52c6bba072bcf371f6f0f7e7ee51bd17b61ee4db,4,双,小
2026-08-06 10:14:38,85103861,00000000051294f52b041e8115a19a0921d99b300ae61daf890ce37c1b8f726d,6,双,大
2026-08-06 10:14:41,85103862,00000000051294f6a15800110606edb76b2e880cc43844d966e827c001f98544,4,双,小
2026-08-06 10:14:45,85103863,00000000051294f7a197ae264db784618fd94612f20df08c4fbbe988118b5801,1,单,小
2026-08-06 10:14:47,85103864,00000000051294f8656102b1cbe949ce294cbd9d127a37a89c7fd7ec1666ff21,1,单,小
2026-08-06 10:14:50,85103865,00000000051294f9c05aff28cfb1f8c21e9a8c701de5741e912bb6305a55b69b,9,单,大
2026-08-06 10:14:54,85103867,00000000051294fb9e9ab6768d61c19c9fe3b5f9fe26b7eac984aa69d5b8b16a,6,双,大
2026-08-06 10:14:57,85103868,00000000051294fc045a0b1f2ab5ec8fa9b15b7ed1c873bb7266af13034f2a65,5,单,大
2026-08-06 10:15:02,85103869,00000000051294fd0485b36e774c3126de8789c70d7582861c507480c5d334bc,4,双,小
2026-08-06 10:15:06,85103870,00000000051294fea4e621e920140d867de303b90306590292c506a5703bf11a,1,单,小
2026-08-06 10:15:08,85103871,00000000051294fff7acc6ce219afaa1264a59283a3fc05ab358a6f491e06e4a,4,双,小
2026-08-06 10:15:12,85103872,0000000005129500a130760cc18f8353c952ecb681e0ee7949adb2d4c3ddb635,5,单,大
2026-08-06 10:15:15,85103874,0000000005129502ca7b16366389555ea59402ae0c4fa69f5af905c341958efb,8,双,大
2026-08-06 10:15:18,85103875,0000000005129503a89bdb0eae6c385ac4a811e97487881d05defa6e4380bdfb,0,双,小
2026-08-06 10:15:21,85103876,0000000005129504eb57bcb6f36e49c6d657605f88b79a0b94cfd51d7dd48e73,3,单,小
2026-08-06 10:15:27,85103877,00000000051295051697cd3c88a213902e249a563ec8edbcc3acd8d7de89db38,8,双,大
2026-08-06 10:15:30,85103878,0000000005129506a7cf30c5f8b0c72163674ae27779e6209488924b8906073e,3,单,小
2026-08-06 10:15:33,85103880,00000000051295084c80f40c21313ad71e10a1947210573956c16a73fc940432,2,双,小
2026-08-06 10:15:36,85103881,00000000051295090b9b9f7d4cb0ecc0045153e817942f780936eed1c5a29975,5,单,大
2026-08-06 10:15:42,85103883,000000000512950b0793eadbc8ffd670249cb578aed29e5e2736fc727160c314,4,双,小
2026-08-06 10:15:45,85103884,000000000512950c38d47c8e003300f75185ae96e1b82a3b8ec1fed80a70d11d,1,单,小
2026-08-06 10:15:48,85103885,000000000512950d12404465a2e3ea90f607c2d98653ea3c0166fc0aab7b34bc,4,双,小
2026-08-06 10:15:52,85103886,000000000512950e279897a1fed9b3b2693f138a06683fd43f652d7f9fac850c,0,双,小
2026-08-06 10:15:55,85103887,000000000512950f2fb6d89fc28ac88527b15e753e73031a0a139befde09c553,3,单,小
2026-08-06 10:15:57,85103888,0000000005129510e449f2ac7a3314256fcc578e2cf93301c5ac46b72fdb7518,8,双,大
2026-08-06 10:16:00,85103889,0000000005129511f9870a5a7dc6adcb99feaaf328098487befcd60069c8d5ff,5,单,大
2026-08-06 10:16:03,85103890,0000000005129512be618d00e97f3bbf05fc49becb147c96d2912ef9acf7932b,2,双,小
2026-08-06 10:16:07,85103891,0000000005129513eefda7560f6497f8daa7a2cd401afbe9422f7bf15de82208,8,双,大
2026-08-06 10:16:13,85103892,0000000005129514c5a86e97c6447246e8aa31fa6ed9369b3c0070e12c4b30ea,0,双,小
2026-08-06 10:16:16,85103894,00000000051295165aa77c1b5733250c23bb66c5c539fe0863351488383169a3,3,单,小
2026-08-06 10:16:19,85103895,00000000051295171cb939e948b968830adab703e2418579c8e250b3dae1fab6,6,双,大
2026-08-06 10:16:22,85103896,0000000005129518aed11fd7790c32165736f10eb67a00cb9829107ee2514a18,8,双,大
2026-08-06 10:16:25,85103897,00000000051295192f43867de3d5755a9df96fdb09c9eb858ea4e1f84c047971,1,单,小
2026-08-06 10:16:28,85103898,000000000512951a8f8af0389695c045139e7fe24c607d1d9ebe262862b3d7fe,7,单,大
2026-08-06 10:16:32,85103899,000000000512951b874ba751a6f05274fdc49ae97d9d7f86277a97c544d44ecb,4,双,小
2026-08-06 10:16:35,85103900,000000000512951cce8b9f57125f6bd189a06148aff3bcbe2c2cea16d37726ce,6,双,大
2026-08-06 10:16:38,85103901,000000000512951dea4f663c7c06c20a0542a6f25a837612164a70796cc4c942,2,双,小
2026-08-06 10:16:41,85103902,000000000512951ec55e5da9c249c11fb00ed9b49bb7460f654b6ac9e1c1a1f7,7,单,大
2026-08-06 10:16:44,85103903,000000000512951fb8cb0fae78897d2c6f68a0afd14378e3a4591b964ae9cc29,9,单,大
2026-08-06 10:16:47,85103904,00000000051295209edae4c33f648b883da4ac89a0e0c231213b6e307702bfcb,2,双,小
2026-08-06 10:16:50,85103905,00000000051295212998782814450556f118a52c85bba2b56282efdd4ca327a1,1,单,小
2026-08-06 10:16:53,85103906,000000000512952252da9aa4a0addab3d102e65691cf54460898bb467ff9a892,2,双,小
2026-08-06 10:16:56,85103907,000000000512952343981b66be7e4be01a252342fb8f5b446e36d4bd2018401d,1,单,小
2026-08-06 10:16:59,85103908,0000000005129524aae0b3ecdd5fc28e9b385256590cbe92e56377d37f04077b,7,单,大
2026-08-06 10:17:01,85103909,00000000051295258d3da2aab00e4921758f0ba08699a78812a94fa7c445b0e2,2,双,小
2026-08-06 10:17:05,85103910,000000000512952652600639f6fc54aa1089b7cd938c620c28383c4888dc31ed,1,单,小
2026-08-06 10:17:08,85103911,00000000051295275d1c4d7cf03ce4711c242f078a56cda8716e12c22fcb7914,4,双,小
2026-08-06 10:17:11,85103913,0000000005129529388a883e2766f0a3c790eb36f10b49355b863b952d7870b1,1,单,小
2026-08-06 10:17:17,85103914,000000000512952a8510405403a1d4fd080cf9fc6ffb3e8b2f50749ec2f3887a,7,单,大
2026-08-06 10:17:20,85103915,000000000512952bb9f16aac0d4a0a37967e3e0124d0bc9b5703d7d37bc27505,5,单,大
2026-08-06 10:17:23,85103916,000000000512952c93129c8f70aa3c754f108f4e60ea782a1424ee2afd4182e4,4,双,小
2026-08-06 10:17:26,85103917,000000000512952d5aed370770291f7a6fc1c436d3ef04ad370435d15092944f,4,双,小
2026-08-06 10:17:29,85103918,000000000512952e14f035f414d5b1650f7786d4743ecd0a6fe019a3280daff4,4,双,小
2026-08-06 10:17:32,85103919,000000000512952fe68e628469d1eab6293bd41025aaca15ce9a1b4fc3e6e7c2,2,双,小
2026-08-06 10:17:35,85103920,00000000051295304a24d53841ffc4dbf6e8c2168075838b2c304463dee04c85,5,单,大
2026-08-06 10:17:38,85103921,0000000005129531dc7701fca4c5f7c6670b0d9cf83884b880e55590f05a70da,0,双,小
2026-08-06 10:17:41,85103922,000000000512953252d08d344246a76825b317e9a5218256aff6dcaf034a1ee9,9,单,大
2026-08-06 10:17:44,85103923,0000000005129533baf9cc226f7abb841a5084b0df1b5679a8ae247de40e4d51,1,单,小
2026-08-06 10:17:47,85103924,0000000005129534b7fbc18342a2eff81d404032a5396939d05b45e1328ead51,1,单,小
2026-08-06 10:17:49,85103925,00000000051295353897504297f6f46d356d401cd4f21252be422b29dba7d107,7,单,大
2026-08-06 10:17:52,85103926,000000000512953688acd0568a45342d49cc82d1f1ad41e68bc858435d3ba96b,6,双,大
2026-08-06 10:17:56,85103927,0000000005129537a2d435a463c382dd3ab2f89bd81e142dd66e20ab5c8ea902,2,双,小
2026-08-06 10:17:59,85103928,0000000005129538f266768ff8061c9eb0271278f76a44aeae1f973521a08d69,9,单,大
2026-08-06 10:18:02,85103929,00000000051295393431ca3d5d0f3cc121366900b2e93891da0ae281f956a378,8,双,大
2026-08-06 10:18:05,85103930,000000000512953a64c7d363de2f0fa0ea2646ed45f9f9dfa1ee1cc40de8cd0c,0,双,小
2026-08-06 10:18:08,85103931,000000000512953b0a56bf68b4428ee8a50e61969b6348b6f88e9658f05ae1ef,1,单,小
2026-08-06 10:18:11,85103932,000000000512953cf46ca544b2621fcaeee74bc40df03e8fd5e56e22bc2ff9f1,1,单,小
2026-08-06 10:18:14,85103933,000000000512953d0674d35555ea46feae00757ce574fb17251285da01d61a9d,9,单,大
2026-08-06 10:18:17,85103935,000000000512953fa2e6f16b980f6218f2697ee057e24626963d717170fb1db2,2,双,小
2026-08-06 10:18:20,85103936,0000000005129540d4810215756f09654aea24903b0a158416084cd6931fef89,9,单,大
2026-08-06 10:18:26,85103937,0000000005129541ee595625ae2acfb71ce5c70a7714cbdbfa23cb1e8ebbb121,1,单,小
2026-08-06 10:18:30,85103938,0000000005129542cba9cdd2eac7ef78dc8c116f08f3404aba0b778a8826b403,3,单,小
2026-08-06 10:18:32,85103939,00000000051295433ac7d56fee0d0e3250fa696112966afc07c956a5102ae458,8,双,大
2026-08-06 10:18:35,85103940,00000000051295441e74c290a25cce86fe58d02ad0a9700bd2cf5c3fe453aae1,1,单,小
2026-08-06 10:18:38,85103941,000000000512954565d33a68c2fb29ee3b1e718b352e8709adacd05ea938250a,0,双,小
2026-08-06 10:18:42,85103942,0000000005129546a7b5b6983d145e59ce545421cde1650779814ec947a9b868,8,双,大
2026-08-06 10:18:45,85103944,0000000005129548d5d8d09acb2f33419b2d14fb0130a1992de6a148b8a2bb13,3,单,小
2026-08-06 10:18:47,85103945,000000000512954917cfcf64c9f6813562ddfab14ff25ecabba789a5843e7cd1,1,单,小
2026-08-06 10:18:51,85103946,000000000512954ad90d3f50f70c284a9d2c80b5d0859cc4134b9dd4dbe6a67a,7,单,大
2026-08-06 10:18:53,85103947,000000000512954bff7eb4b71d0051475d130f158509743172de24af6d7763f0,0,双,小
2026-08-06 10:18:57,85103948,000000000512954c4ee39aab1edddd0d05afdc053f4a9f6f342daf0dc98a70be,0,双,小
2026-08-06 10:18:59,85103949,000000000512954dc0172d355447173f37c33b6d90acd3233c891709ff58760d,0,双,小
2026-08-06 10:19:06,85103950,000000000512954ea37be7e8d3fe75f8eb44ae33d0ff596ae54726a70d4c8304,4,双,小
2026-08-06 10:19:09,85103952,0000000005129550836c629f1e7ad1390318d6726938e1ef93c3d14c5dc8f48c,8,双,大
2026-08-06 10:19:11,85103953,0000000005129551e19f4ac62ae8a6633e829f7bfd56105bf103134b3a881468,8,双,大
2026-08-06 10:19:18,85103954,0000000005129552eedab7a9c097f447e3090c7cb4019158306ad4dc7460748f,8,双,大
2026-08-06 10:19:21,85103955,000000000512955327b6feb8dd2e9a3940afb5d5ce8c0a1e281e96bbc979a3cb,3,单,小
2026-08-06 10:19:24,85103956,00000000051295549bf1be6f71ca7930bcc01da898af2e7bd20a45f454997880,0,双,小
2026-08-06 10:19:27,85103958,0000000005129556d7fa4aab3d0f1296a46a8868f71690b94f38e6e2c51fdd84,4,双,小
2026-08-06 10:19:30,85103959,00000000051295572c9aa8d3f89e573e44e3e370d23ab6d04006e79738748ecb,8,双,大
2026-08-06 10:19:33,85103960,0000000005129558090784e045ad5eb94db27b5de39d264f454db59224df722b,2,双,小
2026-08-06 10:19:36,85103961,0000000005129559f779c0555ad74b041c0b55e8ecbcdbf0265ad01649a98fd4,4,双,小
2026-08-06 10:19:39,85103962,000000000512955a60fb59347455618c2e2196877046bcd45eba199ebae74794,4,双,小
2026-08-06 10:19:45,85103964,000000000512955c9447177efd03ad5e36e6306f9da6c938b2a68bec97f2e12f,2,双,小
2026-08-06 10:19:48,85103965,000000000512955d6d198acb43ba1f9877a4fb64df864e142805ce7d17658821,1,单,小
2026-08-06 10:19:54,85103967,000000000512955f0fc1a015c612faad07da2450033de7b2589ec91648eb8749,9,单,大
2026-08-06 10:20:00,85103969,0000000005129561b0f897df6c1860ba7379beb130eafe3eee9558f42a5f9a51,1,单,小
2026-08-06 10:20:03,85103970,000000000512956297b3e99baac5e4959b0822de8052035f1b3ff9d63347575c,5,单,大
2026-08-06 10:20:07,85103971,0000000005129563ca741d123d7f07c33662230f04885cbd993ec00c1934410a,0,双,小
2026-08-06 10:20:10,85103972,00000000051295649f95b598b018498da34efd0efcd31d874f39df0e18a1edaa,1,单,小
2026-08-06 10:20:13,85103973,00000000051295654d88e100d505d716b2ee0246225295b32b6ac31540ae1eb7,7,单,大
2026-08-06 10:20:16,85103974,0000000005129566d12ff6f25e1c473e298f4f387a59cd7e871e8ef8d09f7f92,2,双,小
2026-08-06 10:20:19,85103975,0000000005129567edd471d622ff530853504696ff7f9695eda116ec8c8bf90c,0,双,小
2026-08-06 10:20:22,85103976,000000000512956879b2d96afaa5377024caf90e6b84ba0b710dbae1f44f7cc0,0,双,小
2026-08-06 10:20:25,85103977,00000000051295697d0e262d50053481408a9e20a82f0bcb0178d0fca02561c0,0,双,小
2026-08-06 10:20:28,85103978,000000000512956a2ded2d056c9c3dcfbf66aea03f71cc8230541cd3cfdb8937,7,单,大
2026-08-06 10:20:31,85103979,000000000512956b8112349c466077c0dfecf3f3baf0d37351ca79d3692579fe,9,单,大
2026-08-06 10:20:34,85103980,000000000512956c6a35889b90d60dc8648738901d07b6d01557595789144f56,6,双,大
2026-08-06 10:20:37,85103981,000000000512956d83c1ecb628a3e84b77018f226689c6b73ed7b39ee708c364,4,双,小
2026-08-06 10:20:40,85103982,000000000512956e2312e4f4b6b950132de77651eeabd835b1492f258dbf69a6,6,双,大
2026-08-06 10:20:43,85103983,000000000512956f4c5c2ae226794e3ed3c901a9e5b4443e09c0fbb18ff9c24b,4,双,小
2026-08-06 10:20:47,85103984,00000000051295707d4bab7f59c73d9e1e0075027af40bcd4b183c05208560e5,5,单,大
2026-08-06 10:20:50,85103985,00000000051295712bc0d7afc6361be08292a7f43c938b3ada3a2e2910ef03e4,4,双,小
2026-08-06 10:20:53,85103986,0000000005129572e745aaf8ab2fff6b842f7f6f23fff6e0bb37215141780804,4,双,小
2026-08-06 10:20:55,85103987,00000000051295735a9aa6676922dcd41c4c1f6ef7836034776f7bc78852b899,9,单,大
2026-08-06 10:20:58,85103988,00000000051295749052dd752b7a2217a24a0329f16d0309f414f1e628a7b84d,4,双,小
2026-08-06 10:21:02,85103989,0000000005129575b1033e794ca2c71f78efb608af7d9c52ab2f6f63f196e4a6,6,双,大
2026-08-06 10:21:05,85103990,0000000005129576a87da266a0fff48f0a83f709f1ff1aa10391a3e33bbf9376,6,双,大
2026-08-06 10:21:08,85103991,0000000005129577b96b975802954343e7b35f995039607b27cef2a7a80c208a,8,双,大
2026-08-06 10:21:11,85103992,0000000005129578b984f6a1a40f531eb658daa93a826127c9a8c453dfb8c397,7,单,大
2026-08-06 10:21:14,85103993,0000000005129579309e11e993e46a263e1e33acb88e907e6a793abcbe0eef33,3,单,小
2026-08-06 10:21:17,85103994,000000000512957aa3af677ca99e3e1532fb1034fbde1b533a69da2e3726a70e,0,双,小
2026-08-06 10:21:19,85103995,000000000512957bdb7ff1f4e49ada1b11c7b3b3003a93d480d3fda8b777075b,5,单,大
2026-08-06 10:21:23,85103996,000000000512957c8b33a5a976f96489675b1a222a9b8e5b23aa41cac275cecd,5,单,大
2026-08-06 10:21:26,85103997,000000000512957d51be4ed8e3820a8e392f1aab961b79e9cb4e5a0449b007ea,7,单,大
2026-08-06 10:21:29,85103998,000000000512957eca8c8dd5600cf0232472e96f92c959d519e327838f26d4fd,4,双,小
2026-08-06 10:21:31,85103999,000000000512957fb966f56f7916cce95d22290812532e1cae1b8d22bb18cf70,0,双,小
2026-08-06 10:21:35,85104000,0000000005129580cecfbd3ce3b09fec70fe3b88de7b324eaeb7b75de6fd6a5a,5,单,大
2026-08-06 10:21:38,85104001,0000000005129581458cb142344ba34f456aa94abf5e5d6ed2e6c2f59e4cff85,5,单,大
2026-08-06 10:21:41,85104002,0000000005129582e79ce34c477c7270dc68ce9d9e792a494f216ee95c99439a,9,单,大
2026-08-06 10:21:44,85104003,0000000005129583d99ae791362d51c2a9a1ff169d2832822c8b270457432316,6,双,大
2026-08-06 10:21:47,85104004,000000000512958400812c285f74d94b431230e15e619b8fd2db812afc0faa99,9,单,大
2026-08-06 10:21:50,85104005,0000000005129585769bd041a6d8f71ca66b49e55e05264d8611a27e6e2508d3,3,单,小
2026-08-06 10:21:53,85104006,0000000005129586ec9bdd00401569c4f58ce0eb519a41ffc0b030812a5ae7fa,7,单,大
2026-08-06 10:21:56,85104007,00000000051295870079eddce9e8f931b57661c8a6adef33d9c74323474a906c,6,双,大
2026-08-06 10:21:59,85104008,0000000005129588930affd97e93c49c669ec7afb08dff9752cf7edb929acafd,9,单,大
2026-08-06 10:22:02,85104009,0000000005129589ccc7d7fb57e2fc53176d5228ccf1cb8131591ac94bc4d928,8,双,大
2026-08-06 10:22:05,85104011,000000000512958bfda4757bf57c217db57d844f9a044aa862562faf36df83ed,3,单,小
2026-08-06 10:22:11,85104012,000000000512958c3bf0be0f556d4af41fca4edb7baa1688e949449af4161729,9,单,大
2026-08-06 10:22:14,85104013,000000000512958dc39b340ca31219b9b3e595eb20f2b245996a35adab099668,8,双,大
2026-08-06 10:22:17,85104014,000000000512958ea9d163b590abf3ad72e751fdefb4009b4531763a1268ee94,4,双,小
2026-08-06 10:22:20,85104015,000000000512958f11b40010e4750cb95ebd4303b74a187b839309b9ac3c0b26,6,双,大
2026-08-06 10:22:24,85104016,000000000512959046c8a641641ac0ae9680eddcaacc5b135613b5f04fd36bed,6,双,大
2026-08-06 10:22:26,85104018,00000000051295923feef5bbb3ef61ac25a94e08d617daccdd9bc6c725ee5448,8,双,大
2026-08-06 10:22:32,85104020,00000000051295947f154d3aec7ae92148f7a783c1c05bedc401b6dd0e76427f,7,单,大
2026-08-06 10:22:36,85104021,0000000005129595bc5598acd582f87a7081ea0900b8893f1c0a9087ba28612a,2,双,小
2026-08-06 10:22:41,85104022,00000000051295969098d7358a265925ce9e085e941ce9924ec1c79e26d8dede,8,双,大
2026-08-06 10:22:44,85104023,0000000005129597115368cc6944f96afc0edae9b909cedb248b0ec8c014667d,7,单,大
2026-08-06 10:22:47,85104024,0000000005129598499fbd65a0341a7f1d7f88f2c178b89fad64e5b5fd41970b,0,双,小
2026-08-06 10:22:50,85104026,000000000512959a8760d6787c4a523ab005bd5448c6fcd58cc4aa5f21a3d1ab,1,单,小
2026-08-06 10:22:56,85104027,000000000512959bf6a8a903831d1356528430c07ef1756f975ba72e62dd1fe4,4,双,小
2026-08-06 10:22:59,85104028,000000000512959c51c259f381ef7eb47e1d2db23bfe6a510cc45d05d5e3160d,0,双,小
2026-08-06 10:23:02,85104029,000000000512959dcdd6c7d0dbeccd41a11378c20427162b7b0febf5df5ec33f,3,单,小
2026-08-06 10:23:05,85104030,000000000512959e0bee552dd7eecd7bf87dfbad02717898e0ce8cdd129223dc,3,单,小
2026-08-06 10:23:08,85104031,000000000512959f65b9c120ec7d6e36bcda8c247830a9608628708e2af6d4cf,4,双,小
2026-08-06 10:23:11,85104032,00000000051295a0fb9f702c17f54020532b1098ae6ea8e4b602e06b2445162d,2,双,小
2026-08-06 10:23:14,85104034,00000000051295a21cba2ecd2b2087b6ea26d1a2af06c6e41e74ead6e99486ef,6,双,大
2026-08-06 10:23:20,85104036,00000000051295a47356d0c9f224f1ec5a1032f286475ea04f4b3e1e9396a1af,1,单,小
2026-08-06 10:23:23,85104037,00000000051295a5c596e9b763d58c4ba3077b5b9b43cc70586de19171f34872,2,双,小
2026-08-06 10:23:29,85104038,00000000051295a64859f180591da403a9519da6c31ef816b0ef2fb0c885d885,5,单,大
2026-08-06 10:23:32,85104039,00000000051295a7aa2bff7ee350de798c8460dcc32af846b1da97fc7d034a4f,4,双,小
2026-08-06 10:23:35,85104041,00000000051295a9307c314763bd24d39fec66b15178452e219d2b3cfc2d47b1,1,单,小
2026-08-06 10:23:41,85104043,00000000051295ab060d40607fcd5ee6d0c34176b67d7d785cbb3c28d2ff3f98,8,双,大
2026-08-06 10:23:44,85104044,00000000051295ac7f572e959f5d45af80eb8f09df4b0b261ea8b9bc62e09fee,9,单,大
2026-08-06 10:23:50,85104045,00000000051295adae91e67a2644976290690ed2c48d685dd136bf957d6ab1c8,8,双,大
2026-08-06 10:23:53,85104046,00000000051295ae3d46b71a27c0985b82b2ffd9db9b4cb27c9f1257e8e53d7d,7,单,大
2026-08-06 10:23:56,85104047,00000000051295afc31b853fa44af7b51194cfb8847981ddc18ed88343fc9972,2,双,小
2026-08-06 10:23:59,85104048,00000000051295b0f80a066e76ed793414d4a8128e25680e2f8270061e5c44f8,8,双,大
2026-08-06 10:24:02,85104050,00000000051295b2d976e018a47a283abf52ddd193b51549527d16c77c5378ab,8,双,大
2026-08-06 10:24:08,85104051,00000000051295b363707d45aa74192fefc12df5cbfa83eeeebc217c2dc8d03d,3,单,小
2026-08-06 10:24:11,85104052,00000000051295b4bfc251b5bcf5733860a63f2ca3bcaf07ff31e249c9b17b52,2,双,小
2026-08-06 10:24:14,85104053,00000000051295b5e7561130cfb9ae1cfe3cace613cdbfe0bc01235496ab782b,2,双,小
2026-08-06 10:24:17,85104054,00000000051295b67dbd4fb2cdfb0be7e89d1b92b4270c3efbcfc189cddf022a,2,双,小
2026-08-06 10:24:20,85104055,00000000051295b76bad28a0e8a2c9c4a870f6318bd496668d968d0aa013451f,1,单,小
2026-08-06 10:24:23,85104056,00000000051295b83e17462cb4ed76effeea587c3d1307755b97728143f15425,5,单,大
2026-08-06 10:24:27,85104058,00000000051295ba24f3f189a3251c41eff42c57680b842c9c1e19041561fd06,6,双,大
2026-08-06 10:24:33,85104060,00000000051295bc93fef6ebaf2b70b97612e6df5ec27d8f7581840a7a35f98b,8,双,大
2026-08-06 10:24:36,85104061,00000000051295bddcc3db4d8ed72405087ad28f8c020e6a9d942bf6d22517d6,6,双,大
2026-08-06 10:24:42,85104063,00000000051295bfe2bbd5dae7d2f2581a936e0f0c4643dcf042c6214dba36f4,4,双,小
2026-08-06 10:24:45,85104064,00000000051295c0a104e5653182d659a65e50c43a7c53357b50918f429b26a9,9,单,大
2026-08-06 10:24:51,85104066,00000000051295c2c80686e7d1fd88117177902acea08ca32e5ad53edf5abf98,8,双,大
2026-08-06 10:24:54,85104067,00000000051295c3a0da5c97dcf03ccaad849ea815386903ff491e12285d34ff,4,双,小
2026-08-06 10:25:00,85104068,00000000051295c471aa50c34a21ee8510b087948c1cb21d468d9bf386f8eab9,9,单,大
2026-08-06 10:25:03,85104069,00000000051295c551deca21ff0067c92c56edf4471e32b541978d412da58fbe,8,双,大
2026-08-06 10:25:06,85104070,00000000051295c658408d7b1b8bec51aecc042f8e3036746b87ba782588bfd5,5,单,大
2026-08-06 10:25:09,85104072,00000000051295c85de9826cc4f2b81bb2f018d10ff08a21a6c68824bf28e8dd,8,双,大
2026-08-06 10:25:12,85104073,00000000051295c95bd417bef73420e5f2a85485e01c3fd7a4f9c4c35d383e93,3,单,小
2026-08-06 10:25:15,85104074,00000000051295ca970d2f51e217810650bd5f0141e38fdca05fcece8fafa4c5,5,单,大
2026-08-06 10:25:19,85104075,00000000051295cbb17f46da0497abe82c03ba03ccc4403e5a69fbe6a9420645,5,单,大
2026-08-06 10:25:22,85104076,00000000051295ccb4841bda6db8ee4dbd9700ab487de9bdc7d23c05f2a1a14b,4,双,小
2026-08-06 10:25:25,85104077,00000000051295cd2fab3b15000ffdd64bd18423b83ea94db2c1f00b21895140,0,双,小
2026-08-06 10:25:28,85104078,00000000051295ce102a717155a703b36523a90fcd50959dac7776dfccecd66a,6,双,大
2026-08-06 10:25:31,85104079,00000000051295cff132bbf889f595e00719a42e4ebf78e3320f3085845ccffb,5,单,大
2026-08-06 10:25:34,85104080,00000000051295d0b4b63131f34365af3cd57e9c74e4ffd56fddbe02ddf9fded,9,单,大
2026-08-06 10:25:37,85104081,00000000051295d168bbc7e217878e8703c924ec98f1dbd0264a243f1629ea83,3,单,小
2026-08-06 10:25:40,85104082,00000000051295d27c7002d23f86cd332099f09df3ba90f73a2c9f72b2e8cac9,9,单,大
2026-08-06 10:25:43,85104083,00000000051295d3aba6f444e8b79aa5a68aab20549f59faffbd062b19913ea7,7,单,大
2026-08-06 10:25:46,85104084,00000000051295d450f761f46f83a20455c8bca215cc3fe13081c99cbcd44537,7,单,大
2026-08-06 10:25:49,85104085,00000000051295d59dd702d2cb747ff2c4f913d9babff2e41c5af13196d233c5,5,单,大
2026-08-06 10:25:52,85104086,00000000051295d6437ba4d7e519e9bbf49156ee1141ada74abd84caa78a74d6,6,双,大
2026-08-06 10:25:55,85104087,00000000051295d71320e5f2724d11b10149404654871b42ef7585d356d75d50,0,双,小
2026-08-06 10:25:58,85104088,00000000051295d889a896e6e40326ee4c9a7d5a76a391b6e2b93f414b573071,1,单,小
2026-08-06 10:26:01,85104089,00000000051295d960182d6f2b03bc583e2c6a82f0bfb0d12d1903636579fdcc,9,单,大
2026-08-06 10:26:04,85104090,00000000051295dab9d9106fcb17b06893f6709926cffa9b2233876929aa00b8,8,双,大
2026-08-06 10:26:07,85104091,00000000051295db66aafa5ec7fa1c99fd2ca1b16be1cb0746ba18c3cab0e2bb,2,双,小
2026-08-06 10:26:11,85104092,00000000051295dc041d3d6f7a1abb91047208a423a352ea2bf33c7ff555aa4f,4,双,小
2026-08-06 10:26:14,85104093,00000000051295ddd36706af3c59b7e1d374d2ec157bfaf49fc73d516d6724b5,5,单,大
2026-08-06 10:26:17,85104094,00000000051295de4defad9251e6f90fa9ff422a320b1f60ca74390179877bb1,1,单,小
2026-08-06 10:26:20,85104095,00000000051295dfe8eb8368eb55d5ea82b59a670e474e3fd8c61e1e6b19cd7e,7,单,大
2026-08-06 10:26:23,85104096,00000000051295e0eb755884829b44b54c63cd95178cca55eaee0a618285d47d,7,单,大
2026-08-06 10:26:26,85104097,00000000051295e1f1de419facca3c9057bc2563c38178c2b06e9969e82d0ab5,5,单,大
2026-08-06 10:26:29,85104098,00000000051295e21d02e8affecdb3bc135f318c6183fcc5a096fb4f8cf6bfcd,6,双,大
2026-08-06 10:26:32,85104099,00000000051295e35e0a897ec563ebc8b11f8b2fced44724ab8bb0fd407f7caf,7,单,大
2026-08-06 10:26:35,85104100,00000000051295e4b3ea919c4c914dee9bac5dafce7db57dcdbf49cfac3bbd92,2,双,小
2026-08-06 10:26:38,85104101,00000000051295e58cb74a167faff93483da98d08231d26127e4c922d5465980,0,双,小
2026-08-06 10:26:41,85104102,00000000051295e604f9044a9ab649f92be4e7fcbf9adf20d71cdbe9d747b9f1,1,单,小
2026-08-06 10:26:44,85104103,00000000051295e74ab5fad98133fa06eb4bc81dda92ec2d1f5d2372c724fa7b,7,单,大
2026-08-06 10:26:47,85104104,00000000051295e8c88064c2f9b67b0ec84a87f67138f3c7bfd798b3a3be6ce9,9,单,大
2026-08-06 10:26:50,85104105,00000000051295e926e2dcb9c757ddbfe66f022455a561152359aac67b083b6a,6,双,大
2026-08-06 10:26:53,85104106,00000000051295eae4c3e75b53013f9d0de9ff037ce99a7c1dd10f81731560af,0,双,小
2026-08-06 10:26:56,85104107,00000000051295eb445b0e2f4facf11fb4d44e4bd126f34b0a65fed638db71f0,0,双,小
2026-08-06 10:26:59,85104108,00000000051295ec13860aa815b98115cf5f491261f820bc12a2d65501a7f0a6,6,双,大
2026-08-06 10:27:02,85104109,00000000051295ed8df15c300416a4dad3b5b43b9dbb3bbfcac13b6e94d6a138,8,双,大
2026-08-06 10:27:05,85104111,00000000051295ef5ea015094685853ce06fa8040ef4a9f2fe49b390b39f0376,6,双,大
2026-08-06 10:27:08,85104112,00000000051295f0b624ccade1cb9aa69e5e40500d8967fbc1d9c98fdea58509,9,单,大
2026-08-06 10:27:14,85104114,00000000051295f25d50542403d8b7f69167ef48fc6fea8b4a3e869d7aee51e2,2,双,小
2026-08-06 10:27:20,85104115,00000000051295f340a0493b80f114b68be556ce53eae448fb26257b3116107d,7,单,大
2026-08-06 10:27:23,85104116,00000000051295f4934b1deaef79185a9761b9f13e3c0e1842079733d0c34ce9,9,单,大
2026-08-06 10:27:26,85104117,00000000051295f5bca7aa836d55f5ef768f9014bb8d4c9db0bf494b18557427,7,单,大
2026-08-06 10:27:29,85104118,00000000051295f6ea860a8abf937d80fdbaceb86fbdcd17a7c2c1e2e393e1c7,7,单,大
2026-08-06 10:27:32,85104119,00000000051295f770def62809badbdc897ef861731e03cfeceee6399a01119c,9,单,大
2026-08-06 10:27:35,85104120,00000000051295f8fd00f3c1d250d1ee5ec0d40ff6001fefc601e2295ad4e1c9,9,单,大
2026-08-06 10:27:38,85104121,00000000051295f91d6dc64647aa7bd38f1501ec9ea5aff12fcfdd12bde82fad,2,双,小
2026-08-06 10:27:41,85104123,00000000051295fb33ce3a8f9b477889bf33b60251c68e7ef60f9cb786f14145,5,单,大
2026-08-06 10:27:47,85104124,00000000051295fcdcdd42770385115b0c919b4e5820ace53a00b783e028086c,6,双,大
2026-08-06 10:27:50,85104125,00000000051295fda789e42cdd2164289bac03ab9075efc3dc7fdc1c607805d8,8,双,大
2026-08-06 10:27:53,85104126,00000000051295fe1ddb601e877e9da9dfd2e3c8c02743576e306e8e9e03632c,2,双,小
2026-08-06 10:27:56,85104127,00000000051295ff361937ce8551f4cf81bbce15d51e9af2891a6ae244797823,3,单,小
2026-08-06 10:27:59,85104128,0000000005129600ba3e84fdbeaea3f1cf76e769ce99a2909452cb207e6f456d,6,双,大
2026-08-06 10:28:02,85104129,000000000512960128d3705e894664f64f6b3a82f87b9f0da304775c7ef08240,0,双,小
2026-08-06 10:28:05,85104130,0000000005129602d590ef833f001d12a352a234d00652452ec9e61e85ea9e26,6,双,大
2026-08-06 10:28:08,85104131,0000000005129603576c0c4e58588fc62d43f137887a57487b86ee574da55349,9,单,大
2026-08-06 10:28:11,85104133,00000000051296059d62d41e508da0efb89382b9e1e083c1e763a875d7cd4b0f,0,双,小
2026-08-06 10:28:17,85104134,0000000005129606205489609bdcff296566274b354b2e319cbbe18d80291956,6,双,大
2026-08-06 10:28:20,85104135,0000000005129607c2a7c4cbd486d86fe4009e61accc847ab8483a6e8c29bff6,6,双,大
2026-08-06 10:28:23,85104136,0000000005129608530d52dec08df4c5b7d0cdbe91e2380d415035b727980ab9,9,单,大
2026-08-06 10:28:26,85104137,00000000051296093b37c2c3a6c7a8990b16aedd4ffdcbdfb77284919929ec65,5,单,大
2026-08-06 10:28:29,85104139,000000000512960b59697ed4af643ffc82d57a223c9302c0a64be9f7a39eedc2,2,双,小
2026-08-06 10:28:35,85104140,000000000512960ca5c0fc5874d1999b18fdd43ba0bf21b94999d9ebe9a37aca,7,单,大
2026-08-06 10:28:38,85104141,000000000512960d48aa26bc107ea4438842007b7e9b1ef027f564427c981720,0,双,小
2026-08-06 10:28:41,85104142,000000000512960eefe7a4513410d1cb639dace5fa7094990dcee6597bd8a944,4,双,小
2026-08-06 10:28:44,85104144,0000000005129610005b6917440bd6550a3691ed77ce5b5432d46f693dc0087e,7,单,大
2026-08-06 10:28:47,85104145,000000000512961104b6ae70e477b6ba0d84142ffa5bf791ef74a6540c548239,9,单,大
2026-08-06 10:28:53,85104146,0000000005129612d490f75842182b2a9253c574bd51e7a76f2342504da7bcde,7,单,大
2026-08-06 10:28:57,85104147,0000000005129613896503a3772e1d39ad1b50f622190785cc62e5ed2b7e2129,9,单,大
2026-08-06 10:28:59,85104149,000000000512961523911b12d502f9f4b276e53b30acff3859ae3882bf8b5ece,5,单,大
2026-08-06 10:29:02,85104150,00000000051296167a336c331116e6b3484ba785552843eaa2db2779d791812d,2,双,小
2026-08-06 10:29:08,85104151,0000000005129617ad826332aaf5c7f1c1462ccc0a05b9d95295fdb96e74bbb4,4,双,小
2026-08-06 10:29:11,85104152,0000000005129618598092c10ff7566c44d338800593d56288073697207db529,9,单,大
2026-08-06 10:29:14,85104153,0000000005129619f6f7e2ca886d82ef2106afcb7ca6b99377634498690248d7,7,单,大
2026-08-06 10:29:17,85104154,000000000512961a2cfa781a8f70036fcacf5186a6311c9991873a943ddaacc4,4,双,小
2026-08-06 10:29:20,85104156,000000000512961c685407ad65f89fc17251c11599fc49c127545bcb69d84129,9,单,大
2026-08-06 10:29:26,85104157,000000000512961d00305ca398928fd77e16bf90dbc7fe004b6e0d2c693f0dc9,9,单,大
2026-08-06 10:29:29,85104158,000000000512961e321277099767764fba81c40c376428591eadf3c82bd77200,0,双,小
2026-08-06 10:29:32,85104159,000000000512961fcf91e59912169e629987a4862e72aa3a29da2964036c38ea,8,双,大
2026-08-06 10:29:35,85104160,0000000005129620e235ffa593181cd6600f20c6153556d7a8e85dcefd268bd0,0,双,小
2026-08-06 10:29:38,85104162,000000000512962223ceda8219cdd2931c3a4d65c2cabb54a46b71d9c15f4f44,4,双,小
2026-08-06 10:29:45,85104163,00000000051296236e49a8488d256532f75f19075a313015fd9ec904f6fdb980,0,双,小
2026-08-06 10:29:48,85104165,00000000051296250d4823c7952d4b6fe1abc50d1c389c919653f6c69a85e07c,7,单,大
2026-08-06 10:29:50,85104166,000000000512962622361a8b7a5c34d0897d7401699bd66dde535f3d3935e7bb,7,单,大
2026-08-06 10:29:57,85104167,000000000512962772dfe46969f52e2f2aa1a88b76a10b86256fc093e0ceaf2f,2,双,小
2026-08-06 10:29:59,85104169,00000000051296299b862afa026ed23f20fcfe8aeb173e0c0d56028d7790d807,7,单,大
2026-08-06 10:30:05,85104171,000000000512962b3c8698d52a0cabc925134e59a349b63b65588a9d3de293d1,1,单,小
2026-08-06 10:30:12,85104172,000000000512962ce5f501b0fe9d8c5be25addaeca05f34ec47dbbd126a2df40,0,双,小
2026-08-06 10:30:15,85104173,000000000512962d15f80c8063ec81dcd36bc98e80e5ce8b259710fb7b6d2a0f,0,双,小
2026-08-06 10:30:18,85104175,000000000512962f114de7cb1bb01d854b7334beffe31a1eac3f45a5cc981db2,2,双,小
2026-08-06 10:30:21,85104176,000000000512963011c22cf56774ac51b85c06714c16fb85db6c4113c6d7c1e0,0,双,小
2026-08-06 10:30:24,85104177,000000000512963196c02520ba08ed173ba63ec213f180a8ce66d6669a01b774,4,双,小
2026-08-06 10:30:27,85104178,00000000051296327219c4868004fe020b749f18c17b751e46590391ecefbe6e,6,双,大
2026-08-06 10:30:33,85104180,0000000005129634a291e5971addf49c1fa3e9b19a5254045231656ced0b993a,3,单,小
2026-08-06 10:30:36,85104181,00000000051296359e9517f6e0a3b8a66b169164006cad53d039ba7677d7223c,3,单,小
2026-08-06 10:30:39,85104182,00000000051296367266e9bf9c368928efabdfc770ff9c98bd5c9da137b31d35,5,单,大
2026-08-06 10:30:42,85104183,00000000051296378dd8dbee992442fc3b2e467ea2b07d57c00c8cb339d59f5f,5,单,大
2026-08-06 10:30:46,85104184,0000000005129638afe1bd9671406374ccd9f4bd43a8bbb2f162f4b667fc5a24,4,双,小
2026-08-06 10:30:49,85104185,00000000051296398a8ec0f6acff136e30ab6c4aa1e01e7ddbfefdc24167b411,1,单,小
2026-08-06 10:30:55,85104187,000000000512963b0a90e0e77bdac6ac7700e98c9219689f56dff882641dca73,3,单,小
2026-08-06 10:30:58,85104188,000000000512963ce1a6bb92b9f5861c6e7d560f227ec0be5fb94ebd8c6180de,0,双,小
2026-08-06 10:31:01,85104189,000000000512963d6c40aae7ed9d4c6904d0998fbdd57dd7964375494c035072,2,双,小
2026-08-06 10:31:04,85104190,000000000512963ea2979c9d1216920c8662687e0fb177f3d68328c62f0d3b35,5,单,大
2026-08-06 10:31:07,85104191,000000000512963f6d26b5abc831287edb9f9b602b7836616063bb1f48ddeec8,8,双,大
2026-08-06 10:31:13,85104193,00000000051296415ab08dd93d8ecf7b0a2503ad12648f9f7a0cebdbf624b5e6,6,双,大
2026-08-06 10:31:16,85104194,000000000512964247d765cff8f59d87caa5f55cc1f5346ba0dc49257b4978d2,2,双,小
2026-08-06 10:31:19,85104195,0000000005129643aca1d31f464624fe55cfaaa690fc153277200b9bcb232a0f,0,双,小
2026-08-06 10:31:22,85104196,0000000005129644c5e244282246a9dffa64d36fc1f6b11fcb0b7fcd5c0cf649,9,单,大
2026-08-06 10:31:25,85104197,00000000051296451deb65d3d7fd10054f55673442e4c33a1f597cf090970df7,7,单,大
2026-08-06 10:31:28,85104198,0000000005129646b83834ad16bf7ebb75b5cd1f5244a697957431847512a406,6,双,大
2026-08-06 10:31:31,85104199,00000000051296476dd4c5eca38a5fcd97032fa2d77275253d2f470a8b5a5ac7,7,单,大
2026-08-06 10:31:34,85104200,0000000005129648fabdead8f71a979dd264eb3aa094b2a0645189a2631e3c06,6,双,大
2026-08-06 10:31:40,85104202,000000000512964a87b5d7b7750ca22ae9982312b7847e470a5d19fe93936bf0,0,双,小
2026-08-06 10:31:43,85104203,000000000512964b72895878800f7e974bcb163ae6cef67c9ccbbe49a85c4b80,0,双,小
2026-08-06 10:31:46,85104204,000000000512964ca68c677ea6b1aca547baed1e1b867b429a533aa872759fbd,9,单,大
2026-08-06 10:31:49,85104205,000000000512964d48956281d08a1c9ea7df4425adfad99487bf29ff8cd5ebce,5,单,大
2026-08-06 10:31:52,85104206,000000000512964e544b2663c1976318e76c5dd2aee8b9ce1fb2a220fc6d5b50,0,双,小
2026-08-06 10:31:55,85104207,000000000512964f91bb5fe972d1da21e50f64bae22c2e3f3aebe3c7054b1838,8,双,大
2026-08-06 10:31:58,85104208,0000000005129650bba1c5546223be9e400f1d64fae2d54367ff115fbbafbf5e,5,单,大
2026-08-06 10:32:01,85104209,00000000051296514c49f878be2f63fcecb2cb323129aa350c0df788b1b38eae,8,双,大
2026-08-06 10:32:04,85104210,000000000512965261acc5bf3619f2017e778f51b8ef38b88efbdb4bc1ba5cf2,2,双,小
2026-08-06 10:32:07,85104211,00000000051296536c623a08c928acc940b7189fc8827c2fe09a2db0eb68ec63,3,单,小
2026-08-06 10:32:10,85104212,0000000005129654376b022f1c631b4221a92eb57ab066cf7054638139d09112,2,双,小
2026-08-06 10:32:13,85104213,000000000512965569de888260776b0ea52477ef5939db1d7fa2689f10451436,6,双,大
2026-08-06 10:32:16,85104214,0000000005129656718d7314235b675a869a398fe9b7d570d911119dee1b8564,4,双,小
2026-08-06 10:32:19,85104215,0000000005129657b4843857a24325bbc802bfbc9468c5b320f90125e3366fb2,2,双,小
2026-08-06 10:32:22,85104216,0000000005129658b573210a81ef4db9d8c3827ab695c0fe5b9207a3c1110ccb,0,双,小
2026-08-06 10:32:26,85104217,00000000051296594623d291a479b5af7621c31842da758dce2116353d8a9a49,9,单,大
2026-08-06 10:32:28,85104218,000000000512965a3bd527e0e3560e21ae7a067182acccd6e68f818d59dad3df,3,单,小
2026-08-06 10:32:32,85104219,000000000512965b1fd472b4d29160e5c83143c882bfca0c9ae699f05ef6c780,0,双,小
2026-08-06 10:32:35,85104220,000000000512965c91fff5083b91fbc0eb50f36c4a1ea15559c6d7a881619bd0,0,双,小
2026-08-06 10:32:38,85104221,000000000512965defb158993ea58b6786bbda21bd4dd4a59ce24b66c3d6b2c0,0,双,小
2026-08-06 10:32:41,85104222,000000000512965e4f4b519afb488d1d0669d01d5d711c8ed69dcea15a765ba9,9,单,大
2026-08-06 10:32:44,85104223,000000000512965fd4aa5033bb0202d6bc20f663413700aaa251679fcc4779ab,9,单,大
2026-08-06 10:32:47,85104225,0000000005129661531a0926edf0a07980e04dc629c6686422a03e5f6e2bb293,3,单,小
2026-08-06 10:32:53,85104226,0000000005129662ede96e7174ce296a2a68599dc4c12181de8b6f98cf8d8c3b,3,单,小
2026-08-06 10:32:56,85104228,0000000005129664f532225469b9af6e8724f8934104b2cc540ca1245a1ea7df,7,单,大
2026-08-06 10:32:59,85104229,0000000005129665ff9e55d69690d77e1c33d190aa2c07d2b1ebdc3477e1fef2,2,双,小
2026-08-06 10:33:03,85104230,00000000051296662974aeadd0782c13780da020d81d597fb245a82b398db356,6,双,大
2026-08-06 10:33:06,85104231,00000000051296676d1ba6ac559c5f8167c913c2548825932852f382cd8dc0c3,3,单,小
2026-08-06 10:33:09,85104232,0000000005129668e16deb0080b667c70567f3813ada66613d4401927e0f4b96,6,双,大
2026-08-06 10:33:15,85104234,000000000512966a776f8ec1fd78f38485032ce19d4b4ad03fceeda867088531,1,单,小
2026-08-06 10:33:18,85104235,000000000512966b8b0ca2c81fd89737e493c96b70a9ec5dbaad824d6e6e728f,8,双,大
2026-08-06 10:33:21,85104236,000000000512966c44f167f3c88558deb6c196be10bd1d18b481d2af7b380d0d,0,双,小
2026-08-06 10:33:24,85104237,000000000512966dac4ba97647630df73ca00291ed81573e92dd0a5509fb8ee1,1,单,小
2026-08-06 10:33:28,85104238,000000000512966e71ea47086bb0acc354e7ded281e9c3478aed544127a89034,4,双,小
2026-08-06 10:33:30,85104239,000000000512966f21e0fc4fe27c4432b2873a9911545f9e34c1130ab15a9a75,5,单,大
2026-08-06 10:33:34,85104240,000000000512967039ee632a2a2c364a7c54e8408aae73e1cfdb4c99365721f6,6,双,大
2026-08-06 10:33:37,85104241,000000000512967123d0d9c45b2bb72ecc7eebb6d4cd9b97d42da8d9d397d65d,5,单,大
2026-08-06 10:33:40,85104242,000000000512967292abb64eea1fc38c915e3b3c1a14b9fe6e820b4cf99ef5ea,5,单,大
2026-08-06 10:33:43,85104243,0000000005129673be6f88baaaa0fac84cb03b9e8084ed71aba79bfe727477cd,7,单,大
2026-08-06 10:33:46,85104244,0000000005129674497e4cc820c404512280b5118ccf6a9acc5b2d47f7c980d8,8,双,大
2026-08-06 10:33:49,85104245,000000000512967538d13133799704e1bfa9af201b6e31b8e60be69b06b0e232,2,双,小
2026-08-06 10:33:52,85104246,0000000005129676cd3616170acf5eabc991fdc38b610e78769c33adbd36d82b,2,双,小
2026-08-06 10:33:55,85104247,00000000051296776594adc489513d319c1ac9266e89e2b39f1961890166a052,2,双,小
2026-08-06 10:33:58,85104248,0000000005129678a53ac39cedf2eea96781fac81e81471d89b1b8c0349045e0,0,双,小
2026-08-06 10:34:01,85104249,0000000005129679b4d62febd1696c32df9d58c66c53a2a4322c29373c92a70d,0,双,小
2026-08-06 10:34:04,85104250,000000000512967aed859e4d177afc5c16abd2cfe142358c43a0a70c54a9fe21,1,单,小
2026-08-06 10:34:08,85104251,000000000512967b0a128a4880035a283281f06bfd75c9708f853c3ba9863cfb,3,单,小
2026-08-06 10:34:11,85104252,000000000512967c5d9b5e0502fb629e381e9a210f2f870b45e68cd0af9683d9,9,单,大
2026-08-06 10:34:13,85104253,000000000512967dc57815fbb90eb529a127195068c3222282ff21c8fe8e4ee1,1,单,小
2026-08-06 10:34:18,85104254,000000000512967e0da3bc5b23dd5aff35e58b01615f3646bc8c70a7b122b726,6,双,大
2026-08-06 10:34:23,85104256,00000000051296805bb6d6e635a86269c97ea7a672d758f3bc33fdd503541ffb,1,单,小
2026-08-06 10:34:29,85104258,0000000005129682bdf9b1d5e647eb037be5547a7ccdc8837fae292149fe942b,2,双,小
2026-08-06 10:34:37,85104259,0000000005129683097e45dadef72fe1b4a11cc8a1b21fe6f6dedf14a3ce7a66,6,双,大
2026-08-06 10:34:44,85104262,00000000051296863e304d8b11ae2e3c85b1ca58f19cf5aec19d1ca3df74a40f,0,双,小
2026-08-06 10:34:49,85104264,00000000051296887b790c01db5a5197c9d02254d14871dedcd2c2fe925cd3d9,9,单,大
2026-08-06 10:34:54,85104266,000000000512968a8f87a4f9bab26228d8cf45296df94d2c55333d93c0c44b4d,4,双,小
2026-08-06 10:35:00,85104268,000000000512968c61595baf6f9c46a4de11e99239f39dc0626cb29e7d236c94,4,双,小
2026-08-06 10:35:06,85104269,000000000512968dc5a091fba9d4fcc89cdabfe2b17f606838f11c5f7fe36235,5,单,大
2026-08-06 10:35:12,85104272,0000000005129690c9c7f6b11dd06ddd0d420b1e1079df117b5f86c4540a3a29,9,单,大
2026-08-06 10:35:17,85104274,0000000005129692840367b9a992bfa05b8db36c6cf9c5574a6b267ae071b5f1,1,单,小
2026-08-06 10:35:22,85104276,000000000512969489b4ba4957d32fc6f66665687682e4914317bd759853a7bf,7,单,大
2026-08-06 10:35:30,85104278,00000000051296968464cde148df58a24c92697787c4481f915b3e3cb5206118,8,双,大
2026-08-06 10:35:37,85104280,000000000512969866553ed9ae4eb1084259b85c37d8929edbf8198ccc24921b,1,单,小
2026-08-06 10:35:41,85104282,000000000512969a98ab0adb102b99996f76550d787da5e8d21999b8aaaf2e6c,6,双,大
2026-08-06 10:35:48,85104284,000000000512969c12526df5e5275208a26f7edcc97a040e54288bf86be051e1,1,单,小
2026-08-06 10:35:53,85104286,000000000512969e23ff8a00f62393900bc008f70ffd05a2ad1a25cca98b3936,6,双,大
2026-08-06 10:35:59,85104287,000000000512969fc26903c7e312c4f9bb315279c7b754a302fb3b4ced200ed0,0,双,小
2026-08-06 10:36:03,85104289,00000000051296a12edb67f77ec748e049fb2678b6a022fe8856c8dadb76f8f2,2,双,小
2026-08-06 10:36:10,85104291,00000000051296a3d9405ae2f372866f5f59956074915112bcf64dc66f6a779c,9,单,大
2026-08-06 10:36:15,85104293,00000000051296a55d0d8162518aff129032ba50a078f98b01a818721b814e98,8,双,大
2026-08-06 10:36:20,85104295,00000000051296a78182719729722af190bf8ca108e2a76ed85e1ab39847dc4e,4,双,小
2026-08-06 10:36:23,85104296,00000000051296a8e388f952826e05d512260fa3103d190aad61d3607162728f,8,双,大
2026-08-06 10:36:26,85104297,00000000051296a9f4562424f72fe4c04364c9540231e70ed509157fffc8a326,6,双,大
2026-08-06 10:36:29,85104298,00000000051296aa988d9a09c7dc73228ba168cf623a19a1d25303b48a0ae401,1,单,小
2026-08-06 10:36:32,85104299,00000000051296abf410962750488dc954a230dc4d32d7b299455b46968b48b0,0,双,小
2026-08-06 10:36:35,85104301,00000000051296add2faa40bdff4e68eae34fd7b544a3b3e1dcb623c1df629cb,9,单,大
2026-08-06 10:36:38,85104302,00000000051296ae597a108c0886df59e0750be8981ba8618be90d63b5b4ca37,7,单,大
2026-08-06 10:36:44,85104303,00000000051296af273b66de0ffd0dfc483ad0ce7ae5e4edc8e56a51d965d27c,7,单,大
2026-08-06 10:36:47,85104304,00000000051296b08f5bca02ab15910454a4f14ca807a2e7f02a2f0a077a8fa4,4,双,小
2026-08-06 10:36:51,85104305,00000000051296b13e6fb971af570f5749abe2f121bc3117965cf80c760b5b5a,5,单,大
2026-08-06 10:36:53,85104307,00000000051296b335cb28ffc5f1a717b11de813198f21764aaa850ff9a2479f,9,单,大
2026-08-06 10:36:59,85104308,00000000051296b496638c18b3da8e327bc1ffc05e2f3806e1108891f077e9cc,9,单,大
2026-08-06 10:37:02,85104309,00000000051296b5c77242c67e877a5f8ed296ea69d83c62e89750925fcb2654,4,双,小
2026-08-06 10:37:05,85104310,00000000051296b624d585db5864c5a47a49e9cf9afb99e3972b67779beb5e3f,3,单,小
2026-08-06 10:37:08,85104311,00000000051296b71ef5985658d8c06fe3187b25d97abd10386dc43d594adb09,9,单,大
2026-08-06 10:37:12,85104312,00000000051296b8e1b3cddd5b9d219254edef4804c1a2c4fcb994342e3c7573,3,单,小
2026-08-06 10:37:15,85104313,00000000051296b9d432eb545a380202665454278b3d6425089e9ecb63d2898e,8,双,大
2026-08-06 10:37:18,85104314,00000000051296ba83b43bb2a727eab8958665fa729c86c5b70a452fd4660847,7,单,大
2026-08-06 10:37:21,85104315,00000000051296bbc2c74ab53986a9c4c19e2efd7da1123e63e9bc71d3ddd66c,6,双,大
2026-08-06 10:37:24,85104317,00000000051296bd3a729d60366dd79b3e58b77cd7ca3d1486bc38ee26d1e1bd,1,单,小
2026-08-06 10:37:27,85104318,00000000051296be931d38a1acded9fc828ff94596ba36784bf5b13234033143,3,单,小
2026-08-06 10:37:33,85104319,00000000051296bf4746572a3487de6db220e6d30ed373bfeaae2073824d7e61,1,单,小
2026-08-06 10:37:36,85104321,00000000051296c1464ae02ab99001e28d4e22cb530a12e2b7fd36362b3f8620,0,双,小
2026-08-06 10:37:42,85104323,00000000051296c375751f9bd42f2e85685c713bfa4c15b48269032782e939a9,9,单,大
2026-08-06 10:37:45,85104324,00000000051296c4392f6ac7fa6c2d9676ec1d3a9505af1f39b66672fce87b8a,8,双,大
2026-08-06 10:37:49,85104325,00000000051296c54fdd3de1931e7cbf5f07281e879b9e946e931ac3d73f9e48,8,双,大
2026-08-06 10:37:52,85104326,00000000051296c6094903003dcee78d9ef041a0faee6795c259e8d73bbdb70e,0,双,小
2026-08-06 10:37:57,85104328,00000000051296c8fc0d0953fe364ed9826f81234d96955f34376a3821d94db5,5,单,大
2026-08-06 10:38:01,85104329,00000000051296c9b5a743cd9bfd94b48188a736ae4ffd614698ed4228d52044,4,双,小
2026-08-06 10:38:04,85104330,00000000051296cad3794e0b07cbdcde58b491b48164fcd3ac6b54c6308cc74f,4,双,小
2026-08-06 10:38:06,85104331,00000000051296cbe9e9adbc1964d35c19a3a0e4439745e3c8bc6090953d61db,1,单,小
2026-08-06 10:38:13,85104333,00000000051296cdbb80ada727619cac97609e5cad572de806ec6973f8ac817b,7,单,大
2026-08-06 10:38:16,85104334,00000000051296ceb6ab5c160454d6dd8979e5aac2797e078a525eb1cf7c7fda,7,单,大
2026-08-06 10:38:19,85104335,00000000051296cfc830ddb06a7bae6a8ea31be225124c4aaf063b3fda88aebb,8,双,大
2026-08-06 10:38:22,85104336,00000000051296d0b3c8c1ad8a7a6b1775a0b40230a55c023a6d866fd76ade62,2,双,小
2026-08-06 10:38:24,85104337,00000000051296d13520b305cb1d695e37fc944a4fd25fa83af66cf310163859,9,单,大
2026-08-06 10:38:27,85104338,00000000051296d20f42ea6c9bad996a2a0ec018754992cf1c0aa843e7a0a96c,6,双,大
2026-08-06 10:38:30,85104339,00000000051296d3898961c7fc722bf779885ce474fe653bea2b51fd13ef3a1f,1,单,小
2026-08-06 10:38:33,85104340,00000000051296d432444e0733f2bd2933bc0d28c00848be87ee73758b7527af,7,单,大
2026-08-06 10:38:37,85104341,00000000051296d59440f7fd848d7ee6a4cc663f59e7d55858c6f778e29fc04e,4,双,小
2026-08-06 10:38:40,85104342,00000000051296d61add7df4a5e074f22f09039f6410df8175e6ae19c9651042,2,双,小
2026-08-06 10:38:43,85104343,00000000051296d76808d5293451abbb5c08c76b1d54dfb9752a910006aefba9,9,单,大
2026-08-06 10:38:46,85104344,00000000051296d881d12cf41c18197431552daa2c8cfffa35fad7a8634abac0,0,双,小
2026-08-06 10:38:49,85104345,00000000051296d9a5cba92aac7f8ebda634e3607bbf10d7367984a9923d7a7c,7,单,大
2026-08-06 10:38:52,85104346,00000000051296da388d3c2d3154e9875d6920647418376a58b67ea3eca502d6,6,双,大
2026-08-06 10:38:55,85104347,00000000051296db3eee8d52ffa4eee74fa03a066ad7634c38cac832b9ffddd5,5,单,大
2026-08-06 10:38:58,85104348,00000000051296dcbd2ea409555920e65576c3765c2a3bba285dc6d3eb9ebb39,9,单,大
2026-08-06 10:39:01,85104349,00000000051296dd8f4d0bda76ee4a644e805d09134c38abaebe6c3cd8ad24bd,4,双,小
2026-08-06 10:39:04,85104350,00000000051296deb8782f9c5d4224452a29f91eea739941f46c88feaa626937,7,单,大
2026-08-06 10:39:07,85104351,00000000051296dfcadd93bb090807d770a63c233ae5812221f02c714d97e92a,2,双,小
2026-08-06 10:39:10,85104352,00000000051296e0c8c4e9b919d3d8103f3a1a9c794170f04dd202e60c4a767a,7,单,大
2026-08-06 10:39:13,85104353,00000000051296e1b9158f14dd80ccfe5d1709bf213a04dd7d02bdcca3a04ce6,6,双,大
2026-08-06 10:39:16,85104354,00000000051296e23edfd3e139ea0dfade3846e1cfcb87f784c18c575a3cfbf3,3,单,小
2026-08-06 10:39:19,85104355,00000000051296e3bcd7d590237871e5a70eac551e1a88e4a5f4405ff55c2230,0,双,小
2026-08-06 10:39:22,85104356,00000000051296e44b53f38e7d8f31ba1445d96400f9267194eba15092187313,3,单,小
2026-08-06 10:39:25,85104357,00000000051296e577fff57c87e5604ae91a6a52b11b6c75baa946b9bb2ae8b2,2,双,小
2026-08-06 10:39:28,85104358,00000000051296e6ce67d396e3e1d081227c3f297d9fbc954819eb234b384ad3,3,单,小
2026-08-06 10:39:32,85104359,00000000051296e7e01f1688226c79e1b7cf48dafcbcf32f383ae4c748530aa8,8,双,大
2026-08-06 10:39:35,85104360,00000000051296e8dea4d110522c63325aea8286d8efed65ccc316211b6c78ac,8,双,大
2026-08-06 10:39:38,85104361,00000000051296e9516aeabc20e1b4116222023dc4a1b40c3d2dd9370596cb0b,0,双,小
2026-08-06 10:39:41,85104363,00000000051296eb80923c98082f76ebeb1d40706a0822903fd1f80e95027074,4,双,小
2026-08-06 10:39:47,85104365,00000000051296edb56689100cee687a9a64dd4e7af318dcbabf783d3e5e6a50,0,双,小
2026-08-06 10:39:53,85104367,00000000051296ef0468614c8fc69971dfeed0dafdfa34a80a78ee227f04b459,9,单,大
2026-08-06 10:39:56,85104368,00000000051296f033e5f7d3cdc6ffe3e4be3e6b83f4f4ad04e0691ed162b3de,3,单,小
2026-08-06 10:40:03,85104370,00000000051296f2756d9dc9f0f7d21e9e3866ab6105d981c80838b3dd26988a,8,双,大
2026-08-06 10:40:06,85104371,00000000051296f3b1833293583a08ae3cf1c1064dd558964bc3a3dfc8d93a92,2,双,小
2026-08-06 10:40:12,85104372,00000000051296f4c6c9679a4ec4350713037e9fb048cee60ee0fbca0646dfb1,1,单,小
2026-08-06 10:40:15,85104373,00000000051296f59cdf60d1bd564f2c8dd59f6cb3e10c6a8ad90adc109e880c,0,双,小
2026-08-06 10:40:17,85104374,00000000051296f62771ebd9187adca3369a3ca91c5183161b19bc5acd84412d,2,双,小
2026-08-06 10:40:20,85104375,00000000051296f766e25bda53bbafc6662862161576a6496940de4fb48b1282,2,双,小
2026-08-06 10:40:24,85104376,00000000051296f8e7cef6ccb3db1944888df184a15a6a0b9cf2c07b5d1b5a3f,3,单,小
2026-08-06 10:40:27,85104377,00000000051296f94eedef738f55488d9f9c9e584a95d079e4d99aabb4e055b5,5,单,大
2026-08-06 10:40:29,85104378,00000000051296faef64a83853f1d75aaa9d274200371cfcc7e5e9909b8d3d9c,9,单,大
2026-08-06 10:40:32,85104379,00000000051296fb357e8f7627abef59f45f1a7ec331c95d9c749c34540eaa47,7,单,大
2026-08-06 10:40:35,85104381,00000000051296fd2cb6124de180c657b62c7f289308b33585684b79bec536f2,2,双,小
2026-08-06 10:40:41,85104382,00000000051296fe7a6a9e9b868269a58eeaf616926d6a0c5dbd937975b39373,3,单,小
2026-08-06 10:40:44,85104383,00000000051296ffcf92bc56b59823ca5b308e24d23a223de06b002aa9b8100f,0,双,小
2026-08-06 10:40:47,85104384,000000000512970040841351e0df53411a86d41344d9e82bf9612db687f1e7d2,2,双,小
2026-08-06 10:40:51,85104386,0000000005129702715d832d33e2e6a57daf9f51ab907d7090e393dacd1aefda,1,单,小
2026-08-06 10:40:54,85104387,0000000005129703228c768a912ff2c747fc9afb5145c22e7091a5e1f4710126,6,双,大
2026-08-06 10:40:59,85104389,0000000005129705bfb420dd20078c4ee8acf28acada8012ba358d925f914f22,2,双,小
2026-08-06 10:41:06,85104390,0000000005129706ed2d4a0554c733ba0af629f285943553cbf9471eb22f99fe,9,单,大
2026-08-06 10:41:09,85104391,0000000005129707d6567a88f9103da05df4fc3351df74cce7770728dc24fb09,9,单,大
2026-08-06 10:41:12,85104392,000000000512970886d68b230ea770a07f1dc3e5b7ca65bd305223973b648728,8,双,大
2026-08-06 10:41:15,85104394,000000000512970aa6ed2936c6f612af5c689d79a78181cf944e18f9a5740724,4,双,小
2026-08-06 10:41:21,85104396,000000000512970c1ae359ec51c71c1add17fb0b8ec7f890880ba9145d11393a,3,单,小
2026-08-06 10:41:24,85104397,000000000512970d70a258cb76e2ac728f8606c10fd3bddfe5571609da180877,7,单,大
2026-08-06 10:41:30,85104399,000000000512970f9daaf1a1515084faaf01597122af124751ad73d1979933c0,0,双,小
2026-08-06 10:41:33,85104400,0000000005129710c0ae8bb59992c606e49e92265cceae0589064a1e2d90e456,6,双,大
2026-08-06 10:41:36,85104401,0000000005129711c304274cb893c2b253ca275fd03bee737e05b9b9bffb21bd,1,单,小
2026-08-06 10:41:39,85104402,0000000005129712d6bf1054c74e752d862a7b45341013294ade291a4b2e7957,7,单,大
2026-08-06 10:41:45,85104403,00000000051297137164c19a68465e82d8be0da23d6999522c8a686f15002600,0,双,小
2026-08-06 10:41:48,85104404,0000000005129714638529d313a44d8a0f9ffaf86e7af19191fc5a3fd167a1cc,1,单,小
2026-08-06 10:41:51,85104405,0000000005129715acc8a9c5eb67fa262e068b942889f4d13fe2c1648fa3ced9,9,单,大
2026-08-06 10:41:54,85104407,00000000051297176c43f19662878cf0162cf3c34ebd70cd28af9231f1231749,9,单,大
2026-08-06 10:41:57,85104408,00000000051297184eec5c9f479a4ad600e42f309754c45247968023bed008de,8,双,大
2026-08-06 10:42:00,85104409,0000000005129719490792400a4b98e8d40f475a592362cfc3e8153f33827d8a,8,双,大
2026-08-06 10:42:03,85104410,000000000512971a2de3b73b54780a69d7fd2090a68b4822396e61fc2657cf06,6,双,大
2026-08-06 10:42:06,85104411,000000000512971b37be81719e79bc8052b7befe4888e6bdfc562f97e018a2bd,2,双,小
2026-08-06 10:42:12,85104412,000000000512971cd2e87875d7430d44b254802e5061980cbc995a10a0a0c4f2,2,双,小
2026-08-06 10:42:15,85104414,000000000512971e82a41353ecb85251f1cc80b75b545f02a85432cce84f104f,4,双,小
2026-08-06 10:42:18,85104415,000000000512971f4eae9f63a4a7098d67c6a353300d999c456994bd35ffb54b,4,双,小
2026-08-06 10:42:21,85104416,0000000005129720b10d2fdc4a0cc5fd5722aa687b3e0688ecc452ddbf746300,0,双,小
2026-08-06 10:42:24,85104417,00000000051297218a33ead8369103951c651df3fb1f7750f7da267b6b96b7c1,1,单,小
2026-08-06 10:42:31,85104419,00000000051297232735573ecd6863fe52a3f1341baf369bfc3f4aa26b93cc28,8,双,大
2026-08-06 10:42:33,85104420,00000000051297246c3a3fa237e29692f4df08a358e0fd3db051753d2b7e1ed1,1,单,小
2026-08-06 10:42:37,85104421,0000000005129725cd8c4c1e13f18eb792516d0aab49cd540431cae817fb47f8,8,双,大
2026-08-06 10:42:40,85104422,0000000005129726b855cdc792950838e64a5300004e02b615595e6d6804a288,8,双,大
2026-08-06 10:42:43,85104423,000000000512972769c21cda13821bc3758019b1a2c9e1cce22fe18304ce3112,2,双,小
2026-08-06 10:42:46,85104424,000000000512972806baf7d9801c1a18aed97801ef7f71ada4ad22a7d31bf0c5,5,单,大
2026-08-06 10:42:49,85104425,0000000005129729e2bb520050c1c65f356c3f5420f9d24e8053b131ca85f8a9,9,单,大
2026-08-06 10:42:51,85104426,000000000512972a68cac75d9ffcb5c1930d4b80dcd5289cde9cd2b7b861043c,3,单,小
2026-08-06 10:42:54,85104427,000000000512972b9adc3c0ce46f9e07c1351ed3254d9774a539d531aabeb0a8,8,双,大
2026-08-06 10:43:01,85104429,000000000512972d3e6674705294e765b16b3d147f11b7f6c3d0da15312f1510,0,双,小
2026-08-06 10:43:04,85104430,000000000512972e66756747a57922c77e57c182728b4c8f42df7a72e561389d,9,单,大
2026-08-06 10:43:07,85104431,000000000512972f603557a79f0779c9975c40815b12933e25b1443a984eb79f,9,单,大
2026-08-06 10:43:10,85104432,0000000005129730beecef196882fc8270b755541e5c68039ac51e98108064e4,4,双,小
2026-08-06 10:43:13,85104433,0000000005129731e168d8bbb5b64e20be8ac585d2c76b45b65ced9c96fa465f,5,单,大
2026-08-06 10:43:16,85104434,0000000005129732bf2178b66e85bc0cc97583871e16b4ab357cb4507776f644,4,双,小
2026-08-06 10:43:19,85104435,00000000051297337b73c328262aea3bef325749567d6a18615e8c0be79b0b3b,3,单,小
2026-08-06 10:43:22,85104436,000000000512973472c7a9d4a6949c5e07a67c552721d770ecffd0d0021fbd62,2,双,小
2026-08-06 10:43:25,85104437,00000000051297353c52d33c178771521efb9d891175b18f52566d9b1b0b00bb,0,双,小
2026-08-06 10:43:28,85104438,00000000051297365b38527bfc0cb79862cc884bb66b632533148a2d5cc8cb3b,3,单,小
2026-08-06 10:43:31,85104439,0000000005129737b5a576dd4cccd40b42ef52ca5ec5e8b1eda70578456b4100,0,双,小
2026-08-06 10:43:34,85104440,00000000051297389bb7933ef69a03cd8ba21e541fd27c0cd62beb2518ed35ac,5,单,大
2026-08-06 10:43:37,85104441,0000000005129739ed2e1c068a99795e272ba9cbb0309a1ee63aaa378d9401a6,6,双,大
2026-08-06 10:43:41,85104442,000000000512973ad46a87e2272952b157ab4a7b6c14962782f77dee6a58db0e,0,双,小
2026-08-06 10:43:44,85104443,000000000512973b2d8aa5fd59a830f365778b1bb9a512764aeec134515d8ffc,8,双,大
2026-08-06 10:43:46,85104444,000000000512973c5b2ce1b0fe1de2ac6549d90363c7a230c4856f6227864a28,8,双,大
2026-08-06 10:43:49,85104445,000000000512973d8369710043a68b405d42bdf435b260a90dae61e33dedb639,9,单,大
2026-08-06 10:43:55,85104447,000000000512973f4ddaaf18b67c55c52df7120f70d25c01eda6ef068467afc6,6,双,大
2026-08-06 10:43:58,85104448,00000000051297405e8eef598b4b85326208e1002c0547a1c65898205972276b,6,双,大
2026-08-06 10:44:02,85104449,00000000051297418d72a477da06ca7537f59e52b346cd048039c5352e9180b0,0,双,小
2026-08-06 10:44:05,85104450,0000000005129742c076eb0300e91382d36b46fb9f9d285109d806459f837a18,8,双,大
2026-08-06 10:44:08,85104451,00000000051297436e7a3004c587ad0b80bc6f4a6573ec030046ba8866494925,5,单,大
2026-08-06 10:44:11,85104452,00000000051297448baf1d1a081cf8e546daa546b50cda25e11ac48f3ef227b8,8,双,大
2026-08-06 10:44:14,85104453,0000000005129745dc9b6e98f48e12a43b2b9dcdea7eb7878038b3338a6cd7c0,0,双,小
2026-08-06 10:44:17,85104454,0000000005129746627f64bd20807300795269db4537bc77de97fa4a60e3e737,7,单,大
2026-08-06 10:44:20,85104455,00000000051297476dde4532ceac225cef8c8bbb8745bf87d2209df894b02840,0,双,小
2026-08-06 10:44:23,85104456,0000000005129748e6146bf1997f3bf9b546e3210a5cbac78afa47001b4581a4,4,双,小
2026-08-06 10:44:26,85104457,00000000051297494d4dfbca90f08e0b2cb1668aa7046ef1304778cfc3109940,0,双,小
2026-08-06 10:44:29,85104458,000000000512974a8123c526fadccfcf1cab97f7f3ebcbfdec5b239ad9619a76,6,双,大
2026-08-06 10:44:32,85104459,000000000512974b7e6eb7d219b5267d02d71ca2f9140fa825e52d832bb9d731,1,单,小
2026-08-06 10:44:35,85104461,000000000512974d72ecef7db68f27e7e82b1c819317d6de63778372dd127377,7,单,大
2026-08-06 10:44:41,85104462,000000000512974e67e24ebb7828de2d2b29ecde5605b7d1c0144c6f999563ca,3,单,小
2026-08-06 10:44:44,85104463,000000000512974fca5bc732c4aa933e322421df6de4e25cc8215265d7de97a5,5,单,大
2026-08-06 10:44:47,85104464,0000000005129750f8ad001a425d1d05993072a64ddc7c70067653d34a78d731,1,单,小
2026-08-06 10:44:50,85104465,0000000005129751f8aa75db6afc3e3c7af94493d5ec056dbf714b0ad87606d3,3,单,小
2026-08-06 10:44:53,85104466,0000000005129752361d1a6f7fb2b47399bca9655f4bec60e1322eb0c7cbabdc,7,单,大
2026-08-06 10:44:56,85104467,0000000005129753d0c43fe8930c49a19cf16065f855f31dd3a90cd30670e56f,6,双,大
2026-08-06 10:44:59,85104468,00000000051297543ba4a41a7e4f82261552337f99a4fc76f7d6a96d36a4a3cf,3,单,小
2026-08-06 10:45:02,85104469,000000000512975556d9434f21fd06cbd801c5e6b0ef155cb6bf5960e33c5a47,7,单,大
2026-08-06 10:45:05,85104470,0000000005129756a2818b1c56de421ec90b170bcd8b9014c5de5c6258c60b12,2,双,小
2026-08-06 10:45:08,85104471,00000000051297572388ebc60d6dbe6aae21d18a23adda7154cee3c32e69cfd0,0,双,小
2026-08-06 10:45:11,85104472,0000000005129758ba183998b22e83b9bb5c6b89bda52560774ff660d3b56370,0,双,小
2026-08-06 10:45:13,85104473,0000000005129759ef2b696444bc44fb0248d171501d73495b86e8474e3b723a,3,单,小
2026-08-06 10:45:16,85104474,000000000512975a8fa87e0f9e051122575afa1a6c2a98373a3d4b9509c9c67c,7,单,大
2026-08-06 10:45:20,85104475,000000000512975b33e5c662d6d628a8cd15590660c4d505772a034d4c4d4efd,4,双,小
2026-08-06 10:45:22,85104476,000000000512975cefcb481707ae45b42355d2f77f76c0889617995f6569177a,7,单,大
2026-08-06 10:45:25,85104477,000000000512975def3d4f0a1c9842bd99a4d538a02eceeea3289355e44582e3,3,单,小
2026-08-06 10:45:28,85104478,000000000512975e9c41cc1f6d9df2f3d5a3869f39ca2b566dd27978c2548be0,0,双,小
2026-08-06 10:45:32,85104479,000000000512975fda0c430dc6e44726ec399ac51fa79ff590b81b3125de5dc2,2,双,小
2026-08-06 10:45:35,85104480,00000000051297608fef2536ae3483357820f09aff71a318db3e35b3f1d9d67e,7,单,大
2026-08-06 10:45:38,85104481,0000000005129761346b55ed83e44ce63fc0834216de8baeea910d96f43569e5,5,单,大
2026-08-06 10:45:41,85104482,0000000005129762f0cb110a4b6a58c0d16e7fa7bc61a8c2202d366354d9df6f,6,双,大
2026-08-06 10:45:43,85104483,0000000005129763701b9c872beb5ea10fa1321273f55043283be89ab4fca8d5,5,单,大
2026-08-06 10:45:47,85104484,0000000005129764af0d1802cdf90f2f37a06a97eaab9669fa1f190791e0a8c5,5,单,大
2026-08-06 10:45:50,85104485,0000000005129765fb234a219c7018021893d33db818d1aee1650fb55b1dc604,4,双,小
2026-08-06 10:45:53,85104486,0000000005129766d6ced85c467a174fc859f1be7b8acb4644fe58e14e181614,4,双,小
2026-08-06 10:45:56,85104487,00000000051297673c13f4725387e8dcb8a465c4dd8da92e494632adb1e36939,9,单,大
2026-08-06 10:45:59,85104488,0000000005129768d07c9d14b6265e41e06bdc7e6c2c98fb7475a107e1a5970f,0,双,小
2026-08-06 10:46:02,85104489,0000000005129769ad2429398ae444421025d7bbdd2f982384840a8257f34006,6,双,大
2026-08-06 10:46:05,85104490,000000000512976aaf60c0906814feb38b7b7ee71dcfc1414deab8d8c79b14ee,4,双,小
2026-08-06 10:46:08,85104491,000000000512976b5dc752f882330a5ff05a7d5a4b79cd30bce31cc80b64afdb,4,双,小
2026-08-06 10:46:11,85104492,000000000512976c34f8e5303df6c9a2f0ad2eb2e2f7f0adf596de9158b153b5,5,单,大
2026-08-06 10:46:14,85104493,000000000512976d33cb99d6c8602b45e7b4d88c35255b6214c9af3cb8b43556,6,双,大
2026-08-06 10:46:17,85104494,000000000512976e0cd28452541610c9a3ea5690eb2ae878037dae283d32ba6b,6,双,大
2026-08-06 10:46:20,85104495,000000000512976f23d809fad19543e7fa5ae05ba865f205a326c0072d96955a,5,单,大
2026-08-06 10:46:23,85104496,0000000005129770fe67945edcfaa5ca56352962177cb8c48654fb20464b41b8,8,双,大
2026-08-06 10:46:26,85104497,0000000005129771b79fce581d711101a46e9fdea9c57fc5fb487c8cc7ca4391,1,单,小
2026-08-06 10:46:29,85104498,00000000051297722fa5a26a3db5252ed823a50272f555a6d819a530875baca8,8,双,大
2026-08-06 10:46:32,85104499,0000000005129773a2188bb2e13b4f16586da24a4dca4cf3b79e41a43bbc4a4e,4,双,小
2026-08-06 10:46:35,85104500,0000000005129774227fcd4ebeee64c7ebc359abaee6892328738703fedcab7b,7,单,大
2026-08-06 10:46:38,85104501,000000000512977507c4c5d66fa31ae1b5125bb4090f9d7c2d9618890f57ceca,7,单,大
2026-08-06 10:46:41,85104502,0000000005129776642cf789451f464e2d29993368a9e9d2f403245d01a8cb7f,7,单,大
2026-08-06 10:46:44,85104503,0000000005129777e51c6221ee35fabe3426314a9d0a52024836c2468573645f,5,单,大
2026-08-06 10:46:47,85104504,0000000005129778657ffc82ec4d4391ce3035975f09d90af3417e13555c1d4c,4,双,小
2026-08-06 10:46:50,85104505,000000000512977951af5f03d5ffb9b0c7a58f6bbdfa4dee10994709946b7212,2,双,小
2026-08-06 10:46:53,85104506,000000000512977a13e6d58a4f49de6f2daedaf6c86130dda054b00f0c9aa605,5,单,大
2026-08-06 10:46:56,85104507,000000000512977b8ac8ac576401fc340cb4312365a6a7343da3faf6e203f11a,1,单,小
2026-08-06 10:46:59,85104508,000000000512977c183f702a7482705edf63a4a24083c2db9fcdc63cc34216e5,5,单,大
2026-08-06 10:47:03,85104509,000000000512977d1c2094a6e184fb4c7a7b37660d21ae7fbbb5492ebf729156,6,双,大
2026-08-06 10:47:05,85104510,000000000512977ebbf3a0981b81a9a890403de75d3e05cc7aa9bec26eee8858,8,双,大
2026-08-06 10:47:08,85104511,000000000512977f5a0bb256a03435b1d3d58e0f425e7dddda722a90926ba8a6,6,双,大
2026-08-06 10:47:11,85104512,00000000051297805580dd815c1869506fae306b979bb587c3f4199a34c62e35,5,单,大
2026-08-06 10:47:15,85104513,000000000512978184f18b84949843d735933f81f6ceb0bbad81d55599eec350,0,双,小
2026-08-06 10:47:17,85104514,0000000005129782877d1066ff827c2d568344534a37d10bff761a6a0d30fb07,7,单,大
2026-08-06 10:47:21,85104515,0000000005129783c73b65867408ac7d70e6fe39221ee125a635e3965934074e,4,双,小
2026-08-06 10:47:24,85104517,0000000005129785b251a70cc851c3c3d47ad579cdd552cb19750c5a26e1e5b9,9,单,大
2026-08-06 10:47:30,85104518,0000000005129786dccdb29b804ffe1fed437322251c4a3655ef3fba607be597,7,单,大
2026-08-06 10:47:32,85104520,0000000005129788f284c1ebc3572f9976e96b80260db403edd0df90df5ff6ff,6,双,大
2026-08-06 10:47:35,85104521,0000000005129789b3cb3f61c12c3a7b84caf87524d00f3922966c3fdda9228d,8,双,大
2026-08-06 10:47:41,85104523,000000000512978b5ac55d1a017eb9613f0c01b0b86de8c8cd4ac183fad11fe9,9,单,大
2026-08-06 10:47:44,85104524,000000000512978cf2ef9d999ff1dc9bd09918a34c0fb2aa70f36eb0ab58cd69,9,单,大
2026-08-06 10:47:51,85104525,000000000512978dd84ac241af1a18d8e1980f5a3a51f6f2173143c9cdd2e277,7,单,大
2026-08-06 10:47:54,85104526,000000000512978e66c41d9056a0461487bb775e13ab2048191d75dc1f8fb04c,4,双,小
2026-08-06 10:47:57,85104527,000000000512978f49833a2252fbaa2d1d7568d97982c2addf82bce3b24ac39f,9,单,大
2026-08-06 10:48:00,85104528,000000000512979024820893d00dff91ac82f3f6dfe43db5a73a6c1355d62373,3,单,小
2026-08-06 10:48:03,85104530,000000000512979282258da128a1f485ca2e74ba050bdcb3e09e4c456599406a,6,双,大
2026-08-06 10:48:06,85104531,0000000005129793f9e26b136ddf2a76d45f66beb44a65f6030d540cb89ef441,1,单,小
2026-08-06 10:48:12,85104533,0000000005129795c0c2aec71e74b0c3c5ea843858df8d791795839578e1b82c,2,双,小
2026-08-06 10:48:18,85104535,00000000051297979fa451f09518df5abe01beaa0dd6dc8d68b7d4b6ce7018a0,0,双,小
2026-08-06 10:48:21,85104536,0000000005129798c870e1db096878b0df12a444428878ca194d9d4a443eb55f,5,单,大
2026-08-06 10:48:24,85104537,000000000512979900ee8ee2c79fe0ff13875bce1b24b1c1e84c9def37012b51,1,单,小
2026-08-06 10:48:27,85104538,000000000512979a432740f9c1dab419671bb4c54f0537585bde39c48fbf4b4e,4,双,小
2026-08-06 10:48:30,85104539,000000000512979b29d2c20028669a8140e537173ceb71bcfe89f06e955af1b5,5,单,大
2026-08-06 10:48:36,85104541,000000000512979d3f7f69ed659ae23e6b3ebd1c669f7071a2ae40fd4b922771,1,单,小
2026-08-06 10:48:39,85104542,000000000512979e83a3cda52a7b4744678f5af80c9133b670afaeb30e1bcf11,1,单,小
2026-08-06 10:48:45,85104544,00000000051297a08d0242ef8ead07f639ece3d8a9ef501077080543e193a1f2,2,双,小
2026-08-06 10:48:51,85104545,00000000051297a13b1da414348f609fa8756aaad8e871bc35ec4c2a0404127e,7,单,大
2026-08-06 10:48:54,85104547,00000000051297a3b176169da7393d62854d577abed3ce5df519ab4bd1e3420e,0,双,小
2026-08-06 10:49:00,85104549,00000000051297a514a2979aa803eccef766d9d02bf82eceaaf5105a44dbd90f,0,双,小
2026-08-06 10:49:03,85104550,00000000051297a6519e27e2e5b3a41c122ed31ef1538ed0a18cafd656ce63cb,3,单,小
2026-08-06 10:49:06,85104551,00000000051297a76959fdde2235ace056a9dd8e20e63eb14d61ad8faae631b7,7,单,大
2026-08-06 10:49:09,85104552,00000000051297a83c0045d61ae217f1b40685d125cd3aae6594de60b1d41182,2,双,小
2026-08-06 10:49:16,85104554,00000000051297aab3ff56f690fc7ce82c3c52d9501da235e3f4a9a6c8ef81e3,3,单,小
2026-08-06 10:49:19,85104555,00000000051297ab0c780e26a2a028469180a02f21576471cdba1335e6e4db5d,5,单,大
2026-08-06 10:49:22,85104556,00000000051297ac014b21cc8931421fd7fa989a4c4b9a583a68008e55275280,0,双,小
2026-08-06 10:49:27,85104558,00000000051297aef3029ed076e2acc9d883e9bdcf08f1eab7842e336e87b485,5,单,大
2026-08-06 10:49:31,85104559,00000000051297af8067fb923b4645e0bc46a4196a450cd16211eb2d22245ac8,8,双,大
2026-08-06 10:49:34,85104560,00000000051297b0f8fd1bf96f864b627f55499ab216ceb0cfdab91e0c7b7a27,7,单,大
2026-08-06 10:49:37,85104561,00000000051297b101581e5ff151cdb091bded216f36269f33c732784050f280,0,双,小
2026-08-06 10:49:40,85104562,00000000051297b24556bf966f69789d169d746f3b278dc65b5b013496d04f60,0,双,小
2026-08-06 10:49:43,85104563,00000000051297b3b649c69e96d4cdb3d594a20f5299f7a2f33698375cc8cd2a,2,双,小
2026-08-06 10:49:46,85104564,00000000051297b456ff54a3b9609af2de3c6c569a6a97bc0bf07ae52a7b278a,8,双,大
2026-08-06 10:49:49,85104565,00000000051297b5d24ce0b8d5bf02d67b74aa43b500abc4123ad79af0231225,5,单,大
2026-08-06 10:49:52,85104566,00000000051297b6b10d0b7cbe84e93ced0ad7bb5ea9077c34e49e864ea516d2,2,双,小
2026-08-06 10:49:55,85104567,00000000051297b7c974dd121ff7ec9490bf7ee89e883b8913b3479e77c88e0e,0,双,小
2026-08-06 10:49:58,85104568,00000000051297b8e46251ba2a6f5d1e1134518964378a5233bc2c5712e4cdbb,4,双,小
2026-08-06 10:50:01,85104569,00000000051297b914746ecaaefacab3e473ed060dc14c760f327f16130764df,4,双,小
2026-08-06 10:50:04,85104570,00000000051297baa59690306bb721e411b2e7ae2ef965f46c655e8d13ad7a8a,8,双,大
2026-08-06 10:50:07,85104571,00000000051297bb339cb323c78b83f098ae673fa95fca5885d2154b6d5d8ade,8,双,大
2026-08-06 10:50:10,85104572,00000000051297bc1a671bdc66b4f52e42b931923d1b6395d275e669fc6cbfe4,4,双,小
2026-08-06 10:50:13,85104573,00000000051297bd912c2415308c564dba9d28840b0d6af050d5ed47050f4b89,9,单,大
2026-08-06 10:50:16,85104574,00000000051297becac271363c763aefc8256ccfad95e46ee645ac586093e27c,7,单,大
2026-08-06 10:50:19,85104575,00000000051297bfded1e6fe8da5e959cafb207eea47cbb2079819b93df1b2f5,5,单,大
2026-08-06 10:50:22,85104576,00000000051297c079d2cb599333b519e246a623f83f5032b08d7de0171b4088,8,双,大
2026-08-06 10:50:25,85104577,00000000051297c13831734b9ec296a595b771cc95090e0ae196db35627f696a,6,双,大
2026-08-06 10:50:28,85104578,00000000051297c224b611d8fcb2f7ac3324698aef914bed6d2369b196b95e41,1,单,小
2026-08-06 10:50:31,85104579,00000000051297c3f5cddf3cc55ca01776846dfe9bdb8aa5e485a3fd5b8f30d6,6,双,大
2026-08-06 10:50:35,85104580,00000000051297c4edeef598d9e698edcae3b5a26cc6b966e3b5524a5e5e8f8b,8,双,大
2026-08-06 10:50:38,85104581,00000000051297c55b5a681e81a95a1e9299a63a63f0038ef99240798bbcd96d,6,双,大
2026-08-06 10:50:41,85104582,00000000051297c6f6ec1c2a412caf28318faee7fc743fa5ad37ce3e5c007949,9,单,大
2026-08-06 10:50:44,85104583,00000000051297c781ed9b50f6496b93c008773439a6b9dbedd32ac4207944db,4,双,小
2026-08-06 10:50:46,85104584,00000000051297c81a51ad9fd929ca0bfcea026317445a52a7f14051fcae8b49,9,单,大
2026-08-06 10:50:49,85104585,00000000051297c9740b166712a3aaa70601afda241db429d40fa99e8843621d,1,单,小
2026-08-06 10:50:52,85104586,00000000051297ca9711c48f3bd7bc9ef80dac46f450ef49a2d9542b23710446,6,双,大
2026-08-06 10:50:55,85104587,00000000051297cb6c5c2a280b61229bc86aef8f51cfa41bfe0394614843dd2c,2,双,小
2026-08-06 10:50:58,85104588,00000000051297cc0992aecd973ad9372f05e8c0cb35bc38a4ceeda84144570d,0,双,小
2026-08-06 10:51:01,85104589,00000000051297cd7b6ed8ae15f146c13cc2aea08f035ec85fd0b6b9527bf365,5,单,大
2026-08-06 10:51:05,85104590,00000000051297ce62ba9c9bede66e548a39c121cf6080b7c7017745e480fa50,0,双,小
2026-08-06 10:51:08,85104591,00000000051297cf77c7e14cb8c1a6c2395f4637d9666a18b73f268f2c32a772,2,双,小
2026-08-06 10:51:11,85104592,00000000051297d010a7ed3bac7148bd8bca05f8cbd9022572e211cd29a61d75,5,单,大
2026-08-06 10:51:14,85104593,00000000051297d1d21da521e1b6836829c5be378c18e9f99decf0ff805423a5,5,单,大
2026-08-06 10:51:17,85104594,00000000051297d22c8022976b4071d4c39752610f7bcb75b5ba7bccbc046c17,7,单,大
2026-08-06 10:51:19,85104595,00000000051297d379f9d0f9c73f162f4dda62ff1acddf19731a2a45b0065e01,1,单,小
2026-08-06 10:51:22,85104596,00000000051297d426704227929c8a7e2a53f383beceda38357ebf8a2db54d5a,5,单,大
2026-08-06 10:51:26,85104597,00000000051297d54476e34cc8e58a72d2649e8aa871348615a34ac9406c69e7,7,单,大
2026-08-06 10:51:28,85104598,00000000051297d607fa4cd7b13015f97d932012e8023558a61cde7a2be7d9c2,2,双,小
2026-08-06 10:51:31,85104599,00000000051297d7b49f8299852206e23644ae23656ea55aacb858557b8dde06,6,双,大
2026-08-06 10:51:34,85104600,00000000051297d8a7fbb135037a5e461017c450adc2f888dbf5cd0b28ece233,3,单,小
2026-08-06 10:51:37,85104601,00000000051297d99c70a93278965563b088cb2b46e45ee23e198987b75c62fd,2,双,小
2026-08-06 10:51:40,85104602,00000000051297da43f1e639da46019ded71ae1aae1d9336b2fb279210cdd9a8,8,双,大
2026-08-06 10:51:43,85104604,00000000051297dc12353b55345d2cc93cd96911737352108ce72455cf00244a,4,双,小
2026-08-06 10:51:50,85104605,00000000051297dd36eb6827c6fa771c2fc9de9d894362c005c0826d811b6814,4,双,小
2026-08-06 10:51:53,85104606,00000000051297de738c07e64227389cf8bc21593a737419c19f0c1f9ef0c5cf,5,单,大
2026-08-06 10:51:56,85104607,00000000051297dfe9b5382d26cbc14bfc5474668525333b96337b70f0c597df,7,单,大
2026-08-06 10:51:59,85104608,00000000051297e0803792fa5cc578959ff23b7382b566c6287fd1541826c5c5,5,单,大
2026-08-06 10:52:02,85104609,00000000051297e1d3b7c4d504994b64d98d99f6c82b3f39fcdf4e41cc79b5ee,5,单,大
2026-08-06 10:52:05,85104610,00000000051297e24bdae0936832d0f2684bdad670bcdd7fdc64dbfcc9557cf5,5,单,大
2026-08-06 10:52:08,85104612,00000000051297e492a87675d3ecf1744cb7bd4077e25df9632e6b4a58a0dd22,2,双,小
2026-08-06 10:52:14,85104613,00000000051297e5b1fe3b579a8517996d0f024bd650b0df8aa63efd4fa71be0,0,双,小
2026-08-06 10:52:17,85104615,00000000051297e7610d4af246d61391ac8ed747f63e81ea987b362994ca47d8,8,双,大
2026-08-06 10:52:23,85104616,00000000051297e8d72194c740c76fc9fbf4d6d73cc0b580ad164d2797b89121,1,单,小
2026-08-06 10:52:26,85104617,00000000051297e99795366683c6d761abb2c997d4495e4f5646a07b87a6bc80,0,双,小
2026-08-06 10:52:29,85104618,00000000051297ead0a7e3a1890c2f3136bfa115bb7d9b7ba89c6dfab60d1486,6,双,大
2026-08-06 10:52:32,85104619,00000000051297eb457cd944a8a53cdda4250cbbc11285c0e779e762bc2718f9,9,单,大
2026-08-06 10:52:35,85104620,00000000051297ec075a32c6d54a83c65784ac2c8727cc050debf42dda1ba5ac,5,单,大
2026-08-06 10:52:38,85104621,00000000051297ed16f72ef1ac768299cef4653510bfcfd490bdcf67cc399cab,9,单,大
2026-08-06 10:52:41,85104622,00000000051297ee4dffb77056f8f6bf0ab6cd8ca0808f1b05bf2a89f2b91ec3,3,单,小
2026-08-06 10:52:44,85104623,00000000051297ef96e5d3f2d687e411df20aaefd2ca8d6978780915783c3cf7,7,单,大
2026-08-06 10:52:47,85104624,00000000051297f06bf44dbf75e323988419260af2bc0cfbafad366ad840d79b,9,单,大
2026-08-06 10:52:50,85104625,00000000051297f1dd3b4e87ef4a7fb499c858e077dfe3ff5d7d58793ec5ee2f,2,双,小
2026-08-06 10:52:53,85104626,00000000051297f2597b95837ded70d8ccbe553be1828a9582707d5b6796e126,6,双,大
2026-08-06 10:52:56,85104627,00000000051297f315f34e0b76f78e2cfd4cb98ac92cdc471b1c40ee4018b58b,8,双,大
2026-08-06 10:52:59,85104628,00000000051297f49f8e439f37190ce2d41f47068abb1e970730e03ce4a2b48b,8,双,大
2026-08-06 10:53:02,85104629,00000000051297f5246a7818308922a36514622241fa0fb737d0746830d33df8,8,双,大
2026-08-06 10:53:05,85104630,00000000051297f696554f3ad7563c4bb5873d6b56d4210e0c10d43ff64969bd,9,单,大
2026-08-06 10:53:08,85104631,00000000051297f7b682075ee923f59a6592f03623185ded162f7be8ada467b9,9,单,大
2026-08-06 10:53:11,85104632,00000000051297f8685623b9d97b34aa322e40abe7f060b61bdf886643c738c4,4,双,小
2026-08-06 10:53:14,85104633,00000000051297f9a0d2ba332e07024ae40cc2fb6729cb9e0c81afac8ad5b694,4,双,小
2026-08-06 10:53:17,85104634,00000000051297faee63e67a471383c4159c478e40fc1daeb9f1311df55d3636,6,双,大
2026-08-06 10:53:20,85104635,00000000051297fb0da3cd3cad24b53e795d5b3e6140dc4c50bba36871c5110e,0,双,小
2026-08-06 10:53:23,85104637,00000000051297fdd5f2ea0c067a4b6c99f47394674d1998e94e8e1ba81b5d92,2,双,小
2026-08-06 10:53:29,85104638,00000000051297fef148f51fe877ae372d0e8fd78fb20b042a9e7317a7a56d37,7,单,大
2026-08-06 10:53:32,85104640,0000000005129800a74454457089f0dfd222d8ba937f54b7de3a417b2d6ec821,1,单,小
2026-08-06 10:53:35,85104641,0000000005129801440d189d5487617ca2b485a83d5ab077a0d4612208ab36f0,0,双,小
2026-08-06 10:53:42,85104642,0000000005129802d5572b8fba0cde14724f45fa48f84f78222cfb572f3508be,8,双,大
2026-08-06 10:53:45,85104643,00000000051298037492c218e63b34a7297651fff00edc117beb673aada52c72,2,双,小
2026-08-06 10:53:48,85104644,0000000005129804e646d3d115cdcd5e0f8975d3f6daaadae7380876b0c8f086,6,双,大
2026-08-06 10:53:51,85104645,000000000512980565a21b6fed629eaab3edf968afa23d7cb6e981e8b6c88e53,3,单,小
2026-08-06 10:53:54,85104647,00000000051298078ea67aebfaee1ea2eafd8e43103f92b9d5e9d29134750289,9,单,大
2026-08-06 10:53:57,85104648,0000000005129808c7d89ca494e980a99f357021ab00cb3b0e16a4eeaadfb395,5,单,大
2026-08-06 10:54:00,85104649,0000000005129809e7674ef2620eb690592ef4701da652cd38258c0022c58ead,8,双,大
2026-08-06 10:54:06,85104651,000000000512980bbf3af94cda01e9cd5c5d9ed8196e4bdecfd5905dea0bf3af,3,单,小
2026-08-06 10:54:11,85104652,000000000512980ccb0cb929d6acf484e7c6ba1af86442695bba79d8365b4374,4,双,小
2026-08-06 10:54:14,85104653,000000000512980dc89046ba328da25a801653574b5b9a871230b5c0e4aeab94,4,双,小
2026-08-06 10:54:18,85104654,000000000512980e0382771fadd5cf53f5f13c3017759a65e922c4e3ce2768ab,8,双,大
2026-08-06 10:54:21,85104655,000000000512980f9be980180644ae8bc6f46167124f1d3f58f4b4110ea241e6,6,双,大
2026-08-06 10:54:24,85104657,000000000512981102037e7705f537d6964517625426e651beb11ce4e7376f7d,7,单,大
2026-08-06 10:54:27,85104658,0000000005129812920bae7f5405df68707ae465362b6f2e34a820ec4c92a710,0,双,小
2026-08-06 10:54:30,85104659,000000000512981336c6e6606da0310908e7462be6e00d3b67166d9811246431,1,单,小
2026-08-06 10:54:36,85104660,0000000005129814466406735604c112bbaeecf15b0644f1cb031c8903b30bd7,7,单,大
2026-08-06 10:54:39,85104662,0000000005129816723242da5f5a9ccaf50ff76a48733106c0106df69834752d,2,双,小
2026-08-06 10:54:45,85104663,0000000005129817f6d400eb25db0faee6b2892b51301fffde03a644852678aa,8,双,大
2026-08-06 10:54:48,85104664,000000000512981880a2cfff7b65bf72b1b6c64ac0067293eab9234120616e3a,3,单,小
2026-08-06 10:54:51,85104665,0000000005129819781e396fe1713eaee67c7d9c17d04cedf29d01914ef8f96c,6,双,大
2026-08-06 10:54:54,85104667,000000000512981b7e1bc1c308463d66c7034569505590a26c448102ad27061e,1,单,小
2026-08-06 10:54:57,85104668,000000000512981c3a8f1a752b04deefdfb03acf3e03fdcb4b2870ac0b539f27,7,单,大
2026-08-06 10:55:00,85104669,000000000512981d3e7c745caed2c213c2f6af763de75b1623df8caac9da13ec,3,单,小
2026-08-06 10:55:06,85104671,000000000512981f6f41dae2f6cf816bf189f13dfc4f339ad3507d78e4e64eef,4,双,小
2026-08-06 10:55:09,85104672,00000000051298202e7c549d5a185c70226a3aa76af1194cdddff30eb9ee1cdb,1,单,小
2026-08-06 10:55:12,85104673,0000000005129821a5aea8eba91a48c5fca98a4430ba47a35b0b4d197c78bb11,1,单,小
2026-08-06 10:55:18,85104674,00000000051298228bd40b14019016af297420b599d85a132c0eaad5c82c118b,8,双,大
2026-08-06 10:55:21,85104675,0000000005129823e9cae97bf8775ab22abc67d7ef43c05ce5ee0e7a5f417bf6,6,双,大
2026-08-06 10:55:24,85104677,0000000005129825ca4dc4557437cbb4d6c6c1b1f038150219d63468e78f564e,4,双,小
2026-08-06 10:55:30,85104679,00000000051298277234cde03caaa087a603ca9cf59645fecbed9fa29d6179ac,9,单,大
2026-08-06 10:55:36,85104681,00000000051298292ac9f826c14c5cb0fb658ea42ab6c0b7653b67195c515e69,9,单,大
2026-08-06 10:55:39,85104682,000000000512982a683b3d8a90feef4467db88cd99641c469a2dad5b87faa237,7,单,大
2026-08-06 10:55:42,85104683,000000000512982bdb58b29a1659b8328fe480931500fd991f37a65e38e83984,4,双,小
2026-08-06 10:55:48,85104684,000000000512982ce56ba4bdd1dcae08b54c0f006791dfd2d9ab9a507578c214,4,双,小
2026-08-06 10:55:51,85104685,000000000512982d80aee979ecd290e4d3b3064b888bea0f26cdacb2b7de16a0,0,双,小
2026-08-06 10:55:54,85104686,000000000512982e65994bb66d0f213ea52e93cdd15640f5320270a05f42195f,5,单,大
2026-08-06 10:55:58,85104688,000000000512983079a4eece08ebac6e5714e2c6db1611366957e5553521785b,5,单,大
2026-08-06 10:56:01,85104689,000000000512983183811672e7c53c3a2128a466e76a5d0f6f2d42e2780a2a7c,7,单,大
2026-08-06 10:56:04,85104690,0000000005129832e8c066f39b9489afc670f673892248c3d198b8b91d78cab3,3,单,小
2026-08-06 10:56:07,85104691,0000000005129833ef916ade39977388e297911d894751321839acd811456489,9,单,大
2026-08-06 10:56:10,85104692,0000000005129834f561fccdd7fc2d0d8b31e1cc1f112cf9a21e194870023762,2,双,小
2026-08-06 10:56:13,85104693,00000000051298359ed2f72056fa268a5014eff8ef110404acbc1c9dc2d81ea0,0,双,小
2026-08-06 10:56:16,85104694,000000000512983644f103c2f803a46940681211185d95144e859f2689b772eb,2,双,小
2026-08-06 10:56:19,85104695,0000000005129837ee568918e6f0d930fb61a7b79bacff547d18bb1c4b56cefd,6,双,大
2026-08-06 10:56:22,85104696,0000000005129838ca6f9c58264e672e15d82dd00b3b73d1c76bb5aa52106a7c,7,单,大
2026-08-06 10:56:25,85104697,0000000005129839c5276ff9aa7c04749dc60c22908d8c3f3c18d95dd22ec439,9,单,大
2026-08-06 10:56:28,85104698,000000000512983a9927f3aa66f45047fc28daa20b126c14762f602a6acd193c,3,单,小
2026-08-06 10:56:31,85104699,000000000512983bfc0c66164129f59ca7859440a916cbd8573bf43486442103,3,单,小
2026-08-06 10:56:34,85104700,000000000512983c567caa1f1dfc6796524d5c63d937f90b1839b83fd506688f,8,双,大
2026-08-06 10:56:37,85104701,000000000512983d04eecb270e001c8c50dffcaa5a03cbcb9c8d22f0322fc122,2,双,小
2026-08-06 10:56:40,85104702,000000000512983e2d39e5abdb1ab5658f5e78c3c58ffca19d57eee3f029c725,5,单,大
2026-08-06 10:56:43,85104703,000000000512983f8627bdce9d53b22db82ddb608c4507a6000ddcbacde1aa01,1,单,小
2026-08-06 10:56:46,85104704,000000000512984060b4d8cc180f64e2a26c75062a0bf0f54d935db199676808,8,双,大
2026-08-06 10:56:49,85104705,00000000051298411e6f72bf7b84f67314121b3ff04cb693d0317a0c5f091375,5,单,大
2026-08-06 10:56:52,85104706,0000000005129842ccacff283afafc3bacc8518e23db25f9eb809b1cd6131297,7,单,大
2026-08-06 10:56:55,85104707,0000000005129843224f3d471fe612f9a225bdd6ef8cfc40f213f4317155964d,4,双,小
2026-08-06 10:56:59,85104708,00000000051298443866327437fe1eba38f78a080d1ee08447e59ca8c0e0f184,4,双,小
2026-08-06 10:57:02,85104709,00000000051298454d73c7449255970bc2b65fa1c424e280810f48defdcda72b,2,双,小
2026-08-06 10:57:05,85104710,0000000005129846d30a954bbfe67531f8d5dcc4dce39f1bb128545365012580,0,双,小
2026-08-06 10:57:08,85104711,0000000005129847409a1684fa2993b3de2d7987976acf2e408ef871593b47b3,3,单,小
2026-08-06 10:57:11,85104712,000000000512984810c38a8349cd8b36de19b6276dcbdbafe7092e83509ef770,0,双,小
2026-08-06 10:57:14,85104713,0000000005129849e69d988904c270db5fabe6c0c16446c3a8ba0b78350a37db,7,单,大
2026-08-06 10:57:17,85104714,000000000512984a1ad3a51720f78c62fe318f8acfb3fb899496b460160cdd5b,5,单,大
2026-08-06 10:57:20,85104715,000000000512984b13a13e2d087a6af1c8de8811d057981a03ef8e7736b2fbdd,2,双,小
2026-08-06 10:57:23,85104716,000000000512984c9f0d0b4bc62cc6de36347bad896632aa32323f8a4952c64c,4,双,小
2026-08-06 10:57:26,85104717,000000000512984d8d270de1ef99759e686c32a0e037ce30a64961dfe9ec9eef,9,单,大
2026-08-06 10:57:29,85104718,000000000512984e7e13f8795ad8704cd4cce70db4c94e5b92d77ea7766b668b,8,双,大
2026-08-06 10:57:32,85104719,000000000512984f9d926cb9acd024e07b1c3259b59cb89ff89d002fc8b24520,0,双,小
2026-08-06 10:57:50,85104725,00000000051298551d314e348b1ec1ddec3fc0b681ff4cf5e589b461d23cb48e,3cb48e,8,双,大
2026-08-06 10:57:54,85104726,0000000005129856f689e997acbffa95704ded5f5dd2d09e8b9e166f364f19f6,4f19f6,6,双,大
2026-08-06 10:57:58,85104727,00000000051298577f4c6bd9127da5a9ac4765f05f293be5533ca520ea0c5614,0c5614,4,双,小
2026-08-06 10:58:01,85104729,00000000051298590b46a9ebfb80349b36345ccaa506111f275d044cd596c973,96c973,3,单,小
2026-08-06 10:58:05,85104730,000000000512985a4aab6b825dc6ddd1d8fc8d336a023c650cdd9ec7f3eb21f0,eb21f0,0,双,小
2026-08-06 10:58:09,85104731,000000000512985bc17f54fad68896c7b316824b45ed302ad2051a1ea0c92baf,c92baf,2,双,小
2026-08-06 10:58:12,85104732,000000000512985c610856b39e05a063f3d5d9dd9ef1be2dbc17432179f068dc,f068dc,8,双,大
2026-08-06 10:58:16,85104733,000000000512985d990c3f6a09ebad055ed48c0fd572c309738e185a3a0ade51,0ade51,1,单,小
2026-08-06 10:58:20,85104735,000000000512985f02680f5fdfb167057a149a40c8745c297bdd1c5666bdb3f5,bdb3f5,5,单,大
2026-08-06 10:58:23,85104736,0000000005129860805a569055babefdcc53316793f549448dd3bafd317c777b,7c777b,7,单,大
2026-08-06 10:58:27,85104737,00000000051298615d95c81edd259a606ef6758807546f62ebc00ea72d4db8fe,4db8fe,8,双,大
2026-08-06 10:58:31,85104738,00000000051298620b1a7a535c31b69ef701af5172a590ef58c02d88408660db,8660db,0,双,小
2026-08-06 10:58:34,85104740,0000000005129864752ac0407e200762099e1ea2a3add749238987abc06bbed7,6bbed7,7,单,大
2026-08-06 10:58:38,85104741,00000000051298655c6ac949a4eced5ca503fee31060a4023227e849d2d1710a,d1710a,0,双,小
2026-08-06 10:58:42,85104742,0000000005129866d206e8f2e52d27079b02b8ca3ce84b8d1ba4412de6289970,289970,0,双,小
2026-08-06 10:58:45,85104743,00000000051298671c9ffd7d3b303204c2680585b75f3dfb6953fd310dce4da9,ce4da9,9,单,大
2026-08-06 10:58:49,85104744,0000000005129868868c350ea83f8cf2d90085c93f2058cbd8059dbd74672fbe,672fbe,2,双,小
2026-08-06 10:58:53,85104745,00000000051298694a7e0c8da643707949c8543e006bd34c46358c5754977764,977764,4,双,小
2026-08-06 10:58:56,85104747,000000000512986bb2b8810b3da3debf61b8acfe788ad1925c78604aeb19bc98,19bc98,8,双,大
2026-08-06 10:59:00,85104748,000000000512986c7c1dd8a451aff5dd4318ef996488ec7aae7d54ffebcbaf9b,cbaf9b,9,单,大
2026-08-06 10:59:04,85104750,000000000512986ec3b057e184bd2875a73d82374134267f29c3b9a23cff4349,ff4349,9,单,大
2026-08-06 10:59:11,85104751,000000000512986fc4703ad0460c70c7c94c5a7071ec02a6f4be2ca91bc28589,c28589,9,单,大
2026-08-06 10:59:15,85104753,00000000051298712272a07e6b1106e358ebb47838ed6b3a7b55dd622020ecf8,20ecf8,8,双,大
2026-08-06 10:59:18,85104754,0000000005129872cf2ee1d9fc2cacda01bc9df94c2d52539b4c58e074de6a61,de6a61,1,单,小
2026-08-06 11:00:46,85104783,000000000512988fd4b98e7343e9ee690939e0885ebfb9bbf33bd2ccadca5c8c,ca5c8c,8,双,大
2026-08-06 11:00:49,85104785,0000000005129891ac3d65b7659376f1c29d607a0da632b69d03d3a917dc2f36,dc2f36,6,双,大
2026-08-06 11:00:53,85104786,00000000051298922ae130ed7d15141111b8c8a20af35de87f714e781594e39e,94e39e,9,单,大
2026-08-06 11:00:57,85104787,0000000005129893ba246adc53e7acc9b2894cc199d2c23150505a41074f40e1,4f40e1,1,单,小
2026-08-06 11:01:00,85104788,0000000005129894658dc807416a0c246b319239f32f9d7f8ee6e3481ac58ffe,c58ffe,8,双,大
2026-08-06 11:01:04,85104789,0000000005129895bfe5196d9afcea304bde83206d854ae2d7597f0afd29022c,29022c,2,双,小
2026-08-06 11:01:08,85104791,000000000512989751e6c0c0a3fe9a14104e21a8fb844c193cf26169801cc6f4,1cc6f4,4,双,小
2026-08-06 11:01:11,85104792,0000000005129898acc24216a504963600f044824b5f81e5180f3885317e8760,7e8760,0,双,小
2026-08-06 11:01:15,85104793,000000000512989984978eaa5a12b4cbc2916f8f8f387f87fc61601e8ccbce6e,cbce6e,6,双,大
2026-08-06 11:01:19,85104794,000000000512989aee40f7187b847542a30ad894f5bdac5ee39dcc0cfdc9d516,c9d516,6,双,大
2026-08-06 11:01:22,85104795,000000000512989bceae3e490b579a5aad067020aaf566aa1beb8e661f600019,600019,9,单,大
2026-08-06 11:01:26,85104797,000000000512989deebcb9be28cf95b0549592797bc4baac5fbcb90c1f5b9855,5b9855,5,单,大
2026-08-06 11:01:30,85104799,000000000512989f80ca368ac56b4a68eff1dbd1720d74d0e6e38a96458affaa,8affaa,8,双,大
2026-08-06 11:01:37,85104800,00000000051298a0d45c1e4c308972788e7e4468449dc97111800a4a837a8d8f,7a8d8f,8,双,大
2026-08-06 11:01:41,85104801,00000000051298a1b99cd8efae08375b57dfb05aaa34c4802ce534ed5e403ea0,403ea0,0,双,小
2026-08-06 11:01:45,85104803,00000000051298a3c618c15ca31ce81867020403decaa4813530188fbac8ae9d,c8ae9d,9,单,大
2026-08-06 11:01:48,85104804,00000000051298a431980af5f42c5544f820c9d6450a477485201cb4056531e8,6531e8,8,双,大
2026-08-06 11:01:52,85104806,00000000051298a6874ad65bd642307ce5faaac8a2d25509c4f3ee2db583988c,83988c,8,双,大
2026-08-06 11:01:56,85104807,00000000051298a7bb9f5fee222c3746316001ccc15de26d60adb6d1467aacee,7aacee,7,单,大
2026-08-06 11:01:59,85104808,00000000051298a8b72a883c3c454354e9e520b38e37fb61e09ea5808fd2f1fd,d2f1fd,1,单,小
2026-08-06 11:02:03,85104809,00000000051298a99d59001c8fed0f38703d67ddf1c53f4408adab1fb33bbe8d,3bbe8d,8,双,大
2026-08-06 11:02:07,85104810,00000000051298aa871f7df64d3793227242e356654b2ea81329d501cb5bef03,5bef03,3,单,小
2026-08-06 11:02:10,85104811,00000000051298ab567f7610226d3b5909a27109526c96d9afc074604730faf0,30faf0,0,双,小
2026-08-06 11:02:14,85104813,00000000051298ad4c051795e12a3ac356dab1577a49a6b62e9f1d02e3eae586,eae586,6,双,大
2026-08-06 11:02:18,85104814,00000000051298aeea8aa81f6c107f4d68ba51ec57b7bdfc13d1ca4243c81dac,c81dac,1,单,小
2026-08-06 11:02:21,85104816,00000000051298b0d7bb3027addc8580578c13e2de3daa9fbc7ef7cce464f90b,64f90b,0,双,小
2026-08-06 11:02:25,85104817,00000000051298b13bbe6fbadc49790f24bbd04e1147528a96a72513722f2fc8,2f2fc8,8,双,大
2026-08-06 11:02:29,85104818,00000000051298b2a69ef5922d559b28d58e5cc2c150ef6b70ca9482e4fe84b6,fe84b6,6,双,大
2026-08-06 11:02:33,85104819,00000000051298b3cb0c0937542019c0f813c264ed64c80dd70d86f574967a2f,967a2f,2,双,小
2026-08-06 11:02:36,85104820,00000000051298b4ed8604be8a927fa6d8f0d2a04dcb91c7b73b674361e650ca,e650ca,0,双,小
2026-08-06 11:02:40,85104821,00000000051298b5af087aa0be262470a74e731b1a8b0db9a044b0ff8f357887,357887,7,单,大
2026-08-06 11:02:44,85104823,00000000051298b79b94fd6db601228999d622dacc7159ec4857d4eb0cccd5a0,ccd5a0,0,双,小
2026-08-06 11:02:47,85104824,00000000051298b830c6113a6f5c8954ced0ca77bf7a6a3bc7051d8d4643be9a,43be9a,9,单,大
2026-08-06 11:02:51,85104825,00000000051298b9e775c60b3a45c5639a78c9f4fd9befce86d3419bf8691892,691892,2,双,小
2026-08-06 11:02:55,85104826,00000000051298ba1cde59825a318c901e24f273c0288e31992e1a51cb25c20d,25c20d,0,双,小
2026-08-06 11:02:58,85104828,00000000051298bc3e7dd0ddfa0a5f00b115ee3be8a63186a34c0499a9d480bf,d480bf,0,双,小
2026-08-06 11:03:02,85104829,00000000051298bd74d453ec1acd76f24d95c63d657639bd6872be2fd90fec9a,0fec9a,9,单,大
2026-08-06 11:03:06,85104830,00000000051298bea42dfc0dbea2032423123685ad768f9b7b570149dd1e5d47,1e5d47,7,单,大
2026-08-06 11:03:10,85104832,00000000051298c01f95a75d4944fa2a6c2e95bf4cb405524c6e531b7a054ab2,054ab2,2,双,小
2026-08-06 11:03:13,85104833,00000000051298c1600f5643e627ab43447d75c68490f8da9f81787cc3e19120,e19120,0,双,小
2026-08-06 11:03:17,85104834,00000000051298c27e705a4ceb80f314acdbca7f47669866594a989cabb4dc37,b4dc37,7,单,大
2026-08-06 11:03:21,85104835,00000000051298c3934abcece766b2fc53fabb7f51b9851e8d4925f0e32d6c6e,2d6c6e,6,双,大
2026-08-06 11:03:24,85104836,00000000051298c40dc3bfce9e323a15e3410fc71909cd596f2accb4d9d0db5a,d0db5a,5,单,大
2026-08-06 11:03:28,85104837,00000000051298c5d70c6ea11b6d1f234a8d92a12297bcaf36510b91e0ec5c26,ec5c26,6,双,大
2026-08-06 11:03:32,85104839,00000000051298c7e88c15a356ba5b4b5b08600044b10fe816de716fbd6c652d,6c652d,2,双,小
2026-08-06 11:03:35,85104840,00000000051298c804130699fccc824449a7ba8f44e072e704410dbc7d1f0805,1f0805,5,单,大
2026-08-06 11:03:39,85104841,00000000051298c9fd4c4c4d58644bdd262a9d71e84fa427e2772118dcf0fb65,f0fb65,5,单,大
2026-08-06 11:03:43,85104843,00000000051298cb85d0feb09264ff51f1fc48f3ed2d1f67740c3d7737e6631b,e6631b,1,单,小
2026-08-06 11:03:50,85104845,00000000051298cdc48963bcdd196fa5370ede81a38af6671c6720145b5aba7f,5aba7f,7,单,大
2026-08-06 11:03:54,85104846,00000000051298ce15832b03da0bba8d1c2fd09735170bb09d0ce5b353cc515c,cc515c,5,单,大
2026-08-06 11:03:57,85104848,00000000051298d00a17120463cf54f4b574d56ffbf205d1fc7909f09de7cf1a,e7cf1a,1,单,小
2026-08-06 11:04:05,85104850,00000000051298d20c3bcf3e9a0feb813586374cbbc994e8469db9c69ccd7d41,cd7d41,1,单,小
2026-08-06 11:04:09,85104851,00000000051298d3b7776612c6132829dba88bd9f45c8a7526ab2b08cecec4bc,cec4bc,4,双,小
2026-08-06 11:04:12,85104853,00000000051298d56f00b3f1d14b6453bf2673bcd3c7603307f73e8fac51b38d,51b38d,8,双,大
2026-08-06 11:04:16,85104854,00000000051298d614d527e503f69ae5e3048be5dce82dfc284862362e44af40,44af40,0,双,小
2026-08-06 11:04:20,85104855,00000000051298d71f8271837b399bb525b4ca64e5991000ac4bd3247bbddb25,bddb25,5,单,大
2026-08-06 11:04:23,85104856,00000000051298d81dd0bdb05e5d1e9117b80b57abfd1523bc48c3b058cb32fc,cb32fc,2,双,小
2026-08-06 11:04:27,85104857,00000000051298d9dbcbc007ca075a57964c1faed1830f8e5074a3e431fd0d89,fd0d89,9,单,大
2026-08-06 11:04:31,85104859,00000000051298db3d5c53c13bac6f4f8562ca1936d538cb00c6433df2079cae,079cae,9,单,大
2026-08-06 11:04:38,85104861,00000000051298ddff86fb410bdd122dfea74bbe2df438c054301c525a1a4695,1a4695,5,单,大
2026-08-06 11:04:42,85104862,00000000051298dec029be45095b7119ee921df68ce1cef5c23e2318e487902c,87902c,2,双,小
2026-08-06 11:04:45,85104863,00000000051298df6667f39b245d6865b731909e5e8e22fc19536a4901457682,457682,2,双,小
2026-08-06 11:04:49,85104865,00000000051298e1f540d07e9fba2a4b79134b85d2821e6aca12aff344c5313b,c5313b,3,单,小
2026-08-06 11:04:53,85104866,00000000051298e23a07cff74031b9b68d13b531622ed1a6cebcad402514302f,14302f,2,双,小
2026-08-06 11:04:56,85104867,00000000051298e31c8c3fcde6ec33bf10e1eeb891e59c5ec4a1d22497d88cd4,d88cd4,4,双,小
2026-08-06 11:05:00,85104868,00000000051298e4c2cd4aa7c8d14774d4cbf2fabadbdc3da891564e2a363cde,363cde,3,单,小
2026-08-06 11:05:04,85104870,00000000051298e6554bfe69d442e5a730f07aae4e58f1211ba2a39c74167584,167584,4,双,小
2026-08-06 11:05:07,85104871,00000000051298e7537783956408f74588cd8d854bc31bdffc481f5eef209d40,209d40,0,双,小
2026-08-06 11:05:11,85104872,00000000051298e8a6ee9479a226108310bae1534da0d8c4df4fb27892b889de,b889de,9,单,大
2026-08-06 11:05:15,85104873,00000000051298e958481f7bcc564dc8272bb4d6c6ccaf4fdf84148e134baa67,4baa67,7,单,大
2026-08-06 11:05:18,85104874,00000000051298ea05e4fdbdc11ccc2753d238ad48d4d68db866e523caeeafd7,eeafd7,7,单,大
2026-08-06 11:05:22,85104875,00000000051298eb6276b9ebd1e47ab32418ead5769fd886be899febdd0d790a,0d790a,0,双,小
2026-08-06 11:05:26,85104877,00000000051298ed81298177aff42f9c58c859d784e838bcdd1440f5e2aeed65,aeed65,5,单,大
2026-08-06 11:05:29,85104878,00000000051298ee16305d4b42af763f1fe3bbe0b108416246db2b7d9c00db5c,00db5c,5,单,大
2026-08-06 11:05:33,85104879,00000000051298eff84f101d2cc446ab3ac35112a40d4386aa2b5eea5fb654df,b654df,4,双,小
2026-08-06 11:05:37,85104881,00000000051298f11c877e0b8db5b658627aec075158c7798854af5d8388c600,88c600,0,双,小
2026-08-06 11:05:41,85104882,00000000051298f24122359163bae3af59e23e1fdb4cbe79c6951dee53dc2ccc,dc2ccc,2,双,小
2026-08-06 11:05:45,85104883,00000000051298f34d879df88c309722bb384d34d3caada20dc5a56df7826903,826903,3,单,小
2026-08-06 11:05:48,85104884,00000000051298f4fded494edb6dc7881fc162e81452b60d7b422cdcd4d8d935,d8d935,5,单,大
2026-08-06 11:05:52,85104886,00000000051298f62ee3fa2f4cd71976d2333e0744f27b5558602591a6ef150b,ef150b,0,双,小
2026-08-06 11:05:56,85104887,00000000051298f79276dfa381f0da769c502f869afce4050316331835166884,166884,4,双,小
2026-08-06 11:05:59,85104888,00000000051298f86695b4a5694b0f3c012f662b5dca358b90c63e48d95b4f1e,5b4f1e,1,单,小
2026-08-06 11:06:03,85104889,00000000051298f918b271ff309649511f7e46e9638a0f2931366a5add27f422,27f422,2,双,小
2026-08-06 11:06:07,85104890,00000000051298fa78f56dc526c5acbffd137b2a6b94ec0a90d2fc09233d8cc7,3d8cc7,7,单,大
2026-08-06 11:06:10,85104892,00000000051298fc1e9eebcc11d1a2bbcbaaf703c31286cb83590e859b9402f5,9402f5,5,单,大
2026-08-06 11:06:14,85104893,00000000051298fd1339820f973921c66ac856efa35e649ec457be4177bfc219,bfc219,9,单,大
2026-08-06 11:06:18,85104895,00000000051298ff6f3de94d35d1b2af5d9a3cd462cbd3a93db7b2796433c8f3,33c8f3,3,单,小
2026-08-06 11:06:25,85104897,00000000051299010a4c1fba75397dc1d414ede8025a0cdc6e65ffa6d04f8d5f,4f8d5f,5,单,大
2026-08-06 11:06:29,85104898,0000000005129902ae4d2fd6cf2a84c6d218d1a4831b47100dd59806dd06121d,06121d,1,单,小
2026-08-06 11:06:32,85104899,00000000051299039d8577b6b4c6c47f56910e0be1b6118c1d063a8e52d72f43,d72f43,3,单,小
2026-08-06 11:06:36,85104900,000000000512990412ad2735e26794378f95469db781e82e3857cafe313a1d19,3a1d19,9,单,大
2026-08-06 11:06:40,85104902,0000000005129906d059529a043f4e2b1710cb64edeb585377628a0ef9a89825,a89825,5,单,大
2026-08-06 11:06:44,85104903,0000000005129907fa36781450f5325e1891153dc270849579a907107966e554,66e554,4,双,小
2026-08-06 11:06:51,85104905,0000000005129909c8acc58f3e0eb80a38d4526401252cb856836720df1bd917,1bd917,7,单,大
2026-08-06 11:06:55,85104906,000000000512990a3f42d992bb14dea64c7c6bdd3763ccdda5feb6984dd2bafb,d2bafb,2,双,小
2026-08-06 11:06:58,85104908,000000000512990c8b8ce32ad90504d6e41de941b768322b32d5cf5b46488720,488720,0,双,小
2026-08-06 11:07:02,85104909,000000000512990da2a5e0ddb5a48232bfd5187ada3414b8819bee29f09db569,9db569,9,单,大
2026-08-06 11:07:06,85104910,000000000512990eacb75c3ac965d7a98d8836e823ae1e4d9aa8807b0fab037d,ab037d,7,单,大
2026-08-06 11:07:09,85104911,000000000512990fa3be9169e44e44e91a8fc9916e6583db3f902bca14e64ca2,e64ca2,2,双,小
2026-08-06 11:07:13,85104912,00000000051299104b77bd1c4ba6721283dfd9537da2b2ddb1217753104cf90f,4cf90f,0,双,小
2026-08-06 11:07:17,85104914,0000000005129912061bd431e80bea88b3b3c6b17eaeee8e959b02846aca36a7,ca36a7,7,单,大
2026-08-06 11:07:21,85104915,0000000005129913ebed743129fd3850b3502de33c6a1b425e36466ce8a649a3,a649a3,3,单,小
2026-08-06 11:07:24,85104916,00000000051299143df8de4c8aa05dd87d238109e86f76f3244504f3c3ff9b79,ff9b79,9,单,大
2026-08-06 11:07:28,85104918,000000000512991668e4918a39366cfc4da37f9b6a6e9ea511da6fe802257120,257120,0,双,小
2026-08-06 11:07:32,85104919,0000000005129917c8711e5ee36e8adfd3bfa3bd42983c6987b044969777e47e,77e47e,7,单,大
2026-08-06 11:07:35,85104920,00000000051299187d925b8d1dcc8a87d42d010acb6132653bb6586138ecac31,ecac31,1,单,小
2026-08-06 11:07:39,85104922,000000000512991a2ec332a559a24fa5bb16db04b3aba0680bd54c467941eca9,41eca9,9,单,大
2026-08-06 11:07:46,85104924,000000000512991cf6b384d4b06d249f31bd2ad3cdea39129c3a58c83dd586b8,d586b8,8,双,大
2026-08-06 11:07:50,85104925,000000000512991d133f0500c9f087a81914aa51dd068949cfc4b3460f7d0f7f,7d0f7f,7,单,大
2026-08-06 11:07:54,85104926,000000000512991e1b08616e9aea644f6085f73e1581765ca6effa5df5aaf6b5,aaf6b5,5,单,大
2026-08-06 11:07:57,85104927,000000000512991f4764cb43d393597e2366b03ac96d3f2deca8906f3aee79fb,ee79fb,9,单,大
2026-08-06 11:08:01,85104929,0000000005129921aa6ed9d014b7bc7f3cbae2b0994b901798af5275ca002fd1,002fd1,1,单,小
2026-08-06 11:08:05,85104930,00000000051299226e0df5a6d0fac919854b196f675097bff4c4fa8c1bcbd653,cbd653,3,单,小
2026-08-06 11:08:09,85104931,00000000051299238f161164e919e35eaecd9deba2c221ebb0536a4b5c13857e,13857e,7,单,大
2026-08-06 11:08:12,85104932,0000000005129924a29462ccc5799440ff88e8a33eec2f20ce6de2689a2856ab,2856ab,6,双,大
2026-08-06 11:08:16,85104934,000000000512992602adb5cd75c5959fd38a74f4aef3394381f0f0faabe18b67,e18b67,7,单,大
2026-08-06 11:08:20,85104935,0000000005129927be070001049bd8891a2bf1741078d9e1b68f54fb301c907d,1c907d,7,单,大
2026-08-06 11:08:23,85104936,0000000005129928d945cbb7aef4a3cfacf662ae02793123a1714aee628b5c44,8b5c44,4,双,小
2026-08-06 11:08:27,85104937,000000000512992911d9cd1facc754dab970e7a72488ae841b013e8d6474dea7,74dea7,7,单,大
2026-08-06 11:08:31,85104938,000000000512992a6b8c370c9b9fc593a7524e7ca2c37451e2b9ed6731897f11,897f11,1,单,小
2026-08-06 11:08:34,85104940,000000000512992ccd3249aa5f5543c31284fefdfd4da1d071c45366163d30e3,3d30e3,3,单,小
2026-08-06 11:08:38,85104941,000000000512992d503573eac4db3f0ade3292378d94c81cc81f44aca97c4d7e,7c4d7e,7,单,大
2026-08-06 11:08:42,85104942,000000000512992ede3a7e9cb2e56df9df39f82bcb81cca983ea01df47444eb1,444eb1,1,单,小
2026-08-06 11:08:45,85104944,0000000005129930c9fa4d1a65e28d26cf4b353af7f96136641817a25f42989b,42989b,9,单,大
2026-08-06 11:08:53,85104945,0000000005129931fc6ae40cab29acdcb90bf0bd8e2e34ae1dbb8c44618be3e8,8be3e8,8,双,大
2026-08-06 11:08:56,85104947,0000000005129933e6835d59df9800184887d00b27774644bc987245d3a559d7,a559d7,7,单,大
2026-08-06 11:09:00,85104948,0000000005129934e7d38f03eba8b668ddd01a52d376a91e170753fde1486347,486347,7,单,大
2026-08-06 11:09:04,85104949,0000000005129935a55bb0903a7f3411b950a755c4969fe67fbfaaddaf359e05,359e05,5,单,大
2026-08-06 11:09:07,85104951,0000000005129937cb8db30bd2107db7cbc3ee69b48ce3de0eec7daac30f1e01,0f1e01,1,单,小
2026-08-06 11:09:11,85104952,000000000512993867bf20aa30830425a0f023730262ae12c522fe13bdf343a5,f343a5,5,单,大
2026-08-06 11:09:15,85104953,00000000051299391f0faf752d0f157e721bbefbe19a0de377c077426a991d2a,991d2a,2,双,小
2026-08-06 11:09:19,85104954,000000000512993af83646c8e60584feaff9e57a9485edde16b978b99299ef06,99ef06,6,双,大
2026-08-06 11:09:22,85104956,000000000512993c74b11618a8090b46942bfd4405967bcb39c2a226655b48bd,5b48bd,8,双,大
2026-08-06 11:09:26,85104957,000000000512993de1bc008a3008d4f1bf4bf9f9d0e5536e01096e175b260162,260162,2,双,小
2026-08-06 11:09:30,85104958,000000000512993e5e0a6caa6fb55d801d0b329528b78fc398dbc41c8c28df4d,28df4d,4,双,小
2026-08-06 11:09:33,85104959,000000000512993f0d0bbadc66b3cdeb080f6cfc4849547171ab693cff3cbf2a,3cbf2a,2,双,小
2026-08-06 11:09:37,85104961,00000000051299414623fde483c401bc3c897027efb04bedcc6ebcebc86810b9,6810b9,9,单,大
2026-08-06 11:09:41,85104962,0000000005129942307b342128ec62f2983c70c2b37981e7f3075e2527df9216,df9216,6,双,大
2026-08-06 11:09:44,85104963,0000000005129943797512d2c0507e2a0617af2806e78322fb75c8634f01bfa9,01bfa9,9,单,大
2026-08-06 11:09:48,85104964,0000000005129944c64f4c371ee0e9917ba50b4d38cf5d24885a9fd2c3f51261,f51261,1,单,小
2026-08-06 11:09:52,85104965,000000000512994537104dbb72773cb419f7971f8287cc267cb68ddc4853f63d,53f63d,3,单,小
2026-08-06 11:09:55,85104966,0000000005129946ce03a7468f9df576d01d7e0d897a5ba1c7d37442cfb0f214,b0f214,4,双,小
2026-08-06 11:09:59,85104967,0000000005129947b29174478ddb7de5b7446cead9aa68776917354fdd2d760f,2d760f,0,双,小
2026-08-06 11:10:03,85104969,0000000005129949c792cc7c682f59943dd98669cddd707a235b0fb68779ecf6,79ecf6,6,双,大
2026-08-06 11:10:06,85104970,000000000512994a761ba17e2bef76199ca182c4f08c373cd1450e4469acaa1e,acaa1e,1,单,小
2026-08-06 11:10:10,85104972,000000000512994ca9fd728655a2045c3a45b32d1a36a7af9d4ac74b7d4342ba,4342ba,2,双,小
2026-08-06 11:10:14,85104973,000000000512994d504b01c3a3244ab3cf807cc36822a99aeafa88f3685a8039,5a8039,9,单,大
2026-08-06 11:10:17,85104974,000000000512994e84db671a3886ee6a7f4b9e7b63cea2e8d8d6be0c98783754,783754,4,双,小
2026-08-06 11:10:21,85104975,000000000512994fe21197e9d90d246c1a32fd653dc5a0ea66e53a888b6d568f,6d568f,8,双,大
2026-08-06 11:10:25,85104976,0000000005129950b4dcecb9e1015b5a62bb1e085d2328b10b823b248a9a67ab,9a67ab,7,单,大
2026-08-06 11:10:28,85104978,000000000512995283d6af4b07e2a5129f7a39448a560b94762ee4b57e085a8c,085a8c,8,双,大
2026-08-06 11:10:32,85104979,00000000051299539bb79fe76cb7426d8079943c7c3d6a9f1778a18e57335d56,335d56,6,双,大
2026-08-06 11:10:36,85104980,0000000005129954504c55daceaafba82956ce0464801293d288bc41b08a022e,8a022e,2,双,小
2026-08-06 11:10:39,85104982,000000000512995667db2fc7b2bf1c132a3e537218c84f2cd21aa9ad281b946f,1b946f,6,双,大
2026-08-06 11:10:47,85104983,000000000512995729d74db891c64d7a733b23d091895d634cbd8feb8f88e9a7,88e9a7,7,单,大
2026-08-06 11:10:50,85104985,0000000005129959b4af9a43c3d71d5f05aebb70297d7e68fff6783582c1c44e,c1c44e,4,双,小
2026-08-06 11:10:54,85104986,000000000512995ad982f3af8e35941736abfb1f781c17cbd82ffaccc5538943,538943,3,单,小
2026-08-06 11:10:58,85104988,000000000512995c3a4dd4d68a32ddd78c261253295d02c8a401dbdff270bb12,70bb12,2,双,小
2026-08-06 11:11:01,85104989,000000000512995d1084a92ff520ec6aff3bec5a71310a6c4d4a5c03938f8972,8f8972,2,双,小
2026-08-06 11:11:05,85104990,000000000512995ee05e7f8326aa781d7eb176c1e9f6171b3ab90cd95cff0b76,ff0b76,6,双,大
2026-08-06 11:11:09,85104991,000000000512995f1405a1280165d9a032b34fefc79f0a3d7d3131a5840e9865,0e9865,5,单,大
2026-08-06 11:11:12,85104992,00000000051299601eb2265071c660b713e1635fe61e5a83d383e379bf803d92,803d92,2,双,小
2026-08-06 11:11:16,85104994,0000000005129962a244c74b8744732f646d257d85e3788a556293c7e0a5880e,a5880e,0,双,小
2026-08-06 11:11:20,85104995,000000000512996397a7b1e3b00490429185bfac109bc57eb261b9177c075bcc,075bcc,5,单,大
2026-08-06 11:11:24,85104996,0000000005129964bce89d7d77c26e5639113df728375515308e4cb4fefb7681,fb7681,1,单,小
2026-08-06 11:11:27,85104997,0000000005129965bd96609087c4ab2b692e910b928f09772f1015ebb0b9a2cb,b9a2cb,2,双,小
2026-08-06 11:11:31,85104998,000000000512996663af34bb0a3583ff3f5bc55beea64e3ac2cd45fdf5a0647b,a0647b,7,单,大
2026-08-06 11:11:35,85105000,0000000005129968a0658d66877a06a6443a97db505c07392de50be51299be6a,99be6a,6,双,大
2026-08-06 11:11:38,85105001,0000000005129969182b3091557d0450a74212107a1d3ad4ad74529c956567f2,6567f2,2,双,小
2026-08-06 11:11:42,85105002,000000000512996a35ba6230e22806fdd39613f759996b04167697ac59ec70b1,ec70b1,1,单,小
2026-08-06 11:11:46,85105004,000000000512996c0f5b40f697cb67f6f86535bc534c16e06d8ceaf2a0fc9128,fc9128,8,双,大
2026-08-06 11:11:49,85105005,000000000512996de0276ce0090c1172683607cde7ae5a529903e4e6bdeb76e9,eb76e9,9,单,大
2026-08-06 11:11:53,85105006,000000000512996e4fa32cf18ede88376312c24bb72938a7e19d4c50c40aee86,0aee86,6,双,大
2026-08-06 11:11:57,85105007,000000000512996f8833fb9e0cabdef487038d61db6e7d5c8a3c04ac5f2b0486,2b0486,6,双,大
2026-08-06 11:12:00,85105009,0000000005129971b00e35262c4ac6acf633b776cb519878a7d14de2916016d6,6016d6,6,双,大
2026-08-06 11:12:04,85105010,00000000051299721cc763fe90250536fcfa8da4b1a98b96bc2acfce999145c2,9145c2,2,双,小
2026-08-06 11:12:08,85105011,0000000005129973bcd99fe9bf527eff99900ec3542ac813ffec0dd6e8f70512,f70512,2,双,小
2026-08-06 11:12:11,85105012,0000000005129974de1c84a023ad942cbf748fffe1510622e89a4730507dbca5,7dbca5,5,单,大
2026-08-06 11:12:15,85105013,0000000005129975c1f138daa80fe25fe73a4e0f0062b949f36c903888e202e0,e202e0,0,双,小
2026-08-06 11:12:19,85105014,0000000005129976035082708fdd6ce29ce3349c03fe030be469f8774074349e,74349e,9,单,大
2026-08-06 11:12:22,85105015,0000000005129977e04e5484efdf4d74bfce07ffc88df13f92b0d53a19e30973,e30973,3,单,小
2026-08-06 11:12:26,85105017,0000000005129979ce349bf9a557189addf1cfa11435bebd3f37c443372e85bf,2e85bf,5,单,大
2026-08-06 11:12:30,85105018,000000000512997a467f2c1ef17ac56487f01133186dd3e6fafa75f49205f14d,05f14d,4,双,小
2026-08-06 11:12:34,85105020,000000000512997c1df94e406408d87c1e9398e67630fd013178de8324688190,688190,0,双,小
2026-08-06 11:12:37,85105021,000000000512997d0226a8d04bfb80e5e7c6d57b16391d9e5095f94203e53cde,e53cde,3,单,小
2026-08-06 11:12:41,85105022,000000000512997e10d86cbd5d3641546991a337265e97006e24b002c18c49a6,8c49a6,6,双,大
2026-08-06 11:12:45,85105023,000000000512997fbe49eecd377c2d53d6241d944364755b9c1717c3ada1eaa7,a1eaa7,7,单,大
2026-08-06 11:12:48,85105024,00000000051299800c1811b4961291af6213430ccefc0f934234504885100ba2,100ba2,2,双,小
2026-08-06 11:12:52,85105026,000000000512998284ca0ae90315157cd0788ddff4021c65dba7f17d9ce25c08,e25c08,8,双,大
2026-08-06 11:12:56,85105027,00000000051299839c2213c0c1d4d29a6acad8f275b88f31998540d5f6686c29,686c29,9,单,大
2026-08-06 11:12:59,85105028,00000000051299844720c8b8574abcf25ae4c68bd7243d3d20d173a3bf63f481,63f481,1,单,小
2026-08-06 11:13:03,85105029,00000000051299856dac5ef594eceb6dbc068cf3772d4b24e4c3eaf19e2a6b46,2a6b46,6,双,大
2026-08-06 11:13:07,85105031,0000000005129987e835220926c984eafe0be2b8229f625349d1888ea53ae878,3ae878,8,双,大
2026-08-06 11:13:11,85105032,00000000051299889b08489078240cafb49db980502cb62bb5459e2da63cf114,3cf114,4,双,小
2026-08-06 11:13:15,85105033,0000000005129989bf61d4432ae914d9c81c748e8ed35ff1576b021ad6cfc92d,cfc92d,2,双,小
2026-08-06 11:13:19,85105035,000000000512998bbb21abb15e05d8e7801f8fd9f939a256c179342bd09176e7,9176e7,7,单,大
2026-08-06 11:13:22,85105036,000000000512998c684ca98f445fc33bb3dbaf9b9e2375d8c8109bc32a6f8d2f,6f8d2f,2,双,小
2026-08-06 11:13:26,85105037,000000000512998d7216a0d8f7ed50bf54d9eda3ee2c80d4a3ab8e228e963821,963821,1,单,小
2026-08-06 11:13:30,85105038,000000000512998e1fe4b0363525783d7521a6583eb96ee0a9710b8abb6a8100,6a8100,0,双,小
2026-08-06 11:13:33,85105040,000000000512999094fed4dbcd74ca34805e188c4da01c9c4c0bd93aab330daf,330daf,0,双,小
2026-08-06 11:13:41,85105042,00000000051299923006b6b5b7efdf70cf595b5a7d320b79365348265f7c6b68,7c6b68,8,双,大
2026-08-06 11:13:44,85105043,0000000005129993b68aa1628bdae7ec787be70b5685ad4cf988ba92266ed038,6ed038,8,双,大
2026-08-06 11:13:48,85105045,000000000512999578f41447ff32e86114dfdb94257fd1628c63667a23fc4ecf,fc4ecf,4,双,小
2026-08-06 11:13:52,85105046,00000000051299966a362d9a2f2516e1e0c5e17b6016828a5f418ef5d4ae3961,ae3961,1,单,小
2026-08-06 11:13:55,85105047,0000000005129997f8d3285a10fe4fc0cdaa09242defa1b02981905f7f592669,592669,9,单,大
2026-08-06 11:13:59,85105048,00000000051299987b29f2ab8741b5c7dddec92f88d3b17d22306499435f59c4,5f59c4,4,双,小
2026-08-06 11:14:03,85105049,0000000005129999e1896b8abd3fe4505ebb0d2aa57783f41248841779c0d199,c0d199,9,单,大
2026-08-06 11:14:06,85105050,000000000512999ad8a9f1558da9b0602adc72b234f363443e2d2526576425c8,6425c8,8,双,大
2026-08-06 11:14:10,85105051,000000000512999ba2a567cdc4ed92763d1c3c20ff0a2856f16f89a1e0ffe8f5,ffe8f5,5,单,大
2026-08-06 11:14:14,85105053,000000000512999d52e5d1da6ddc577664a6e2a3308fef07d99c3116017c6f69,7c6f69,9,单,大
2026-08-06 11:14:17,85105055,000000000512999f8fe9aec93117d3dce298480a1cab9446d9f0f4bd600f33a8,0f33a8,8,双,大
2026-08-06 11:14:25,85105056,00000000051299a0e5316eb8cf3ddc8738dafb8a3fadc2916f8a581df16ca8f6,6ca8f6,6,双,大
2026-08-06 11:14:28,85105058,00000000051299a29658b62b55af7f0c16e65ed0ba6412b1c0999bbf477b0409,7b0409,9,单,大
2026-08-06 11:14:32,85105059,00000000051299a341b1f0f2ae4825eecc563d5526df90ca947028dcf10a8d12,0a8d12,2,双,小
2026-08-06 11:14:36,85105061,00000000051299a5d260aa2095ae2c05bd8476ef235cdcdc16b64cfccfb0d838,b0d838,8,双,大
2026-08-06 11:14:43,85105062,00000000051299a6286118cdbdea8a38e6b7c8fcc717748deaaf52301769b01a,69b01a,1,单,小
2026-08-06 11:14:47,85105064,00000000051299a82a9ddd69ddce52b6c16f6f8af3e37ba2619e1c924ab50161,b50161,1,单,小
2026-08-06 11:14:50,85105065,00000000051299a952981995640f66cadea35aea7fdfb5233091123c50f36f94,f36f94,4,双,小
2026-08-06 11:14:54,85105066,00000000051299aa9b12b44de3152901e5e155525d6c07409f03e0b1ecb2369d,b2369d,9,单,大
2026-08-06 11:14:58,85105068,00000000051299ac02144f755cd0c8a9d2d7e9ce3a8f8732c1b9bdfcdcc85df6,c85df6,6,双,大
2026-08-06 11:15:02,85105069,00000000051299ad6c228aaba8d9c635a2ae4779b0de37a42033c872b3491d20,491d20,0,双,小
2026-08-06 11:15:05,85105070,00000000051299ae98002b266ffee6daf48271a19b0c49392c683e27aac02e35,c02e35,5,单,大
2026-08-06 11:15:09,85105071,00000000051299af80a4512391d80e3de434de88ea16a05b2aa155eae5be7a9c,be7a9c,9,单,大
2026-08-06 11:15:13,85105072,00000000051299b0bfdc2833e86465c25cbfcbed0629cb34d16a309b43ae9666,ae9666,6,双,大
2026-08-06 11:15:16,85105073,00000000051299b12ab522198ecbb74d5ae3b94de5fb05b7a2018c555e912dbe,912dbe,2,双,小
2026-08-06 11:15:20,85105075,00000000051299b3a149152664712ae74f11bdb48ffabf0d94d29069e49a8ca1,9a8ca1,1,单,小
2026-08-06 11:15:24,85105076,00000000051299b43bc2f21ad46db6d52565014ace6f3ad53f3c0cbf5e4bef7c,4bef7c,7,单,大
2026-08-06 11:15:27,85105077,00000000051299b5dd500fe98d7cc11e1bbe4ae7e9661ceb86bf8a85fb7dc8bb,7dc8bb,8,双,大
2026-08-06 11:15:31,85105078,00000000051299b6ef0f14e33e157cb9aff52c670f14b2feda6668190a9b9784,9b9784,4,双,小
2026-08-06 11:15:35,85105080,00000000051299b8dc76bef22de3b4963cb63d02553675dc710a8b3a4a53f9ef,53f9ef,9,单,大
2026-08-06 11:15:38,85105081,00000000051299b9e50aae2b79135ba9ebbd208893a07a7c812e35b809808189,808189,9,单,大
2026-08-06 11:15:42,85105082,00000000051299bad210143cf5ce93b89fa7b2d4a97d3bbb8a94510aa024fe60,24fe60,0,双,小
2026-08-06 11:15:46,85105084,00000000051299bc919b94659486d018c9a6611f660783170bd86010b135a4ba,35a4ba,4,双,小
2026-08-06 11:15:49,85105085,00000000051299bd5e176745227f07a813428bda867e2f1b6b01a14fb841edd8,41edd8,8,双,大
2026-08-06 11:15:53,85105086,00000000051299bece80737e20944bd0bc68386c5774cfbee94b98431482ff15,82ff15,5,单,大
2026-08-06 11:15:57,85105087,00000000051299bfdf75810a9ee6a17a3c4d238f0946d37c7a2ebeb048ef4cd6,ef4cd6,6,双,大
2026-08-06 11:16:01,85105088,00000000051299c0f3f635da301f807f266d6a18cbe0b04a74aecb4a2ad1a85e,d1a85e,5,单,大
2026-08-06 11:16:04,85105089,00000000051299c1628cff516aae1104009e405e1be69074cf40739dae8dbc42,8dbc42,2,双,小
2026-08-06 11:16:08,85105091,00000000051299c32b7b063c49ddde120000e81cd6c6ac685819b8f44ec14747,c14747,7,单,大
2026-08-06 11:16:12,85105092,00000000051299c40d19116468f4482c19bac69c3baedfbbe07a49e90fb86128,b86128,8,双,大
2026-08-06 11:16:15,85105093,00000000051299c56f70fb815a6474a7744ad541b889ddea1ab4d0010af1b5c4,f1b5c4,4,双,小
2026-08-06 11:16:19,85105094,00000000051299c6117eb25bd20430253ff9e5a7c7e766c2e4169ee470be1a96,be1a96,6,双,大
2026-08-06 11:16:23,85105096,00000000051299c8803311b6cef1f526dd817d3eb9c7b3ef4f2e77b5e4980c85,980c85,5,单,大
2026-08-06 11:16:26,85105097,00000000051299c9c7723e7541a50978cbe75da609d728cb19c4d0fb5c1cdd4c,1cdd4c,4,双,小
2026-08-06 11:16:30,85105098,00000000051299ca6db2c090781a81ab9dfd241a14b01416aa60710454636f68,636f68,8,双,大
2026-08-06 11:16:34,85105100,00000000051299ccd07ce53c86b66e80cb62ce569a66057ffe15fb4c5413cfa6,13cfa6,6,双,大
2026-08-06 11:16:37,85105101,00000000051299cdad87a276cc0878575887c37a14473f57476b000ef8f912ce,f912ce,2,双,小
2026-08-06 11:16:41,85105102,00000000051299ce340061609de12a42fbe8e3e7b33a15b5b2e9a1c9fbdca428,dca428,8,双,大
2026-08-06 11:16:45,85105103,00000000051299cfd74115ea7b75cb6566e5f4758e080fe3b811d774b9d27934,d27934,4,双,小
2026-08-06 11:16:48,85105105,00000000051299d153e22533a6efb21d05afdef3f13e173236126b715a3ccc14,3ccc14,4,双,小
2026-08-06 11:16:52,85105106,00000000051299d23ed9193a3efa7928673d66e83c0cd2a25f421ac68000e45a,00e45a,5,单,大
2026-08-06 11:16:56,85105107,00000000051299d3d6eb7d22eed8196a2a19b11c7909d36dcd2c16fb01dfac11,dfac11,1,单,小
2026-08-06 11:17:00,85105109,00000000051299d5cc31512599d578058a97b9775337bc5e820a9fcb8e0af509,0af509,9,单,大
2026-08-06 11:17:07,85105110,00000000051299d6d2d4ab32474df23466038beec4416c209aae93517b0044b5,0044b5,5,单,大
2026-08-06 11:17:11,85105112,00000000051299d89dde25beb7839a9551e3e02b5c57662a935c02b31e6c5e53,6c5e53,3,单,小
2026-08-06 11:17:14,85105113,00000000051299d948f8cb25e29630bf735f182557ea8b23a05932dae8fa6293,fa6293,3,单,小
2026-08-06 11:17:18,85105114,00000000051299daed69e1168d74875d2d58ff3f610147ee61208a99de527aa3,527aa3,3,单,小
2026-08-06 11:17:22,85105116,00000000051299dc11b222a7f5354fe09722c425efea07617e8da134cc852a95,852a95,5,单,大
2026-08-06 11:17:25,85105117,00000000051299ddea41a8f0bf130401638d38a87543772a4f8fccebf4af276f,af276f,6,双,大
2026-08-06 11:17:29,85105118,00000000051299dee5f3552495a00c1c86f006ee8e4c0670f87f2f48b99db19a,9db19a,9,单,大
2026-08-06 11:17:33,85105119,00000000051299df884d4f1bf01f35e76b6034688ced39afc838ae5c9a7fa47c,7fa47c,7,单,大
2026-08-06 11:17:37,85105120,00000000051299e0b24f6bbca228c6d177413b63eaf34030d22cc1da4f141f9d,141f9d,9,单,大
2026-08-06 11:17:40,85105121,00000000051299e12b03a7e0c478603223e175bb4b32b267d5a920924c77ea94,77ea94,4,双,小
2026-08-06 11:17:44,85105123,00000000051299e38a371c688e3a3383981b899436b3629efe3e903a6d58711a,58711a,1,单,小
2026-08-06 11:17:48,85105125,00000000051299e56fe29cce70f4df15dc00f59d2a73496b8342f119b08411ae,8411ae,1,单,小
2026-08-06 11:17:55,85105126,00000000051299e6724ba9d73b1c967d6c6389c797202ede5b087a665b50e675,50e675,5,单,大
2026-08-06 11:17:59,85105128,00000000051299e8c10c753aa32ccbff1dd04381aee1050acc53ec557d8112c4,8112c4,4,双,小
2026-08-06 11:18:02,85105129,00000000051299e9e5f9e0e7e5a155630ed4890770b7d238dad53b4ce2d6a77c,d6a77c,7,单,大
2026-08-06 11:18:06,85105130,00000000051299ea38b03315911af665741f290d553166a46e9e7032cc061108,061108,8,双,大
2026-08-06 11:18:10,85105132,00000000051299ec5956d1e48affa9c7f4c724e2a98c8e763d8de8d08021b890,21b890,0,双,小
2026-08-06 11:18:13,85105133,00000000051299ed3b911be100366e6577384351ceaecff867479728e0278c2c,278c2c,2,双,小
2026-08-06 11:18:17,85105134,00000000051299eeec4a1f8fa3b8bb56ad9ac0189301bb66d31b99b4dc8cdea5,8cdea5,5,单,大
2026-08-06 11:18:21,85105135,00000000051299ef4343dc21fffa2f1ed0bc0b1855107dcf00ef9b5a4b30c426,30c426,6,双,大
2026-08-06 11:18:24,85105136,00000000051299f0b4991c4761a123c856fbaf10bb3bc1ad1977876d3c6697c0,6697c0,0,双,小
2026-08-06 11:18:28,85105137,00000000051299f13efba19eea8e578eaa038a67eaa36f3e28ce2c07e70f5c0e,0f5c0e,0,双,小
2026-08-06 11:18:32,85105139,00000000051299f3895e452fa79156f952fbc7d7f372420c131f36d7d3aa3aa4,aa3aa4,4,双,小
2026-08-06 11:18:35,85105140,00000000051299f4872fa769f96106c698ba8bbdc5ddd9efe48f48de8b7ba25c,7ba25c,5,单,大
2026-08-06 11:18:39,85105141,00000000051299f584142217cc425f4817299d42f7d067c1fac17fb6a331e6bc,31e6bc,6,双,大
2026-08-06 11:18:43,85105142,00000000051299f623d3e4b2499c67c6e848fca54a4f294963c9414be9fbc8b4,fbc8b4,4,双,小
2026-08-06 11:18:46,85105143,00000000051299f733842f86bd2f34c3b65ae70c00dc589a186634ace9dbad5c,dbad5c,5,单,大
2026-08-06 11:18:50,85105145,00000000051299f9f470da2500ed6ffacf8474f0e04916b68db0c338afc9035a,c9035a,5,单,大
2026-08-06 11:18:54,85105146,00000000051299fa332db452c5eb11a1abca489d1953c68f8ff37ef8c9eec1db,eec1db,1,单,小
2026-08-06 11:18:57,85105148,00000000051299fc5a66a1c9d2c2917e53050912103b7893d18b19e0149647d8,9647d8,8,双,大
2026-08-06 11:19:01,85105149,00000000051299fd4e02f290b2b096ddb2359f290642d2fcfe642b2aef117b77,117b77,7,单,大
2026-08-06 11:19:08,85105151,00000000051299ff167658a5c0290803f62550fce8ecf21b4c48f3b0fe5a71e3,5a71e3,3,单,小
2026-08-06 11:19:12,85105152,0000000005129a0033e8a34962835e3c089b5b6c6b51ae85136572277be34336,e34336,6,双,大
2026-08-06 11:19:16,85105154,0000000005129a02cd3f88bef69460b1de434b75f8a6745e7c9180cc6eac685a,ac685a,5,单,大
2026-08-06 11:19:19,85105155,0000000005129a0397f136dfbe7f9f25b6cd422de742770a4af2f4e962aa5763,aa5763,3,单,小
2026-08-06 11:19:23,85105156,0000000005129a0430e6b9f9fe85b70264e52a7b3b4e44216fc8404be8031326,031326,6,双,大
2026-08-06 11:19:27,85105157,0000000005129a054eb0d75af1235a7bc80272e01642a58c3463933cb72c7faa,2c7faa,7,单,大
2026-08-06 11:19:30,85105158,0000000005129a062989c3fd3ca0a332e1c2e2641438b155e253e9f711ec2d05,ec2d05,5,单,大
2026-08-06 11:19:34,85105160,0000000005129a082d3e8d4f31af37b886765cf6d2310ec9f1464dfe112ba8f1,2ba8f1,1,单,小
2026-08-06 11:19:38,85105161,0000000005129a09da9a04ef6448442e47ab0a44e3421d52ad3dc5452f68d7ba,68d7ba,7,单,大
2026-08-06 11:19:41,85105162,0000000005129a0ac39530ca7eb34b7b6b997bd9b36e33119645bbf3a76a9016,6a9016,6,双,大
2026-08-06 11:19:45,85105163,0000000005129a0b712d6d6116ab459e72cf63967c69f279503672b232b951d3,b951d3,3,单,小
2026-08-06 11:19:49,85105164,0000000005129a0c9997e9b178423f97d10dbb80cc9b32f796495d8d283b182f,3b182f,2,双,小
2026-08-06 11:19:52,85105165,0000000005129a0db3b8586747faeb000fba6ecbf0de8299d8e312cae1b28d56,b28d56,6,双,大
2026-08-06 11:19:56,85105167,0000000005129a0ffb50b6ca176393fb5f1c67a9f120e7598c1f2467d0498d2a,498d2a,2,双,小
2026-08-06 11:20:00,85105168,0000000005129a10bc92bbb640fb3b78e2080ddfe8895a727384416a92e46c58,e46c58,8,双,大
2026-08-06 11:20:03,85105169,0000000005129a11f0b9203469ee6d7a97e040b20826396b99d8373377aa5e40,aa5e40,0,双,小
2026-08-06 11:20:07,85105170,0000000005129a12297a447c29af57d9f2c19651b8b9cd9626c87f5d4cf95daf,f95daf,5,单,大
2026-08-06 11:20:11,85105171,0000000005129a13860ac96cc87aa88c01eae66607e9a8bdb37e4c0a8468fd98,68fd98,8,双,大
2026-08-06 11:20:14,85105173,0000000005129a15adc094089134c0e7dfd216d2d2a5bc76d765f4ddbd3c143a,3c143a,3,单,小
2026-08-06 11:20:18,85105174,0000000005129a16dbb4f486c8f4c8209867befb33e7c14fd7f2a7c1df411594,411594,4,双,小
2026-08-06 11:20:22,85105175,0000000005129a17f1ee90f06277954555ffe031cf778d1d36a30ef99b2485ea,2485ea,5,单,大
2026-08-06 11:20:26,85105177,0000000005129a19e6331023d588638e9037b787b1a6adb7c6bca48b5ad43e5b,d43e5b,5,单,大
2026-08-06 11:20:29,85105178,0000000005129a1aec7ecd458e5640a626ee175018de0ef2db502002dfa35d89,a35d89,9,单,大
2026-08-06 11:20:33,85105179,0000000005129a1b97221669d0a99b43d844ad4ad63b521ba7d5963584170ebd,170ebd,0,双,小
2026-08-06 11:20:37,85105180,0000000005129a1c18a3c9be3ab59ea024ca18e5556aeb1635078bb194f409f8,f409f8,8,双,大
2026-08-06 11:20:40,85105182,0000000005129a1e874155141ad5d3ab7dd8acfa348e26ea8e3506f0308ef3ff,8ef3ff,3,单,小
2026-08-06 11:20:44,85105183,0000000005129a1f12530f70fa60543fd54ca488473014df3b228201f55ad292,5ad292,2,双,小
2026-08-06 11:20:48,85105184,0000000005129a2022bb4df436f0333c9685f2cdaa290e7092612285568d3adf,8d3adf,3,单,小
2026-08-06 11:20:51,85105186,0000000005129a22ba77f6d8d4ff13e98fdcf8e6a14f9475b50ae8ff81011843,011843,3,单,小
2026-08-06 11:20:59,85105187,0000000005129a233b2d1088874b97070a88503ca9ff1e53de27983f11cdad48,cdad48,8,双,大
2026-08-06 11:21:02,85105189,0000000005129a25d2b42194a103a3084d9a59fdd7fd92bb679b6d5435c85097,c85097,7,单,大
2026-08-06 11:21:06,85105190,0000000005129a260d98d4ce3fdf823bcb4d717413603d17c2a757460672f45b,72f45b,5,单,大
2026-08-06 11:21:10,85105191,0000000005129a27e4cf997905ca35a4075c5c4f97ae14c9c1816937e26121f1,6121f1,1,单,小
2026-08-06 11:21:13,85105193,0000000005129a29b7ae5f8ed7791115f27e4c03c468939053d798d3696fd785,6fd785,5,单,大
2026-08-06 11:21:17,85105194,0000000005129a2ae379a2e398e59088c9bc13e5b21328b4ceaa58c0c73cd713,3cd713,3,单,小
2026-08-06 11:21:21,85105195,0000000005129a2bc978aeabd281da93ee368b43cce14c732ad16899c1779135,779135,5,单,大
2026-08-06 11:21:25,85105196,0000000005129a2cbe18559539535378adf182173a5ac911fbcb540215c5d001,c5d001,1,单,小
2026-08-06 11:21:28,85105197,0000000005129a2d04518c5106d143bb3ec9d8b683286bbd9f76928bf92ffa7c,2ffa7c,7,单,大
2026-08-06 11:21:32,85105199,0000000005129a2f4c82b8e2b6fec303f92ca9398854aa5214a639190e4322e5,4322e5,5,单,大
2026-08-06 11:21:35,85105201,0000000005129a3158b557bf511c2f10cfa0c42847e765174086b30d60db34a3,db34a3,3,单,小
2026-08-06 11:21:39,85105200,0000000005129a30d0ea632e70865fce999d0a4bc34eee34d3ac330e4c01c0bd,01c0bd,0,双,小
2026-08-06 11:21:43,85105202,0000000005129a325e6046225050fc7a04057c1b844c6397ebbe45d65a0b802f,0b802f,2,双,小
2026-08-06 11:21:46,85105204,0000000005129a34573f61d5efa987ecbe704e8bda8fadc4ddd35c9a24d3e07e,d3e07e,7,单,大
2026-08-06 11:21:50,85105205,0000000005129a353038808dbe5a714e98503efe658fb59ea1ff3d09c2986970,986970,0,双,小
2026-08-06 11:21:54,85105206,0000000005129a36222ebb23b40e96e4cce69335fb8025eadd36b1d43e86af11,86af11,1,单,小
2026-08-06 11:21:58,85105208,0000000005129a38fdefd0c61fc79e446e612a83bc34bd0d95124c9f66a22e23,a22e23,3,单,小
2026-08-06 11:22:01,85105209,0000000005129a39509dc16a31f0caeb3f65115b70b8a6712011395b38f2abd3,f2abd3,3,单,小
2026-08-06 11:22:09,85105211,0000000005129a3b43356a8e213556acfefad0939cd41b6244d52e5aa9569e7e,569e7e,7,单,大
2026-08-06 11:22:12,85105213,0000000005129a3dda4b3aa3fde29b959f0f8430fb5ecb4335ab4ce4e2edaec5,edaec5,5,单,大
2026-08-06 11:22:20,85105216,0000000005129a4009d83050c7c469b104ccd6a0dbef34d8943eb151e7a98c8f,a98c8f,8,双,大
2026-08-06 11:22:27,85105217,0000000005129a41da8071db6e409cdb5bbf237d7bdc50421353a16d6f572420,572420,0,双,小
2026-08-06 11:22:31,85105219,0000000005129a43c2e2e286c49dd1c95f2fb8f7d06915c5fae1a5a9a3117389,117389,9,单,大
2026-08-06 11:22:38,85105221,0000000005129a455e2b0e6d656a0c424d4924db80115ee95cb300de12d5ab1c,d5ab1c,1,单,小
2026-08-06 11:22:42,85105222,0000000005129a46d4bb4339459be8caacd233e2a5485b647bca23a5153111c1,3111c1,1,单,小
2026-08-06 11:22:45,85105224,0000000005129a4896a2dca4e86f530076997aceaf4e3f0561a1ad9f79026507,026507,7,单,大
2026-08-06 11:22:53,85105225,0000000005129a49b1aa7aaadd6ce12a67d30cb0264d70d1dc73b25f96e32b17,e32b17,7,单,大
2026-08-06 11:22:56,85105226,0000000005129a4ae734f03039bc7d2568195b9cdb424f51a7942504b5089718,089718,8,双,大
2026-08-06 11:23:00,85105228,0000000005129a4cec0761ae3a61ff0d661e45768866f0679278849329340ef3,340ef3,3,单,小
2026-08-06 11:23:04,85105230,0000000005129a4e5cab62cdbb1bb4e13d172b395ab5d8c148f168bf2779798f,79798f,8,双,大
2026-08-06 11:23:07,85105231,0000000005129a4f1024859b180b629912bd2e4b81a158c79e4c8c34e8486785,486785,5,单,大
2026-08-06 11:23:11,85105232,0000000005129a50afe6dd4425dd8d748fb9f60e628babf5fe6083cc0455033d,55033d,3,单,小
2026-08-06 11:23:15,85105233,0000000005129a5100a0ec9a808f9cc727041fe66abc76e8b24f3212ea1e8556,1e8556,6,双,大
2026-08-06 11:23:19,85105234,0000000005129a5256e19d0b6bb300bb24e167c3e08fe11341e10158becd3284,cd3284,4,双,小
2026-08-06 11:23:22,85105236,0000000005129a54ed359fd68c82e0c142c9d449b4cb8e058900be3e4416bec8,16bec8,8,双,大
2026-08-06 11:23:26,85105237,0000000005129a5545dfd96f7af3cb2ac239ef428345a7fbdc503063b145410e,45410e,0,双,小
2026-08-06 11:23:30,85105238,0000000005129a56cffc163bc8c19b69d518b59a5b8b6fee536fcc542362e8af,62e8af,8,双,大
2026-08-06 11:23:33,85105239,0000000005129a5777630b8f369b347434cc52d7cc425c468f320d311ba5d3c4,a5d3c4,4,双,小
2026-08-06 11:23:37,85105240,0000000005129a58d589f0c5eb623f8789c028b124bf513faa0fd6553ee6e320,e6e320,0,双,小
2026-08-06 11:23:41,85105242,0000000005129a5a460880620075bf43ba3894e9dfd537ca2ea86ecdba963673,963673,3,单,小
2026-08-06 11:23:44,85105243,0000000005129a5b5358d7208a0f4b732cda7087e306c8a7067f6ba5893a5b4e,3a5b4e,4,双,小
2026-08-06 11:23:48,85105244,0000000005129a5c2afd4a36aee7f34313caa9b0a38b451c7e805aa134ba9deb,ba9deb,9,单,大
2026-08-06 11:23:52,85105246,0000000005129a5e486720c3f966b06d21ee0f5b920cc6df2c9e9a8ee4ad2486,ad2486,6,双,大
2026-08-06 11:23:59,85105248,0000000005129a600e506640212334c4178a3e16ea5a6fe34db9d59c88a718f3,a718f3,3,单,小
2026-08-06 11:24:03,85105249,0000000005129a61faff5493ab3145cc59f7fc5abcabdf356ba792f7e4d981c5,d981c5,5,单,大
2026-08-06 11:24:06,85105250,0000000005129a62ec9d574d58487d1385af52ece9c96894ba200e1220e69835,e69835,5,单,大
2026-08-06 11:24:10,85105252,0000000005129a64824fec6e165a774ba6881ba460a2c71312c385eb7abf8ad1,bf8ad1,1,单,小
2026-08-06 11:24:14,85105253,0000000005129a6558a83cba40b955a7943975da97ab77cdc66faf4ec5a3d440,a3d440,0,双,小
2026-08-06 11:24:17,85105254,0000000005129a665b6e42c4b94ddfa49ef9f8797b229871f8db28511a30c816,30c816,6,双,大
2026-08-06 11:24:21,85105255,0000000005129a67f474039723781a3b520f7f8684cf6c69a68decb7b77704dc,7704dc,4,双,小
2026-08-06 11:24:25,85105256,0000000005129a68da83e4c633286c70747eb197bcd84b781b828f1ff9d029e7,d029e7,7,单,大
2026-08-06 11:24:28,85105258,0000000005129a6acfe993ce10b1fe3ce0236132c7a6f138e5e020ddacf52f28,f52f28,8,双,大
2026-08-06 11:24:32,85105259,0000000005129a6b83de0d3693442d8027769d442c1f35eb9e3b2d2ff4fddeb0,fddeb0,0,双,小
2026-08-06 11:24:36,85105261,0000000005129a6d8d845c65c27e2e19608a898e6b0e5423667fe43e5892727b,92727b,7,单,大
2026-08-06 11:24:43,85105262,0000000005129a6e010599fd820572f8562c15f259ece9b23e92fd3797cc1cc2,cc1cc2,2,双,小
2026-08-06 11:24:47,85105264,0000000005129a70a2c82eb0056e2d8be8c4ccf7a9d1b097be6a30f13dd383e6,d383e6,6,双,大
2026-08-06 11:24:50,85105265,0000000005129a711b3661e19758d7d3a71e095ab44fda819e1c4c5c0c998b10,998b10,0,双,小
2026-08-06 11:24:54,85105266,0000000005129a72bf410869f78c8754eb6adc50cb9d1bee3ba60128cd445f76,445f76,6,双,大
2026-08-06 11:24:58,85105268,0000000005129a74c3672b0910839ba44555e5853e648a3b7fef601456bc97cb,bc97cb,7,单,大
2026-08-06 11:25:01,85105269,0000000005129a7528a5ec6dd17b9f26ee887f5f3a195eab14d23e001004e210,04e210,0,双,小
2026-08-06 11:25:09,85105271,0000000005129a77c51011e3ebb8a34cde4282f4f7de01b1475196b843ddf654,ddf654,4,双,小
2026-08-06 11:25:12,85105272,0000000005129a7862bea821f824c2ae2c27bf364226c6ff41cd2ff726ad26ae,ad26ae,6,双,大
2026-08-06 11:25:16,85105274,0000000005129a7a824733c91604ab88847130850aa99f4af87d67a6974ffd27,4ffd27,7,单,大
2026-08-06 11:25:20,85105275,0000000005129a7b03e3172831c60a15cb2bd8f4f1529d42f5bc9c725e051721,051721,1,单,小
2026-08-06 11:25:23,85105277,0000000005129a7d0123af4d06b193681a9e4961231f4b8cbbd9f9317dfc4546,fc4546,6,双,大
2026-08-06 11:25:31,85105279,0000000005129a7fd13395f50689c188e545ae992b8565baa58cad9c074b4068,4b4068,8,双,大
2026-08-06 11:25:34,85105280,0000000005129a802396c7dd81ad069d73d1ef8e678db6b1c33dd89e5f60f2da,60f2da,2,双,小
2026-08-06 11:25:38,85105281,0000000005129a818f2c9c14ce261d6937dea409817f6d8573f7db7413b29ead,b29ead,9,单,大
2026-08-06 11:25:42,85105282,0000000005129a82f48337dfe2974d822990eb65548197d626bcc9767a523f50,523f50,0,双,小
2026-08-06 11:25:45,85105283,0000000005129a837470ee8ff8fb84ac5e6cfdd5acdb80401d219e5934ca28e4,ca28e4,4,双,小
2026-08-06 11:25:49,85105284,0000000005129a844e35def612ca7b40ee91654f0ffda66fa07280bb8b859447,859447,7,单,大
2026-08-06 11:25:53,85105285,0000000005129a854d18b26c8daf87e1e85f3ff227d430c055dd301201894f6e,894f6e,6,双,大
2026-08-06 11:25:56,85105287,0000000005129a87768ff30d586ee2c8cc4c0906dbb24a1948dce5ed1e1bb9ac,1bb9ac,9,单,大
2026-08-06 11:26:00,85105288,0000000005129a889e358e9ee58dee2be854929a3ca077116d868d22c43206cf,3206cf,6,双,大
2026-08-06 11:26:04,85105290,0000000005129a8a013e882441da20d03be2cf4428253efe63d8e1091192be2e,92be2e,2,双,小
2026-08-06 11:26:08,85105291,0000000005129a8b8df0f99a1e4003ad7f7417f688e8e1eecc73139313343b54,343b54,4,双,小
2026-08-06 11:26:15,85105293,0000000005129a8d768961f36006373d94e77b7c9fe87e341208f9703360b73d,60b73d,3,单,小
2026-08-06 11:26:19,85105294,0000000005129a8ef6c2cb626f22f2fb268f6732425d8ccd9b187ea6ac3264c5,3264c5,5,单,大
2026-08-06 11:26:22,85105296,0000000005129a901f59556b0920d141a7a842f1cb8fdb558cebc98f180370e5,0370e5,5,单,大
2026-08-06 11:26:26,85105297,0000000005129a91b69ffb992215d2c3c66681fb16a40bd865e1176774307cd5,307cd5,5,单,大
2026-08-06 11:26:30,85105299,0000000005129a93e7d1ff16544c55e681971668f4091e30741ff74a63029a0e,029a0e,0,双,小
2026-08-06 11:26:33,85105300,0000000005129a949dfd78cb9e51125ed77961e20fc88fb83c782ad03bd9de18,d9de18,8,双,大
2026-08-06 11:26:41,85105302,0000000005129a967a407eb9eadbbc19df1f6cf307643d5a1f8d4c9c2525efa5,25efa5,5,单,大
2026-08-06 11:26:44,85105303,0000000005129a97c9bc98b7110753db3e7cfde70d1d90da5322242b77f1a6aa,f1a6aa,6,双,大
2026-08-06 11:26:48,85105304,0000000005129a98d21fd03a80c35f67813f3e34eae12ae01cad9e97dad9a44c,d9a44c,4,双,小
2026-08-06 11:26:52,85105306,0000000005129a9a69073627598d845162ee2c2939c9215049da08dbe21a9166,1a9166,6,双,大
2026-08-06 11:26:55,85105307,0000000005129a9b7942c215fb74fccd1654a57d7a1386d6822047c440126daf,126daf,6,双,大
2026-08-06 11:26:59,85105308,0000000005129a9cc4f4da22ae074305935a2359672a1555d3c0cb0efcc8e675,c8e675,5,单,大
2026-08-06 11:27:03,85105309,0000000005129a9d8148545e41201402477631b7100cc8f8a4ed74db4dd02964,d02964,4,双,小
2026-08-06 11:27:06,85105311,0000000005129a9f6b3b111b2f396c6fc4a51c9c258eb33a037aa91d210006f1,0006f1,1,单,小
2026-08-06 11:27:10,85105312,0000000005129aa03e6a32ef0bd199d694f38a4ec60f01a20e850fa043e5be42,e5be42,2,双,小
2026-08-06 11:27:14,85105313,0000000005129aa1b48465d9fdeeaec94ee3b8ac595dc51dde1a73e2e2972247,972247,7,单,大
2026-08-06 11:27:17,85105314,0000000005129aa2164dca454dc0697757b1331fe3ec013e9b28c6a63d38a919,38a919,9,单,大
2026-08-06 11:27:21,85105315,0000000005129aa3238c268eaf30a035130e1ee5caa673905e5c5f8fed11860e,11860e,0,双,小
2026-08-06 11:27:25,85105317,0000000005129aa5be4b021e8bf531fee5503dc3ae56a350dfc97f76bae4e499,e4e499,9,单,大
2026-08-06 11:27:28,85105318,0000000005129aa640b922e64b287bb79ded50a2a43785ea63a8341b09a9a0c2,a9a0c2,2,双,小
2026-08-06 11:27:32,85105319,0000000005129aa70d615cf94ed63b1528ee567a4ee5cf1523fa1e4828872a0f,872a0f,0,双,小
2026-08-06 11:27:36,85105320,0000000005129aa82ed7f4561e34190c8d323ab11f4471d1fb068eade289bba9,89bba9,9,单,大
2026-08-06 11:27:39,85105321,0000000005129aa97249ed081ec8272c211908c4ad1ab7713f64ca26bb35c068,35c068,8,双,大
2026-08-06 11:27:43,85105323,0000000005129aabac95b9cc9c94d671e2656bd9abfc561906b3b9893092a37b,92a37b,7,单,大
2026-08-06 11:27:50,85105325,0000000005129aadbe53f1458b4cf433739ba33376a1d5a578489982fde0a5ef,e0a5ef,5,单,大
2026-08-06 11:27:54,85105326,0000000005129aae1c56be9eed18b316d220e233d6da893341cbadb9da9472ec,9472ec,2,双,小
2026-08-06 11:27:58,85105328,0000000005129ab0fd6aaf163bf83c0c6f81588937bdb000c3a8a62dedbc3ae8,bc3ae8,8,双,大
2026-08-06 11:28:01,85105329,0000000005129ab17b557d08dc3365989b689e1dd09656a28f825b9064539d0a,539d0a,0,双,小
2026-08-06 11:28:05,85105330,0000000005129ab2264fa1d5216149f2bd6446e530baa3b636f9d807e438c5af,38c5af,5,单,大
2026-08-06 11:28:09,85105332,0000000005129ab431c8ea02cf85a553d2a969ebacb35e4c9795bd310103c723,03c723,3,单,小
2026-08-06 11:28:17,85105334,0000000005129ab6f66fb3d11927573937788080a607fe350b1a0dd612c70eda,c70eda,0,双,小
2026-08-06 11:28:20,85105335,0000000005129ab748444d61f4773c686c333c990460c88d91063b0aaa94911c,94911c,1,单,小
2026-08-06 11:28:24,85105337,0000000005129ab95be08c7f4fe753454c08fb24e97adfa09526c6745a8d1994,8d1994,4,双,小
2026-08-06 11:28:28,85105338,0000000005129abaf1da2a0de79252d380749cb5bc3bb430af65aabb13659388,659388,8,双,大
2026-08-06 11:28:31,85105339,0000000005129abbb4e7cb974930d214c593efba75ed2b0a1f8a5da8950b8800,0b8800,0,双,小
2026-08-06 11:28:35,85105340,0000000005129abc4789788b01c9540417505b632cdd1ed5aafd2ea42fa75bc8,a75bc8,8,双,大
2026-08-06 11:28:39,85105341,0000000005129abdd8bca8e4bbf38feeac9e169e1036d198ca633e1e7c30c74b,30c74b,4,双,小
2026-08-06 11:28:42,85105342,0000000005129abe6781aa511113f6e765ccb9aabc7c8768c362eac45e40c665,40c665,5,单,大
2026-08-06 11:28:46,85105344,0000000005129ac029108be30dfb94c243abb85d4633c726e02841225f5acebb,5acebb,5,单,大
2026-08-06 11:28:50,85105345,0000000005129ac13b2f01aeb69f09fdbe741f721bd5296fda88347baf392d0b,392d0b,0,双,小
2026-08-06 11:28:53,85105346,0000000005129ac28e289c4391c655fcccef7f0314c737fbcbbcae3da7f0936f,f0936f,6,双,大
2026-08-06 11:28:57,85105348,0000000005129ac4ea9a14f65a7e04c36c6b6f439f9372210f0757a9d754871f,54871f,1,单,小
2026-08-06 11:29:04,85105350,0000000005129ac6afbb5565ebfd0e59281104d4deba1858210d8f3065f564a1,f564a1,1,单,小
2026-08-06 11:29:08,85105351,0000000005129ac7b6b90c1c8e90950ef9cf99c5f5319624a42175fc94218779,218779,9,单,大
2026-08-06 11:29:12,85105352,0000000005129ac8e7c56b186b39273d0012e1d22a7bb8da9dbf8c341f8a092f,8a092f,2,双,小
2026-08-06 11:29:16,85105354,0000000005129acaa9afd0818e3571d21234beed11d3aea458e48f85cdc02f97,c02f97,7,单,大
2026-08-06 11:29:19,85105355,0000000005129acb8cc8ad6c6eb38a1dc80322d7e09f6e18df4871ebf8b4d78b,b4d78b,8,双,大
2026-08-06 11:29:23,85105356,0000000005129acc35063d6b0e65cb94c06233fa6a2d585970b8ddd4be3cb335,3cb335,5,单,大
2026-08-06 11:29:27,85105357,0000000005129acd79cc8f19e5052c30cffeab755aa878d7139319ffc3ec26de,ec26de,6,双,大
2026-08-06 11:29:31,85105358,0000000005129ace8dbd8c23b55f995f066922b1108c3386ff0640a57d0cfd50,0cfd50,0,双,小
2026-08-06 11:29:34,85105360,0000000005129ad09848569e21dee212eecb6d7efb9bc43897853b552cf17148,f17148,8,双,大
2026-08-06 11:29:38,85105361,0000000005129ad182bbdb41e5d1e4a39df245d542a7c899315108c0bafe6bcb,fe6bcb,6,双,大
2026-08-06 11:29:42,85105362,0000000005129ad2c8896b865980db9765782f3d8735985b4975b1d566059fd5,059fd5,5,单,大
2026-08-06 11:29:45,85105363,0000000005129ad36b3beb82af26a537e48f8a3a41dd9c55946ebe58c654be39,54be39,9,单,大
2026-08-06 11:29:49,85105364,0000000005129ad4011f26e233423017ee25526d4ce54f932cec860a51a7042f,a7042f,2,双,小
2026-08-06 11:29:53,85105365,0000000005129ad51276363531855778ae2add75652e0f43dd941a3119a3ad6b,a3ad6b,6,双,大
2026-08-06 11:29:56,85105367,0000000005129ad79a35b9793fa0ac40622359c2082fc52b1b48470aa2126ac3,126ac3,3,单,小
2026-08-06 11:30:00,85105368,0000000005129ad86ab893a757f52ae2d6ef6a42496c14c02d55b83ecc0f661e,0f661e,1,单,小
2026-08-06 11:30:04,85105370,0000000005129ada6ef34cd8b90805ed4e1991007bc2e398775806a01b14e843,14e843,3,单,小
2026-08-06 11:30:07,85105371,0000000005129adb0c97820f3849022d6e59b6e1db035b259284cba56eed73aa,ed73aa,3,单,小
2026-08-06 11:30:11,85105372,0000000005129adcc7d0c9a8ab459b3545063ffe513ba1f2da85a72f5dc9d5da,c9d5da,5,单,大
2026-08-06 11:30:15,85105373,0000000005129add1128c1db2712be0c202fbc7525ceda96dfbc84b5e2c8d98a,c8d98a,8,双,大
2026-08-06 11:30:19,85105375,0000000005129adfcd62bed6d4206640dfee99d7ba9c5f79b4a9fbc0d4c7142e,c7142e,2,双,小
2026-08-06 11:30:22,85105376,0000000005129ae051ac1432bf2340278b19e8676ef051d3456d47675e2d081e,2d081e,1,单,小
2026-08-06 11:30:26,85105377,0000000005129ae161011b615d83f09c78c344bde716277dfb4e921c265d934c,5d934c,4,双,小
2026-08-06 11:30:30,85105378,0000000005129ae2bf596f26c9007e7354cb61321a583da6accfc60d684068b0,4068b0,0,双,小
2026-08-06 11:30:33,85105379,0000000005129ae3e0a016fed56eb5b67402f2b2671d5d722bd1cf2505e768b1,e768b1,1,单,小
2026-08-06 11:30:37,85105380,0000000005129ae4c4d5eee96373be9ba205b3cf590d88452a5a7b6ea00a1195,0a1195,5,单,大
2026-08-06 11:30:41,85105382,0000000005129ae646b8b2a1516282dc7e221cd655018ac4d778a20b0fb75bd4,b75bd4,4,双,小
2026-08-06 11:30:44,85105383,0000000005129ae747534d9a56a3d90817658c56b80a80eaed6ffae04bb87a18,b87a18,8,双,大
2026-08-06 11:30:48,85105384,0000000005129ae837149f9910884078b9d59b55470ee93575809359b5fd9803,fd9803,3,单,小
2026-08-06 11:30:52,85105385,0000000005129ae98d0d317c96c6b68c4fee7a8f78df7800ab67d7af2f3afd79,3afd79,9,单,大
2026-08-06 11:30:55,85105386,0000000005129aeaa67495ec827ced65b5a726e4f72c0e04be008ed9f2dce2f1,dce2f1,1,单,小
2026-08-06 11:30:59,85105388,0000000005129aec120f620fdd578ed8ab5ca98a629e32dfcba50f7720b14c33,b14c33,3,单,小
2026-08-06 11:31:03,85105389,0000000005129aedb7f996cbaf227fda3481cdec01189df4a09ea28289b0c47a,b0c47a,7,单,大
2026-08-06 11:31:06,85105390,0000000005129aee69fae9981594749bb6fad70fc2168ce1e74d222f00b1a4d2,b1a4d2,2,双,小
2026-08-06 11:31:10,85105391,0000000005129aefcc6420b48d55d4ad82ba49b1aa1be9aa168dda4c258f7b3c,8f7b3c,3,单,小
2026-08-06 11:31:14,85105393,0000000005129af1895421b56877efe5c1f13c166412e6517c6fc9156ae0eb08,e0eb08,8,双,大
2026-08-06 11:31:17,85105394,0000000005129af2244478b1f0e57862344f7d50c6b3502b592c3fa1aee6bc64,e6bc64,4,双,小
2026-08-06 11:31:21,85105395,0000000005129af33bf2890c506b516ed93907caab042fb0f3b6135eece83905,e83905,5,单,大
2026-08-06 11:31:25,85105396,0000000005129af42aba3471883329d211af800a1b6692d81c1f952f9e88189e,88189e,9,单,大
2026-08-06 11:31:28,85105398,0000000005129af6b2d3fd0487e794ea7735eee617041beb06b2d403f23452a4,3452a4,4,双,小
2026-08-06 11:31:32,85105399,0000000005129af77cbb5a58ed2e490ccf31a63fc836039dda90b80b0738f964,38f964,4,双,小
2026-08-06 11:31:36,85105400,0000000005129af8d66e5fd5fb3b32913ea60cf00ffd324643609765b75fabd9,5fabd9,9,单,大
2026-08-06 11:31:39,85105401,0000000005129af9c9137cffa606b4b08f132b7289193e909340f11b8a7e7d50,7e7d50,0,双,小
2026-08-06 11:31:43,85105402,0000000005129afa1078781c4230e6271bbcbe3695396467da1eec4958f9ecbc,f9ecbc,9,单,大
2026-08-06 11:31:47,85105404,0000000005129afc67e8a2f5b38be74b7574e0eb87673f7150974a0c95e5e3cf,e5e3cf,3,单,小
2026-08-06 11:31:50,85105405,0000000005129afddaef6b560b03d404eafe0a52ed1eea288b00db4c471b8c95,1b8c95,5,单,大
2026-08-06 11:31:54,85105406,0000000005129afe49e90afd6cce88d5e08b64b4f4b79d35b2377f34655be04d,5be04d,4,双,小
2026-08-06 11:31:58,85105408,0000000005129b0037e18c1f98c344d0ecc97906b8749440aa6a9ff23e3872e8,3872e8,8,双,大
2026-08-06 11:32:02,85105409,0000000005129b01f9dc627d36cb988cb00d2fbab7a5436331f158a8381eec5a,1eec5a,5,单,大
2026-08-06 11:32:05,85105410,0000000005129b02f461371d67acde6d8c634f24c46bacb356edbaaf537eff03,7eff03,3,单,小
2026-08-06 11:32:09,85105411,0000000005129b038fa66eb90684445798b16be328183b4ec51b9b9f543a7edb,3a7edb,7,单,大
2026-08-06 11:32:13,85105413,0000000005129b0547ca5409f765db2c8846d9a868818a7cd3718ff0bc514668,514668,8,双,大
2026-08-06 11:32:16,85105414,0000000005129b06e747471af6222c594bca82ef1f0e801e51d389376f5cff2b,5cff2b,2,双,小
2026-08-06 11:32:20,85105415,0000000005129b075db3e75d7383b52f84d02aed196169e7fccb8ce9fe735554,735554,4,双,小
2026-08-06 11:32:24,85105417,0000000005129b0981052164f1040a99f59ba10e705e3b8647fec08206bf5297,bf5297,7,单,大
2026-08-06 11:32:27,85105418,0000000005129b0a0c68ff34e675dbaf9af571a28a2fa229abf26994b78dc8e3,8dc8e3,3,单,小
2026-08-06 11:32:35,85105420,0000000005129b0c0d5335319a7a73de0304f1d7d6c50d8ba0555a6e8850e75b,50e75b,5,单,大
2026-08-06 11:32:38,85105421,0000000005129b0d3c485dd63be9dd324151ca422d37359986c250ea5880f869,80f869,9,单,大
2026-08-06 11:32:42,85105422,0000000005129b0e79c826ba904b0c9bcb5eb512590d431d77d06e04248d0fdb,8d0fdb,0,双,小
2026-08-06 11:32:46,85105424,0000000005129b101abca2759d3ebf12ac3a411096775e2626c166b0cb5497ad,5497ad,7,单,大
2026-08-06 11:32:49,85105425,0000000005129b11124bb47b8b739376c10e2f053d3e7c733f1b51a37320b3dd,20b3dd,3,单,小
2026-08-06 11:32:53,85105426,0000000005129b12339eae7e527534ea74366b78793fbdd8f021e45511f2090d,f2090d,0,双,小
2026-08-06 11:32:57,85105425,0000000005129b11124bb47b8b739376c10e2f053d3e7c733f1b51a37320b3dd,20b3dd,3,单,小
2026-08-06 11:33:00,85105429,0000000005129b152a6862afc634bd12454d526f6c244514b8483fda7dae257b,ae257b,7,单,大
2026-08-06 11:33:04,85105430,0000000005129b165a5473bba0b8bf2cf691f2a4f642e842ee34d2d531b42bca,b42bca,2,双,小
2026-08-06 11:33:08,85105431,0000000005129b17afa305c6250feef873c6140b4c6d16678d4f955373a215e6,a215e6,6,双,大
2026-08-06 11:33:11,85105432,0000000005129b183d586c4621fa870351aff7f75af5eaef855fc02eec4733f7,4733f7,7,单,大
2026-08-06 11:33:15,85105433,0000000005129b19ad31a50ce1a8dc16dda4b0bdf5c77a0d8e6bc6b8968ab9f8,8ab9f8,8,双,大
2026-08-06 11:33:19,85105434,0000000005129b1a9308ffc744c7a7022db71db80134b51c7b7377e50d7218a6,7218a6,6,双,大
2026-08-06 11:33:22,85105436,0000000005129b1c590f1cfcd6e8d33b65f6f6b87369c62d5993a881a2028e83,028e83,3,单,小
2026-08-06 11:33:26,85105437,0000000005129b1d88ac714eec90e663d6b38fc65ad12e2a3cd96d7f5f9de783,9de783,3,单,小
2026-08-06 11:33:30,85105438,0000000005129b1eded05a6e421689a87622d3e7ab33c1351fdabf4be1a4c89b,a4c89b,9,单,大
2026-08-06 11:33:33,85105440,0000000005129b20d5d5cd2000b6af4304797b6f6c9192ad1f3ca675e8602b47,602b47,7,单,大
2026-08-06 11:33:37,85105441,0000000005129b214a8e1f2cc4ae2297a0d4bfc65e2c7fdbcd3163bb923cee1d,3cee1d,1,单,小
2026-08-06 11:33:41,85105442,0000000005129b22d2c4c4114ac3f1ca76daa62b01536dabdc3abd3803f1456e,f1456e,6,双,大
2026-08-06 11:33:44,85105443,0000000005129b2386e1fa51c9a4b1ea81d2556d6caf3c0d61cb8de85a4fdfa6,4fdfa6,6,双,大
2026-08-06 11:33:48,85105445,0000000005129b254c08227a1640c51c1417976e9fce06b80f0efeddc3eef058,eef058,8,双,大
2026-08-06 11:33:52,85105446,0000000005129b263acf5c8814e4cd78f955ec710099824f389589511ddaf2e5,daf2e5,5,单,大
2026-08-06 11:33:59,85105447,0000000005129b27ab30eb798c2d414cf0f60243d239a277a4e46390b54e09db,4e09db,9,单,大
2026-08-06 11:34:03,85105449,0000000005129b291aa3b73bb49bba7670ffb99ba4ec90a5ade651c23cae8d09,ae8d09,9,单,大
2026-08-06 11:34:06,85105450,0000000005129b2a7f2c3aef9524c19ad36228eabae2e05a0c047f3e96684f95,684f95,5,单,大
2026-08-06 11:34:10,85105452,0000000005129b2c73ffa38a08761984b6f3df32cb979d6f52fdf3b3e0b24677,b24677,7,单,大
2026-08-06 11:34:14,85105453,0000000005129b2dbf45dfb5c9965d739c2238d0f30c2ffafbdf553ae9d73464,d73464,4,双,小
2026-08-06 11:34:18,85105455,0000000005129b2f13898bfc9e16728aab065936852ef499c92c39e21e0b73b2,0b73b2,2,双,小
2026-08-06 11:34:21,85105456,0000000005129b30e425a92e63eab11c9bfa89b5042e28caac0ed363b6f0b1a1,f0b1a1,1,单,小
2026-08-06 11:34:29,85105458,0000000005129b327ccc5bdb62b07264715ea6a4e2ab47d0f7a45145c588cd90,88cd90,0,双,小
2026-08-06 11:34:32,85105459,0000000005129b33ce27effeb7f5bb5312ae18abc04ed67ee37399c9e7fc7326,fc7326,6,双,大
2026-08-06 11:34:36,85105460,0000000005129b34f20b601c47aa74768f500743813b7b8df014294fc6cde691,cde691,1,单,小
2026-08-06 11:34:40,85105462,0000000005129b36888f3ed7efb1ac390af8c27847de9c7a7a4838d58c92150d,92150d,0,双,小
2026-08-06 11:34:43,85105463,0000000005129b3788694078490b99ee906d5df198a688051a45f75e05080031,080031,1,单,小
2026-08-06 11:34:47,85105464,0000000005129b38b04956d453895df5711aba81e7c7e5f7d87fb619d4ec482d,ec482d,2,双,小
2026-08-06 11:34:51,85105465,0000000005129b39a2a1d42f557dcf0b5a97d552d2e361d06211844ae37273ff,7273ff,3,单,小
2026-08-06 11:34:54,85105466,0000000005129b3ae0eb467ecc4e6aad89b1a7559942a7fa4dedcefd9a5b8b94,5b8b94,4,双,小
2026-08-06 11:34:58,85105468,0000000005129b3c201c7fcc4f776d16871c3ded07762d582783c35c9b032573,032573,3,单,小
2026-08-06 11:35:02,85105469,0000000005129b3d655554371b47eddff6ce818dfb603374f8c9f77c1b55efb6,55efb6,6,双,大
2026-08-06 11:35:05,85105470,0000000005129b3e8c5aa5a2bcce78837cdacf5cbc80f8ad00280a425c65452e,65452e,2,双,小
2026-08-06 11:35:09,85105472,0000000005129b4032a118c8f4e85edae50e4f39cabccd5ee87d577dc56d25dd,6d25dd,5,单,大
2026-08-06 11:35:17,85105474,0000000005129b423dea16019fc6e120d5e7e94693e0985f54f219e83a88e288,88e288,8,双,大
2026-08-06 11:35:20,85105475,0000000005129b43a084d9a0182a87c49ecdbdc509fff4f06df91305bde23bfc,e23bfc,3,单,小
2026-08-06 11:35:24,85105477,0000000005129b458d6f30d06f822e96b2685f73a0bf6320c96209a0d6ac7c6f,ac7c6f,6,双,大
2026-08-06 11:35:31,85105478,0000000005129b46be4dc8b12e7a8a1c14a44bf7beda35ee6a9fbd16907014cb,7014cb,4,双,小
2026-08-06 11:35:35,85105480,0000000005129b48333cb48e478fee676a94791f5377f8f5a0826979f09e3d08,9e3d08,8,双,大
2026-08-06 11:35:39,85105481,0000000005129b4990eb125e3db34615312801dffea7454980afaa010ef893a1,f893a1,1,单,小
2026-08-06 11:35:42,85105483,0000000005129b4b8d8b260bd0a8a8e1855c665437f289d389ec01bfbcea5553,ea5553,3,单,小
2026-08-06 11:35:50,85105485,0000000005129b4d64d41c5efb58480a538da52d51ff6e55dc0a169e4fb2a8bb,b2a8bb,8,双,大
2026-08-06 11:35:53,85105486,0000000005129b4eea1392c6b3603f4c3dc92645a2a172050ebc0bc8b70c45cc,0c45cc,5,单,大
2026-08-06 11:35:57,85105488,0000000005129b5090af180d125dfc0f7538516383be9926d4a69870fbcb6af9,cb6af9,9,单,大
2026-08-06 11:36:01,85105489,0000000005129b5187fd45d1ebcbd066b573c01d3b67c961f47b5cf382cd28a4,cd28a4,4,双,小
2026-08-06 11:36:05,85105490,0000000005129b526cdbfa6ec72ca8969bcdc0a1b6952d5013a0b312e85e3cd6,5e3cd6,6,双,大
2026-08-06 11:36:08,85105491,0000000005129b53e918a68587e473e4968593585bca8183aa93b8ff12f5022e,f5022e,2,双,小
2026-08-06 11:36:12,85105492,0000000005129b545a563eb0cc212fe89e177c47b1bd854719a745dcf575da46,75da46,6,双,大
2026-08-06 11:36:16,85105493,0000000005129b55375d7e5a2f44850c0d207e69995d08d03cbc3a53c23375bd,3375bd,5,单,大
2026-08-06 11:36:19,85105495,0000000005129b5781c136485271f5e67d14571f07bfe270fd828db21b83259c,83259c,9,单,大
2026-08-06 11:36:23,85105496,0000000005129b58d1e2d25ff21703b940e958493b1e5e6a063e17fe554529f0,4529f0,0,双,小
2026-08-06 11:36:27,85105497,0000000005129b59fc2132e7be9447de53441b2cc2da96aa48f58b4e5dd748d2,d748d2,2,双,小
2026-08-06 11:36:31,85105499,0000000005129b5b13007ce674d7b042be5d4d92eef70287a38fcdea26f2dfc3,f2dfc3,3,单,小
2026-08-06 11:36:34,85105500,0000000005129b5c5ca01ea87f9eade66231ca43a64b94a4605b0cf78346b56f,46b56f,6,双,大
2026-08-06 11:36:38,85105501,0000000005129b5d0533301c323453f9a54ef9320174e1e6cdcb1508b156634b,56634b,4,双,小
2026-08-06 11:36:42,85105502,0000000005129b5e200d975db1d4906b16e789a49815f9dd87914036de46edd1,46edd1,1,单,小
2026-08-06 11:36:45,85105504,0000000005129b60ded0bbd7229d821046a846fb49c36d4f56e68af37098b5a1,98b5a1,1,单,小
2026-08-06 11:36:53,85105506,0000000005129b62c9bb843afcbb2512da022302dbc9ff28fcb86a9d60a1ee46,a1ee46,6,双,大
2026-08-06 11:36:56,85105507,0000000005129b63d987a240d94ed4346df929490f22919d1c1a58ee5496b684,96b684,4,双,小
2026-08-06 11:37:00,85105508,0000000005129b649aeb03ee17921530cb8397155fd2a5ed0acae8167d07afad,07afad,7,单,大
2026-08-06 11:37:04,85105510,0000000005129b6631f9b9b0a6c29073f749c83c130a3f0b3beb7f1f6456ea81,56ea81,1,单,小
2026-08-06 11:37:11,85105512,0000000005129b68e4a3395d3d74c4ba1f929cacddc9aa54807a175a85c53186,c53186,6,双,大
2026-08-06 11:37:15,85105514,0000000005129b6a9b8ed030009fcb11c9c64a49fce48b3e42158379ced6063f,d6063f,3,单,小
2026-08-06 11:37:22,85105516,0000000005129b6c68de901d0ba2603f3d5dae8be744be7493ff40db44c70679,c70679,9,单,大
2026-08-06 11:37:26,85105517,0000000005129b6d511acf0d3e3889ad6770043ae9a016ae4e934a1f22a82dfa,a82dfa,2,双,小
2026-08-06 11:37:29,85105519,0000000005129b6f8a97aa9346840351ca22506340210c7f478e017019cfaa61,cfaa61,1,单,小
2026-08-06 11:37:37,85105520,0000000005129b708a6b2573a35bd0e916cd14bf60a9de8ae0db390a63ba2c35,ba2c35,5,单,大
2026-08-06 11:37:48,85105524,0000000005129b742410d7181dcec295c3666d53cff0438922279c72f059a761,59a761,1,单,小
2026-08-06 11:37:52,85105525,0000000005129b751a5da94c3c31f95ce26afaaa32b4e369214bae1aa14a097b,4a097b,7,单,大
2026-08-06 11:37:56,85105527,0000000005129b77fd10a739acc8d07e90f71af0cbbe942f8dc053babf7e3f63,7e3f63,3,单,小
2026-08-06 11:37:59,85105528,0000000005129b783099ba1c60cedc04874364d5f1215396d8555d98360ff3b0,0ff3b0,0,双,小
2026-08-06 11:38:03,85105529,0000000005129b79cca9a712a3721c264c64e4a2fee1354a34a2f01a8f3deadb,3deadb,3,单,小
2026-08-06 11:38:07,85105530,0000000005129b7a4f88c28e3f558e4a308d26aba2e4d1b8d1611d44febb67fe,bb67fe,7,单,大
2026-08-06 11:38:10,85105531,0000000005129b7beee698b6a8500f5d8f307956da4bbdde977fc6da68d67116,d67116,6,双,大
2026-08-06 11:38:14,85105533,0000000005129b7ddc705ac6b17fbfdb9ce7913b944b072917a2f3ab0bd1df2b,d1df2b,2,双,小
2026-08-06 11:38:18,85105534,0000000005129b7e37258a978217afd4d47fdd061c5b208a4903e30f09067d43,067d43,3,单,小
2026-08-06 11:38:21,85105535,0000000005129b7f844180eefb61b30bf72a4b90f5135014b57587cfd7eda3e5,eda3e5,5,单,大
2026-08-06 11:38:25,85105536,0000000005129b808ae9da34d9881f2ddd1d27f67d9841c80e15e10f78b4d9ca,b4d9ca,9,单,大
2026-08-06 11:38:29,85105538,0000000005129b824ad874b074ebd509efbf31470d9cef3f83a66dfa8b46ceed,46ceed,6,双,大
2026-08-06 11:38:32,85105539,0000000005129b8303f49a8b12616f2e366f4a01f5105f62abd836610f0cf1cd,0cf1cd,1,单,小
2026-08-06 11:38:36,85105540,0000000005129b84b1bf239064baa66c65cb3c3aded0ca06ca9df25e6138a5f6,38a5f6,6,双,大
2026-08-06 11:38:40,85105542,0000000005129b86a83241d0b31a43492d1f18f77efc81b1bb6be91352ecc3ee,ecc3ee,3,单,小
2026-08-06 11:38:43,85105543,0000000005129b876128edab8b357b509d13be3796350342237813d75115802a,15802a,2,双,小
2026-08-06 11:38:47,85105544,0000000005129b888f8c5f685816798477a1bbc724c71cda3e111057de2b445c,2b445c,5,单,大
2026-08-06 11:38:51,85105545,0000000005129b893334d07a2e0a8007288e3a6b939a7c61f5c2be63851c34cc,1c34cc,4,双,小
2026-08-06 11:38:55,85105546,0000000005129b8a2c42a81d1b2b8b6f4b30a07103b09ee0f4d0f8ce61d26e37,d26e37,7,单,大
2026-08-06 11:38:58,85105548,0000000005129b8c2a060d791ef14722dda67ed1088d58dc2d6e8caeb5a35af6,a35af6,6,双,大
2026-08-06 11:39:02,85105549,0000000005129b8dcc8a355a179a70ead72ded0d8ded09965ede6b6e3333108f,33108f,8,双,大
2026-08-06 11:39:06,85105550,0000000005129b8e5d8cceebe9eab1ab2bdfa5af4b018bca3c2f6df9f7bf775d,bf775d,5,单,大
2026-08-06 11:39:09,85105551,0000000005129b8f81a7280d2019e68ef6781e23f722c72f38b4595587077669,077669,9,单,大
2026-08-06 11:39:13,85105552,0000000005129b9021a255c1e92258ac663d14a8ae0fe4c73d87dfcad9cd8de5,cd8de5,5,单,大
2026-08-06 11:39:17,85105554,0000000005129b9203a10565ef187652dfdfa9bc1e26e6eae86c98b598dd07cb,dd07cb,7,单,大
2026-08-06 11:39:20,85105555,0000000005129b938e9c9cafa14a5942f4e888213fd30f2b0596bd5a26ae8bbb,ae8bbb,8,双,大
2026-08-06 11:39:24,85105556,0000000005129b94c12332cf95ffc64e0c4cf5e17bc390b8e671168633546068,546068,8,双,大
2026-08-06 11:39:28,85105557,0000000005129b95b0b300c0217ab1186fe0615a21bd76806140c91eee25bcef,25bcef,5,单,大
2026-08-06 11:39:31,85105558,0000000005129b96076d591872dde3880583a5a1a0166be439bfa7751dcfef03,cfef03,3,单,小
2026-08-06 11:39:35,85105560,0000000005129b98f8d51ecec8411ff033cd145c4f8cf983b17e3b7f2dec16cb,ec16cb,6,双,大
2026-08-06 11:39:39,85105561,0000000005129b995c01d002a2900f7d36508fdd99dfbfdac11d4e897876c477,76c477,7,单,大
2026-08-06 11:39:42,85105562,0000000005129b9a6d122ff0c36f804d42cf5fa2f1822ab74f1113dc41ce0791,ce0791,1,单,小
2026-08-06 11:39:46,85105564,0000000005129b9c765eb10c33b36d565e981a7d8fd276d691c2a0c9cf54579a,54579a,9,单,大
2026-08-06 11:39:50,85105565,0000000005129b9dbc053e8ddb564435456f06ce03603672388d5b6d73ad73c8,ad73c8,8,双,大
2026-08-06 11:39:53,85105566,0000000005129b9e58855a85c0096e919fffde73a60fd36b0ded18063feab0b9,eab0b9,9,单,大
2026-08-06 11:39:57,85105568,0000000005129ba0ae541a330911b5c33a1ee91eea54e5b1f80aa383c652cb17,52cb17,7,单,大
2026-08-06 11:40:04,85105570,0000000005129ba2ff7f5650e8b2eb8d0f324c9835a789427c28793fb2484a9c,484a9c,9,单,大
2026-08-06 11:40:08,85105571,0000000005129ba318bba7dabc0df6557820094452de28a54d02bf7dece931a4,e931a4,4,双,小
2026-08-06 11:40:12,85105572,0000000005129ba4e5c432af07d0744157fd344de6a1cf3dd5eaf7e5ffaeb3d6,aeb3d6,6,双,大
2026-08-06 11:40:16,85105574,0000000005129ba6d820225516caf0d3e973c214c84e3410b87930e714c3769e,c3769e,9,单,大
2026-08-06 11:40:19,85105575,0000000005129ba7dd6531c4cc3b5f0e9811961625ab1b854045d20e0481e23f,81e23f,3,单,小
2026-08-06 11:40:27,85105577,0000000005129ba94f8b3acbf20b193dbb5aade4377374b5c38327d7151e556d,1e556d,6,双,大
2026-08-06 11:40:30,85105578,0000000005129baa9d21b52408b64ee730aa142d3d5868fd5297f8180f45af78,45af78,8,双,大
2026-08-06 11:40:34,85105579,0000000005129babcbb0366b71866edc5aeac2c6c168021e552eba36d52dff64,2dff64,4,双,小
2026-08-06 11:40:38,85105581,0000000005129bad729cdadda2d9bec4d5c75a37ea1609c36e0369d73e4550be,4550be,0,双,小
2026-08-06 11:40:41,85105582,0000000005129bae6771f16861bdc4481081e46981ba69eec7940f58214a0fc6,4a0fc6,6,双,大
2026-08-06 11:40:47,85105584,0000000005129bb0a90f74d3b5941509503defcc112515270384223c9762bc4f,62bc4f,4,双,小
2026-08-06 11:40:50,85105585,0000000005129bb1a6988a7e2b6d9c3608d7cb60e1f8644382a4d828033c80a9,3c80a9,9,单,大
2026-08-06 11:40:54,85105586,0000000005129bb24ac4b9afa993464f30bec1fd89788c2818666bbad638a97b,38a97b,7,单,大
2026-08-06 11:40:58,85105587,0000000005129bb38070cac2710109c0890869f113288c64fa5c7f3b8a42db46,42db46,6,双,大
2026-08-06 11:41:02,85105589,0000000005129bb52ca3337257de2a542be8d163cc1931024eba17a1bfb837f1,b837f1,1,单,小
2026-08-06 11:41:05,85105590,0000000005129bb6a9a2ca85f5759f0996da290fd039478d7fe6000d6f123515,123515,5,单,大
2026-08-06 11:41:09,85105591,0000000005129bb7ab3b55c954c7d449b203735ea1f7d1190b37c19e16628ad9,628ad9,9,单,大
2026-08-06 11:41:13,85105592,0000000005129bb8518f8eb551ff37d5630981e847c4df3e3d6a586f5c9fe7b6,9fe7b6,6,双,大
2026-08-06 11:41:16,85105593,0000000005129bb9ceb0a9ee39f398e97edc202fa3ca6eeea7178908f57c110e,7c110e,0,双,小
2026-08-06 11:41:21,85105595,0000000005129bbbb63d77dcf513b2bc2c9dabed41a920007ac9ca2e0563820b,63820b,0,双,小
2026-08-06 11:41:25,85105597,0000000005129bbd2552b0c197a7711d9efa7ea023ba48fbfb04126654d64a5c,d64a5c,5,单,大
2026-08-06 11:41:28,85105598,0000000005129bbe2b69896016a09d92064dbf5e6cd9049d9db8932e71b74d45,b74d45,5,单,大
2026-08-06 11:41:32,85105599,0000000005129bbf4e04661ff8fc0a6c5e535eabda4adcc8299e253bfa36e219,36e219,9,单,大
2026-08-06 11:41:36,85105600,0000000005129bc05b3f1f3a876d02b4f9ae67a0a3607192e89c7eada56776f1,6776f1,1,单,小
2026-08-06 11:41:39,85105601,0000000005129bc1448341ffb9625c32ade8e75e124a661e1f5c91c4294fb902,4fb902,2,双,小
2026-08-06 11:41:43,85105602,0000000005129bc211c02ca0ed23af80a8f3e0d7fc70ec027f736b93de2a5265,2a5265,5,单,大
2026-08-06 11:41:47,85105603,0000000005129bc3c1e074a205e6595d0fea81cab430d1f695f48142e31ae113,1ae113,3,单,小
2026-08-06 11:41:50,85105605,0000000005129bc576429d64fc07eab97fb32b434efab3cae13e7beabb75ade1,75ade1,1,单,小
2026-08-06 11:41:54,85105606,0000000005129bc6d36a047deef7f3018ea29b3d340ef1c826304c70a0d3ee3f,d3ee3f,3,单,小
2026-08-06 11:41:58,85105608,0000000005129bc8773d9ddfcbaa18e5475b7c31e76f6ba58d4c6fe3fafe3b80,fe3b80,0,双,小
2026-08-06 11:42:05,85105609,0000000005129bc94c251a27207d7bbe37e4e521250b9fd7e1317ca8fed06305,d06305,5,单,大
2026-08-06 11:42:09,85105611,0000000005129bcb736c2c8b51df10d43f27bfef02e4ba9e516be1550116aa06,16aa06,6,双,大
2026-08-06 11:42:12,85105612,0000000005129bccc573663b7775852af5cc26772ae111388eb1605fb7c29b1b,c29b1b,1,单,小
2026-08-06 11:42:16,85105613,0000000005129bcdbf8aed8b09b9a3274ca0bd23118bca0cb26a3de6f78f18f2,8f18f2,2,双,小
2026-08-06 11:42:20,85105615,0000000005129bcfe35fef5fd575b4fc53b95ea59fcb9cfdc541c1cfc4d6f674,d6f674,4,双,小
2026-08-06 11:42:23,85105616,0000000005129bd00835f529f9e9807a16c51aa08aa66426a288f83aabb419fe,b419fe,9,单,大
2026-08-06 11:42:31,85105619,0000000005129bd301ae82905e86653b8c18edb5bab464ace0525b0f956447fb,6447fb,7,单,大
2026-08-06 11:42:34,85105620,0000000005129bd46f3119a591ff7791efc9d634ae7f52a75c4cf2aecd40ceb5,40ceb5,5,单,大
2026-08-06 11:42:38,85105621,0000000005129bd5ace0fa0243576649109bb6b9cc9a894d86b98c551b99ec67,99ec67,7,单,大
2026-08-06 11:42:42,85105622,0000000005129bd675bf1cab5b043dac8ddf2b1e58077c673978309453e48513,e48513,3,单,小
2026-08-06 11:42:45,85105624,0000000005129bd85b945e2a052217e6aa04efff0f1682ab90ca493dfae88fd7,e88fd7,7,单,大
2026-08-06 11:42:53,85105626,0000000005129bdacf4096a8cc329d884d4f229a930ade437babd12d3f5ba990,5ba990,0,双,小
2026-08-06 11:42:57,85105627,0000000005129bdb2e39d40e2dfee81b437bd10eacccb5f9552049f7430b3baa,0b3baa,3,单,小
2026-08-06 11:43:00,85105628,0000000005129bdc0bf0efbd6e9f6f8975bc1e8aa0e0856327a02f5f21b3599a,b3599a,9,单,大
2026-08-06 11:43:04,85105630,0000000005129bde2dc785d5f8470676276d21749f9da708bc907bcff8aae73c,aae73c,3,单,小
2026-08-06 11:43:08,85105631,0000000005129bdf50015f173f70ec9305e02a3a02333558972c2e1cfe0b6f46,0b6f46,6,双,大
2026-08-06 11:43:11,85105632,0000000005129be0c93e0ecf1a1c6e886d824a7758fb76f1319b2b2880a5bfce,a5bfce,5,单,大
2026-08-06 11:43:15,85105633,0000000005129be1db86bf8c73d31f5aab2efef595723bb57c273a0c0263e8d7,63e8d7,7,单,大
2026-08-06 11:43:19,85105635,0000000005129be32922c2583b9a5a06b222fbd3dc1bb18c4a1f39c6e4eaa595,eaa595,5,单,大
2026-08-06 11:43:22,85105636,0000000005129be4d5f4db54daa1578f471e96b637077f79a8e21393cb2196b4,2196b4,4,双,小
2026-08-06 11:43:26,85105637,0000000005129be5d612196ae3b9ea5187243f6da4454476bb94ed83e4c3d31c,c3d31c,1,单,小
2026-08-06 11:43:30,85105638,0000000005129be6b7687f05543d969f4d3e291058a7bfae776f30e775bfea1d,bfea1d,1,单,小
2026-08-06 11:43:33,85105639,0000000005129be754cd75d9010bca9c011485f5b3ca76463ea1b6ee6729718b,29718b,8,双,大
2026-08-06 11:43:37,85105640,0000000005129be89b92f74d9d0624254ce4d8b1b71dcd1c2239be0fc96ea94e,6ea94e,4,双,小
2026-08-06 11:43:41,85105642,0000000005129bea3d5d931bb6ba2c825154acfe5166fd7a772dbca05d1c13db,1c13db,3,单,小
2026-08-06 11:43:45,85105643,0000000005129beb3b59f9cffbc529ad30a0ee04f33d8399d9f628e2586cb9a8,6cb9a8,8,双,大
2026-08-06 11:43:48,85105645,0000000005129bed913469f356402bca7dae54d09d3c328600cf79c5ab5b094d,5b094d,4,双,小
2026-08-06 11:43:52,85105646,0000000005129bee6ad18453da8bd888f4587f58f4830c17c1e7e651c0ad0082,ad0082,2,双,小
2026-08-06 11:43:59,85105647,0000000005129bef8cca8873f6e5e25c1f7a4f4a6b32568a77f34c4e05cbead3,cbead3,3,单,小
2026-08-06 11:44:03,85105649,0000000005129bf12a5beffcc224c4d447ada814aac2e4ea95db3293de3e0eb7,3e0eb7,7,单,大
2026-08-06 11:44:07,85105651,0000000005129bf3c2023720811431d67c8544ec0884e5874f74f558e5d3c760,d3c760,0,双,小
2026-08-06 11:44:14,85105653,0000000005129bf5ccfb19d952e8a3353394acd2fd8b215d046c12bbc96ff38b,6ff38b,8,双,大
2026-08-06 11:44:18,85105654,0000000005129bf6d4e0d997040176a16a02fdb8aaed5cd999fd55fdbda4b00a,a4b00a,0,双,小
2026-08-06 11:44:21,85105655,0000000005129bf7d45fb103e8e17045fd333ed8531f3e1b9d9b6860c9e981bb,e981bb,1,单,小
2026-08-06 11:44:25,85105657,0000000005129bf90234efcd5ee6111641efc901271fb94f7bfd82c179f948a3,f948a3,3,单,小
2026-08-06 11:44:32,85105659,0000000005129bfb8f898171a2194c5773370cbd6fecdffb5d890b4c9153c02e,53c02e,2,双,小
2026-08-06 11:44:36,85105660,0000000005129bfce895106c5e4dad7b7fe1223b1d472ebfe81c2546c2ed6ea5,ed6ea5,5,单,大
2026-08-06 11:44:40,85105662,0000000005129bfe637f95c5eaa66d490ef65d2273ff1d0a518d5030c9c687bc,c687bc,7,单,大
2026-08-06 11:44:43,85105663,0000000005129bff33cf195643a38393638e64f46895e5fd4249847c4d0df8b8,0df8b8,8,双,大
2026-08-06 11:44:51,85105666,0000000005129c0247b66b61f12134c77463e648368b2c8d4dfad3d440b5ce2d,b5ce2d,2,双,小
2026-08-06 11:44:58,85105668,0000000005129c04b07ab0d77c181f442595465a487e521c40b5e47fc67688aa,7688aa,8,双,大
2026-08-06 11:45:02,85105669,0000000005129c05b40d7b8f98348710d87d0996ee2ac62958880d50d042c31a,42c31a,1,单,小
2026-08-06 11:45:06,85105670,0000000005129c06088928f0abaacf28443d3890c19e8d62543982718e14da12,14da12,2,双,小
2026-08-06 11:45:09,85105672,0000000005129c08bcb1299709bc1430bf116671a1c5e6b1c26c17700876cfb3,76cfb3,3,单,小
2026-08-06 11:45:13,85105673,0000000005129c09720fcdab9dd842d58dc0678049324bf42bed06b77ddecb15,decb15,5,单,大
2026-08-06 11:45:17,85105674,0000000005129c0aca027ccb02d23b64d1978fc5f980dc1407bb007038d2d99f,d2d99f,9,单,大
2026-08-06 11:45:21,85105675,0000000005129c0bda9dc2019d321103b2585cec706b9fbe8b8a28c153f40b4c,f40b4c,4,双,小
2026-08-06 11:45:25,85105676,0000000005129c0c8f99ee74b04cf45e2e5bafa632bd6401d0763b536f9911e5,9911e5,5,单,大
2026-08-06 11:45:28,85105678,0000000005129c0e738ce2613a87e237c271b924e666792d7ea47a19c88c7269,8c7269,9,单,大
2026-08-06 11:45:32,85105679,0000000005129c0f703594ba1004a0333b10fc2b6a17f7a767431ac137abff46,abff46,6,双,大
2026-08-06 11:45:36,85105680,0000000005129c10fcd407f3dec5e6dbec1e262be72eee3342718ed9542d3c2a,2d3c2a,2,双,小
2026-08-06 11:45:47,85105684,0000000005129c1478961e2f9c500269eff61a1817dce82760e83cdb7cea6c7f,ea6c7f,7,单,大
2026-08-06 11:45:54,85105685,0000000005129c151105fc1994d0f52f264821e0faefaf0e45abe1504faed786,aed786,6,双,大
2026-08-06 11:45:58,85105687,0000000005129c1756a29d1948d8550599b9130bbfa80867775eb7dee0697e51,697e51,1,单,小
2026-08-06 11:46:01,85105689,0000000005129c19df1f6d7e6ea4712e739d75d89a488dd2c75febae81ba73a2,ba73a2,2,双,小
2026-08-06 11:46:05,85105690,0000000005129c1a332aac91702d2ee592f5cf5d90c0b05a55e367ee30d5eae8,d5eae8,8,双,大
2026-08-06 11:46:09,85105691,0000000005129c1b20c1e646fc71b32065d55e9262cd752fc33d33c141eafbd9,eafbd9,9,单,大
2026-08-06 11:46:13,85105692,0000000005129c1c444eaa3a4737db2fe128c2c956336863e9993327fe2d1658,2d1658,8,双,大
2026-08-06 11:46:16,85105693,0000000005129c1dd680a09f752d2c54bf74a713814f9a0b32a7adc574ddca84,ddca84,4,双,小
2026-08-06 11:46:20,85105695,0000000005129c1ff00f88451760c2047f52715eaa71d78bcf95003118d62bbd,d62bbd,2,双,小
2026-08-06 11:46:24,85105696,0000000005129c20f86e624744ad40f1e23bd1705ce5a92812a1c94a51c6f501,c6f501,1,单,小
2026-08-06 11:46:27,85105697,0000000005129c21d01b9eef3945cdf3be7297aacbe61ab0f960749898b4fadd,b4fadd,4,双,小
2026-08-06 11:46:31,85105699,0000000005129c23a902135324f3c93cae8cde7fecc3bd35c0e65d06f16668e9,6668e9,9,单,大
2026-08-06 11:46:35,85105700,0000000005129c246d24801847812c22b8119aeb646c241ee487774dbdf7a6a9,f7a6a9,9,单,大
2026-08-06 11:46:38,85105701,0000000005129c253c4a8f8ff39db1896a36cbb465c7e776dc70f18343f8dd29,f8dd29,9,单,大
2026-08-06 11:46:42,85105702,0000000005129c266d43648dc271ac0ec721823645d99afca5220377757c141d,7c141d,1,单,小
2026-08-06 11:46:46,85105704,0000000005129c285c90624ded65deabcba01bc1d93dc045653998a9c2b6a94a,b6a94a,4,双,小
2026-08-06 11:46:49,85105705,0000000005129c29b627d814b10b38513dd93b40475bfb4820ea78deb1e70e2b,e70e2b,2,双,小
2026-08-06 11:46:54,85105706,0000000005129c2a2583fb73095e3c3f6671916195ee68f021bcdabfcf09abe8,09abe8,8,双,大
2026-08-06 11:46:58,85105708,0000000005129c2c9b42bdb37578969e4c18773e53079a48d99c17fe33f4fa3c,f4fa3c,3,单,小
2026-08-06 11:47:05,85105710,0000000005129c2eba5dd5226a9caf33788830add3c256ef6835bac501e44397,e44397,7,单,大
2026-08-06 11:47:09,85105711,0000000005129c2fbf6674112a862e020feb6c92f4e69e5d77c7bdb940920b2b,920b2b,2,双,小
2026-08-06 11:47:12,85105713,0000000005129c31666060f73b0cfe3fcdbdd0bd4af52b0dee483c4d26023a38,023a38,8,双,大
2026-08-06 11:47:20,85105715,0000000005129c33e96afe85a24727d0c93094bfd7310b8b28dfbad92d9e588d,9e588d,8,双,大
2026-08-06 11:47:23,85105716,0000000005129c348c01d290173af78cb52cc9df365b36b9e8123be558d46d75,d46d75,5,单,大
2026-08-06 11:47:27,85105717,0000000005129c35d215ca611dbec4840c1d1f7d1bedcb33eab0a77395ac68bb,ac68bb,8,双,大
2026-08-06 11:47:31,85105718,0000000005129c36a8c3f25ee514c715b52f02cd70bdf12f20d16f9f3c3d5f56,3d5f56,6,双,大
2026-08-06 11:47:34,85105720,0000000005129c386e0043c3b1efe06edba08133e5c6f63ccd9e7fc2dd48c37c,48c37c,7,单,大
2026-08-06 11:47:38,85105721,0000000005129c39e69658855749551e2694431c69468b125afb892f2f414441,414441,1,单,小
2026-08-06 11:47:42,85105722,0000000005129c3afffb0d9c1b373b49b50261ba5c01a0118392da23399b61c3,9b61c3,3,单,小
2026-08-06 11:47:45,85105723,0000000005129c3bb1d3ebc3aca726a0d94be843cdade0d6dc0af7544d1738a9,1738a9,9,单,大
2026-08-06 11:47:49,85105724,0000000005129c3c7e02c211deff9455605b456f551a682e158db8e1e5cb4720,cb4720,0,双,小
2026-08-06 11:47:53,85105726,0000000005129c3e362a61fd33a41ff06d21fefb8aadf1229da5508e9ee4e706,e4e706,6,双,大
2026-08-06 11:47:56,85105727,0000000005129c3fb400a4740a1393bcd4797af27ae195966b764915626835bc,6835bc,5,单,大
2026-08-06 11:48:00,85105728,0000000005129c4028b4de47f24ed2edd45b8f4c40c6dcf17b1fa866b2009add,009add,9,单,大
2026-08-06 11:48:04,85105729,0000000005129c41bee442661c40b7565dd25fc3d7e1b84e17d2b892306c0149,6c0149,9,单,大
2026-08-06 11:48:07,85105731,0000000005129c43cc36a14e52068389e1a7632ab9b20142ce50c462d0be39b5,be39b5,5,单,大
2026-08-06 11:48:11,85105732,0000000005129c44945971133c91fc7e2e8a6bf85dd3df3d12db8f79e94e0265,4e0265,5,单,大
2026-08-06 11:48:15,85105733,0000000005129c45bf456efb2f536bed0d618c390118464a0ff509ad8dc5de9e,c5de9e,9,单,大
2026-08-06 11:48:19,85105735,0000000005129c4731554f46deda575a58eba3ae7bbf5e46dfabc3f563bf0d50,bf0d50,0,双,小
2026-08-06 11:48:22,85105736,0000000005129c487ee9a5f83e1bb47aa7b9c99154765836715169026ac06de5,c06de5,5,单,大
2026-08-06 11:48:26,85105737,0000000005129c49c81c19d72c0fcddf191a508ca847457760d85f91fbb341fd,b341fd,1,单,小
2026-08-06 11:48:30,85105739,0000000005129c4b9e221f4afa1af6f2d4fd7b8a90614022df392310c4718696,718696,6,双,大
2026-08-06 11:48:37,85105740,0000000005129c4cd7474f744fecbef4e06c823ae722bdf6fe4e6237d362a251,62a251,1,单,小
2026-08-06 11:48:41,85105742,0000000005129c4eccfee4847c2f719caf05af75444213c6ae37812e8a2c76cd,2c76cd,6,双,大
2026-08-06 11:48:44,85105743,0000000005129c4ff7e4bdf5afa3b953c1e3755412ec86d6f326eec1750dace4,0dace4,4,双,小
2026-08-06 11:48:48,85105744,0000000005129c506db16c0aac3c4b2d71f79f58766fc72aaaa73244e68af569,8af569,9,单,大
2026-08-06 11:48:52,85105745,0000000005129c5176123f7415f33378799f68dc59fc8dab97d9bbfe69d7e205,d7e205,5,单,大
2026-08-06 11:48:55,85105746,0000000005129c521e6c868d08f08d06c7186ceaefbf10a53ed6c1e35dc61e26,c61e26,6,双,大
2026-08-06 11:48:59,85105748,0000000005129c54808ffc618999dff7a512102d9441c91f612147d4a2f2cbf4,f2cbf4,4,双,小
2026-08-06 11:49:03,85105749,0000000005129c5596998d8d532ea782f2fb67241ae57f2fa56cbd03b77fbb29,7fbb29,9,单,大
2026-08-06 11:49:06,85105750,0000000005129c56488ea57ae2248f7d49353cb3cdd5e415f0d62149531b281c,1b281c,1,单,小
2026-08-06 11:49:10,85105751,0000000005129c574582695df96a52ec8cb1d3784269415003b251a7ddbc6e05,bc6e05,5,单,大
2026-08-06 11:49:14,85105753,0000000005129c594950ce2d38d380b6d9d55916ac652f2ce9de87705c09d7a5,09d7a5,5,单,大
2026-08-06 11:49:17,85105754,0000000005129c5a73141a8093be7fce1831261845b5eb17300c3e02333e4921,3e4921,1,单,小
2026-08-06 11:49:22,85105756,0000000005129c5cdc5b81cef7b19b4bd05d5eaf1072369dcb1cf914cea4d3d8,a4d3d8,8,双,大
2026-08-06 11:49:29,85105757,0000000005129c5d46b9e7ad0e22e39b9dfd5b3cc8180c16bc97d82885f682e1,f682e1,1,单,小
2026-08-06 11:49:33,85105759,0000000005129c5faacdbe65052b70eb257d7ca193cb52f905017da166fb2c33,fb2c33,3,单,小
2026-08-06 11:49:36,85105760,0000000005129c60f1e93a48c2fc9279e62cc8d637f5e8d0e59aff7785795232,795232,2,双,小
2026-08-06 11:49:40,85105761,0000000005129c6177bf64a4c1f1814522e3b5a2f7cb547df8d5f1b249b179b2,b179b2,2,双,小
2026-08-06 11:49:44,85105763,0000000005129c63a63616cfb18a35ab1b574fc055c8b00eab7796d27676840a,76840a,0,双,小
2026-08-06 11:49:51,85105765,0000000005129c65eb0a8d019b8c74143366ef1df0581111d977ae7a80de26de,de26de,6,双,大
2026-08-06 11:49:55,85105766,0000000005129c66b0d9af4f6a15873d05b06b1ad4f446aafac24800a9dd257f,dd257f,7,单,大
2026-08-06 11:49:58,85105768,0000000005129c68e497fd77179f40ebdd59df9eeafe10c52be34d5fb777a2d3,77a2d3,3,单,小
2026-08-06 11:50:02,85105769,0000000005129c690f722a97c6ebc6af05fe05deeccab3fc4e21227264eed9c7,eed9c7,7,单,大
2026-08-06 11:50:06,85105770,0000000005129c6acf97c238c444d809ddbb5ca7d70341ca5f9e15fddac39bf5,c39bf5,5,单,大
2026-08-06 11:50:09,85105772,0000000005129c6cbaf36a213ffa0c036eaf6b541a46e33e61944363262b7292,2b7292,2,双,小
2026-08-06 11:50:17,85105773,0000000005129c6d777d0d49cf41a030b03f9dece32ab4557b122b366d5dd967,5dd967,7,单,大
2026-08-06 11:50:20,85105775,0000000005129c6fb0a88df0c4b5b2396eb633d6bb156dfc6518b7901f85d1d9,85d1d9,9,单,大
2026-08-06 11:50:24,85105776,0000000005129c70a5a2d3f22fa4d7fb2972b8e4786a6af4e294e0e91c1c4fcf,1c4fcf,4,双,小
2026-08-06 11:50:28,85105777,0000000005129c717ed97c4f0c3cbec2c6071d3b4ca8eb98bf3e873b07ada41d,ada41d,1,单,小
2026-08-06 11:50:32,85105778,0000000005129c728eb03e3624c698bb73960bd641759d28daa2395ec20b227c,0b227c,7,单,大
2026-08-06 11:50:35,85105780,0000000005129c74ff186cf988c1107a01379518baee2d65c25b2ade62b17de9,b17de9,9,单,大
2026-08-06 11:50:39,85105781,0000000005129c75302cabb20428a1d1e90eabd2d66ea351c0bfce914ac0be1b,c0be1b,1,单,小
2026-08-06 11:50:43,85105783,0000000005129c7727867c35b942ebef707f5d318db06d67b97596ab8dd90834,d90834,4,双,小
2026-08-06 11:50:50,85105785,0000000005129c79470906940e2966111946d64b80255ff0c87e4dde93902b41,902b41,1,单,小
2026-08-06 11:50:54,85105786,0000000005129c7af015604a2eb450d61ebbae90a726d5c428073e2a9020836a,20836a,6,双,大
2026-08-06 11:50:57,85105787,0000000005129c7bd99d3da1c48282075998466d69b98627ea1c4355fcc1e115,c1e115,5,单,大
2026-08-06 11:51:01,85105788,0000000005129c7c9885b79c355e72e0c4b4addab333573eafc611bc24a05038,a05038,8,双,大
2026-08-06 11:51:05,85105790,0000000005129c7e56da0b6a5a54f30c097d901f92c7e4c283c1f0bbf8225b92,225b92,2,双,小
2026-08-06 11:51:08,85105791,0000000005129c7f9e9174d7a0f94f3ce8a578357b94834a7c0aaaf6dcc369ae,c369ae,9,单,大
2026-08-06 11:51:12,85105792,0000000005129c8052e6fd58b5ecfea72a212584f7195e55e055ce1939ba82da,ba82da,2,双,小
2026-08-06 11:51:16,85105793,0000000005129c816767cd8f73cf36951638d8ab2fbcb6d9efbf765aeee11535,e11535,5,单,大
2026-08-06 11:51:19,85105794,0000000005129c8246bdeb46b488cda6cadb2d9e04e0c022f01065e451b8addd,b8addd,8,双,大
2026-08-06 11:51:23,85105795,0000000005129c832f9979b0c30c254ade196d2255fbda1d91e144037ce6d789,e6d789,9,单,大
2026-08-06 11:51:27,85105797,0000000005129c854af74ccbf0d9f0815fd90d6d40fa5e2a4bf43ae04c4760e8,4760e8,8,双,大
2026-08-06 11:51:30,85105798,0000000005129c86ca83003cb1206d16dd3d16f24e9bc75fc4b62c5c460aa425,0aa425,5,单,大
2026-08-06 11:51:34,85105799,0000000005129c876dc2be851f4466d71623ddb8962b094d5fbb527aeae27b49,e27b49,9,单,大
2026-08-06 11:51:38,85105801,0000000005129c890bb50bf0974ee391fff393e3560db0b1390078ff4cb2ff06,b2ff06,6,双,大
2026-08-06 11:51:41,85105802,0000000005129c8a6e86b91927c25ca1e026f2f95d0887e948e9297aff9b5d5a,9b5d5a,5,单,大
2026-08-06 11:51:45,85105803,0000000005129c8b4ff218c9f9ebed463d3d6340528533ed936e1da17418cf7c,18cf7c,7,单,大
2026-08-06 11:51:49,85105805,0000000005129c8dd31c4a8bff78e95513dc63045cf06654d60ce79a59635913,635913,3,单,小
2026-08-06 11:51:52,85105806,0000000005129c8ed9ec1906adf0aabaa27e95ef0670fcc7158fdabf5c449458,449458,8,双,大
2026-08-06 11:51:56,85105807,0000000005129c8f6e17135e1b52382d0ea7fa54bf17b0d59d46895dcc40165a,40165a,5,单,大
2026-08-06 11:52:00,85105808,0000000005129c906ecb33beb335ef4491b928fbde087516f712c9e510caa88a,caa88a,8,双,大
2026-08-06 11:52:03,85105809,0000000005129c91813b276b9da5f428dff6c513b25f3e4c709b0142b4783bb1,783bb1,1,单,小
2026-08-06 11:52:07,85105810,0000000005129c92c92f47f59c13b70893d89917b8587c61abc5de9356f59995,f59995,5,单,大
2026-08-06 11:52:11,85105812,0000000005129c940ba1eda055606bebbd44cc257e52980dcdb76f34e1a10c99,a10c99,9,单,大
2026-08-06 11:52:14,85105813,0000000005129c95c57a061335fa80f6ea5ab6cbe7c40ed716020baf8fb73f24,b73f24,4,双,小
2026-08-06 11:52:18,85105814,0000000005129c9688f81dac59e483e0e4201ea3a4b881e816630411273794ad,3794ad,4,双,小
2026-08-06 11:52:22,85105816,0000000005129c9832dfa058a6b73503d65ddff31c22efe389e6a7c5c8694984,694984,4,双,小
2026-08-06 11:52:26,85105817,0000000005129c9925e41bb7721171347003f0a26c2e010f33d3cc65c77546f2,7546f2,2,双,小
2026-08-06 11:52:29,85105818,0000000005129c9a2e570237ff6d15ae388e53f48bf4de8461290d51e2f9713d,f9713d,3,单,小
2026-08-06 11:52:33,85105819,0000000005129c9b79e3a8d242fe13c6ba015633f098d567720e15d5040d97d4,0d97d4,4,双,小
2026-08-06 11:52:37,85105820,0000000005129c9c0f3e3cd197731b1e376372d381e370f7e9823bce16841558,841558,8,双,大
2026-08-06 11:52:40,85105822,0000000005129c9ecab9376c1bf4e9cd8cadcaf4982bde0ac78e16d1cab6bebd,b6bebd,6,双,大
2026-08-06 11:52:48,85105824,0000000005129ca04b5402947a3d32fe3ec8586a92011a337d8474a6af98d7df,98d7df,7,单,大
2026-08-06 11:52:51,85105825,0000000005129ca12e0db7ed2ed9c939ad6d2ba12ab0a5f5630ceafc9144f0fe,44f0fe,0,双,小
2026-08-06 11:52:55,85105826,0000000005129ca20575ad73aa38f60c1b22a7a9726eeae26c1235cc6e468e1e,468e1e,1,单,小
2026-08-06 11:52:59,85105827,0000000005129ca3839100a8d84d5ddc2727543f13c467be5b393ed7946d4f2e,6d4f2e,2,双,小
2026-08-06 11:53:02,85105829,0000000005129ca56cfd43cc6ec92d2b5dac95dbb583f2d0ccb697a620e00774,e00774,4,双,小
2026-08-06 11:53:06,85105830,0000000005129ca66a6501e0ef029e7df588f4c24c4022c31201ccf354f84384,f84384,4,双,小
2026-08-06 11:53:10,85105831,0000000005129ca704b797d0ebacd842d49384ccb869a0fcd6a96955b228cb8c,28cb8c,8,双,大
2026-08-06 11:53:14,85105832,0000000005129ca8a7b789587b733ed68d91761f86e0cdab32bae98a09aa3f92,aa3f92,2,双,小
2026-08-06 11:53:17,85105834,0000000005129caa23c8f83747cdf2e4fad371c37fd958cb9722a78c7f56bdf4,56bdf4,4,双,小
2026-08-06 11:53:21,85105835,0000000005129cab1d0e3c610f61e9afb0d8bf9cb436cb0b653f2fd1012ca482,2ca482,2,双,小
2026-08-06 11:53:25,85105837,0000000005129cad5a033664f4e4d7e92f7e8affd2fbb197f23a9a95a8f1479b,f1479b,9,单,大
2026-08-06 11:53:28,85105838,0000000005129cae7504d449e10cfd8cc854926210dad89d5bf0ef8bb8a5782e,a5782e,2,双,小
2026-08-06 11:53:32,85105839,0000000005129cafb529f4eeaea66592b72f49a53f3fcf93350cc34756d17d87,d17d87,7,单,大
2026-08-06 11:53:36,85105840,0000000005129cb0bf81996135513be7a41822495ea4b6fc7699949038a2872f,a2872f,2,双,小
2026-08-06 11:53:39,85105841,0000000005129cb12fe39ad4b30169ed8a10227a36080b19a1e18d3c0de570b8,e570b8,8,双,大
2026-08-06 11:53:43,85105842,0000000005129cb22f8ec398f0b2f95be58c7af92d41a917af06905691df576a,df576a,6,双,大
2026-08-06 11:53:47,85105844,0000000005129cb4d64a048a960123ef4046d94cec76781eb402e8ddfc719e43,719e43,3,单,小
2026-08-06 11:53:50,85105845,0000000005129cb5617212278d081e3af80e9ec16c6278f4542fbcff8cb596de,b596de,6,双,大
2026-08-06 11:53:54,85105847,0000000005129cb720f073bf85be9eccd041fe608e0e54a3bcd403db8f9e2a47,9e2a47,7,单,大
2026-08-06 11:53:58,85105848,0000000005129cb832bffff453ee83c831c05307b0af5806ebaa4f79de7c03e1,7c03e1,1,单,小
2026-08-06 11:54:05,85105850,0000000005129cbadbdabb4f3664437df5e932530180e6d35b8c503f7d39d8ae,39d8ae,8,双,大
2026-08-06 11:54:09,85105851,0000000005129cbbb035cd61bbcae8a13645ad2f67fd76caa6e13531f1c77b0e,c77b0e,0,双,小
2026-08-06 11:54:12,85105852,0000000005129cbce7fc5ace5d39c27440a72fc72a941be41f1c470b73587a57,587a57,7,单,大
2026-08-06 11:54:16,85105854,0000000005129cbe7bef372af547f4079fa47d4d1713219ae9cd98526bae8486,ae8486,6,双,大
2026-08-06 11:54:20,85105855,0000000005129cbfe6ed565e98f0cb18d61259fde695aa26549408a2f9c36d51,c36d51,1,单,小
2026-08-06 11:54:27,85105857,0000000005129cc139024044e53f3cb5a9b98ad98cdef755ad5c6f103ba8df89,a8df89,9,单,大
2026-08-06 11:54:31,85105858,0000000005129cc27063f72a821924ad2e88aec2a62ceda9f920f9a80405a640,05a640,0,双,小
2026-08-06 11:54:34,85105859,0000000005129cc31b93350f3c758d395429c4c1061419ad6bd12f0a607ceab0,7ceab0,0,双,小
2026-08-06 11:54:38,85105861,0000000005129cc5b84d059d314e99a0a22c1920f574ffd8acac502a9c302fab,302fab,2,双,小
2026-08-06 11:54:42,85105862,0000000005129cc6d3770c15af1127d3663fef06b1983b3e77f3ad0cfa5f6c32,5f6c32,2,双,小
2026-08-06 11:54:45,85105863,0000000005129cc703bc586769fdb17ed1a70cd7ddedfdf35b36bcee887cab82,7cab82,2,双,小
2026-08-06 11:54:49,85105864,0000000005129cc84b15079c3d1def072cf275ccccbca040de7a86bf0ac374af,c374af,4,双,小
2026-08-06 11:54:53,85105866,0000000005129cca0f8c39a8d2b72332e838059045e521c86b9517a2858e769b,8e769b,9,单,大
2026-08-06 11:54:56,85105867,0000000005129ccb39b8b690c0d8e0326fbc58ab39ec16454dae567ca044b6fa,44b6fa,6,双,大
2026-08-06 11:55:00,85105868,0000000005129ccc035c9c0c7b3743fb758e7bf4019f4985630c9fcf58cf91a2,cf91a2,2,双,小
2026-08-06 11:55:04,85105869,0000000005129ccde581c229b33b9528600495c4d03f746dbd02c400c9c0836c,c0836c,6,双,大
2026-08-06 11:55:07,85105871,0000000005129ccf5f71c925f89d34da225f64c10011ff3a0c854ee8574ec6ad,4ec6ad,6,双,大
2026-08-06 11:55:11,85105872,0000000005129cd0dd3bde2e114bd538f3695b2b04d5f82ec99a44b333b11643,b11643,3,单,小
2026-08-06 11:55:15,85105873,0000000005129cd13de8a6d516cee6628d814a64669a4fdf40e9c2d434b0fa55,b0fa55,5,单,大
2026-08-06 11:55:19,85105874,0000000005129cd28fc37ed5f7d4e026a32337568e193eb732bed2d580925676,925676,6,双,大
2026-08-06 11:55:22,85105876,0000000005129cd4d905e0ace9a09245aa579ca2129980040f6c2cdbe0b44767,b44767,7,单,大
2026-08-06 11:55:26,85105877,0000000005129cd51034dc4325c2f89cb68303a7b429a3272d60cd67dc1fcc0b,1fcc0b,0,双,小
2026-08-06 11:55:30,85105879,0000000005129cd77f18d11785cb0beba78ce8d71725914f1bbfa37fd72e30fb,2e30fb,0,双,小
2026-08-06 11:55:33,85105880,0000000005129cd8e34ad796a08c05a98b311d5bc30541ecca0c095db2f6332a,f6332a,2,双,小
2026-08-06 11:55:37,85105881,0000000005129cd9de5a738fd92c0c589bcdff7a7aac6a1ccdb5167e3c240265,240265,5,单,大
2026-08-06 11:55:41,85105882,0000000005129cda481db38abc240009098fb3d6cba19dc0540e6da028a6e7e3,a6e7e3,3,单,小
2026-08-06 11:55:44,85105883,0000000005129cdb29ce553ba9eae6af982f6c3c23015672c55be758f6b77188,b77188,8,双,大
2026-08-06 11:55:48,85105884,0000000005129cdc6cf1a1dcb68feab143270ff696146f3ba1e40db9ce3ce9e3,3ce9e3,3,单,小
2026-08-06 11:55:52,85105885,0000000005129cddb2c6ef4f2e33c1e10b5ff241b24a91546895e1b8088e0859,8e0859,9,单,大
2026-08-06 11:55:55,85105886,0000000005129cdef1c83f5af0d5bc7db54b78b4e80b9cf0b67fd814bc09ccfc,09ccfc,9,单,大
2026-08-06 11:55:59,85105888,0000000005129ce06fef4946ebdb8c59839809d57f7f90f087d4e4499df89e6a,f89e6a,6,双,大
2026-08-06 11:56:03,85105889,0000000005129ce154df3e237aab95e0102512cb4865a000d08eed2a4da47b0a,a47b0a,0,双,小
2026-08-06 11:56:06,85105890,0000000005129ce26d5cc45950449dada41418971edae05f33506db1f3398ab4,398ab4,4,双,小
2026-08-06 11:56:10,85105891,0000000005129ce3c46f0c52537fd675c89ac1f023735fbc47bb91031a9fca8e,9fca8e,8,双,大
2026-08-06 11:56:14,85105893,0000000005129ce538ede4f8d19d0deecc425c27925428bd41adc90f6048c3e5,48c3e5,5,单,大
2026-08-06 11:56:18,85105894,0000000005129ce6179338585969ff23b7f4bff8606ceac456e7392315dcbfdc,dcbfdc,5,单,大
2026-08-06 11:56:21,85105895,0000000005129ce7b3b4ac3e590bf4f72d2c988e96d3deb5fe37517b735bf9ee,5bf9ee,9,单,大
2026-08-06 11:56:25,85105897,0000000005129ce94bd4ec4becb762a6ea33d51085f87de360672be97e0e31a3,0e31a3,3,单,小
2026-08-06 11:56:29,85105898,0000000005129cea117efc6bc28629bfed1165014698fa4708db9f4cbd9d866a,9d866a,6,双,大
2026-08-06 11:56:32,85105899,0000000005129ceb7ff16d00377ed4c3c94051cb8c0e505123f1be907919099e,19099e,9,单,大
2026-08-06 11:56:36,85105900,0000000005129cecf2575b1c9897ab3986eee8b8a4ac620f271b82d3b7c31839,c31839,9,单,大
2026-08-06 11:56:40,85105902,0000000005129ceed56dfddfb336f0ceee1c3458afb79f33c9816f46f5686041,686041,1,单,小
2026-08-06 11:56:47,85105904,0000000005129cf0869c74b00f5ee8f741241dce3b94522a34318c2cdbda36ea,da36ea,6,双,大
2026-08-06 11:56:51,85105905,0000000005129cf173878665cfe4aabbb9509de691e0251d300d469f6b425e60,425e60,0,双,小
2026-08-06 11:56:54,85105906,0000000005129cf276f51b871081b7474276b4eabb3279b40457aafb9f4d6d2d,4d6d2d,2,双,小
2026-08-06 11:56:58,85105907,0000000005129cf34699458b368ecb5db9a45addd5c65acb1e29addc41621e9c,621e9c,9,单,大
2026-08-06 11:57:02,85105909,0000000005129cf51d718451070e1e5e6ecbdc169783f3f2d29fa20d62fbefc4,fbefc4,4,双,小
2026-08-06 11:57:05,85105910,0000000005129cf69ef8660622eaae24ad5ea86e396d9a7162554624a376b0be,76b0be,0,双,小
2026-08-06 11:57:09,85105911,0000000005129cf70240559eded242acbefce5324aab2a1c804caf5c8401098d,01098d,8,双,大
2026-08-06 11:57:13,85105912,0000000005129cf82d67ad1b7178ab2029e23f91082e96d029769ab9d284a8fb,84a8fb,8,双,大
2026-08-06 11:57:16,85105914,0000000005129cfa4ef1bc4e9bd0a49cc045d1cef4f6a2d092ca80efb39bd848,9bd848,8,双,大
2026-08-06 11:57:20,85105915,0000000005129cfbf24e382179bfd3f6f43d1f291746e199654a8a6838f03a63,f03a63,3,单,小
2026-08-06 11:57:24,85105916,0000000005129cfcdac0466d7deb2495113274bf6915a0670f168e2b63965784,965784,4,双,小
2026-08-06 11:57:27,85105918,0000000005129cfe2636554a7c6b68f876d3559a4cea8ff248be42ec821fbbe4,1fbbe4,4,双,小
2026-08-06 11:57:31,85105919,0000000005129cff2207981b2df82843b62760792a3907c3ab4f4efa326e60f8,6e60f8,8,双,大
2026-08-06 11:57:35,85105920,0000000005129d00d26d36381d52b5413e0c5085e67f8c311ad4d9dc492b0670,2b0670,0,双,小
2026-08-06 11:57:38,85105921,0000000005129d01096ba47df25f1d870253fda3a3ef57b7fb6212f397d1cd6a,d1cd6a,6,双,大
2026-08-06 11:57:42,85105923,0000000005129d039ff5abfbcd5499d30e1813396c1c3b64e882128e056d632f,6d632f,2,双,小
2026-08-06 11:57:49,85105925,0000000005129d05c4a841ab09c87dfb1010c4eb3b0c17e6136554002c53773d,53773d,3,单,小
2026-08-06 11:57:57,85105927,0000000005129d07aacb2318c81c0e159206bb3d0c37f345f3ed5fa37a0f7274,0f7274,4,双,小
2026-08-06 11:58:01,85105928,0000000005129d08a2af24862f3c8876240ee0e0168f8e37df6e1a03f153f17d,53f17d,7,单,大
2026-08-06 11:58:04,85105930,0000000005129d0a21ca72a523fc9bf1b1520644d752aa8e1bf0f0f28c6c9da5,6c9da5,5,单,大
2026-08-06 11:58:12,85105932,0000000005129d0cdef7ea9501dedae7107a6e15fd085eb1c09dd6f74c890184,890184,4,双,小
2026-08-06 11:58:15,85105934,0000000005129d0e44ff2436fc664e2de6ce20004e285b271410bb1eb7264229,264229,9,单,大
2026-08-06 11:58:19,85105935,0000000005129d0fd9178bcb9a84098e3e7053b772e3ba1eec135ad3ca39aad4,39aad4,4,双,小
2026-08-06 11:58:23,85105936,0000000005129d10882350a61b08561f9b87260d6be8364bfff8f053c4c6fec3,c6fec3,3,单,小
2026-08-06 11:58:26,85105937,0000000005129d11033deb5b804bc3629140ca130eee1bbd600987819eb6b5b4,b6b5b4,4,双,小
2026-08-06 11:58:30,85105939,0000000005129d1317eb2fbb5eebe1f9a1173a8535c57040eadc37ddbb20cff4,20cff4,4,双,小
2026-08-06 11:58:37,85105941,0000000005129d151be73e34943202e3f88e846628a66903b4ac8d5aaf55d883,55d883,3,单,小
2026-08-06 11:58:41,85105942,0000000005129d16950d08591b614260ca5c13bfddedc2361e2b638c20431dd7,431dd7,7,单,大
2026-08-06 11:58:45,85105943,0000000005129d173eb47aad05d07ad7b719e49fe2e9a01fc3b7334212a42809,a42809,9,单,大
2026-08-06 11:58:48,85105944,0000000005129d182ea98d13bd95672959118c2f4cea77b1dc25462537fb4787,fb4787,7,单,大
2026-08-06 11:58:52,85105946,0000000005129d1a2f394d1fa0d64697f6dd7adbd1edc98f3e6075d231d6c694,d6c694,4,双,小
2026-08-06 11:59:00,85105948,0000000005129d1cd59387a2235b0ba3c7ba671b9a7c505f24650f48ec6e6e9c,6e6e9c,9,单,大
2026-08-06 11:59:03,85105949,0000000005129d1d4881f3768da38fcdb8b6081c80d5a8a33b08531a1e7cd6b5,7cd6b5,5,单,大
2026-08-06 11:59:07,85105951,0000000005129d1ff62ea552e19260c9f28dfdc0bda6fbb09354a5bd1e37ce87,37ce87,7,单,大
2026-08-06 11:59:11,85105952,0000000005129d202655b816a133104ee4c7b50e32b8201f7d723325670c824b,0c824b,4,双,小
2026-08-06 11:59:14,85105953,0000000005129d21e77e07a083315e0834d466b7d467b632b45f0d780aac2bee,ac2bee,2,双,小
2026-08-06 11:59:18,85105954,0000000005129d22695f15737154bad6bac4331716f9e0a3fa429490ed9be531,9be531,1,单,小
2026-08-06 11:59:22,85105956,0000000005129d24a66a9f4622b34e34acfd7dca0c67027d1af6628d01c58bf6,c58bf6,6,双,大
2026-08-06 11:59:26,85105957,0000000005129d2502414b545fca9c0b78e8897a50961bc0c47bfac0269f9970,9f9970,0,双,小
2026-08-06 11:59:29,85105958,0000000005129d2637b4e290a2cbe1ee26fb17e05d7366eabaebf8a8b36f77d5,6f77d5,5,单,大
2026-08-06 11:59:33,85105959,0000000005129d2745d46e36091f58b77ffd0e87962bbb199c727ddc01823f56,823f56,6,双,大
2026-08-06 11:59:37,85105960,0000000005129d2894e07986adbead27d96fd138eba613c3d31200171fb7e315,b7e315,5,单,大
2026-08-06 11:59:40,85105962,0000000005129d2ad0cdcba38bbac1af03ed8185ab2e80056a617ee0387a64ad,7a64ad,4,双,小
2026-08-06 11:59:44,85105963,0000000005129d2b66a8264c8fdd6e43d62357b9f9df361db35a334679aca5c6,aca5c6,6,双,大
2026-08-06 11:59:48,85105965,0000000005129d2d4da6ad7eab5a5d47adf50112ec6dc924c31583d75f513627,513627,7,单,大
2026-08-06 11:59:51,85105966,0000000005129d2e2c70f872089d5294582e1311473e2c0a0569fc60c296e47a,96e47a,7,单,大
2026-08-06 11:59:55,85105967,0000000005129d2f23ad743d2f195d0d899e257e47ef9c73947fb8fffc31e42b,31e42b,2,双,小
2026-08-06 11:59:59,85105968,0000000005129d304720ccffbe1de15f9aad0d722b54c9b76df587116140e375,40e375,5,单,大
2026-08-06 12:00:02,85105969,0000000005129d31b794a4854fc7df23bc3f6fc443f5fff31d89c66db52e3fa6,2e3fa6,6,双,大
2026-08-06 12:00:06,85105970,0000000005129d321814743420564c1d6ccbf1668a28e1e5c46712415e20d53e,20d53e,3,单,小
2026-08-06 12:00:10,85105972,0000000005129d3463e84022bbe45830950b918bf9853f1d09988bfdeac0114e,c0114e,4,双,小
2026-08-06 12:00:13,85105973,0000000005129d3594f168f68bbe0256170801e52145168516fc33105c8623b0,8623b0,0,双,小
2026-08-06 12:00:17,85105974,0000000005129d36d1dbe5b6a63db0a1233e105384fe2afe0a0c0b0abf817a45,817a45,5,单,大
2026-08-06 12:00:21,85105975,0000000005129d377549801083c35136b8c6e1d84add6d301803a102e60dc176,0dc176,6,双,大
2026-08-06 12:00:25,85105976,0000000005129d38b5423d3d0c986889026418617f11b7d94594de1d2a9c8601,9c8601,1,单,小
2026-08-06 12:00:28,85105978,0000000005129d3afd8535f1ef1841762bdf32a3d5bb6f74381a181a15a1c26f,a1c26f,6,双,大
2026-08-06 12:00:32,85105979,0000000005129d3b0432a832675a3b209c164ac7bef7ea3fa18ef89468cc0085,cc0085,5,单,大
2026-08-06 12:00:36,85105980,0000000005129d3c379151709a9962d2bbd35708b3751e87ac658ed2224ddb33,4ddb33,3,单,小
2026-08-06 12:00:39,85105981,0000000005129d3d225f1ea90936a22418d2fc1dc5d95ae77dfb090cb649ad71,49ad71,1,单,小
2026-08-06 12:00:43,85105982,0000000005129d3e885724000d456487cfad8131d10b0d971cb2c3a707612815,612815,5,单,大
2026-08-06 12:00:47,85105984,0000000005129d40b04380763f485b861d988a007eb4b879ff5930e97595d067,95d067,7,单,大
2026-08-06 12:00:54,85105986,0000000005129d427104d5dd2ba093de9467978e1225543bac9cecb337c69e06,c69e06,6,双,大
2026-08-06 12:00:58,85105988,0000000005129d4404f6d3143553d097b2f78d0124da6cf76d2d94047f2f8a87,2f8a87,7,单,大
2026-08-06 12:01:01,85105989,0000000005129d45a704d41de49f2a24ffee6b3af529a2fac3704ded597fb677,7fb677,7,单,大
2026-08-06 12:01:09,85105991,0000000005129d476e9b9463d1d6c479ebae531593814977e7c7c5f98c1e8066,1e8066,6,双,大
2026-08-06 12:01:12,85105992,0000000005129d486cd473cf5926e2e514851faa94be0de9664a74e25eaa07f9,aa07f9,9,单,大
2026-08-06 12:01:16,85105993,0000000005129d493529b452d2f89e17bd2ce5846b2387e53673b06da6763944,763944,4,双,小
2026-08-06 12:01:20,85105995,0000000005129d4bccafce4a939dbcfd0e28460e3a081cc2fead3c14e2da742f,da742f,2,双,小
2026-08-06 12:01:23,85105996,0000000005129d4c4492d62c81e4bf0d3e3163685873b3b0a4705ebd3305299b,05299b,9,单,大
2026-08-06 12:01:27,85105997,0000000005129d4d223e31bbb427ea91119a11ef473d9af4b5a108fa8266ad6e,66ad6e,6,双,大
2026-08-06 12:01:31,85105998,0000000005129d4e5f92a5949f676946adcd5e44d990539c344da823e78a5dac,8a5dac,5,单,大
2026-08-06 12:01:34,85106000,0000000005129d50cc489830b6271cde87b4afed14e4ef2f4a082fd9d0c310db,c310db,0,双,小
2026-08-06 12:01:38,85106001,0000000005129d5137cd4e7feda6d82a0a33f03aeabde176b06af166bc54ea8f,54ea8f,8,双,大
2026-08-06 12:01:42,85106002,0000000005129d52cadb3d21912f673a6d78b0b00926ddd199496529f66cca54,6cca54,4,双,小
2026-08-06 12:01:45,85106003,0000000005129d5306901d3e79b89c64069067446523efa656e1a94656e6c113,e6c113,3,单,小
2026-08-06 12:01:49,85106005,0000000005129d5570cca1470ef96d69a97ad81d9af28f9fb0d310b079270b70,270b70,0,双,小
2026-08-06 12:01:53,85106006,0000000005129d56b54ae1a573256011abfc0f5ac1e520fe9d5435d17b071357,071357,7,单,大
2026-08-06 12:01:57,85106007,0000000005129d57a7faac860075056910cf48bb9b5e0aca0e6f1853e417c81c,17c81c,1,单,小
2026-08-06 12:02:00,85106008,0000000005129d58852f825dc55488894d5f5c0111048052aad4a05ad33119e1,3119e1,1,单,小
2026-08-06 12:02:04,85106009,0000000005129d59e24664cf400641fc0b9020d141733e8e15830f3b439884e0,9884e0,0,双,小
2026-08-06 12:02:08,85106010,0000000005129d5a0c063811abf7870bc703b5ba356f2799f911c5c32f246683,246683,3,单,小
2026-08-06 12:02:11,85106012,0000000005129d5ce1dec32bb597fa88933ae677be12504cccd55ff13a43cb97,43cb97,7,单,大
2026-08-06 12:02:15,85106013,0000000005129d5df76d7be5fde655bd54ed5f4113ed898a257573c60233d8d4,33d8d4,4,双,小
2026-08-06 12:02:19,85106014,0000000005129d5e7f22a2b60b4226e9d3c71bbcad79aefae49f54dc6dd16232,d16232,2,双,小
2026-08-06 12:02:23,85106016,0000000005129d6006b44391d13172d9299235f32585d7eaf25fcb284dba979c,ba979c,9,单,大
2026-08-06 12:02:26,85106017,0000000005129d61480938007dddf79d72c8cdb4ff7735a30babf437bc25bcd5,25bcd5,5,单,大
2026-08-06 12:02:30,85106018,0000000005129d62ce898ae644b00e84ee115f57a72770b2557708ce96c0e2f7,c0e2f7,7,单,大
2026-08-06 12:02:34,85106019,0000000005129d636e823a675b2e96ecf8731ab2f58d9d48651755eabc493e9d,493e9d,9,单,大
2026-08-06 12:02:37,85106021,0000000005129d65b023fd6e990aec16593529eecbd1ce0ce41c4b3487df6d61,df6d61,1,单,小
2026-08-06 12:02:45,85106023,0000000005129d67a9d3c71b8719e81c5cbd8aaa8079021aa467a9c5a84b9bbe,4b9bbe,9,单,大
2026-08-06 12:02:48,85106024,0000000005129d68d048a78cb8110061c92aff25afd0cefa996aa1297b8c6510,8c6510,0,双,小
2026-08-06 12:02:52,85106025,0000000005129d6978cdd4d567bfaa258b5db325e1540c048e061e72597333cf,7333cf,3,单,小
2026-08-06 12:02:56,85106027,0000000005129d6ba68e4e1388d3ea51668b8da3fa51e47faaf1ee9a8ba25f47,a25f47,7,单,大
2026-08-06 12:03:00,85106028,0000000005129d6cbcea918063054c8d346a319e6351e3cb1368a4f8dc45d371,45d371,1,单,小
2026-08-06 12:03:03,85106029,0000000005129d6dbcec2e7d7ca43f34816fcff193a868204f822e468846fd0e,46fd0e,0,双,小
2026-08-06 12:03:07,85106030,0000000005129d6e899bb1c781a37e0deeace59265efc58acaf45dcea308593c,08593c,3,单,小
2026-08-06 12:03:11,85106032,0000000005129d7024f4bbc8d06aa5e07932b189746724505c99eb9de232ef26,32ef26,6,双,大
2026-08-06 12:03:14,85106033,0000000005129d7196c06a4c3a0957a6dce8d420df858ea2088995717ea4f389,a4f389,9,单,大
2026-08-06 12:03:18,85106035,0000000005129d73076f865e4647cb27a0fe1112a71d423290e5cddf96a735ec,a735ec,5,单,大
2026-08-06 12:03:25,85106037,0000000005129d75080db8c51c6cb831573c299af78341a5af42f5fd2f53ab4c,53ab4c,4,双,小
2026-08-06 12:03:29,85106038,0000000005129d76e6018a13d7c7007610353b4ee07de464507b421703e509f9,e509f9,9,单,大
2026-08-06 12:03:33,85106040,0000000005129d78e65a7bc5f9c4e3fcdffa4e512a52027593d49fa37febc6b2,ebc6b2,2,双,小
2026-08-06 12:03:37,85106041,0000000005129d79f52b40d3e162f2ca854c4f2e0e579d60d96a42825e202cef,202cef,2,双,小
2026-08-06 12:03:40,85106042,0000000005129d7acdaec86f8282b412065e927a4c5ee5cfa3e37ffae5b5da5c,b5da5c,5,单,大
2026-08-06 12:03:44,85106043,0000000005129d7b15be2b5be1461c04ccd9dd25934d57e9e1ad1c25c540e95d,40e95d,5,单,大
2026-08-06 12:03:48,85106044,0000000005129d7c0ed2901fbb8f6e11bb68aa4c9da8143f67662ec84b011727,011727,7,单,大
2026-08-06 12:03:51,85106045,0000000005129d7d52b0b98da34abe45e6b9afd95a5bcfe11afdc84c08d900d4,d900d4,4,双,小
2026-08-06 12:03:59,85106047,0000000005129d7ff258a7a788d982339e11d968c8dea8a989875150731da130,1da130,0,双,小
2026-08-06 12:04:02,85106048,0000000005129d80ba9cb925e9b1bdb80191a484b855dd2eb706891af798f9b2,98f9b2,2,双,小
2026-08-06 12:04:06,85106050,0000000005129d82909efc840571a22de5d2ce180b1b05800b8c807ff796f569,96f569,9,单,大
2026-08-06 12:04:10,85106051,0000000005129d8341f030d673349eea2d49ed0831e14cad0824595a3f525e80,525e80,0,双,小
2026-08-06 12:04:14,85106053,0000000005129d8595188fb2170c2d01c33cd3eeb540812f6bd914b564a2fa83,a2fa83,3,单,小
2026-08-06 12:04:17,85106054,0000000005129d86aa0d726ca3334b691277dbfe38e53f83f91bb182e23c87a1,3c87a1,1,单,小
2026-08-06 12:04:21,85106055,0000000005129d87c840443d56471299ca983f366f23ee739f6a4afbc388a45e,88a45e,5,单,大
2026-08-06 12:04:25,85106056,0000000005129d88bdf7855e0e6b9343c44942796b08f0b27e033090134172b3,4172b3,3,单,小
2026-08-06 12:04:28,85106058,0000000005129d8a7c18141694296fc6b89d17a257f3d1e408f926559c90d722,90d722,2,双,小
2026-08-06 12:04:32,85106059,0000000005129d8b3991d13fdd9b1696bc7745db62538d6300ac72344115f321,15f321,1,单,小
2026-08-06 12:04:36,85106060,0000000005129d8c84e169c391b030ad7ae1b1cb33402b4ae57bd3557d504935,504935,5,单,大
2026-08-06 12:04:39,85106061,0000000005129d8d6785dc3a9842ede92f30b2c1276d84cfafbb8f613d8d7aad,8d7aad,7,单,大
2026-08-06 12:04:43,85106062,0000000005129d8e3773ed2fab8ff3240316c655cadc59f38af17c70db03b4c5,03b4c5,5,单,大
2026-08-06 12:04:47,85106064,0000000005129d902c679181e17529b5b63672e58bb2624b3db495a8170ae8d5,0ae8d5,5,单,大
2026-08-06 12:04:50,85106065,0000000005129d91e7421de971f396cc282147a003b051e53aaadd33ba4282dc,4282dc,2,双,小
2026-08-06 12:04:58,85106067,0000000005129d93796afdae194b60af5bda589e71e325529a0f3867e98cfccf,8cfccf,8,双,大
2026-08-06 12:05:01,85106069,0000000005129d95f51dd60b937d48d8dbf0f858453ed59a6a583e1247456e5a,456e5a,5,单,大
2026-08-06 12:05:09,85106071,0000000005129d97787aad8d802961ee7ae11d3c15c1ea5fe93f973cd8ccd877,ccd877,7,单,大
2026-08-06 12:05:16,85106073,0000000005129d993d8c1f4986f1684455882af29a86f35dd9c3cc23cc3a8c4b,3a8c4b,4,双,小
2026-08-06 12:05:20,85106075,0000000005129d9b269154b6d2657ebccbbba410b79236fa72d0a64165ef56da,ef56da,6,双,大
2026-08-06 12:05:23,85106076,0000000005129d9c0e7666d74736fa8410af75c35bb83b42050dc486d8b2ba4a,b2ba4a,4,双,小
2026-08-06 12:05:27,85106077,0000000005129d9db983f4003098cb6102127b3c0bc81b5872ea6dabe5bd0da4,bd0da4,4,双,小
2026-08-06 12:05:31,85106079,0000000005129d9f241c7ae96f202af85c969b1c25e7259be6d26fcd48bb1cbb,bb1cbb,1,单,小
2026-08-06 12:05:34,85106080,0000000005129da00962fc5755d11e6d0b287390e6b527f46237b3eb13a1eb84,a1eb84,4,双,小
2026-08-06 12:05:38,85106081,0000000005129da16c37c397a805911c488eb60514d97fbe597732bb903c1c8b,3c1c8b,8,双,大
2026-08-06 12:05:42,85106082,0000000005129da23f9ce277ec2b166d7b8beeccb109ddafd37cd52c4737d6c8,37d6c8,8,双,大
2026-08-06 12:05:45,85106083,0000000005129da37214a731ef0dab21a35f72b42e3387594338cd7f11c2f3a4,c2f3a4,4,双,小
2026-08-06 12:05:49,85106084,0000000005129da4fe8010bda1360c0cdce714666448fe59ed2be4f4690586c1,0586c1,1,单,小
2026-08-06 12:05:53,85106086,0000000005129da6856fcd13e9a02f752d12d8bce1b42415820234de2869fdea,69fdea,9,单,大
2026-08-06 12:05:57,85106087,0000000005129da78c30ee31c87cb78822cbffcb0143a063d825e0252402c5dd,02c5dd,5,单,大
2026-08-06 12:06:00,85106089,0000000005129da991a2495b4aaf1bc01459fdde8ab473225a622d0f5eb87fbb,b87fbb,7,单,大
2026-08-06 12:06:04,85106090,0000000005129daa1be62a7ae6816d420d31b65ac068bf35674548fb9f6da61d,6da61d,1,单,小
2026-08-06 12:06:11,85106091,0000000005129dab82166ba2971484bfad64a757cf9a41a0aee9da61caa88407,a88407,7,单,大
2026-08-06 12:06:15,85106093,0000000005129dad555f0465db72a99b9eccba100d3b08e39744c3c53f8aa939,8aa939,9,单,大
2026-08-06 12:06:19,85106094,0000000005129dae363b9fb3fe6e20e1eb15a3fd8db29c617762c391c6344615,344615,5,单,大
2026-08-06 12:06:22,85106096,0000000005129db0aea35466d4c39090adda3767d517d570dca8daf1676ef4bc,6ef4bc,4,双,小
2026-08-06 12:06:26,85106097,0000000005129db1aa019e073587100f8afcebea4ebf8a7792a72fb0260d5089,0d5089,9,单,大
2026-08-06 12:06:30,85106098,0000000005129db2152d13de644112fb32906da95f18260adf76f92fc3d253fa,d253fa,3,单,小
2026-08-06 12:06:33,85106099,0000000005129db3afe555075950bd7e60026a356c4441e1d244dcd1dee61ad6,e61ad6,6,双,大
2026-08-06 12:06:37,85106100,0000000005129db45670d5614901fcd47ae5391795ed2c906a5cd5810540530c,40530c,0,双,小
2026-08-06 12:06:41,85106103,0000000005129db73e39db7d82c7da0a80f8ae7ad74e04ff8ede689c5161cbb4,61cbb4,4,双,小
2026-08-06 12:06:49,85106104,0000000005129db85d1c7dd701762078ebcdde700565267ddb3b6571c86af301,6af301,1,单,小
2026-08-06 12:06:52,85106105,0000000005129db9ad8d5ec66f3c3e92bd1c51f83093042e75746aeb4ae58fdf,e58fdf,8,双,大
2026-08-06 12:06:56,85106106,0000000005129dbaabcd64b97beb34ec4a59b8289fb1b38486f33021135b7fd9,5b7fd9,9,单,大
2026-08-06 12:07:00,85106108,0000000005129dbc907ae30c1fc7246a58b9b541147b3624184e9aec908d173f,8d173f,3,单,小
2026-08-06 12:07:03,85106110,0000000005129dbeae3981e98bfcea2b62acd1013b2876c43c17b13297ac08eb,ac08eb,8,双,大
2026-08-06 12:07:11,85106112,0000000005129dc037ead90d3589d59d2f87d69e04f72e01c4bc2460c8ad2496,ad2496,6,双,大
2026-08-06 12:07:15,85106113,0000000005129dc14b9fc0c7c5bce09f1e4f4e098c499561f92fea1b1880a66c,80a66c,6,双,大
2026-08-06 12:07:19,85106114,0000000005129dc200f06f52ea9549f2f9e8349b91519004014d002a07a1b529,a1b529,9,单,大
2026-08-06 12:07:22,85106116,0000000005129dc4797fe0819cc560221374af3bd7693bc99abb568505cd6210,cd6210,0,双,小
2026-08-06 12:07:30,85106118,0000000005129dc67e34a37d5d89e3b4b1087655992ff4599f5942d3ca75cf0b,75cf0b,0,双,小
2026-08-06 12:07:33,85106120,0000000005129dc8d8a74535451bf96dc70da6c06a9e1de3f8c9105ca5382990,382990,0,双,小
2026-08-06 12:07:37,85106121,0000000005129dc99d860dded7a463a35f3cbcebd5aa53371dd477cac086b0fb,86b0fb,0,双,小
2026-08-06 12:07:45,85106123,0000000005129dcbb1bb5f8b4281c17b63d37285717e7f486a7f5ffbdf0b6a9e,0b6a9e,9,单,大
2026-08-06 12:07:48,85106124,0000000005129dcc9587f75715631e2cb8daf793c5f6d912c9b3f6592497dae3,97dae3,3,单,小
2026-08-06 12:07:52,85106125,0000000005129dcdb763ce7676bf6149b30fce497b0e7f1a0ac3942d14c01040,c01040,0,双,小
2026-08-06 12:07:56,85106127,0000000005129dcfaa0dcfe5f24e081e38375d5173c818d2085ad6b0cf4d232d,4d232d,2,双,小
2026-08-06 12:08:03,85106129,0000000005129dd15ed4a183e4be187bd26476c5f366f3036f584994dba4901b,a4901b,1,单,小
2026-08-06 12:08:07,85106130,0000000005129dd28794ecb9a1ae528dd7c2461e832dc5d503807c471cc6611e,c6611e,1,单,小
2026-08-06 12:08:11,85106132,0000000005129dd4608a1441869bf8c410f84e889d935b53633cc2efbb6030ec,6030ec,0,双,小
2026-08-06 12:08:14,85106133,0000000005129dd5fc77714f2f311428e5f72bd9688bbab267abee5b00146e4a,146e4a,4,双,小
2026-08-06 12:08:18,85106134,0000000005129dd6efccfb20ab2a089913c4f09ccaf014bc87d5bbbef98de9bd,8de9bd,9,单,大
2026-08-06 12:08:22,85106135,0000000005129dd729ae767845c7531f3ddb09d9504fe2e0043d8f218c5026c2,5026c2,2,双,小
2026-08-06 12:08:25,85106137,0000000005129dd9747aaf3c5f05b254bcc981785b4086f76fbff945a06f581a,6f581a,1,单,小
2026-08-06 12:08:29,85106138,0000000005129ddabb4a9b9e85514dabe8f61d28abf3c4f0491c5a7617e4b6ca,e4b6ca,6,双,大
2026-08-06 12:08:33,85106140,0000000005129ddc6807730413e08a42f99df62f3d5eaf346424890b36b77097,b77097,7,单,大
2026-08-06 12:08:37,85106141,0000000005129dddd0a1712f72bc5c8d41f6aa3d09b91c1d8afeea180634b61b,34b61b,1,单,小
2026-08-06 12:08:41,85106142,0000000005129dde243dadac2c74ee4e812d67b9040823a51e406902df32e05e,32e05e,5,单,大
2026-08-06 12:08:44,85106143,0000000005129ddf379c2129d417d5efd32789f41127c5b57714f52183242964,242964,4,双,小
2026-08-06 12:08:48,85106144,0000000005129de0222349f2f5bcfebd6d3dbde3eb93371c4fe09707f90a6d25,0a6d25,5,单,大
2026-08-06 12:08:52,85106145,0000000005129de1a3a8c14757728fa94dfd30005298225142b20847478bf02b,8bf02b,2,双,小
2026-08-06 12:08:55,85106147,0000000005129de30526c358d8f25f7f4cc74834f7f4f3afbe827f070c44030b,44030b,0,双,小
2026-08-06 12:08:59,85106148,0000000005129de47c38bf58311f1f20ece2a16275238799369347453d8d358c,8d358c,8,双,大
2026-08-06 12:09:03,85106149,0000000005129de55038818ca321c665160afe897edf72a71105efdc0228d575,28d575,5,单,大
2026-08-06 12:09:06,85106150,0000000005129de6880f8ec6997ffc4010241b9dae848fd5f7078eb8c4d1d621,d1d621,1,单,小
2026-08-06 12:09:10,85106151,0000000005129de710ad84e6c55b16b12671e15055c071c8d903329304ae5c99,ae5c99,9,单,大
2026-08-06 12:09:14,85106152,0000000005129de8461c2f8b11015f6d635f9b3849e3ad7eda7feafdb382b616,82b616,6,双,大
2026-08-06 12:09:17,85106154,0000000005129deacdf49bd7d137903463d01902175c9de8f0564c38a841e43b,41e43b,3,单,小
2026-08-06 12:09:21,85106155,0000000005129deb547629920fc009ff40de17afb4bf8e76aa617e9aa7ecfb75,ecfb75,5,单,大
2026-08-06 12:09:25,85106157,0000000005129ded93f5cbc92f42512617b9b4a972c132773f212865e811b5a1,11b5a1,1,单,小
2026-08-06 12:09:28,85106158,0000000005129dee761f9119827d02676475880a42ffc61c16373c2b5c7ce754,7ce754,4,双,小
2026-08-06 12:09:32,85106159,0000000005129def40750c45b1ce240e6bb6757c1b3b3ecfe153668b78cc76e8,cc76e8,8,双,大
2026-08-06 12:09:36,85106160,0000000005129df00a60bda6fe4816cdad3f2b248e0570faabbd1a6c5e14b44e,14b44e,4,双,小
2026-08-06 12:09:39,85106162,0000000005129df2c468442b485b3e0c3b7d6ba4002182eb8ae8b12710765315,765315,5,单,大
2026-08-06 12:09:43,85106163,0000000005129df3266ae609f265b00f8282f31dad988c56d487efd1a9a95b45,a95b45,5,单,大
2026-08-06 12:09:47,85106164,0000000005129df481473f5e7e23965a76612a65149a92e26247f994e649aa95,49aa95,5,单,大
2026-08-06 12:09:51,85106165,0000000005129df56bdf290b4953809d244b3e4a5dea0c3d341d0a4e2c0ec591,0ec591,1,单,小
2026-08-06 12:09:54,85106166,0000000005129df6aac007c44322c6d740754cb5584be77b99c5a74f80dfa669,dfa669,9,单,大
2026-08-06 12:09:58,85106167,0000000005129df75a3ccd5f69cb04e83313e957a68a95315f4b72ae8b265e5c,265e5c,5,单,大
2026-08-06 12:10:02,85106169,0000000005129df98960e650b7638f32e7bf160d626bb84592696aa17c762a20,762a20,0,双,小
2026-08-06 12:10:05,85106170,0000000005129dfad040e0c5571d1066ab0779c998c389378ee68ab5fba5ba46,a5ba46,6,双,大
2026-08-06 12:10:09,85106171,0000000005129dfb320c8b9e8b26aa0c5ecf5002bdaf12d14aa7fe35da31d38c,31d38c,8,双,大
2026-08-06 12:10:13,85106173,0000000005129dfd0ea355ca4fc3cc4602d5a68521ef36b42dc015d1d5e967cc,e967cc,7,单,大
2026-08-06 12:10:16,85106174,0000000005129dfecc63b1f0cc5a9c74ce40884c600191d451f6adeab13b359a,3b359a,9,单,大
2026-08-06 12:10:20,85106175,0000000005129dffa0ef2f4b595a80e3c15177dcae7c32873464067389e13549,e13549,9,单,大
2026-08-06 12:10:24,85106176,0000000005129e000be1583b46728ebaf68abb993a8a3e0fa3d247a64a03e51a,03e51a,1,单,小
2026-08-06 12:10:27,85106177,0000000005129e0110ea3803ad43b2122d5f6c50811b75bb857312dcb6b76232,b76232,2,双,小
2026-08-06 12:10:31,85106178,0000000005129e02d6d8470b280db873d89a990a9f136965e84e8d669e59a55d,59a55d,5,单,大
2026-08-06 12:10:35,85106179,0000000005129e030d42c796a34b743336578960c1e470ebabce74010e184428,184428,8,双,大
2026-08-06 12:10:38,85106181,0000000005129e05d1428f355d1a2cc6b7f7e849258be3cdca868d06923afe8e,3afe8e,8,双,大
2026-08-06 12:10:42,85106182,0000000005129e062f81118053cd469268f82d37417512d7bdf9e9f856477ff9,477ff9,9,单,大
2026-08-06 12:10:46,85106183,0000000005129e07249c072fed9cddfe009e217ce542872a5b895a14b09422d5,9422d5,5,单,大
2026-08-06 12:10:49,85106184,0000000005129e08e4eb68c5fadedf032773e614eb8dc90ac76bb04f91c364ea,c364ea,4,双,小
2026-08-06 12:10:53,85106185,0000000005129e0933c1161007c25dfd19d15d2ad565401a2a19085689cc51fb,cc51fb,1,单,小
2026-08-06 12:10:57,85106186,0000000005129e0adf59d99e73d75a294266eb72bb843d57e8067177624c4326,4c4326,6,双,大
2026-08-06 12:11:00,85106187,0000000005129e0bd1dcf402bf72972c8f162a81632743931217107a85d54337,d54337,7,单,大
2026-08-06 12:11:04,85106188,0000000005129e0c7a65e6a6186686de3f454a4be449b9456f70b16847264b80,264b80,0,双,小
2026-08-06 12:11:08,85106190,0000000005129e0e6a355ecbc14509003983b193d07157a6037e2c66c42eae11,2eae11,1,单,小
2026-08-06 12:11:11,85106191,0000000005129e0f8d3514a584d69e7cbf537151b0b44aa00ad762b1f98c242d,8c242d,2,双,小
2026-08-06 12:11:15,85106193,0000000005129e119ca898096378bf072c7153642146f15120760c67c74ff8d8,4ff8d8,8,双,大
2026-08-06 12:11:19,85106194,0000000005129e1237a67cb7554797c498854a85072c2fe7b656075733ffa1fc,ffa1fc,1,单,小
2026-08-06 12:11:22,85106195,0000000005129e1371a73aa25ceec6783c7d5a25169cd9b06c2e7cdec89faeca,9faeca,9,单,大
2026-08-06 12:11:26,85106196,0000000005129e1472af166937e4ed7fbc972c91fb5ea53072761f09cb09a257,09a257,7,单,大
2026-08-06 12:11:30,85106197,0000000005129e1517944cf55575b542b732d539fbb0ad1c1f96c077d4c349a2,c349a2,2,双,小
2026-08-06 12:11:34,85106198,0000000005129e1602985e659e078ce8b50279986ca72efc315c6c8effa46dbb,a46dbb,6,双,大
2026-08-06 12:11:37,85106199,0000000005129e17491cc11bd1abe71743bc92d619618a224678ee8780b20f8b,b20f8b,8,双,大
2026-08-06 12:11:41,85106201,0000000005129e19d8ae3fba420e5ce968fe649e95d895e832ce944d4582496a,82496a,6,双,大
2026-08-06 12:11:45,85106203,0000000005129e1b6e065e6e10f74a92be6ed0362b72bee8ee262f43e56a10b0,6a10b0,0,双,小
2026-08-06 12:11:48,85106204,0000000005129e1cca961e4121f9c0b949fb79454460b2bfe17d8c709dd87227,d87227,7,单,大
2026-08-06 12:11:52,85106205,0000000005129e1d8d54cc48848d57e810abd5e751bdb80f1ed680d3d56e3073,6e3073,3,单,小
2026-08-06 12:11:59,85106206,0000000005129e1e031421615f429d85f7a0cf200332bda7f633cae3ace0249f,e0249f,9,单,大
2026-08-06 12:12:03,85106208,0000000005129e20eec74396f00bd3b69b28c7854c0787a2eae41293076c7160,6c7160,0,双,小
2026-08-06 12:12:07,85106209,0000000005129e219437eedeb7a52a188eedb09a11202bd1431de1e8eba09df4,a09df4,4,双,小
2026-08-06 12:12:10,85106210,0000000005129e22a3ba8578f5a43e4b547c5c09696f526b032f22ab738521b2,8521b2,2,双,小
2026-08-06 12:12:14,85106212,0000000005129e243c55a47bdb95ade236d95a5d6621d75c27eadf5271565b44,565b44,4,双,小
2026-08-06 12:12:18,85106214,0000000005129e26942a571e8d5d25604ba792c345d8aa4ac4b4bfaeb3d8fa37,d8fa37,7,单,大
2026-08-06 12:12:21,85106215,0000000005129e27cd763aeb6b87cafa9a07ba0b262c30aad172e13ad5a7f47a,a7f47a,7,单,大
2026-08-06 12:12:25,85106216,0000000005129e2816e6b7fd2f33c8ac87c0c5f0c5209fd8d9cae4432f6cc4b5,6cc4b5,5,单,大
2026-08-06 12:12:29,85106217,0000000005129e295ad38ba279d119ebe70c93cb1b4dc463dc8863826567f03c,67f03c,3,单,小
2026-08-06 12:12:33,85106219,0000000005129e2b90ec9e6ff6ece43f3053760de3ee331899271bc89ef2d448,f2d448,8,双,大
2026-08-06 12:12:36,85106221,0000000005129e2dfc0149719f9d181b4de06770d106b90ab068014698309873,309873,3,单,小
2026-08-06 12:12:44,85106223,0000000005129e2f48ea51c921a521848045f47c6fad77ac21cbb8159d1e64f7,1e64f7,7,单,大
2026-08-06 12:12:51,85106225,0000000005129e31f09a04508a8d6dd7980247a562fc70f86f4b34482df72692,f72692,2,双,小
2026-08-06 12:12:55,85106226,0000000005129e324d18999d2a545554fe750744486270e04ab5d5e2f60025d9,0025d9,9,单,大
2026-08-06 12:12:58,85106228,0000000005129e3469228aef00deddf856f9e028c3d8678c8c33393c0668b327,68b327,7,单,大
2026-08-06 12:13:02,85106229,0000000005129e3536e6f0c8410b245394c8a49177d72761f2c5adaa81e259c2,e259c2,2,双,小
2026-08-06 12:13:06,85106230,0000000005129e36ce0fbf00105d9bcb867d4370471a5aca875badbb785b45f6,5b45f6,6,双,大
2026-08-06 12:13:10,85106231,0000000005129e375fe852099545d71aebce8b1232dff2725bf1ce9c7470730c,70730c,0,双,小
2026-08-06 12:13:13,85106232,0000000005129e388be345c9ad62e2c842c0832b7f38f45c364969d0c3d8a8d8,d8a8d8,8,双,大
2026-08-06 12:13:17,85106234,0000000005129e3adf74265ff3a5ed521d2bc358ccc3d600689df3c7e0b11133,b11133,3,单,小
2026-08-06 12:13:21,85106235,0000000005129e3bd337ad84352d4ac99bb1a04ed1a073da5cc8f9700c114db0,114db0,0,双,小
2026-08-06 12:13:24,85106236,0000000005129e3c4415430e232ff5b8770f2f913ca1db3cfcc3eeac42eb2a12,eb2a12,2,双,小
2026-08-06 12:13:28,85106238,0000000005129e3e76893bafb5936b4c554d3df8f2df20c08c523ee96b4ecd6a,4ecd6a,6,双,大
2026-08-06 12:13:32,85106239,0000000005129e3fddfa6bbc5e57971780b79385c35db6ce53a34140049c7c25,9c7c25,5,单,大
2026-08-06 12:13:35,85106240,0000000005129e40a5de6440452e1bf8fde061db4f87ca2cce908e5960cdeefa,cdeefa,0,双,小
2026-08-06 12:13:39,85106241,0000000005129e419f6dd4f70215b20d6a7889155d2d420cbc4a6241a0024116,024116,6,双,大
2026-08-06 12:13:43,85106242,0000000005129e42caf2792c5ee04f291de0e2cb7e8bd9898bb10f0d8bf66bbb,f66bbb,6,双,大
2026-08-06 12:13:46,85106243,0000000005129e43190da5a0deb84386fa45ce98103978a66b1006096857b542,57b542,2,双,小
2026-08-06 12:13:50,85106245,0000000005129e45940c1fb8d9a231c85bc4d1a3eeef68ae110b3bf232ed4d1a,ed4d1a,1,单,小
2026-08-06 12:13:54,85106246,0000000005129e46424d1b11ce6e92236887d76e6daab5975474d237c5cebb4f,cebb4f,4,双,小
2026-08-06 12:13:57,85106247,0000000005129e472437562d4d4821378e4d4d6284825577eedab1b64a2e670e,2e670e,0,双,小
2026-08-06 12:14:01,85106249,0000000005129e495dd59e17ba551f16c43dfaba29df1eda6f1609d0501e3048,1e3048,8,双,大
2026-08-06 12:14:08,85106251,0000000005129e4bde0b9dcb0f8dccb964b8a817682c3161ac777a297ee53035,e53035,5,单,大
2026-08-06 12:14:12,85106252,0000000005129e4c799a7aed5578a95c6c1c9f70aadba0ec0114eb2a06cadc5e,cadc5e,5,单,大
2026-08-06 12:14:16,85106253,0000000005129e4dc8c6bce847717822d1e115c2ecccd53abbc1212f5ea45cff,a45cff,5,单,大
2026-08-06 12:14:19,85106255,0000000005129e4f84ac7472277221967d22a9ad3e34dfd798b85cde23011b7d,011b7d,7,单,大
2026-08-06 12:14:23,85106256,0000000005129e50b2c0d314171fb11798cfbc8bd541cd4ce1c993503084e579,84e579,9,单,大
2026-08-06 12:14:27,85106257,0000000005129e51c659a4dc09d14a82e1b2ef9057dccf0e60f70c26d4ae459b,ae459b,9,单,大
2026-08-06 12:14:31,85106258,0000000005129e52e1fc95d98d47c933e2ab820e4a3b115051e0340e39afb930,afb930,0,双,小
2026-08-06 12:14:34,85106259,0000000005129e53dfec1c7bed438150d8461a98bd6375d0a7b92825071eed1d,1eed1d,1,单,小
2026-08-06 12:14:38,85106260,0000000005129e542aad51caff920d50cf50091329caeaafdd523320e7643548,643548,8,双,大
2026-08-06 12:14:42,85106262,0000000005129e5653a457681e29a4a0ee23b050c303fe747828969622e11723,e11723,3,单,小
2026-08-06 12:14:45,85106263,0000000005129e570ccbdd692f206e553b767a14400db9e6cf58a793aa6538cc,6538cc,8,双,大
2026-08-06 12:14:49,85106264,0000000005129e587dfb521ae51d445d42f3de8e2b1eb28373ea1bdfd00e41f4,0e41f4,4,双,小
2026-08-06 12:14:53,85106265,0000000005129e5976b77090eb533f0f535d7554048a9d8b2d27e699950940d9,0940d9,9,单,大
2026-08-06 12:14:56,85106266,0000000005129e5a2f46626420143c8efa7f0af0739199c70b6f9a3d93e8a9d0,e8a9d0,0,双,小
2026-08-06 12:15:00,85106268,0000000005129e5ceac150d3a0f1b4ec8370cd2babc4d4b55fdca0d1beadd833,add833,3,单,小
2026-08-06 12:15:04,85106269,0000000005129e5dc8f4430707bf4c7fcf2384fb732c91ec91b6971c56e38351,e38351,1,单,小
2026-08-06 12:15:07,85106270,0000000005129e5ec0cf00bf093acbeb7a0de033171aa25f072f7c4281bb108c,bb108c,8,双,大
2026-08-06 12:15:11,85106272,0000000005129e606c2133d2e87965117379a4d83c14fc4cb7a2a3239a4bf95e,4bf95e,5,单,大
2026-08-06 12:15:15,85106273,0000000005129e61818efde536d74a8d49bc1a7d130179b45b7507942c60b232,60b232,2,双,小
2026-08-06 12:15:18,85106274,0000000005129e62accbadc7f4efdd87b6a0e1118893db0312a327e50fe6aede,e6aede,6,双,大
2026-08-06 12:15:22,85106276,0000000005129e6457eb4c432ccd16d0d62eaea6d6b5753e613480379460de50,60de50,0,双,小
2026-08-06 12:15:29,85106278,0000000005129e663f23cf9b05efcb7b249f8a06ab083c1b2f011c46e3756cae,756cae,6,双,大
2026-08-06 12:15:33,85106279,0000000005129e67b292c78770673f1977a355949af9cc3cfb7d631e84ea4235,ea4235,5,单,大
2026-08-06 12:15:37,85106280,0000000005129e68a90c0f72d3044267a3c0c708115790184a8e59614eca2499,ca2499,9,单,大
2026-08-06 12:15:40,85106282,0000000005129e6a55ac9a130c6e944cd2036407584336c4f91563fee471897f,71897f,7,单,大
2026-08-06 12:15:44,85106283,0000000005129e6b5d17c7bdebb1c7837cc0ec3205a8d2064df6640a309e1b51,9e1b51,1,单,小
2026-08-06 12:15:48,85106284,0000000005129e6c3f7da386269342529921f40300be87c54d7fc9303b3c9ea6,3c9ea6,6,双,大
2026-08-06 12:15:52,85106285,0000000005129e6d06ce56a9d363cf170da8160b8670f4bc9eeb681d7b17f80f,17f80f,0,双,小
2026-08-06 12:15:59,85106287,0000000005129e6ff66c2bbcd37fe0780f75da0632539719969a43fd446e9e29,6e9e29,9,单,大
2026-08-06 12:16:03,85106289,0000000005129e71628bb1d3eb5cb8bf6213377fb0492531356140620773d3dd,73d3dd,3,单,小
2026-08-06 12:16:10,85106290,0000000005129e729c3679ccf5504a03b315f67b8ab9eb8b2bda5e25da313cd2,313cd2,2,双,小
2026-08-06 12:16:14,85106292,0000000005129e74c4fb136f3f5bff6c1a3d5b5db6215942c277311ded290645,290645,5,单,大
2026-08-06 12:16:18,85106293,0000000005129e7597fab54f32adbf59f9c0fb7136acd933a22d3904eb5b2d59,5b2d59,9,单,大
2026-08-06 12:16:21,85106294,0000000005129e76e6cfff0b0df163a768d70193e616024a06a5c3426c75f4ad,75f4ad,4,双,小
2026-08-06 12:16:25,85106295,0000000005129e776ed89e44da0e654f87597894ee329a170048e2deba958955,958955,5,单,大
2026-08-06 12:16:29,85106296,0000000005129e7887605f50d1224fed2245e4e70f80c6f93e55e0b45bd749ac,d749ac,9,单,大
2026-08-06 12:16:32,85106298,0000000005129e7af0a82d87bb935caa99f36c2f51f2acadd154fb307ab8c42f,b8c42f,2,双,小
2026-08-06 12:16:36,85106299,0000000005129e7b88a9d2b24a09442b2b0152029820360ac99ef279bb6ab094,6ab094,4,双,小
2026-08-06 12:16:40,85106301,0000000005129e7de4fdfdf2397fdc63f33fe3a11bcf44642bf5dae36fae9f28,ae9f28,8,双,大
2026-08-06 12:16:43,85106302,0000000005129e7e1af379771d3230087e923be9387c0da9546228e4f21fff61,1fff61,1,单,小
2026-08-06 12:16:47,85106303,0000000005129e7f5044a0c0168ee4c445cd2fb4bb7c7a34f020f57b9d129d51,129d51,1,单,小
2026-08-06 12:16:51,85106304,0000000005129e80d2073a70011152d4b9ed0e2054b75bb3cc28fda798d1a1ce,d1a1ce,1,单,小
2026-08-06 12:16:54,85106305,0000000005129e81dff2c762d5a0bbb9213721715de5259dfec3e689eec708fa,c708fa,8,双,大
2026-08-06 12:16:58,85106306,0000000005129e826738f41718932c4c2dba9e5d893382308a3d141a44982961,982961,1,单,小
2026-08-06 12:17:02,85106308,0000000005129e84651dd5a3e0dd82be6e942d56fecf63ac737de528d8d9eb93,d9eb93,3,单,小
2026-08-06 12:17:06,85106309,0000000005129e85a702e6e8f5cf0bf8418f655bd01a7ac884538a541e12a23d,12a23d,3,单,小
2026-08-06 12:17:09,85106311,0000000005129e87e9d79b9c9460a6183c6faac52c28ccd0dbe54094e4f3145e,f3145e,5,单,大
2026-08-06 12:17:17,85106313,0000000005129e896f4400e3f1f76220fa45bcdeab7fb5d3926c90ba79c9248d,c9248d,8,双,大
2026-08-06 12:17:20,85106314,0000000005129e8a60133e9cf294f95929049bb6a11023fff2392b55e424437e,24437e,7,单,大
2026-08-06 12:17:24,85106315,0000000005129e8b3d2960dda52a9b19adf48b4ffd9ded0dd62112025bfd17fb,fd17fb,7,单,大
2026-08-06 12:17:28,85106316,0000000005129e8c44c6ad98d0830d9a4a86654ddfc3c0e6a4df76e89ecf392a,cf392a,2,双,小
2026-08-06 12:17:31,85106318,0000000005129e8e3fbce758ab1be02787ffd45fc88698a7fa827abea57e22de,7e22de,2,双,小
2026-08-06 12:17:35,85106320,0000000005129e90c48a60f0c1090d80dc86b2c4b6daeb5bde11d981a8b62430,b62430,0,双,小
2026-08-06 12:17:39,85106321,0000000005129e9176806a4a069dd3b5b73c800a2e401baed8b8987422a57eb7,a57eb7,7,单,大
2026-08-06 12:17:42,85106322,0000000005129e924f44e416afa24f34980b1f9e9a2a8e19fd9018e12a6f50b6,6f50b6,6,双,大
2026-08-06 12:17:46,85106324,0000000005129e940e6a4fb019e06a30dd8cf95aa490c15c4e6d6b3b25fc432f,fc432f,2,双,小
2026-08-06 12:17:50,85106325,0000000005129e95bb64db28c651093d2f756d08e19bd5eecdcb4dee09a0237b,a0237b,7,单,大
2026-08-06 12:17:54,85106326,0000000005129e96d06ebac96620d42603b1df000f5b222812f7228c3cc160e8,c160e8,8,双,大
2026-08-06 12:17:57,85106327,0000000005129e97b6891013508206d6b8dd9081ceebd2878df769878131c179,31c179,9,单,大
2026-08-06 12:18:01,85106328,0000000005129e983db9c4e73f554713b969363f42adba5569db2203e3820a2e,820a2e,2,双,小
2026-08-06 12:18:05,85106330,0000000005129e9a29a32da331d93b179a0ecd6abf0cf7bba2d32353d9315a64,315a64,4,双,小
2026-08-06 12:18:08,85106331,0000000005129e9b00c5a7b23fa11bd13b76be7b06667ada5f654fadf0b73a18,b73a18,8,双,大
2026-08-06 12:18:12,85106333,0000000005129e9d153e61cc47d982ae87aad32b9ccecaa79ddfac7462d13162,d13162,2,双,小
2026-08-06 12:18:16,85106334,0000000005129e9e8cb2d4fa75e3dd3414e1d723f0860552ca1578a0ae1b1d62,1b1d62,2,双,小
2026-08-06 12:18:19,85106335,0000000005129e9fcd0433923696d01d80b163779f43eb30103cebdc1dd6c76e,d6c76e,6,双,大
2026-08-06 12:18:23,85106336,0000000005129ea08dce8094136f603789bf550dfe7ba290ddf8bd09c14312ed,4312ed,2,双,小
2026-08-06 12:18:27,85106337,0000000005129ea1caa7f36f2a2a032b5df6f333cdc639c5c7b71ff77caa5d86,aa5d86,6,双,大
2026-08-06 12:18:30,85106338,0000000005129ea2a4a7034feadf8d19caccd3962fd66849303423e5744e49f7,4e49f7,7,单,大
2026-08-06 12:18:34,85106339,0000000005129ea35869b656b65faa57af68dba4cd8881941798b83b772aa31e,2aa31e,1,单,小
2026-08-06 12:18:38,85106341,0000000005129ea5b4d50062e9dca8ff29df56c08e0628f493755af77c5492e6,5492e6,6,双,大
2026-08-06 12:18:41,85106342,0000000005129ea60b0895ac088a04975f32aa98002cda2718f51da3db7d87a2,7d87a2,2,双,小
2026-08-06 12:18:45,85106343,0000000005129ea7f5bdd6d3cb1b5ff8576632ff7e82767f18eb4f0be906da53,06da53,3,单,小
2026-08-06 12:18:49,85106345,0000000005129ea984998bb6684a39e13466632719711cc7aaa4935ea1ec3d34,ec3d34,4,双,小
2026-08-06 12:18:53,85106346,0000000005129eaaf797069542bcb0dc0e0515c261e59953fee3e60d771f5057,1f5057,7,单,大
2026-08-06 12:18:57,85106347,0000000005129eabc5eea78940163e8fd6bee986c951123b5d3ef82dd81a68d3,1a68d3,3,单,小
2026-08-06 12:19:00,85106348,0000000005129eac8ed8ccab14bd9567dcb2655d8f4ef5198086d9db2514a47d,14a47d,7,单,大
2026-08-06 12:19:04,85106349,0000000005129ead5428f7a09e840e9fd2e58fe629ca6808922ffc789a174848,174848,8,双,大
2026-08-06 12:19:08,85106351,0000000005129eafe3f44351d3b8cd23b56e384b755ead6aadb1d0966d3432bc,3432bc,2,双,小
2026-08-06 12:19:12,85106352,0000000005129eb04873b24671dfe3238c7cd363c058cf1cd419211cad51813c,51813c,3,单,小
2026-08-06 12:19:16,85106354,0000000005129eb21635240cd620c81da2f2bef298614ea42a304157fa76c1e7,76c1e7,7,单,大
2026-08-06 12:19:23,85106356,0000000005129eb4a9028907cc243279d8383278bd8dbc4974cdd33ca87d947d,7d947d,7,单,大
2026-08-06 12:19:27,85106357,0000000005129eb5f81d4679c64fd565078ce7d78547c994c6024b8d3d22ca7a,22ca7a,7,单,大
2026-08-06 12:19:30,85106358,0000000005129eb6dd82009261b580086217c1f010262d5eabd842cfb5e62ba9,e62ba9,9,单,大
2026-08-06 12:19:34,85106360,0000000005129eb897cb67fb064c2ad4924a49d1ea87b557f20c414d95ed7ebf,ed7ebf,7,单,大
2026-08-06 12:19:38,85106361,0000000005129eb90a67547ffc75e843e11dbd5f59c488c617ef1482503c7448,3c7448,8,双,大
2026-08-06 12:19:41,85106362,0000000005129eba6bc11751d2cf89affb22162550e0688c8162c27438262832,262832,2,双,小
2026-08-06 12:19:45,85106363,0000000005129ebb3928c245174570a6dc902718c8a2ee4d64eec89bcc5e650b,5e650b,0,双,小
2026-08-06 12:19:49,85106365,0000000005129ebd0a22467d596158c72f01d7ef6886badd50c73133064ab101,4ab101,1,单,小
2026-08-06 12:19:56,85106367,0000000005129ebf91ba759ad456886d14d7d8a62563565b1198ce684201384e,01384e,4,双,小
2026-08-06 12:20:00,85106368,0000000005129ec06b18dc8497d3c8eaa6bacf34ac997e7b83a6ebf791596723,596723,3,单,小
2026-08-06 12:20:03,85106369,0000000005129ec1e73e5f3f60ce929c82a7d028481a359a156409d0094bdea5,4bdea5,5,单,大
2026-08-06 12:20:07,85106371,0000000005129ec3f1870834d5b630957179c0dcaf94ea832f1da4c851f54982,f54982,2,双,小
2026-08-06 12:20:11,85106372,0000000005129ec427c517c719925509dcb9f63590dafb1502ee10bac7070b6c,070b6c,6,双,大
2026-08-06 12:20:15,85106373,0000000005129ec5bc928e93975b4df14a15992955a6aa667aaa47b45e1ac560,1ac560,0,双,小
2026-08-06 12:20:18,85106374,0000000005129ec684c06f2e98e7c1ed14f68af2a6251c6b633e0997c84b6c59,4b6c59,9,单,大
2026-08-06 12:20:22,85106375,0000000005129ec735764125a6ace15f9dbacb9aed32e8c974af2cdbb5b4723f,b4723f,3,单,小
2026-08-06 12:20:26,85106377,0000000005129ec98416966791f52b0110baa8227e9607bed45d19139fe7109c,e7109c,9,单,大
2026-08-06 12:20:29,85106378,0000000005129eca8f826acb126a333cc1ace42fc0e8155dc2446d52fd8c6a08,8c6a08,8,双,大
2026-08-06 12:20:33,85106379,0000000005129ecbf4d656cd7449c83e3dcd8b6ceefc6cc8a09d69c50ba26664,a26664,4,双,小
2026-08-06 12:20:37,85106381,0000000005129ecd167d86107cfc6a128709da6e6dd56a312dd3bc2cfed37839,d37839,9,单,大
2026-08-06 12:20:40,85106382,0000000005129ece72e98eb6dfeb7f2f3e1b365aa4c5590a808f0db4614ed6ee,4ed6ee,6,双,大
2026-08-06 12:20:44,85106383,0000000005129ecfa365052a563c3a1364b9e45c8e6e193342461f2e1db6798c,b6798c,8,双,大
2026-08-06 12:20:48,85106384,0000000005129ed0c9b59260b1ffc61dcbbd093ef05cafbf65c5c576b89abd35,9abd35,5,单,大
2026-08-06 12:20:52,85106385,0000000005129ed16cbeb8b693ddaca3ad9bb5e34dd6f273b0c45d7b09e7b866,e7b866,6,双,大
2026-08-06 12:20:55,85106386,0000000005129ed2f1732c16a14f0ab1b33561a3c49042fd7cb09b8a988b3f8b,8b3f8b,8,双,大
2026-08-06 12:20:59,85106387,0000000005129ed385ea543e0d47a5d800e5830979d75b97c508a5e0ece94f9d,e94f9d,9,单,大
2026-08-06 12:21:03,85106389,0000000005129ed5e2696c98840879fe71084d04744d31ad490d33d6ecbc7b55,bc7b55,5,单,大
2026-08-06 12:21:06,85106390,0000000005129ed66da2df8d4d0e4bc4e81adb7086efc61e5ea91efd220ba531,0ba531,1,单,小
2026-08-06 12:21:10,85106392,0000000005129ed8d23eeb03ebbe9814e7f6b83027cc4c03cefc017e6f1a7768,1a7768,8,双,大
2026-08-06 12:21:14,85106393,0000000005129ed936638684f9d5d3d4e609a31ec752ec4a9a458fecd8f987f1,f987f1,1,单,小
2026-08-06 12:21:17,85106394,0000000005129eda6a465e3bc745f55fc468795335d6ed10c556794d8d56ef28,56ef28,8,双,大
2026-08-06 12:21:21,85106395,0000000005129edb02858bc04c123a9fed6e6dc57b34eaa7898addd526b2ad02,b2ad02,2,双,小
2026-08-06 12:21:25,85106396,0000000005129edc4a8f279babfcb374c72d29f0bc25e2d2f1cbf74748e560e1,e560e1,1,单,小
2026-08-06 12:21:28,85106398,0000000005129ede10dd6c30632516ee79433df1040e622c2273b141e3892577,892577,7,单,大
2026-08-06 12:21:32,85106399,0000000005129edfa897dc0b45c5e28a5b96ead3305470e3afaa8505bbaa1381,aa1381,1,单,小
2026-08-06 12:21:36,85106400,0000000005129ee0e7e0801f46bccbf5e4831dd56a907b3672b2c8e9cf9ef842,9ef842,2,双,小
2026-08-06 12:21:39,85106402,0000000005129ee255740bd90c4483db996490a6a13cf40917dd45596073a29d,73a29d,9,单,大
2026-08-06 12:21:47,85106404,0000000005129ee42ecb00137ec029149c0e64bc2bcdc9af71108dd2475f90da,5f90da,0,双,小
2026-08-06 12:21:50,85106405,0000000005129ee5e3ff6798ee9fa0fca37cf2be70188d13b9206b6ac633316a,33316a,6,双,大
2026-08-06 12:21:54,85106406,0000000005129ee6a77b7341d70d096a4949f11ce6c07f0b0b9e7c214dcb6c01,cb6c01,1,单,小
2026-08-06 12:21:58,85106408,0000000005129ee87dbf9e98b273d66961987bf14ee669635653035d92aff74c,aff74c,4,双,小
2026-08-06 12:22:01,85106409,0000000005129ee9647817523c998f8c787752fe73bc0f6998cc71c3a21b4bef,1b4bef,4,双,小
2026-08-06 12:22:05,85106410,0000000005129eea3d435cb9e5543258f14f9c0d44f6ff920a93e7ec6a9d4b17,9d4b17,7,单,大
2026-08-06 12:22:09,85106411,0000000005129eeb63dd4322864c53dfeb4a8cd98169424f9e3503a5cbebc987,ebc987,7,单,大
2026-08-06 12:22:12,85106412,0000000005129eec0a03b30ec008e81c104a3c8b8f92b867716be4f33c878f87,878f87,7,单,大
2026-08-06 12:22:16,85106414,0000000005129eeed6efb21c872c5fc093e550f7803991c14ed3e3429c03ba8a,03ba8a,8,双,大
2026-08-06 12:22:20,85106415,0000000005129eefe972f53d15a55e690c657b874fde7012b3bd546c450a9195,0a9195,5,单,大
2026-08-06 12:22:23,85106416,0000000005129ef05ac17b9b0220caf6548097cdf2ea0004f39e490dc3e9b0ce,e9b0ce,0,双,小
2026-08-06 12:22:27,85106417,0000000005129ef1ced986d2adf034f39e6930dab30cbad1d06e78cab853d9a6,53d9a6,6,双,大
2026-08-06 12:22:31,85106419,0000000005129ef3cf3207a50ddc114d8843f31ab7714c0dc99875ab3eb03d8e,b03d8e,8,双,大
2026-08-06 12:22:38,85106421,0000000005129ef5125227b840a8d28835e7172f895e50a0ad990680aea31d97,a31d97,7,单,大
2026-08-06 12:22:42,85106422,0000000005129ef646ad4af9fb1737d122d5ed3f366e777ce68f5504886739df,6739df,9,单,大
2026-08-06 12:22:46,85106424,0000000005129ef88c71fb9a9f84220c17eab69f521afb3fa6a3b336b284beff,84beff,4,双,小
2026-08-06 12:22:53,85106426,0000000005129efa1003f5e14a47d7725d5ba89034530bfa6b838fa520022cfa,022cfa,2,双,小
2026-08-06 12:22:56,85106427,0000000005129efb7543df90b9e4a48212b759e0c547755a49654a5c777ad8a3,7ad8a3,3,单,小
2026-08-06 12:23:00,85106428,0000000005129efccde6844f2f66024c8fe74b887d0d53a2309134ffb4ae3b32,ae3b32,2,双,小
2026-08-06 12:23:04,85106429,0000000005129efdf348c0a4b4cebb757e268b3f6a02c7b9ca7a4981904a035e,4a035e,5,单,大
2026-08-06 12:23:08,85106430,0000000005129efe58dd910e18db230b2ac327dc53e8e0b75a51df01aceb1629,eb1629,9,单,大
2026-08-06 12:23:11,85106432,0000000005129f005ab2914b234d740b2cdcdd84b1371df3fd53697f8f96f9f3,96f9f3,3,单,小
2026-08-06 12:23:15,85106433,0000000005129f017629e3c2e6f30cf865562c567fbf7d1efb3e4fbe1677327e,77327e,7,单,大
2026-08-06 12:23:19,85106435,0000000005129f03fad8c7f86a572b3c7bf3e51d9ee585c99b726ee0ef83f1ce,83f1ce,1,单,小
2026-08-06 12:23:26,85106437,0000000005129f05184a73e644689e5e0f5eece4a4f0dedfcca6353fdeb0a407,b0a407,7,单,大
2026-08-06 12:23:30,85106438,0000000005129f06ffe181978a518cab27833e4ecb2f15dc7c79fa265cc6303b,c6303b,3,单,小
2026-08-06 12:23:34,85106440,0000000005129f082df6c7f308b1d6faf9ae6d39f473ba10f6b9a9422a8aad62,8aad62,2,双,小
2026-08-06 12:23:37,85106441,0000000005129f09b47234e44563a87818629cac8ec66f80ac6c9853cb2b647a,2b647a,7,单,大
2026-08-06 12:23:41,85106442,0000000005129f0a17a77ffa79a89163a9fed82217e5b27dd74464cc69fccf5b,fccf5b,5,单,大
2026-08-06 12:23:45,85106443,0000000005129f0be7c55096f78fcbc7ce8f6e608aeba0e7ed5b2fa0bb7f201d,7f201d,1,单,小
2026-08-06 12:23:48,85106444,0000000005129f0cee4815746947d55eaf28810c4a8916110cc0cb54cd2648ae,2648ae,8,双,大
2026-08-06 12:23:52,85106446,0000000005129f0efc02358c9e8f8807dad6031c64d157bec78a85b866804948,804948,8,双,大
2026-08-06 12:23:56,85106447,0000000005129f0f81449145d3148eea12b912c76ca27f88a9f1fe411050839c,50839c,9,单,大
2026-08-06 12:23:59,85106448,0000000005129f107983fc10158d493cd38b86f64c0e1559a979a87c5b116d39,116d39,9,单,大
2026-08-06 12:24:03,85106449,0000000005129f11700a3633bbcd2b61953de4038ff7f72d0a0e0a7a21862506,862506,6,双,大
2026-08-06 12:24:07,85106450,0000000005129f12379cf05a36e42d2f85eb3be79f0c4a4f921f410f87d04f19,d04f19,9,单,大
2026-08-06 12:24:11,85106452,0000000005129f140362d21f23af8a9072505532f6e8fd0e4a7adbaf9bf055cf,f055cf,5,单,大
2026-08-06 12:24:14,85106453,0000000005129f15d06abd4446c181d272bff1ff2fb8dc9188685a57b2bf802c,bf802c,2,双,小
2026-08-06 12:24:18,85106454,0000000005129f16f900c4fc79d0b6df4b4abe333fe23bd601daa52fee6c31d4,6c31d4,4,双,小
2026-08-06 12:24:22,85106456,0000000005129f18c3885d964d2a3b7f3ceef1a1141600ea2547d2c967d8efc1,d8efc1,1,单,小
2026-08-06 12:24:25,85106457,0000000005129f19c636a78970d3220c01c54563ad2366e4ba23a9dea31752b6,1752b6,6,双,大
2026-08-06 12:24:29,85106458,0000000005129f1af299847e0603ebccb4a9bc9e388b71595470f8c37ad3a817,d3a817,7,单,大
2026-08-06 12:24:33,85106459,0000000005129f1b06cacb23be97d185467c373d3c1f1fd16e85cbcba4d8834b,d8834b,4,双,小
2026-08-06 12:24:36,85106460,0000000005129f1c9c2de62c7ecb90fcdec9779d56c3f28a6669594d5f9a4887,9a4887,7,单,大
2026-08-06 12:24:40,85106462,0000000005129f1ec88f1193d9edfa85217e389de40f96debfd3d51ca698a4ad,98a4ad,4,双,小
2026-08-06 12:24:44,85106463,0000000005129f1f03b718f5ad0f8cdd0312f59b862553e6f62595466dd44f52,d44f52,2,双,小
2026-08-06 12:24:51,85106465,0000000005129f21b50a1099d087e213e50754425fdba59aeb3a11df61db2b52,db2b52,2,双,小
2026-08-06 12:24:55,85106466,0000000005129f22f82a6578491f2813350fc6cfc474babb24507de728c8f5e6,c8f5e6,6,双,大
2026-08-06 12:24:58,85106467,0000000005129f23172fc082dbecaf546aed5b57a9322ade4d39f36d161a8cd1,1a8cd1,1,单,小
2026-08-06 12:25:02,85106469,0000000005129f25af0dfd03c3b23bd7cb64c617518cc1ac058875291bcb117b,cb117b,7,单,大
2026-08-06 12:25:06,85106470,0000000005129f2605bba69220396cc0ae794bdbdcd542417402faf1cc932c16,932c16,6,双,大
2026-08-06 12:25:09,85106471,0000000005129f27399424aa0d2dcc28fea85499180f192ef726a3181b099913,099913,3,单,小
2026-08-06 12:25:13,85106473,0000000005129f296887ebf423feeb6b38df17c69098fb3d04d60581932077db,2077db,7,单,大
2026-08-06 12:25:17,85106474,0000000005129f2a5967fa4b9c21ce9a74eb94944c227695b3ab9685b0dde79d,dde79d,9,单,大
2026-08-06 12:25:20,85106475,0000000005129f2b26098a06b25ed3c63ebb407becd9359016ecbc8846d3d62a,d3d62a,2,双,小
2026-08-06 12:25:24,85106476,0000000005129f2c34ebbc2e85f049977115ce58ef63f9a9821727bd05acab7b,acab7b,7,单,大
2026-08-06 12:25:28,85106478,0000000005129f2ecfbe8299bcade9aa98ca8646181c4396464289aeda9e6c91,9e6c91,1,单,小
2026-08-06 12:25:32,85106479,0000000005129f2f4b89e99ddd50c9d579dce6d935267405ab690bdc555f8276,5f8276,6,双,大
2026-08-06 12:25:36,85106480,0000000005129f301294c480614343950d5a388759bc29db5067498304009722,009722,2,双,小
2026-08-06 12:25:39,85106481,0000000005129f3137d2a99aff359eb6e213caba2f3ca096040b839f02883bb6,883bb6,6,双,大
2026-08-06 12:25:43,85106483,0000000005129f33fc6a8480a345da51de8d5248b381a0c25b30637d76e6d258,e6d258,8,双,大
2026-08-06 12:25:47,85106484,0000000005129f34707eea230cb1fe7f45216ed53afa974660cf503a5d809634,809634,4,双,小
2026-08-06 12:25:50,85106485,0000000005129f353135f35bbc32405904a76c64748283d9c05a452c2411dd26,11dd26,6,双,大
2026-08-06 12:25:54,85106486,0000000005129f3624f3df8c15d44c78e3ec414d17ae5653b1bdf6a8fe8b4ce8,8b4ce8,8,双,大
2026-08-06 12:25:58,85106487,0000000005129f37c60390789b4522c3b0644a41eff3fb1876ca45d55aed100e,ed100e,0,双,小
2026-08-06 12:26:01,85106489,0000000005129f391c56e4edac867dc4b25d12684aaa45d26e45df2ae18de88e,8de88e,8,双,大
2026-08-06 12:26:05,85106490,0000000005129f3afafd5e9ebab007b29d62e3c12c34169ab87d7a89d1a41295,a41295,5,单,大
2026-08-06 12:26:09,85106491,0000000005129f3b3375a0ef636f03eaa01f1ae2596c38a57f328f0b58dcd32b,dcd32b,2,双,小
2026-08-06 12:26:13,85106492,0000000005129f3cf3f8e45a59f6788388296484644ddc65c303fe0e68b6386f,b6386f,6,双,大
2026-08-06 12:26:17,85106494,0000000005129f3efd643f67b305ef37bcc1355017d7a8f2fa860c2c08efd192,efd192,2,双,小
2026-08-06 12:26:20,85106495,0000000005129f3fcc521fc18b22a43e56fd934089e642878ccc38547e7fb7b1,7fb7b1,1,单,小
2026-08-06 12:26:24,85106496,0000000005129f40690f8f9c439d789b00f83103302980fb83839a3ec56a973c,6a973c,3,单,小
2026-08-06 12:26:28,85106498,0000000005129f42d21babb5e53e1381ddee18a3e62e514ae34091badf8e56db,8e56db,6,双,大
2026-08-06 12:26:31,85106499,0000000005129f434791218418759cdb782977a39e412d34afd2717108335d65,335d65,5,单,大
2026-08-06 12:26:35,85106500,0000000005129f44b53771c98e92d4b8e738fd20cb7f5195e21ee10ebda7116a,a7116a,6,双,大
2026-08-06 12:26:39,85106502,0000000005129f46f7ab4d4e852c0eb61d680e1ce2cd42f0b5ec01901c80c2a5,80c2a5,5,单,大
2026-08-06 12:26:46,85106503,0000000005129f47b7bb9b11600b70be198cb7092caf93a8f9358486b94637bb,4637bb,7,单,大
2026-08-06 12:26:50,85106505,0000000005129f4954544c057a373d295a5f0c24fa8a80b5252a775a00240a07,240a07,7,单,大
2026-08-06 12:26:53,85106506,0000000005129f4a6b5a516e2f5033b935165b281b6a72fac905d2d7da7e472e,7e472e,2,双,小
2026-08-06 12:26:57,85106507,0000000005129f4bfc1fbe8bb3e06d388cb5b2b57678d372c976bcc5d8b6924e,b6924e,4,双,小
2026-08-06 12:27:01,85106508,0000000005129f4c5b3757ff19e2c804b48a5847f5d2e5bf9d1a14661669a85e,69a85e,5,单,大
2026-08-06 12:27:04,85106510,0000000005129f4e585cb90c2e95eabf30a416d3c3722c7cd9dfd49ce8dc8cf7,dc8cf7,7,单,大
2026-08-06 12:27:08,85106511,0000000005129f4f32ab143d957c543af50a6a673a9e4b7e66dc6d086cb74a4c,b74a4c,4,双,小
2026-08-06 12:27:12,85106512,0000000005129f507eb3d5c7bad9b2fac54ec0a4fa7e4e56946cd16ab5d2b6e1,d2b6e1,1,单,小
2026-08-06 12:27:15,85106513,0000000005129f51403485a228f44ac9e0f944788d202df90157ce11ab07d30c,07d30c,0,双,小
2026-08-06 12:27:19,85106514,0000000005129f5246f58797e073777f2c2769f31483c60096c18705fa11e160,11e160,0,双,小
2026-08-06 12:27:23,85106516,0000000005129f5453d21e2b16447fcfba4e98813835b0e9ac5d01a586bdc58c,bdc58c,8,双,大
2026-08-06 12:27:27,85106517,0000000005129f55b61bd4c0f638ca373629c35fb505943931a09fcaee0fe74f,0fe74f,4,双,小
2026-08-06 12:27:30,85106518,0000000005129f56e04720272a4120cdd39eec428fd8da7dacac8678d3d19cc8,d19cc8,8,双,大
2026-08-06 12:27:34,85106520,0000000005129f5801775b4d4d1fa42acab1a2bcf0aa8ba432612dc4f8925e1f,925e1f,1,单,小
2026-08-06 12:27:38,85106521,0000000005129f598f5cabadb7246369f896b27c9ba764ce289859e54912e69b,12e69b,9,单,大
2026-08-06 12:27:41,85106522,0000000005129f5afe43ffa42f23d182c5a17db7b1b7ef3a236d06d1e246e077,46e077,7,单,大
2026-08-06 12:27:45,85106523,0000000005129f5b36b0f4aafaf72d7150df697fb5856727f7e154aec020cdd5,20cdd5,5,单,大
2026-08-06 12:27:49,85106525,0000000005129f5dcd1628e676676884417ba5b373cd2b436192669ec0e0410d,e0410d,0,双,小
2026-08-06 12:27:52,85106526,0000000005129f5efb0b92f41c6994bcad7d0e8e503ea73e829c0d678b0d876c,0d876c,6,双,大
2026-08-06 12:28:00,85106529,0000000005129f6103b735cd44db678d895ea9d994e69188acf50f2b8b098e3f,098e3f,3,单,小
2026-08-06 12:28:07,85106530,0000000005129f629f579ac366a382ef5b2540596c7473a6552c63f496126b29,126b29,9,单,大
2026-08-06 12:28:11,85106531,0000000005129f6366584e0e70c25f94e04bc7e2752eba4021e7914ced1fcdfd,1fcdfd,1,单,小
2026-08-06 12:28:14,85106533,0000000005129f653cdaf7cf30c3e5e32027ee6f6cb1906ff8e7fdc9f1a46ae0,a46ae0,0,双,小
2026-08-06 12:28:18,85106534,0000000005129f66f0cadd8183a075eb5fc760e438c93759eeaab38bbdad5bb7,ad5bb7,7,单,大
2026-08-06 12:28:22,85106535,0000000005129f67ac586f9c4586d0c0185a0be1a0e492234a969934903b6417,3b6417,7,单,大
2026-08-06 12:28:25,85106536,0000000005129f68c83ab8906b65411686f0b86f5c08916d24d740f7b18749a0,8749a0,0,双,小
2026-08-06 12:28:29,85106538,0000000005129f6ae07c148e9ff48a53eec93a6a0574d08331fff5a287e8d3b5,e8d3b5,5,单,大
2026-08-06 12:28:33,85106539,0000000005129f6baa2246c60072b2409c200f07fea955e540fe30aba7fcf1f0,fcf1f0,0,双,小
2026-08-06 12:28:36,85106540,0000000005129f6ca5d8956afa4e09cd023731fe3f1256000faafa01e0bc67f1,bc67f1,1,单,小
2026-08-06 12:28:40,85106541,0000000005129f6d8f910db200a0b726e4df1176e2f4b40f03bb2dc69da5445b,a5445b,5,单,大
2026-08-06 12:28:44,85106543,0000000005129f6f97a08de647fec506de94ca6656551e8d5f752c5f16757ea4,757ea4,4,双,小
2026-08-06 12:28:47,85106544,0000000005129f70a19f015813bcc590f8e17ee5e276819187b7b3e7dd7778e9,7778e9,9,单,大
2026-08-06 12:28:51,85106545,0000000005129f71e725d881c51835e6279cfbf4af51e555b4fa51f52857633b,57633b,3,单,小
2026-08-06 12:28:55,85106546,0000000005129f7253c4f4950793faa33178f509c452754d7fed8b8801001e37,001e37,7,单,大
2026-08-06 12:28:58,85106547,0000000005129f7396bcbb1704ca8d7c74ca4656ce57461019fb58494aaf112d,af112d,2,双,小
2026-08-06 12:29:02,85106549,0000000005129f7546270c0d732eb89ce74c2e5a12d9a8b0abee60a42c6197ed,6197ed,7,单,大
2026-08-06 12:29:06,85106550,0000000005129f7649559283b268c0d1dd0c371b631bc76033aa5ac044693f93,693f93,3,单,小
2026-08-06 12:29:09,85106551,0000000005129f775a3b9c125f9d34b9144a7c3fb103e6d50df01f36a1abc588,abc588,8,双,大
2026-08-06 12:29:13,85106553,0000000005129f79b7ff4259781f1faa7f1b1f31ffbf3d9bce266d1bc61a828e,1a828e,8,双,大
2026-08-06 12:29:17,85106554,0000000005129f7ad24ecfa478da5332af9acaa4eade9f6edb12f8faaefe65e0,fe65e0,0,双,小
2026-08-06 12:29:24,85106556,0000000005129f7c78650f53c208defb0341075970bf45513bc109806cdacbd5,dacbd5,5,单,大
2026-08-06 12:29:28,85106557,0000000005129f7d0adb4b63e2468b91ec7b93c616d4145246569d0285834a3c,834a3c,3,单,小
2026-08-06 12:29:31,85106558,0000000005129f7e29b122c4584859f522b8b80a25fcdb793e9239ce56835890,835890,0,双,小
2026-08-06 12:29:35,85106560,0000000005129f80559049ebe008e460f246753439d2c0e1815310909544a99c,44a99c,9,单,大
2026-08-06 12:29:39,85106561,0000000005129f8198804b49391c039c7b0e4b5b7be8c961b3f90c896e637783,637783,3,单,小
